--Users-vito--/session-1c3eabab-7fc7-4783-a123-c577cba28db9/session.jsonl.zstd	v0	session-1c3eabab-7fc7-4783-a123-c577cba28db9	2073	1787979440
--Users-vito--/session-5aadb4b7-9927-44e0-926a-d9335bccd05e/session.jsonl.zstd	v0	session-5aadb4b7-9927-44e0-926a-d9335bccd05e	2073	1787980135
--Users-vito--/session-790248b5-7ef8-45f6-ba0e-57c6084cea51/session.jsonl.zstd	v0	session-790248b5-7ef8-45f6-ba0e-57c6084cea51	1977	1787544185
--Users-vito--/session-88b4d0f7-ab8c-4287-92d0-e76c61a67e50/session.jsonl.zstd	v0	session-88b4d0f7-ab8c-4287-92d0-e76c61a67e50	2097	1787747497
--Users-vito--/session-a77d637f-a3ed-4462-bcbd-e1d2755ae7b2/session.jsonl.zstd	v0	session-a77d637f-a3ed-4462-bcbd-e1d2755ae7b2	1977	1787544073
--Users-vito--/session-aebc6e9c-577b-4a47-b08d-2f3c154888cf/session.v3.jsonl.zstd	v3	session-aebc6e9c-577b-4a47-b08d-2f3c154888cf	1968	1790171227
--Users-vito--/session-dee7c568-c191-46ca-8614-fb0b5d29538e/session.jsonl.zstd	v0	session-dee7c568-c191-46ca-8614-fb0b5d29538e	2075	1787979805
--Users-vito--/session-ee577732-90f0-471e-be54-ae2fc68b5f4d/session.v3.jsonl.zstd	v3	session-ee577732-90f0-471e-be54-ae2fc68b5f4d	1972	1789034033
--Users-vito-.dsh-profiles-endless-tui--/e12858c2-aa21-4217-aa46-0185a4da47aa/session.jsonl.zstd	v0	e12858c2-aa21-4217-aa46-0185a4da47aa	1951	1787063442
--Users-vito-.dsh-relay-mirrors--/session-01ee1db2-b8cb-4752-8308-846261e948e7/session.jsonl.zstd	v0	session-01ee1db2-b8cb-4752-8308-846261e948e7	576	1788589619
--Users-vito-.dsh-relay-mirrors--/session-03af9003-f1e5-45e8-bd18-39cb862ccbba/session.jsonl.zstd	v0	session-03af9003-f1e5-45e8-bd18-39cb862ccbba	54680	1788350889
--Users-vito-.dsh-relay-mirrors--/session-04b4ae4e-c5b3-4472-b07b-f89c25950f95/session.jsonl.zstd	v0	session-04b4ae4e-c5b3-4472-b07b-f89c25950f95	320	1788188769
--Users-vito-.dsh-relay-mirrors--/session-04ef390c-2405-4062-aa34-ed4df13bca02/session.jsonl.zstd	v0	session-04ef390c-2405-4062-aa34-ed4df13bca02	152594	1788451623
--Users-vito-.dsh-relay-mirrors--/session-07e4f59c-d6f0-49c8-82d6-97d35e758e08/session.jsonl.zstd	v0	session-07e4f59c-d6f0-49c8-82d6-97d35e758e08	150089	1788245997
--Users-vito-.dsh-relay-mirrors--/session-08acc050-c38d-4d9b-b121-cbc836f1d126/session.jsonl.zstd	v0	session-08acc050-c38d-4d9b-b121-cbc836f1d126	240488	1788318382
--Users-vito-.dsh-relay-mirrors--/session-0ce69145-932c-4c30-bf7d-f00687e72636/session.jsonl.zstd	v0	session-0ce69145-932c-4c30-bf7d-f00687e72636	1460	1788351663
--Users-vito-.dsh-relay-mirrors--/session-0d3987af-7c25-41fa-9370-d8abb870da53/session.jsonl.zstd	v0	session-0d3987af-7c25-41fa-9370-d8abb870da53	152004	1788450722
--Users-vito-.dsh-relay-mirrors--/session-0e51e568-50f3-4327-b2e8-bffdb9ebc923/session.jsonl.zstd	v0	session-0e51e568-50f3-4327-b2e8-bffdb9ebc923	11511	1788443723
--Users-vito-.dsh-relay-mirrors--/session-0fc1612b-1a92-47d0-abad-0548c092a7ff/session.jsonl.zstd	v0	session-0fc1612b-1a92-47d0-abad-0548c092a7ff	322	1788243588
--Users-vito-.dsh-relay-mirrors--/session-10f0cd88-c1a5-4ed0-914e-05d51295cc73/session.jsonl.zstd	v0	session-10f0cd88-c1a5-4ed0-914e-05d51295cc73	468	1788361944
--Users-vito-.dsh-relay-mirrors--/session-12d0a263-f91a-4ebc-bd65-ca9bd462219f/session.jsonl.zstd	v0	session-12d0a263-f91a-4ebc-bd65-ca9bd462219f	85225	1788174716
--Users-vito-.dsh-relay-mirrors--/session-13004cff-099a-4100-b78b-21bf6b2cf7bd/session.jsonl.zstd	v0	session-13004cff-099a-4100-b78b-21bf6b2cf7bd	623	1788576811
--Users-vito-.dsh-relay-mirrors--/session-13480f35-ad2e-466a-9a8c-9577bf88b6b2/session.jsonl.zstd	v0	session-13480f35-ad2e-466a-9a8c-9577bf88b6b2	323	1788509925
--Users-vito-.dsh-relay-mirrors--/session-13b73345-5da7-4e46-befa-508b5cb3edea/session.jsonl.zstd	v0	session-13b73345-5da7-4e46-befa-508b5cb3edea	13112	1788445366
--Users-vito-.dsh-relay-mirrors--/session-13d6d87a-4675-4383-883b-d77ddbc3f971/session.jsonl.zstd	v0	session-13d6d87a-4675-4383-883b-d77ddbc3f971	317	1788306462
--Users-vito-.dsh-relay-mirrors--/session-152137c4-d925-49ec-b3b3-a4f4053d5afc/session.jsonl.zstd	v0	session-152137c4-d925-49ec-b3b3-a4f4053d5afc	497	1788228492
--Users-vito-.dsh-relay-mirrors--/session-15fd071e-149c-4704-bbc4-f50a4fea258c/session.jsonl.zstd	v0	session-15fd071e-149c-4704-bbc4-f50a4fea258c	317	1788246856
--Users-vito-.dsh-relay-mirrors--/session-170b6da7-dec4-406a-b02a-06b4a284b138/session.jsonl.zstd	v0	session-170b6da7-dec4-406a-b02a-06b4a284b138	159890	1788445197
--Users-vito-.dsh-relay-mirrors--/session-1992728f-66b0-4da9-b718-d79fd6ae89c6/session.jsonl.zstd	v0	session-1992728f-66b0-4da9-b718-d79fd6ae89c6	3582	1788492881
--Users-vito-.dsh-relay-mirrors--/session-1ba525b3-61d5-4b8d-b5a8-e028c0d7a7ef/session.jsonl.zstd	v0	session-1ba525b3-61d5-4b8d-b5a8-e028c0d7a7ef	318	1788307445
--Users-vito-.dsh-relay-mirrors--/session-1da9b19c-d29e-4fe2-8027-5ade9288f124/session.jsonl.zstd	v0	session-1da9b19c-d29e-4fe2-8027-5ade9288f124	56569	1788366027
--Users-vito-.dsh-relay-mirrors--/session-23535223-b201-4910-bf12-c25ac9ce5eb5/session.jsonl.zstd	v0	session-23535223-b201-4910-bf12-c25ac9ce5eb5	165093	1788280661
--Users-vito-.dsh-relay-mirrors--/session-2993a97f-46ec-4985-b2fe-74ae36bf5a01/session.jsonl.zstd	v0	session-2993a97f-46ec-4985-b2fe-74ae36bf5a01	495	1788271834
--Users-vito-.dsh-relay-mirrors--/session-2befe8e4-316e-4e4a-9795-aeb871cd15ae/session.jsonl.zstd	v0	session-2befe8e4-316e-4e4a-9795-aeb871cd15ae	294384	1788307919
--Users-vito-.dsh-relay-mirrors--/session-2bf9dc8e-8779-4402-8c2a-d3f9a3ae34bf/session.jsonl.zstd	v0	session-2bf9dc8e-8779-4402-8c2a-d3f9a3ae34bf	495	1788318972
--Users-vito-.dsh-relay-mirrors--/session-2ccf311d-db24-48ea-89c5-55aa3dac1686/session.jsonl.zstd	v0	session-2ccf311d-db24-48ea-89c5-55aa3dac1686	322	1788595197
--Users-vito-.dsh-relay-mirrors--/session-2cddeed7-2b89-464d-8180-c241a8688e21/session.jsonl.zstd	v0	session-2cddeed7-2b89-464d-8180-c241a8688e21	136934	1788279197
--Users-vito-.dsh-relay-mirrors--/session-2deb7463-01a0-4e3b-b240-3a05f916a5f9/session.jsonl.zstd	v0	session-2deb7463-01a0-4e3b-b240-3a05f916a5f9	471	1788315577
--Users-vito-.dsh-relay-mirrors--/session-2df6d819-1a15-46b6-87b2-91978d6e3c1e/session.jsonl.zstd	v0	session-2df6d819-1a15-46b6-87b2-91978d6e3c1e	497	1788315891
--Users-vito-.dsh-relay-mirrors--/session-2f0c2a2b-7bcf-4fdb-a701-9d769878bb26/session.jsonl.zstd	v0	session-2f0c2a2b-7bcf-4fdb-a701-9d769878bb26	4080	1788493641
--Users-vito-.dsh-relay-mirrors--/session-2f8528fb-74c2-4d98-b173-5d1baeca79fb/session.jsonl.zstd	v0	session-2f8528fb-74c2-4d98-b173-5d1baeca79fb	107835	1788248972
--Users-vito-.dsh-relay-mirrors--/session-2ff87ea1-6b04-463c-a663-a0f1eaf4d9c5/session.jsonl.zstd	v0	session-2ff87ea1-6b04-463c-a663-a0f1eaf4d9c5	658	1788452629
--Users-vito-.dsh-relay-mirrors--/session-3095a0ce-463a-49b1-8138-ca5a815f0770/session.jsonl.zstd	v0	session-3095a0ce-463a-49b1-8138-ca5a815f0770	318	1788439095
--Users-vito-.dsh-relay-mirrors--/session-30af24ac-bd8e-4d30-b64b-6015e128a6b2/session.jsonl.zstd	v0	session-30af24ac-bd8e-4d30-b64b-6015e128a6b2	474	1788159100
--Users-vito-.dsh-relay-mirrors--/session-31a5dacb-1e1e-4f03-9a5c-59ab7b52c58d/session.jsonl.zstd	v0	session-31a5dacb-1e1e-4f03-9a5c-59ab7b52c58d	12314	1788436503
--Users-vito-.dsh-relay-mirrors--/session-3630c696-0f0d-4e25-992b-6a674f8b52c2/session.jsonl.zstd	v0	session-3630c696-0f0d-4e25-992b-6a674f8b52c2	68838	1788510457
--Users-vito-.dsh-relay-mirrors--/session-364c53b2-031e-482a-bd03-a0625685d8d7/session.jsonl.zstd	v0	session-364c53b2-031e-482a-bd03-a0625685d8d7	493	1788443695
--Users-vito-.dsh-relay-mirrors--/session-3670ce01-413a-4888-b717-b47eece72355/session.jsonl.zstd	v0	session-3670ce01-413a-4888-b717-b47eece72355	468	1788162489
--Users-vito-.dsh-relay-mirrors--/session-3690b4e5-160f-4243-a053-ebd8756661f9/session.jsonl.zstd	v0	session-3690b4e5-160f-4243-a053-ebd8756661f9	7074	1788514746
--Users-vito-.dsh-relay-mirrors--/session-4164f421-2134-4a47-84e7-4ae757cfbad2/session.jsonl.zstd	v0	session-4164f421-2134-4a47-84e7-4ae757cfbad2	206465	1788319020
--Users-vito-.dsh-relay-mirrors--/session-43452d88-e7be-4081-a0c1-c840cb5d7adc/session.jsonl.zstd	v0	session-43452d88-e7be-4081-a0c1-c840cb5d7adc	625	1788677517
--Users-vito-.dsh-relay-mirrors--/session-448f6107-b663-4d07-9e9e-d9aaba6f9283/session.jsonl.zstd	v0	session-448f6107-b663-4d07-9e9e-d9aaba6f9283	623	1788316716
--Users-vito-.dsh-relay-mirrors--/session-4691ee6d-362a-45d1-90c2-4f667fd7bdee/session.jsonl.zstd	v0	session-4691ee6d-362a-45d1-90c2-4f667fd7bdee	830	1788492868
--Users-vito-.dsh-relay-mirrors--/session-4778a1b9-b06d-4060-bc4b-2b19b5782bc4/session.jsonl.zstd	v0	session-4778a1b9-b06d-4060-bc4b-2b19b5782bc4	133698	1788245933
--Users-vito-.dsh-relay-mirrors--/session-485c46ea-527d-4499-b1ac-faa3350c7660/session.jsonl.zstd	v0	session-485c46ea-527d-4499-b1ac-faa3350c7660	6517	1788450784
--Users-vito-.dsh-relay-mirrors--/session-4ca99180-bff4-4565-b36d-fb9394fa08ff/session.jsonl.zstd	v0	session-4ca99180-bff4-4565-b36d-fb9394fa08ff	737526	1788626450
--Users-vito-.dsh-relay-mirrors--/session-4de4e14c-d441-4da3-83af-65328bc2b64e/session.jsonl.zstd	v0	session-4de4e14c-d441-4da3-83af-65328bc2b64e	623	1788610999
--Users-vito-.dsh-relay-mirrors--/session-4e73ead6-aeb9-42d1-8a8e-515b5af11fda/session.jsonl.zstd	v0	session-4e73ead6-aeb9-42d1-8a8e-515b5af11fda	162100	1788315910
--Users-vito-.dsh-relay-mirrors--/session-50a209e0-885f-4f93-8fce-5611d17a256c/session.jsonl.zstd	v0	session-50a209e0-885f-4f93-8fce-5611d17a256c	502	1788677688
--Users-vito-.dsh-relay-mirrors--/session-5135e8c3-65b3-4a6d-8962-52bb6c71a22c/session.jsonl.zstd	v0	session-5135e8c3-65b3-4a6d-8962-52bb6c71a22c	504	1788514701
--Users-vito-.dsh-relay-mirrors--/session-51ad0d9d-3469-429f-bdb2-6131005e4349/session.jsonl.zstd	v0	session-51ad0d9d-3469-429f-bdb2-6131005e4349	473	1788362155
--Users-vito-.dsh-relay-mirrors--/session-52abea74-c2e2-4c27-b3ca-bd72ac82406b/session.jsonl.zstd	v0	session-52abea74-c2e2-4c27-b3ca-bd72ac82406b	162531	1788281549
--Users-vito-.dsh-relay-mirrors--/session-5627aa24-6d91-4595-ad39-b44cb85e7047/session.jsonl.zstd	v0	session-5627aa24-6d91-4595-ad39-b44cb85e7047	474	1788243560
--Users-vito-.dsh-relay-mirrors--/session-5639c717-999f-4b7d-8616-34750da4d343/session.jsonl.zstd	v0	session-5639c717-999f-4b7d-8616-34750da4d343	322	1788248930
--Users-vito-.dsh-relay-mirrors--/session-56d64e6a-0308-4b36-abd5-ca06b2dce355/session.jsonl.zstd	v0	session-56d64e6a-0308-4b36-abd5-ca06b2dce355	168127	1788306343
--Users-vito-.dsh-relay-mirrors--/session-570b4fb1-3164-4be1-b896-09b50e90ba19/session.jsonl.zstd	v0	session-570b4fb1-3164-4be1-b896-09b50e90ba19	153302	1788451574
--Users-vito-.dsh-relay-mirrors--/session-57bb7a39-8a7a-4582-8a29-9320e529071b/session.jsonl.zstd	v0	session-57bb7a39-8a7a-4582-8a29-9320e529071b	9137	1788353853
--Users-vito-.dsh-relay-mirrors--/session-5a12b50d-3310-4070-94e6-55fb0d7add14/session.jsonl.zstd	v0	session-5a12b50d-3310-4070-94e6-55fb0d7add14	168212	1788306819
--Users-vito-.dsh-relay-mirrors--/session-5ac05599-a37d-4001-82e0-fb93bd74366a/session.jsonl.zstd	v0	session-5ac05599-a37d-4001-82e0-fb93bd74366a	1011	1788577027
--Users-vito-.dsh-relay-mirrors--/session-5c292ed0-3908-4bf7-862c-75bcaad3f4f5/session.jsonl.zstd	v0	session-5c292ed0-3908-4bf7-862c-75bcaad3f4f5	217501	1788315923
--Users-vito-.dsh-relay-mirrors--/session-5dc2c7e8-83cf-4506-80cb-8949e23aee3a/session.jsonl.zstd	v0	session-5dc2c7e8-83cf-4506-80cb-8949e23aee3a	493	1788450184
--Users-vito-.dsh-relay-mirrors--/session-60afb87b-3d6c-443a-a0f7-8ec47eac6106/session.jsonl.zstd	v0	session-60afb87b-3d6c-443a-a0f7-8ec47eac6106	1806	1788352044
--Users-vito-.dsh-relay-mirrors--/session-647ba2ce-fb26-446c-b346-26e8c81eca27/session.jsonl.zstd	v0	session-647ba2ce-fb26-446c-b346-26e8c81eca27	316	1788279170
--Users-vito-.dsh-relay-mirrors--/session-65a7fefb-328b-4088-b635-658a04b4bd49/session.jsonl.zstd	v0	session-65a7fefb-328b-4088-b635-658a04b4bd49	627	1788315458
--Users-vito-.dsh-relay-mirrors--/session-663c2b05-01bf-49cc-b880-f52ab40094f3/session.jsonl.zstd	v0	session-663c2b05-01bf-49cc-b880-f52ab40094f3	472	1788493645
--Users-vito-.dsh-relay-mirrors--/session-66c4c76f-c872-4c2d-bdd9-64d68d960f35/session.jsonl.zstd	v0	session-66c4c76f-c872-4c2d-bdd9-64d68d960f35	162232	1788307872
--Users-vito-.dsh-relay-mirrors--/session-687e16f8-75c4-4e58-8386-babde5ddcefc/session.jsonl.zstd	v0	session-687e16f8-75c4-4e58-8386-babde5ddcefc	497	1788436416
--Users-vito-.dsh-relay-mirrors--/session-69ae6dad-8089-4c54-b2ef-aea06bbe8126/session.jsonl.zstd	v0	session-69ae6dad-8089-4c54-b2ef-aea06bbe8126	776	1788315571
--Users-vito-.dsh-relay-mirrors--/session-69b06611-d609-421e-9f1d-19c650c2c489/session.jsonl.zstd	v0	session-69b06611-d609-421e-9f1d-19c650c2c489	295273	1788306874
--Users-vito-.dsh-relay-mirrors--/session-69bff96b-4c7f-4d84-8e03-fc4837ef69b9/session.jsonl.zstd	v0	session-69bff96b-4c7f-4d84-8e03-fc4837ef69b9	318	1788274112
--Users-vito-.dsh-relay-mirrors--/session-6b1411df-246d-4390-9f5c-423d23f3ae92/session.jsonl.zstd	v0	session-6b1411df-246d-4390-9f5c-423d23f3ae92	630	1788243581
--Users-vito-.dsh-relay-mirrors--/session-6b1c297e-599d-42a9-8f73-758bf32a3ba0/session.jsonl.zstd	v0	session-6b1c297e-599d-42a9-8f73-758bf32a3ba0	497	1788439027
--Users-vito-.dsh-relay-mirrors--/session-6b4fcc3b-404a-4a9a-be27-5cb44dc0bd70/session.jsonl.zstd	v0	session-6b4fcc3b-404a-4a9a-be27-5cb44dc0bd70	141128	1788450489
--Users-vito-.dsh-relay-mirrors--/session-6c127ecf-43f4-47d1-a425-7951befb2113/session.jsonl.zstd	v0	session-6c127ecf-43f4-47d1-a425-7951befb2113	176521	1788316742
--Users-vito-.dsh-relay-mirrors--/session-6d9a2c1b-8f12-4453-882c-43e8cc7fa091/session.jsonl.zstd	v0	session-6d9a2c1b-8f12-4453-882c-43e8cc7fa091	497	1788625834
--Users-vito-.dsh-relay-mirrors--/session-6e705606-8da4-464c-aae6-bdb00784ba49/session.jsonl.zstd	v0	session-6e705606-8da4-464c-aae6-bdb00784ba49	5046	1788351723
--Users-vito-.dsh-relay-mirrors--/session-704d3c96-3555-4eef-b4fe-baabc932c39a/session.jsonl.zstd	v0	session-704d3c96-3555-4eef-b4fe-baabc932c39a	643	1788193118
--Users-vito-.dsh-relay-mirrors--/session-7081fe5c-0f76-495c-97bb-54c8f11e6fd4/session.jsonl.zstd	v0	session-7081fe5c-0f76-495c-97bb-54c8f11e6fd4	318	1788248978
--Users-vito-.dsh-relay-mirrors--/session-7110d7b9-2a82-477f-a7bc-b942526d46b0/session.jsonl.zstd	v0	session-7110d7b9-2a82-477f-a7bc-b942526d46b0	12300	1788439080
--Users-vito-.dsh-relay-mirrors--/session-71c21972-420c-4d1a-b521-f226ae44a855/session.jsonl.zstd	v0	session-71c21972-420c-4d1a-b521-f226ae44a855	1153	1788492539
--Users-vito-.dsh-relay-mirrors--/session-73401755-1a23-4538-be53-bc3eb55f7436/session.jsonl.zstd	v0	session-73401755-1a23-4538-be53-bc3eb55f7436	566395	1788625262
--Users-vito-.dsh-relay-mirrors--/session-7376bb9b-2b5e-4384-ac96-7394735a6a9b/session.jsonl.zstd	v0	session-7376bb9b-2b5e-4384-ac96-7394735a6a9b	977	1788492441
--Users-vito-.dsh-relay-mirrors--/session-74a89153-9ef5-4d3b-b8cb-97c38d89e73f/session.jsonl.zstd	v0	session-74a89153-9ef5-4d3b-b8cb-97c38d89e73f	161184	1788279197
--Users-vito-.dsh-relay-mirrors--/session-764bd184-a004-40ff-9a4d-6687ad8321f0/session.jsonl.zstd	v0	session-764bd184-a004-40ff-9a4d-6687ad8321f0	781	1788188367
--Users-vito-.dsh-relay-mirrors--/session-7689d771-b104-4ffd-b675-cfac3d874777/session.jsonl.zstd	v0	session-7689d771-b104-4ffd-b675-cfac3d874777	319	1788509455
--Users-vito-.dsh-relay-mirrors--/session-76f0c53b-d9b1-4f79-9262-bfad13885de9/session.jsonl.zstd	v0	session-76f0c53b-d9b1-4f79-9262-bfad13885de9	631	1788624645
--Users-vito-.dsh-relay-mirrors--/session-7bd6f98f-a65f-467e-90e8-5fb835e223bb/session.jsonl.zstd	v0	session-7bd6f98f-a65f-467e-90e8-5fb835e223bb	646	1788243538
--Users-vito-.dsh-relay-mirrors--/session-7c806cb2-a34e-4e6b-898f-aef96fd7a7b0/session.jsonl.zstd	v0	session-7c806cb2-a34e-4e6b-898f-aef96fd7a7b0	22642	1788176154
--Users-vito-.dsh-relay-mirrors--/session-7cbc883a-62de-4bfa-a704-5f0fcebdede6/session.jsonl.zstd	v0	session-7cbc883a-62de-4bfa-a704-5f0fcebdede6	320	1788306790
--Users-vito-.dsh-relay-mirrors--/session-7f084fab-6f44-4094-9724-6c89b6229f24/session.jsonl.zstd	v0	session-7f084fab-6f44-4094-9724-6c89b6229f24	279518	1788590211
--Users-vito-.dsh-relay-mirrors--/session-8000fe9b-33a2-4f4f-80a3-d234939d266b/session.jsonl.zstd	v0	session-8000fe9b-33a2-4f4f-80a3-d234939d266b	630	1788245680
--Users-vito-.dsh-relay-mirrors--/session-8075e84b-bad5-4e46-8e89-9f3350fe19ba/session.jsonl.zstd	v0	session-8075e84b-bad5-4e46-8e89-9f3350fe19ba	166600	1788278584
--Users-vito-.dsh-relay-mirrors--/session-84dd966d-3b79-4f00-830a-d14bff867934/session.jsonl.zstd	v0	session-84dd966d-3b79-4f00-830a-d14bff867934	319	1788510179
--Users-vito-.dsh-relay-mirrors--/session-86377bb2-9943-4e75-a88a-e25dfd55523e/session.jsonl.zstd	v0	session-86377bb2-9943-4e75-a88a-e25dfd55523e	649	1788234935
--Users-vito-.dsh-relay-mirrors--/session-877ae1d2-1981-4729-9f55-29e2e9d6b431/session.jsonl.zstd	v0	session-877ae1d2-1981-4729-9f55-29e2e9d6b431	782	1788245816
--Users-vito-.dsh-relay-mirrors--/session-8a155ed5-baba-4715-8fa3-e6fb254bc51c/session.jsonl.zstd	v0	session-8a155ed5-baba-4715-8fa3-e6fb254bc51c	626	1788318340
--Users-vito-.dsh-relay-mirrors--/session-8a3577c4-d6fb-488a-9323-375d6ab2b69f/session.jsonl.zstd	v0	session-8a3577c4-d6fb-488a-9323-375d6ab2b69f	320	1788277356
--Users-vito-.dsh-relay-mirrors--/session-8bcccc92-7142-409d-b38d-29b59c38ee96/session.jsonl.zstd	v0	session-8bcccc92-7142-409d-b38d-29b59c38ee96	2307022	1788677663
--Users-vito-.dsh-relay-mirrors--/session-8ddc3c09-ff52-4d4f-88da-10e3a70d1881/session.jsonl.zstd	v0	session-8ddc3c09-ff52-4d4f-88da-10e3a70d1881	660	1788677551
--Users-vito-.dsh-relay-mirrors--/session-8e8e2170-6599-47b6-8883-9ef886f22a37/session.jsonl.zstd	v0	session-8e8e2170-6599-47b6-8883-9ef886f22a37	294279	1788306440
--Users-vito-.dsh-relay-mirrors--/session-8fadcf83-19de-4d1d-8413-bef55fb464fe/session.jsonl.zstd	v0	session-8fadcf83-19de-4d1d-8413-bef55fb464fe	160335	1788445290
--Users-vito-.dsh-relay-mirrors--/session-90686d69-758f-4203-99ee-ba7b43dab8a2/session.jsonl.zstd	v0	session-90686d69-758f-4203-99ee-ba7b43dab8a2	320	1788351410
--Users-vito-.dsh-relay-mirrors--/session-927ede6e-0c96-460a-bbe4-f90dd5340a46/session.jsonl.zstd	v0	session-927ede6e-0c96-460a-bbe4-f90dd5340a46	494	1788450969
--Users-vito-.dsh-relay-mirrors--/session-931c3401-3fb1-44f6-9b6a-43b1e9e4b80c/session.jsonl.zstd	v0	session-931c3401-3fb1-44f6-9b6a-43b1e9e4b80c	245428	1788188917
--Users-vito-.dsh-relay-mirrors--/session-9618dbb7-8459-4183-ace9-c56bf138bbd0/session.jsonl.zstd	v0	session-9618dbb7-8459-4183-ace9-c56bf138bbd0	496	1788329336
--Users-vito-.dsh-relay-mirrors--/session-97454c0c-3fae-40e2-9303-47922e07a5da/session.jsonl.zstd	v0	session-97454c0c-3fae-40e2-9303-47922e07a5da	493	1788445181
--Users-vito-.dsh-relay-mirrors--/session-9c24f8e8-630a-41fa-923c-cc13f90ff28a/session.jsonl.zstd	v0	session-9c24f8e8-630a-41fa-923c-cc13f90ff28a	11544	1788446612
--Users-vito-.dsh-relay-mirrors--/session-9c4e3566-535d-486c-9eab-a8443334345e/session.jsonl.zstd	v0	session-9c4e3566-535d-486c-9eab-a8443334345e	623	1788624828
--Users-vito-.dsh-relay-mirrors--/session-9cbc9872-15c2-4475-9695-dc6715dffac9/session.jsonl.zstd	v0	session-9cbc9872-15c2-4475-9695-dc6715dffac9	496	1788446517
--Users-vito-.dsh-relay-mirrors--/session-9cfd469a-6786-40ce-ae3d-92a9626be660/session.jsonl.zstd	v0	session-9cfd469a-6786-40ce-ae3d-92a9626be660	502	1788510382
--Users-vito-.dsh-relay-mirrors--/session-9dc0a68b-fc3a-4cd1-88b6-0fe5ae825f44/session.jsonl.zstd	v0	session-9dc0a68b-fc3a-4cd1-88b6-0fe5ae825f44	263303	1788318998
--Users-vito-.dsh-relay-mirrors--/session-9e1c2b7c-5f43-4166-b4c2-6bd5e5efd543/session.jsonl.zstd	v0	session-9e1c2b7c-5f43-4166-b4c2-6bd5e5efd543	159887	1788446537
--Users-vito-.dsh-relay-mirrors--/session-a021aa93-669d-4fdd-b76d-0928a1d2a58d/session.jsonl.zstd	v0	session-a021aa93-669d-4fdd-b76d-0928a1d2a58d	629	1788624784
--Users-vito-.dsh-relay-mirrors--/session-a123b843-2045-4d5e-92f6-e9824f50f55e/session.jsonl.zstd	v0	session-a123b843-2045-4d5e-92f6-e9824f50f55e	140429	1788445239
--Users-vito-.dsh-relay-mirrors--/session-a3ae096a-a367-4bcd-bcc0-039b1d082a50/session.jsonl.zstd	v0	session-a3ae096a-a367-4bcd-bcc0-039b1d082a50	153726	1788450986
--Users-vito-.dsh-relay-mirrors--/session-a5294243-3635-489f-8be5-9eb2733a1a06/session.jsonl.zstd	v0	session-a5294243-3635-489f-8be5-9eb2733a1a06	607658	1788626381
--Users-vito-.dsh-relay-mirrors--/session-a56547ef-697c-4585-b6d7-1eddb60e9795/session.jsonl.zstd	v0	session-a56547ef-697c-4585-b6d7-1eddb60e9795	494	1788316729
--Users-vito-.dsh-relay-mirrors--/session-a801c3a1-d25d-4cfd-9396-f2cd0793d974/session.jsonl.zstd	v0	session-a801c3a1-d25d-4cfd-9396-f2cd0793d974	3657	1788228553
--Users-vito-.dsh-relay-mirrors--/session-a8088184-0ea4-40b6-a4d2-ad933c007a15/session.jsonl.zstd	v0	session-a8088184-0ea4-40b6-a4d2-ad933c007a15	927	1788747498
--Users-vito-.dsh-relay-mirrors--/session-a8c3453f-5fc2-4b9d-bfe2-4e52322fb344/session.jsonl.zstd	v0	session-a8c3453f-5fc2-4b9d-bfe2-4e52322fb344	366	1788277379
--Users-vito-.dsh-relay-mirrors--/session-a9211fc5-f8b5-4a15-933d-2a3abe508b2e/session.jsonl.zstd	v0	session-a9211fc5-f8b5-4a15-933d-2a3abe508b2e	318	1788315389
--Users-vito-.dsh-relay-mirrors--/session-a926f711-3d4d-4797-a8e5-0126f42e4515/session.jsonl.zstd	v0	session-a926f711-3d4d-4797-a8e5-0126f42e4515	471	1788174629
--Users-vito-.dsh-relay-mirrors--/session-a97869c6-7c4d-4798-9cf3-877ed631bc21/session.jsonl.zstd	v0	session-a97869c6-7c4d-4798-9cf3-877ed631bc21	629	1788306455
--Users-vito-.dsh-relay-mirrors--/session-aa81b176-7790-450a-ad6d-f49559006b6b/session.jsonl.zstd	v0	session-aa81b176-7790-450a-ad6d-f49559006b6b	959509	1788677264
--Users-vito-.dsh-relay-mirrors--/session-ac5a5e3c-88ac-4db4-863e-327330434d37/session.jsonl.zstd	v0	session-ac5a5e3c-88ac-4db4-863e-327330434d37	318	1788245942
--Users-vito-.dsh-relay-mirrors--/session-ac5bd686-a7ba-44d0-a463-fc27c3b1ec0a/session.jsonl.zstd	v0	session-ac5bd686-a7ba-44d0-a463-fc27c3b1ec0a	321	1788174631
--Users-vito-.dsh-relay-mirrors--/session-ae714135-01ac-4c13-9bf8-38bb835ea089/session.jsonl.zstd	v0	session-ae714135-01ac-4c13-9bf8-38bb835ea089	290186	1788307514
--Users-vito-.dsh-relay-mirrors--/session-afd68297-6e7d-473d-a315-9aa529585b6e/session.jsonl.zstd	v0	session-afd68297-6e7d-473d-a315-9aa529585b6e	130819	1788245656
--Users-vito-.dsh-relay-mirrors--/session-b036a9be-a552-46ed-b17e-9c9f09782a29/session.jsonl.zstd	v0	session-b036a9be-a552-46ed-b17e-9c9f09782a29	649	1788451369
--Users-vito-.dsh-relay-mirrors--/session-b098a765-47a4-4b6b-a123-1a12524b1e95/session.jsonl.zstd	v0	session-b098a765-47a4-4b6b-a123-1a12524b1e95	19661	1788439041
--Users-vito-.dsh-relay-mirrors--/session-b0e64c7b-ab81-4fc2-97a7-a0fd3ce06bb1/session.jsonl.zstd	v0	session-b0e64c7b-ab81-4fc2-97a7-a0fd3ce06bb1	4057305	1788595076
--Users-vito-.dsh-relay-mirrors--/session-b12c470c-c599-418f-a084-5b294bbe42e7/session.jsonl.zstd	v0	session-b12c470c-c599-418f-a084-5b294bbe42e7	345099	1788679794
--Users-vito-.dsh-relay-mirrors--/session-b343bdb3-e496-4bc9-aebd-3ba9f2acd20a/session.jsonl.zstd	v0	session-b343bdb3-e496-4bc9-aebd-3ba9f2acd20a	471	1788438051
--Users-vito-.dsh-relay-mirrors--/session-b36fcc5a-c478-48c4-8e22-f2fcdca537e0/session.jsonl.zstd	v0	session-b36fcc5a-c478-48c4-8e22-f2fcdca537e0	315	1788308820
--Users-vito-.dsh-relay-mirrors--/session-b37d9389-b093-4473-81b2-4e3138c5cc01/session.jsonl.zstd	v0	session-b37d9389-b093-4473-81b2-4e3138c5cc01	322	1788274168
--Users-vito-.dsh-relay-mirrors--/session-b3f7c3a1-30c3-4910-8b81-5e005f97f2ab/session.jsonl.zstd	v0	session-b3f7c3a1-30c3-4910-8b81-5e005f97f2ab	241977	1788272286
--Users-vito-.dsh-relay-mirrors--/session-b40912ed-b032-4ef2-b9b2-4ed8a63045de/session.jsonl.zstd	v0	session-b40912ed-b032-4ef2-b9b2-4ed8a63045de	631	1788624761
--Users-vito-.dsh-relay-mirrors--/session-b55402d5-d196-4233-9cfe-6c7058ea0f61/session.jsonl.zstd	v0	session-b55402d5-d196-4233-9cfe-6c7058ea0f61	11545	1788436481
--Users-vito-.dsh-relay-mirrors--/session-b73e0928-4ef9-4f90-a25d-cf059b84f03d/session.jsonl.zstd	v0	session-b73e0928-4ef9-4f90-a25d-cf059b84f03d	116381	1788451626
--Users-vito-.dsh-relay-mirrors--/session-b7732800-0764-4f05-9dec-06330e435a82/session.jsonl.zstd	v0	session-b7732800-0764-4f05-9dec-06330e435a82	573211	1788679343
--Users-vito-.dsh-relay-mirrors--/session-b893967f-5686-44da-9579-27d24bbe1fe1/session.jsonl.zstd	v0	session-b893967f-5686-44da-9579-27d24bbe1fe1	1262830	1788624629
--Users-vito-.dsh-relay-mirrors--/session-ba4e4402-7d88-4e2a-802d-0f867ae1c241/session.jsonl.zstd	v0	session-ba4e4402-7d88-4e2a-802d-0f867ae1c241	288855	1788589789
--Users-vito-.dsh-relay-mirrors--/session-bd86d0ee-efc7-4d8e-871f-85ced3fa8bc9/session.jsonl.zstd	v0	session-bd86d0ee-efc7-4d8e-871f-85ced3fa8bc9	11546	1788450323
--Users-vito-.dsh-relay-mirrors--/session-bdd8c0f5-2589-4019-b4e9-407c521a2d5b/session.jsonl.zstd	v0	session-bdd8c0f5-2589-4019-b4e9-407c521a2d5b	477	1788306194
--Users-vito-.dsh-relay-mirrors--/session-bf310264-d5a0-419b-8b74-afb12602b7d0/session.jsonl.zstd	v0	session-bf310264-d5a0-419b-8b74-afb12602b7d0	37846	1788365682
--Users-vito-.dsh-relay-mirrors--/session-bf5c868c-fda8-4794-85b0-b47952871929/session.jsonl.zstd	v0	session-bf5c868c-fda8-4794-85b0-b47952871929	322	1788626226
--Users-vito-.dsh-relay-mirrors--/session-bfe4c6f9-b598-4d68-bcd9-4b22f1b0ad49/session.jsonl.zstd	v0	session-bfe4c6f9-b598-4d68-bcd9-4b22f1b0ad49	3785	1788306492
--Users-vito-.dsh-relay-mirrors--/session-c1d0df92-43eb-44d7-917e-3ff26028df49/session.jsonl.zstd	v0	session-c1d0df92-43eb-44d7-917e-3ff26028df49	2476517	1788620025
--Users-vito-.dsh-relay-mirrors--/session-c33a2e72-34dc-450d-a6ee-c3caa819a85d/session.jsonl.zstd	v0	session-c33a2e72-34dc-450d-a6ee-c3caa819a85d	166663	1788308837
--Users-vito-.dsh-relay-mirrors--/session-c379c9d0-dfd8-40a5-9988-d697dd5ed8c3/session.jsonl.zstd	v0	session-c379c9d0-dfd8-40a5-9988-d697dd5ed8c3	20204	1788436431
--Users-vito-.dsh-relay-mirrors--/session-c71eab49-7e92-4b97-9e00-a01ab77ef6cf/session.jsonl.zstd	v0	session-c71eab49-7e92-4b97-9e00-a01ab77ef6cf	230149	1788243441
--Users-vito-.dsh-relay-mirrors--/session-c85211d4-295f-467c-9220-5854b4b392aa/session.jsonl.zstd	v0	session-c85211d4-295f-467c-9220-5854b4b392aa	320	1788510109
--Users-vito-.dsh-relay-mirrors--/session-c904b69b-0fb7-4273-9498-a68a99b1a3a1/session.jsonl.zstd	v0	session-c904b69b-0fb7-4273-9498-a68a99b1a3a1	321	1788281529
--Users-vito-.dsh-relay-mirrors--/session-c95547ce-7e4d-4f07-a0c3-86ca9da5b8e8/session.jsonl.zstd	v0	session-c95547ce-7e4d-4f07-a0c3-86ca9da5b8e8	622	1788190165
--Users-vito-.dsh-relay-mirrors--/session-cb130c2c-5fa4-4bf6-8e1f-0e91f03095e3/session.jsonl.zstd	v0	session-cb130c2c-5fa4-4bf6-8e1f-0e91f03095e3	816	1788493554
--Users-vito-.dsh-relay-mirrors--/session-cca924a2-c7d8-4a60-9e85-8835119ae394/session.jsonl.zstd	v0	session-cca924a2-c7d8-4a60-9e85-8835119ae394	935	1788355873
--Users-vito-.dsh-relay-mirrors--/session-ccdf5690-ffe2-408d-8398-fc826108ca94/session.jsonl.zstd	v0	session-ccdf5690-ffe2-408d-8398-fc826108ca94	136919	1788246880
--Users-vito-.dsh-relay-mirrors--/session-cda6a732-9126-4cf6-aafa-5eb556b6c09e/session.jsonl.zstd	v0	session-cda6a732-9126-4cf6-aafa-5eb556b6c09e	623	1788624662
--Users-vito-.dsh-relay-mirrors--/session-d05cf27d-9060-419f-b869-636e410b52d8/session.jsonl.zstd	v0	session-d05cf27d-9060-419f-b869-636e410b52d8	318	1788306303
--Users-vito-.dsh-relay-mirrors--/session-d1fe33ac-4eb9-4807-8866-534982e6da6d/session.jsonl.zstd	v0	session-d1fe33ac-4eb9-4807-8866-534982e6da6d	140677	1788450460
--Users-vito-.dsh-relay-mirrors--/session-d2ff0ed3-019e-4f14-8ee7-1d9bb1093e9b/session.jsonl.zstd	v0	session-d2ff0ed3-019e-4f14-8ee7-1d9bb1093e9b	163546	1788307466
--Users-vito-.dsh-relay-mirrors--/session-d3388763-211b-4f0f-8142-974b6242d156/session.jsonl.zstd	v0	session-d3388763-211b-4f0f-8142-974b6242d156	12299	1788439065
--Users-vito-.dsh-relay-mirrors--/session-d428c103-ce95-4dac-80f5-9b3210f7ae40/session.jsonl.zstd	v0	session-d428c103-ce95-4dac-80f5-9b3210f7ae40	121599	1788453022
--Users-vito-.dsh-relay-mirrors--/session-d59ba092-d1dd-4620-91ff-26e5ee068524/session.jsonl.zstd	v0	session-d59ba092-d1dd-4620-91ff-26e5ee068524	505	1788679359
--Users-vito-.dsh-relay-mirrors--/session-d6daa72e-4313-4b4f-87d9-9dfb1fef13a6/session.jsonl.zstd	v0	session-d6daa72e-4313-4b4f-87d9-9dfb1fef13a6	655	1788624851
--Users-vito-.dsh-relay-mirrors--/session-d6f00935-cff8-4a33-a9fd-93bd91ead4f5/session.jsonl.zstd	v0	session-d6f00935-cff8-4a33-a9fd-93bd91ead4f5	11539	1788450561
--Users-vito-.dsh-relay-mirrors--/session-d771b7ad-710c-4176-af6f-71aa20dc563f/session.jsonl.zstd	v0	session-d771b7ad-710c-4176-af6f-71aa20dc563f	291986	1788308888
--Users-vito-.dsh-relay-mirrors--/session-d8576c2a-288d-4024-a2fb-5345fc5361ad/session.jsonl.zstd	v0	session-d8576c2a-288d-4024-a2fb-5345fc5361ad	497	1788611016
--Users-vito-.dsh-relay-mirrors--/session-d90178cb-1a57-4dab-8d3e-76e56aa7adc0/session.jsonl.zstd	v0	session-d90178cb-1a57-4dab-8d3e-76e56aa7adc0	319	1788444492
--Users-vito-.dsh-relay-mirrors--/session-dade8759-c566-4653-902a-cc2830b3893b/session.jsonl.zstd	v0	session-dade8759-c566-4653-902a-cc2830b3893b	493	1788444482
--Users-vito-.dsh-relay-mirrors--/session-dd42e0c5-9d80-424c-b55b-32904e55f3be/session.jsonl.zstd	v0	session-dd42e0c5-9d80-424c-b55b-32904e55f3be	12276	1788443732
--Users-vito-.dsh-relay-mirrors--/session-dd4af43d-df7f-4f68-b38b-1b661eabb1bd/session.jsonl.zstd	v0	session-dd4af43d-df7f-4f68-b38b-1b661eabb1bd	217059	1788316759
--Users-vito-.dsh-relay-mirrors--/session-dd4bbdff-c40e-43f0-b7fb-b5b4f1dcc188/session.jsonl.zstd	v0	session-dd4bbdff-c40e-43f0-b7fb-b5b4f1dcc188	477	1788243464
--Users-vito-.dsh-relay-mirrors--/session-dea5b4f3-027c-4b1b-a802-18b23e7d05c6/session.jsonl.zstd	v0	session-dea5b4f3-027c-4b1b-a802-18b23e7d05c6	494	1788451613
--Users-vito-.dsh-relay-mirrors--/session-dec2794b-d0de-42a0-934f-49a856294f9b/session.jsonl.zstd	v0	session-dec2794b-d0de-42a0-934f-49a856294f9b	265324	1788315415
--Users-vito-.dsh-relay-mirrors--/session-df76624e-ba01-4e75-b689-f7c014247232/session.jsonl.zstd	v0	session-df76624e-ba01-4e75-b689-f7c014247232	159929	1788450249
--Users-vito-.dsh-relay-mirrors--/session-df7d4bab-2971-424b-a45f-b51633abfcd4/session.jsonl.zstd	v0	session-df7d4bab-2971-424b-a45f-b51633abfcd4	321	1788278490
--Users-vito-.dsh-relay-mirrors--/session-e1117261-862f-481d-a886-8dfc348534c6/session.jsonl.zstd	v0	session-e1117261-862f-481d-a886-8dfc348534c6	471	1788493561
--Users-vito-.dsh-relay-mirrors--/session-e328e4cd-758e-415a-aa0a-56a0c7e50698/session.jsonl.zstd	v0	session-e328e4cd-758e-415a-aa0a-56a0c7e50698	140553	1788445232
--Users-vito-.dsh-relay-mirrors--/session-e52564be-0da7-4385-8174-3b718acb3d1e/session.jsonl.zstd	v0	session-e52564be-0da7-4385-8174-3b718acb3d1e	316	1788507705
--Users-vito-.dsh-relay-mirrors--/session-e6466491-c35b-4d45-aeba-ccc98758bc28/session.jsonl.zstd	v0	session-e6466491-c35b-4d45-aeba-ccc98758bc28	448898	1788350663
--Users-vito-.dsh-relay-mirrors--/session-e8212e0b-9e40-41d7-8225-0471c537a780/session.jsonl.zstd	v0	session-e8212e0b-9e40-41d7-8225-0471c537a780	317	1788280642
--Users-vito-.dsh-relay-mirrors--/session-e8b03468-104d-40c7-ab9e-f70a5c3aa695/session.jsonl.zstd	v0	session-e8b03468-104d-40c7-ab9e-f70a5c3aa695	368	1788274142
--Users-vito-.dsh-relay-mirrors--/session-e8b473e7-c3c9-47ca-bdba-d326c787adb2/session.jsonl.zstd	v0	session-e8b473e7-c3c9-47ca-bdba-d326c787adb2	317	1788624667
--Users-vito-.dsh-relay-mirrors--/session-ea3ecc09-eee3-4fb4-bbb6-c85ea8bb2fba/session.jsonl.zstd	v0	session-ea3ecc09-eee3-4fb4-bbb6-c85ea8bb2fba	495	1788450698
--Users-vito-.dsh-relay-mirrors--/session-ea4d509f-3f8d-4f28-9af2-4dd71f0f442b/session.jsonl.zstd	v0	session-ea4d509f-3f8d-4f28-9af2-4dd71f0f442b	623	1788443682
--Users-vito-.dsh-relay-mirrors--/session-ebd74865-22a7-414b-a22e-7454b7625673/session.jsonl.zstd	v0	session-ebd74865-22a7-414b-a22e-7454b7625673	493	1788452840
--Users-vito-.dsh-relay-mirrors--/session-ec8b7a0e-b97c-4a9a-9518-b77ad513ed21/session.jsonl.zstd	v0	session-ec8b7a0e-b97c-4a9a-9518-b77ad513ed21	22001	1788366309
--Users-vito-.dsh-relay-mirrors--/session-ecb9f37d-e78d-4549-a114-a4b68e5c3b89/session.jsonl.zstd	v0	session-ecb9f37d-e78d-4549-a114-a4b68e5c3b89	229044	1788318398
--Users-vito-.dsh-relay-mirrors--/session-edca4d6d-f3b6-4bad-a2c4-843b465bd3d0/session.jsonl.zstd	v0	session-edca4d6d-f3b6-4bad-a2c4-843b465bd3d0	671	1788581263
--Users-vito-.dsh-relay-mirrors--/session-efa2d12e-5d00-4744-94b1-61f363f7ab54/session.jsonl.zstd	v0	session-efa2d12e-5d00-4744-94b1-61f363f7ab54	15267	1788493688
--Users-vito-.dsh-relay-mirrors--/session-f01707fb-3173-4e93-b797-a25db7231fb2/session.jsonl.zstd	v0	session-f01707fb-3173-4e93-b797-a25db7231fb2	147758	1788450427
--Users-vito-.dsh-relay-mirrors--/session-f05b968c-ec8f-49eb-bc88-904b1cab0e5d/session.jsonl.zstd	v0	session-f05b968c-ec8f-49eb-bc88-904b1cab0e5d	11522	1788451055
--Users-vito-.dsh-relay-mirrors--/session-f3a26b5c-559d-4e31-a964-b5ec2c629caa/session.jsonl.zstd	v0	session-f3a26b5c-559d-4e31-a964-b5ec2c629caa	497	1788245853
--Users-vito-.dsh-relay-mirrors--/session-f3e9f028-90a3-4f25-ae00-7a088c0d1e04/session.jsonl.zstd	v0	session-f3e9f028-90a3-4f25-ae00-7a088c0d1e04	779	1788677425
--Users-vito-.dsh-relay-mirrors--/session-f71ed82e-daa4-4324-8dcb-929a3960770d/session.jsonl.zstd	v0	session-f71ed82e-daa4-4324-8dcb-929a3960770d	182651	1788278083
--Users-vito-.dsh-relay-mirrors--/session-f720828e-c8e4-4ad4-9d5f-db2f413c9adc/session.jsonl.zstd	v0	session-f720828e-c8e4-4ad4-9d5f-db2f413c9adc	319	1788307853
--Users-vito-.dsh-relay-mirrors--/session-f7be9b74-5bfc-4fe1-ac80-dee03317a397/session.jsonl.zstd	v0	session-f7be9b74-5bfc-4fe1-ac80-dee03317a397	663	1788594519
--Users-vito-.dsh-relay-mirrors--/session-f7f6f48f-b785-4efc-889d-74d78c426bb4/session.jsonl.zstd	v0	session-f7f6f48f-b785-4efc-889d-74d78c426bb4	19649	1788443710
--Users-vito-.dsh-relay-mirrors--/session-fac61945-dbe1-49aa-969a-fd1c735aebaa/session.jsonl.zstd	v0	session-fac61945-dbe1-49aa-969a-fd1c735aebaa	634	1788246067
--Users-vito-.dsh-relay-mirrors--/session-feec4215-fafb-4699-ac76-dc89db2c00f1/session.jsonl.zstd	v0	session-feec4215-fafb-4699-ac76-dc89db2c00f1	499	1788318360
--Users-vito-.dsh-relay-mirrors--/session-ff3be5b5-ef73-4345-b335-517dfd688965/session.jsonl.zstd	v0	session-ff3be5b5-ef73-4345-b335-517dfd688965	622	1788188768
--Users-vito-.dsh-relay-mirrors--/session-ffe1a9bc-ecd9-4618-b769-b722037a4321/session.jsonl.zstd	v0	session-ffe1a9bc-ecd9-4618-b769-b722037a4321	7729857	1788595532
--Users-vito-.dsh-relay-mirrors--/session-ffeb0c38-15fd-4c23-8bde-65057933c3a7/session.jsonl.zstd	v0	session-ffeb0c38-15fd-4c23-8bde-65057933c3a7	322	1788277570
--Users-vito-.dsh-relay-mirrors--/session-ffff9cd3-6b77-4a94-9dfe-5a03671196fe/session.jsonl.zstd	v0	session-ffff9cd3-6b77-4a94-9dfe-5a03671196fe	321	1788443742
--Users-vito-.dsh-sessions--/session-23e68471-db36-4237-a704-3aec2f98f9ee/session.jsonl.zstd	v0	session-23e68471-db36-4237-a704-3aec2f98f9ee	469	1788625819
--Users-vito-Downloads-abc--/session-c12fad77-63a1-4927-9cc7-00ef3a46dbad/session.v3.jsonl.zstd	v3	session-c12fad77-63a1-4927-9cc7-00ef3a46dbad	114951	1789793953
--Users-vito-Downloads-typesafe.ai--/session-c9a1f541-bb1b-4980-a9bb-fb299bd60da5/session.v3.jsonl.zstd	v3	session-c9a1f541-bb1b-4980-a9bb-fb299bd60da5	564089	1789789472
--Users-vito-Mumu~0020Inbox-20260917-~6570~5B66-2025~20142026~5B66~5E74~7B2C~4E8C~5B66~671F~9AD8~4E8C~5E74~7EA7~5B66~4E1A~8D28~91CF~68C0~6D4B--/session-7af80b78-5e2b-4020-963a-af33c8c2afd3/session.v3.jsonl.zstd	v3	session-7af80b78-5e2b-4020-963a-af33c8c2afd3	88508	1790150628
--Users-vito-Mumu~0020Inbox-20260917-~6570~5B66-2025~20142026~5B66~5E74~7B2C~4E8C~5B66~671F~9AD8~4E8C~5E74~7EA7~5B66~4E1A~8D28~91CF~68C0~6D4B--/session-8d1a7cb1-1903-4e5d-94c7-c5c79157d050/session.v3.jsonl.zstd	v3	session-8d1a7cb1-1903-4e5d-94c7-c5c79157d050	458563	1790153079
--Users-vito-Mumu~0020Inbox-20260917-~6570~5B66-2025~20142026~5B66~5E74~7B2C~4E8C~5B66~671F~9AD8~4E8C~5E74~7EA7~5B66~4E1A~8D28~91CF~68C0~6D4B--/session-98d744e3-7247-4fda-a8d7-70095c892101/session.v3.jsonl.zstd	v3	session-98d744e3-7247-4fda-a8d7-70095c892101	2181	1790150400
--Users-vito-Mumu~0020Inbox-20260917-~6570~5B66-2025~20142026~5B66~5E74~7B2C~4E8C~5B66~671F~9AD8~4E8C~5E74~7EA7~5B66~4E1A~8D28~91CF~68C0~6D4B1--/session-6abb1a84-9cf5-47a4-9d9a-79225aca825c/session.v3.jsonl.zstd	v3	session-6abb1a84-9cf5-47a4-9d9a-79225aca825c	87311	1790153478
--Users-vito-Mumu~0020Inbox-20260917-~6570~5B66-2025~20142026~5B66~5E74~7B2C~4E8C~5B66~671F~9AD8~4E8C~5E74~7EA7~5B66~4E1A~8D28~91CF~68C0~6D4B2--/session-9cac91bd-f27d-42da-951e-2feabb5c8b34/session.v3.jsonl.zstd	v3	session-9cac91bd-f27d-42da-951e-2feabb5c8b34	753198	1790158894
--Users-vito-data-dev-accept-matt-flow--/session-2f1d2982-8320-4ce4-a3a5-a219848105c2/session.jsonl.zstd	v0	session-2f1d2982-8320-4ce4-a3a5-a219848105c2	113398	1788778787
--Users-vito-data-dev-accept-matt-flow--/session-322d9b64-2ad0-4e5b-9999-24cd03f4c5e2/session.jsonl.zstd	v0	session-322d9b64-2ad0-4e5b-9999-24cd03f4c5e2	210159	1788773640
--Users-vito-data-dev-accept-matt-flow--/session-6be572c6-6d52-4974-a220-484f5a67758a/session.jsonl.zstd	v0	session-6be572c6-6d52-4974-a220-484f5a67758a	15287	1788770931
--Users-vito-data-dev-accept-matt-flow--/session-90a3bf3d-7058-4179-a1e2-b0a786882d19/session.jsonl.zstd	v0	session-90a3bf3d-7058-4179-a1e2-b0a786882d19	10450	1788774813
--Users-vito-data-dev-accept-matt-flow--/session-e3b16c56-3bdc-4f7d-86f3-a7aa2d2e6ea7/session.jsonl.zstd	v0	session-e3b16c56-3bdc-4f7d-86f3-a7aa2d2e6ea7	2111	1788774072
--Users-vito-data-dev-accept-matt-flow--/session-ed63e837-3fc7-4be2-8864-e2fadb757db5/session.jsonl.zstd	v0	session-ed63e837-3fc7-4be2-8864-e2fadb757db5	259233	1788774480
--Users-vito-data-dev-accept-matt-flow--/session-f0720a06-6059-4993-beb3-cc8aad0d57b6/session.jsonl.zstd	v0	session-f0720a06-6059-4993-beb3-cc8aad0d57b6	24319	1788770971
--Users-vito-data-dev-accept-matt-flow--/session-f1712618-bde1-4182-b57d-7489723f49a9/session.jsonl.zstd	v0	session-f1712618-bde1-4182-b57d-7489723f49a9	93101	1788774924
--Users-vito-data-dev-accept-matt-flow--/session-f29f7168-e06c-4780-b4f5-6130de7eb737/session.jsonl.zstd	v0	session-f29f7168-e06c-4780-b4f5-6130de7eb737	2061	1788770274
--Users-vito-data-dev-accept-matt-flow--/session-f745cd85-deba-40f6-a6f8-ea0f669fa8a0/session.jsonl.zstd	v0	session-f745cd85-deba-40f6-a6f8-ea0f669fa8a0	9826	1788773288
--Users-vito-data-dev-aimesh3.0--/277e07c9-489d-49b8-b1ab-e968f409eb1d/session.v3.jsonl.zstd	v3	277e07c9-489d-49b8-b1ab-e968f409eb1d	179422	1789637392
--Users-vito-data-dev-aimesh3.0--/session-3b83d25e-dd83-446e-9b6c-4d9e2fef328c/session.v3.jsonl.zstd	v3	session-3b83d25e-dd83-446e-9b6c-4d9e2fef328c	438858	1789638694
--Users-vito-data-dev-device-sim--/01f52e83-1b49-4995-be1f-3dd18e3f0afa/session.jsonl.zstd	v0	01f52e83-1b49-4995-be1f-3dd18e3f0afa	3874	1787127289
--Users-vito-data-dev-device-sim--/063f2314-4dd9-4c2c-b6cf-8c9ce13ce0f7/session.jsonl.zstd	v0	063f2314-4dd9-4c2c-b6cf-8c9ce13ce0f7	4002	1787063553
--Users-vito-data-dev-device-sim--/0ba391ca-4c88-4648-9b1d-cdb4a0bc2a12/session.jsonl.zstd	v0	0ba391ca-4c88-4648-9b1d-cdb4a0bc2a12	3986	1787126483
--Users-vito-data-dev-device-sim--/0fc20397-9920-4aee-b93a-a410a568d161/session.jsonl.zstd	v0	0fc20397-9920-4aee-b93a-a410a568d161	3822	1787039758
--Users-vito-data-dev-device-sim--/1e259ca1-b45c-493e-87a5-d906869419fe/session.jsonl.zstd	v0	1e259ca1-b45c-493e-87a5-d906869419fe	3824	1787036366
--Users-vito-data-dev-device-sim--/202354e3-bb80-4f19-9e77-8eca88b3d346/session.jsonl.zstd	v0	202354e3-bb80-4f19-9e77-8eca88b3d346	3961	1786980358
--Users-vito-data-dev-device-sim--/2344bcf2-7331-4910-86c0-3f2008032768/session.jsonl.zstd	v0	2344bcf2-7331-4910-86c0-3f2008032768	4329827	1787126382
--Users-vito-data-dev-device-sim--/2ea80c4d-f1b1-4169-b879-7677a40d5397/session.jsonl.zstd	v0	2ea80c4d-f1b1-4169-b879-7677a40d5397	3654	1787194660
--Users-vito-data-dev-device-sim--/34ba9bb6-19b7-42f5-871c-e8fe396564a1/session.jsonl.zstd	v0	34ba9bb6-19b7-42f5-871c-e8fe396564a1	3236	1787301127
--Users-vito-data-dev-device-sim--/35cd980b-01da-400e-822b-282a852063b2/session.jsonl.zstd	v0	35cd980b-01da-400e-822b-282a852063b2	5245271	1787305704
--Users-vito-data-dev-device-sim--/3bf1cdd0-716e-463d-a77a-86758dce7f57/session.jsonl.zstd	v0	3bf1cdd0-716e-463d-a77a-86758dce7f57	4560896	1787286898
--Users-vito-data-dev-device-sim--/4cbc8fac-5a82-4f87-9fc0-25ebd7d57e71/session.jsonl.zstd	v0	4cbc8fac-5a82-4f87-9fc0-25ebd7d57e71	3627	1787286925
--Users-vito-data-dev-device-sim--/4da06353-1ec4-44dd-a6fa-b2771b04176c/session.jsonl.zstd	v0	4da06353-1ec4-44dd-a6fa-b2771b04176c	3986	1787126365
--Users-vito-data-dev-device-sim--/51401fb4-84bb-4ec2-8839-3f8794a418e9/session.jsonl.zstd	v0	51401fb4-84bb-4ec2-8839-3f8794a418e9	3246571	1787111915
--Users-vito-data-dev-device-sim--/566720af-b28e-4059-a1b6-583b76f7f881/session.jsonl.zstd	v0	566720af-b28e-4059-a1b6-583b76f7f881	2699528	1787106436
--Users-vito-data-dev-device-sim--/5f15bb88-1460-49a4-a737-d25efe2b9bda/session.jsonl.zstd	v0	5f15bb88-1460-49a4-a737-d25efe2b9bda	3825	1787036271
--Users-vito-data-dev-device-sim--/66463f7b-b8e9-444e-9f84-bebeb24aa06a/session.jsonl.zstd	v0	66463f7b-b8e9-444e-9f84-bebeb24aa06a	4791282	1787223661
--Users-vito-data-dev-device-sim--/6cfe842f-abc2-4226-839d-987106171074/session.jsonl.zstd	v0	6cfe842f-abc2-4226-839d-987106171074	5153467	1787297213
--Users-vito-data-dev-device-sim--/7426baa3-7df5-4df2-975d-8378c5541012/session.jsonl.zstd	v0	7426baa3-7df5-4df2-975d-8378c5541012	3822	1787039337
--Users-vito-data-dev-device-sim--/7a326546-d094-4717-9d80-de6ca5b39d83/session.jsonl.zstd	v0	7a326546-d094-4717-9d80-de6ca5b39d83	85298	1787064613
--Users-vito-data-dev-device-sim--/7adf3162-b45f-4afc-bb77-a0d89e4e7cfa/session.jsonl.zstd	v0	7adf3162-b45f-4afc-bb77-a0d89e4e7cfa	4152330	1787205978
--Users-vito-data-dev-device-sim--/7fcd498a-4646-4aee-81b0-9a1bd67d547f/session.jsonl.zstd	v0	7fcd498a-4646-4aee-81b0-9a1bd67d547f	4539863	1787220490
--Users-vito-data-dev-device-sim--/847b116e-e20f-40b1-9335-0062bfa2c88a/session.jsonl.zstd	v0	847b116e-e20f-40b1-9335-0062bfa2c88a	694783	1787064671
--Users-vito-data-dev-device-sim--/8658437f-3dc5-4fdc-8476-0da87f704a6e/session.jsonl.zstd	v0	8658437f-3dc5-4fdc-8476-0da87f704a6e	515968	1787064701
--Users-vito-data-dev-device-sim--/8802b605-8f65-4809-8f18-5183b0c58e3e/session.jsonl.zstd	v0	8802b605-8f65-4809-8f18-5183b0c58e3e	1360	1786768712
--Users-vito-data-dev-device-sim--/8a07a328-e3cb-4192-b7e6-00ed7a338794/session.jsonl.zstd	v0	8a07a328-e3cb-4192-b7e6-00ed7a338794	3624	1787294535
--Users-vito-data-dev-device-sim--/8d24e23f-8ef1-402d-b578-3c26e388cd88/session.jsonl.zstd	v0	8d24e23f-8ef1-402d-b578-3c26e388cd88	355943	1787296449
--Users-vito-data-dev-device-sim--/8fea7414-a332-4e80-a5d6-1b17f888ab4d/session.jsonl.zstd	v0	8fea7414-a332-4e80-a5d6-1b17f888ab4d	4456066	1787216320
--Users-vito-data-dev-device-sim--/925098a4-4cf2-4c3b-8125-05e2ce48641e/session.jsonl.zstd	v0	925098a4-4cf2-4c3b-8125-05e2ce48641e	3626	1787286881
--Users-vito-data-dev-device-sim--/a524a1ce-84ae-4044-a5f6-4a3015e1e8ed/session.jsonl.zstd	v0	a524a1ce-84ae-4044-a5f6-4a3015e1e8ed	4801549	1787194831
--Users-vito-data-dev-device-sim--/a75e2970-2f78-4580-bf56-9bec2f9244ae/session.jsonl.zstd	v0	a75e2970-2f78-4580-bf56-9bec2f9244ae	3379	1787297272
--Users-vito-data-dev-device-sim--/b6b1010d-5840-489c-ad17-c5a9dfee56a4/session.jsonl.zstd	v0	b6b1010d-5840-489c-ad17-c5a9dfee56a4	3999	1787064521
--Users-vito-data-dev-device-sim--/b8bcee33-561e-4167-8232-61c0848854eb/session.jsonl.zstd	v0	b8bcee33-561e-4167-8232-61c0848854eb	3647909	1787126398
--Users-vito-data-dev-device-sim--/bcaa6935-1f6b-4c1f-99e9-8ff59dfd8390/session.jsonl.zstd	v0	bcaa6935-1f6b-4c1f-99e9-8ff59dfd8390	646034	1787064554
--Users-vito-data-dev-device-sim--/c8f32cb3-8c46-404d-817a-43379aca7d2d/session.jsonl.zstd	v0	c8f32cb3-8c46-404d-817a-43379aca7d2d	2703935	1787106270
--Users-vito-data-dev-device-sim--/cfd5fae4-35d1-4bee-a948-cd940891310a/session.jsonl.zstd	v0	cfd5fae4-35d1-4bee-a948-cd940891310a	4311361	1788179432
--Users-vito-data-dev-device-sim--/d873ae1d-b032-4f02-9c8c-a20b7434f09a/session.jsonl.zstd	v0	d873ae1d-b032-4f02-9c8c-a20b7434f09a	3864583	1787127311
--Users-vito-data-dev-device-sim--/d980895f-d5a7-4556-a9cf-6dab9ecaca0f/session.jsonl.zstd	v0	d980895f-d5a7-4556-a9cf-6dab9ecaca0f	1365	1786762475
--Users-vito-data-dev-device-sim--/db89fe43-0e19-45e9-b67d-d9f2e0097157/session.jsonl.zstd	v0	db89fe43-0e19-45e9-b67d-d9f2e0097157	4515585	1787286954
--Users-vito-data-dev-device-sim--/dcb69cb1-2418-420e-b300-cd21580efe48/session.jsonl.zstd	v0	dcb69cb1-2418-420e-b300-cd21580efe48	4015	1787062254
--Users-vito-data-dev-device-sim--/dfd8940c-0bee-46d9-95c9-880f788292f4/session.jsonl.zstd	v0	dfd8940c-0bee-46d9-95c9-880f788292f4	3667214	1787126498
--Users-vito-data-dev-device-sim--/ebc31151-f9fc-4121-b04f-675698cab033/session.jsonl.zstd	v0	ebc31151-f9fc-4121-b04f-675698cab033	3920756	1787111255
--Users-vito-data-dev-device-sim--/f27e72a0-1945-4239-a754-b76615048add/session.jsonl.zstd	v0	f27e72a0-1945-4239-a754-b76615048add	2699466	1787106315
--Users-vito-data-dev-device-sim--/f321b338-1752-4b42-a89f-d51f9fb0533d/session.jsonl.zstd	v0	f321b338-1752-4b42-a89f-d51f9fb0533d	3973	1787126309
--Users-vito-data-dev-device-sim--/session-2/session.jsonl.zstd	v0	session-2	478147	1787064671
--Users-vito-data-dev-device-sim--/session-28797e98-032d-463b-a1c5-717afb0f4cf1/session.jsonl.zstd	v0	session-28797e98-032d-463b-a1c5-717afb0f4cf1	3558	1787615585
--Users-vito-data-dev-device-sim--/session-3/session.jsonl.zstd	v0	session-3	4508760	1787223683
--Users-vito-data-dev-device-sim--/session-383c6667-710b-49e8-981b-187bacd6affd/session.jsonl.zstd	v0	session-383c6667-710b-49e8-981b-187bacd6affd	1961	1788170408
--Users-vito-data-dev-device-sim--/session-3ac6a6ae-9a19-44d3-8899-c016e216c772/session.jsonl.zstd	v0	session-3ac6a6ae-9a19-44d3-8899-c016e216c772	395541	1788769469
--Users-vito-data-dev-device-sim--/session-4/session.jsonl.zstd	v0	session-4	2695675	1787106306
--Users-vito-data-dev-device-sim--/session-5/session.jsonl.zstd	v0	session-5	2695737	1787106316
--Users-vito-data-dev-device-sim--/session-54f5f04d-775f-48ff-ae27-9274b7512bbf/session.jsonl.zstd	v0	session-54f5f04d-775f-48ff-ae27-9274b7512bbf	2542	1788768500
--Users-vito-data-dev-device-sim--/session-6/session.jsonl.zstd	v0	session-6	2695796	1787106436
--Users-vito-data-dev-device-sim--/session-7/session.jsonl.zstd	v0	session-7	3127152	1787111295
--Users-vito-data-dev-device-sim--/session-8/session.jsonl.zstd	v0	session-8	3179738	1787112792
--Users-vito-data-dev-device-sim--/session-8b525585-fb18-4865-b878-e8b35b00dd39/session.jsonl.zstd	v0	session-8b525585-fb18-4865-b878-e8b35b00dd39	2477	1788453143
--Users-vito-data-dev-device-sim--/session-9d02f026-fa3a-44a3-ba03-157946f25599/session.jsonl.zstd	v0	session-9d02f026-fa3a-44a3-ba03-157946f25599	1027	1786724832
--Users-vito-data-dev-device-sim--/session-a34b447c-18fd-425c-8d92-832a50a545e9/session.jsonl.zstd	v0	session-a34b447c-18fd-425c-8d92-832a50a545e9	3779	1787544604
--Users-vito-data-dev-device-sim--/session-a8c0d1fd-cb99-4153-9c72-31d439747518/session.jsonl.zstd	v0	session-a8c0d1fd-cb99-4153-9c72-31d439747518	6121964	1787106220
--Users-vito-data-dev-device-sim--/session-c51d9106-540e-4d7d-8ddc-619d7006dc68/session.jsonl.zstd	v0	session-c51d9106-540e-4d7d-8ddc-619d7006dc68	3336	1787646761
--Users-vito-data-dev-device-sim--/session-d4f0ecf3-8a6b-4aaf-9505-27e9184907fc/session.jsonl.zstd	v0	session-d4f0ecf3-8a6b-4aaf-9505-27e9184907fc	3495	1787562615
--Users-vito-data-dev-device-sim--/session-e35f7c72-5076-4b81-8057-59805973aa9f/session.v3.jsonl.zstd	v3	session-e35f7c72-5076-4b81-8057-59805973aa9f	600471	1789875100
--Users-vito-data-dev-device-sim--/session-ef24ca92-41a6-445a-9d4c-04e73a2a10ce/session.jsonl.zstd	v0	session-ef24ca92-41a6-445a-9d4c-04e73a2a10ce	3588	1787730951
--Users-vito-data-dev-device-sim-docs--/204b6308-5fcd-4fed-b6ae-8b24cf1fe773/session.jsonl.zstd	v0	204b6308-5fcd-4fed-b6ae-8b24cf1fe773	1946	1787205961
--Users-vito-data-dev-device-sim-docs--/32f5efc5-86b9-4b9f-a952-474316cec61b/session.jsonl.zstd	v0	32f5efc5-86b9-4b9f-a952-474316cec61b	1951	1787215042
--Users-vito-data-dev-device-sim-docs--/3b3ae26e-216b-4609-b7ef-ffade163f83f/session.jsonl.zstd	v0	3b3ae26e-216b-4609-b7ef-ffade163f83f	1948	1787223969
--Users-vito-data-dev-device-sim-docs--/b89064ee-e1be-40da-959b-eb9c6d272359/session.jsonl.zstd	v0	b89064ee-e1be-40da-959b-eb9c6d272359	1942	1787211554
--Users-vito-data-dev-device-sim-docs--/c2ec71cd-03e9-4c14-8a5a-e142b858e0d5/session.jsonl.zstd	v0	c2ec71cd-03e9-4c14-8a5a-e142b858e0d5	1942	1787286866
--Users-vito-data-dev-device-sim-docs--/d00afe90-146d-491e-af52-cf406d47ff2d/session.jsonl.zstd	v0	d00afe90-146d-491e-af52-cf406d47ff2d	1942	1787194811
--Users-vito-data-dev-dsh-endless--/37d33135-67bb-4007-a969-7d62815f8b3b/session.v3.jsonl.zstd	v3	37d33135-67bb-4007-a969-7d62815f8b3b	13834	1789219582
--Users-vito-data-dev-dsh-endless--/session-0bb23e1f-4071-4b20-8e1f-0f9468a0429c/session.jsonl.zstd	v0	session-0bb23e1f-4071-4b20-8e1f-0f9468a0429c	7357	1788055092
--Users-vito-data-dev-dsh-endless--/session-151fb6ab-3b45-458a-a872-33ad83b7081c/session.jsonl.zstd	v0	session-151fb6ab-3b45-458a-a872-33ad83b7081c	7294	1788055164
--Users-vito-data-dev-dsh-endless--/session-2a760bf3-3241-4a28-bcff-cba3a0849c85/session.v3.jsonl.zstd	v3	session-2a760bf3-3241-4a28-bcff-cba3a0849c85	179704	1790157266
--Users-vito-data-dev-dsh-endless--/session-3c787487-7875-4106-9db8-3ae1adf90b78/session.jsonl.zstd	v0	session-3c787487-7875-4106-9db8-3ae1adf90b78	2293	1788015558
--Users-vito-data-dev-dsh-endless--/session-56a3a127-a6d6-4575-b382-7da89bfd3e99/session.jsonl.zstd	v0	session-56a3a127-a6d6-4575-b382-7da89bfd3e99	1787300	1788017553
--Users-vito-data-dev-dsh-endless--/session-5dc296eb-d034-4222-90b6-80ad6c852aba/session.v3.jsonl.zstd	v3	session-5dc296eb-d034-4222-90b6-80ad6c852aba	1182891	1789275957
--Users-vito-data-dev-dsh-endless--/session-6b2ce46d-fbac-4b1c-9066-a113d3ed1a4f/session.v3.jsonl.zstd	v3	session-6b2ce46d-fbac-4b1c-9066-a113d3ed1a4f	1412376	1789223917
--Users-vito-data-dev-dsh-endless--/session-7e521eb6-bd36-4028-97c4-6df121c7c32b/session.jsonl.zstd	v0	session-7e521eb6-bd36-4028-97c4-6df121c7c32b	156652	1788013499
--Users-vito-data-dev-dsh-endless--/session-7ea5b657-4494-4039-b21e-65384ae65458/session.v3.jsonl.zstd	v3	session-7ea5b657-4494-4039-b21e-65384ae65458	2576	1789219775
--Users-vito-data-dev-dsh-endless--/session-bdc08d64-0a3d-4519-bf01-c01aab1215f6/session.v3.jsonl.zstd	v3	session-bdc08d64-0a3d-4519-bf01-c01aab1215f6	2578	1789217584
--Users-vito-data-dev-dsh-endless--/session-c09af248-7ca6-4173-91ed-076fd8c07fe8/session.jsonl.zstd	v0	session-c09af248-7ca6-4173-91ed-076fd8c07fe8	551701	1788018774
--Users-vito-data-dev-dsh-endless--/session-d1b0b6ad-7dc5-4a86-b15e-364e5e6791dc/session.jsonl.zstd	v0	session-d1b0b6ad-7dc5-4a86-b15e-364e5e6791dc	3147345	1788019898
--Users-vito-data-dev-dsh-endless--/session-f336058d-f0ac-4528-bcf0-4b655fca5692/session.v3.jsonl.zstd	v3	session-f336058d-f0ac-4528-bcf0-4b655fca5692	206931	1789260848
--Users-vito-data-dev-dsh-endless--/session-fa4ca505-0aaf-4dfb-8fa8-89b9d32e33bc/session.jsonl.zstd	v0	session-fa4ca505-0aaf-4dfb-8fa8-89b9d32e33bc	312431	1788019144
--Users-vito-data-dev-dsh-plugins--/04b376cd-2e28-49dc-84e3-3536e9ca88d1/session.v3.jsonl.zstd	v3	04b376cd-2e28-49dc-84e3-3536e9ca88d1	383674	1790332456
--Users-vito-data-dev-dsh-plugins--/06bb5ecf-cf7b-4718-b2c1-08990d7a5a84/session.v3.jsonl.zstd	v3	06bb5ecf-cf7b-4718-b2c1-08990d7a5a84	79608	1790171957
--Users-vito-data-dev-dsh-plugins--/06d87d27-bc58-408b-9f42-6af1e5e44516/session.jsonl.zstd	v0	06d87d27-bc58-408b-9f42-6af1e5e44516	25461	1787452572
--Users-vito-data-dev-dsh-plugins--/07802b12-169c-4190-a20b-6b5e98f912cd/session.jsonl.zstd	v0	07802b12-169c-4190-a20b-6b5e98f912cd	3682	1787392127
--Users-vito-data-dev-dsh-plugins--/08f9c515-0538-468e-8357-2f9401e06b73/session.v3.jsonl.zstd	v3	08f9c515-0538-468e-8357-2f9401e06b73	108024	1790172990
--Users-vito-data-dev-dsh-plugins--/0a6e60db-2bc5-47ef-9b64-eedcf7ece225/session.jsonl.zstd	v0	0a6e60db-2bc5-47ef-9b64-eedcf7ece225	829422	1788405734
--Users-vito-data-dev-dsh-plugins--/0a6f8333-5554-4320-8f54-6afdf72de0a0/session.jsonl.zstd	v0	0a6f8333-5554-4320-8f54-6afdf72de0a0	11327	1788962293
--Users-vito-data-dev-dsh-plugins--/0f5df655-5d0e-490c-b22e-08b22c7e63f6/session.jsonl.zstd	v0	0f5df655-5d0e-490c-b22e-08b22c7e63f6	24754	1787452992
--Users-vito-data-dev-dsh-plugins--/1085d64b-5079-4803-ac24-f409a35b4d5c/session.v3.jsonl.zstd	v3	1085d64b-5079-4803-ac24-f409a35b4d5c	222392	1790237017
--Users-vito-data-dev-dsh-plugins--/12743a7c-fb8f-48c1-9455-5a6b0ada380f/session.jsonl.zstd	v0	12743a7c-fb8f-48c1-9455-5a6b0ada380f	262528	1789119833
--Users-vito-data-dev-dsh-plugins--/14386b3d-fee7-45e0-8714-8a959c9d9b4c/session.jsonl.zstd	v0	14386b3d-fee7-45e0-8714-8a959c9d9b4c	685188	1789205396
--Users-vito-data-dev-dsh-plugins--/177ef6ab-9371-4d74-9ca6-3559dcdc6c5c/session.jsonl.zstd	v0	177ef6ab-9371-4d74-9ca6-3559dcdc6c5c	11102	1788926813
--Users-vito-data-dev-dsh-plugins--/17ce7ef1-39fa-4922-b18e-52c7a36eb323/session.v3.jsonl.zstd	v3	17ce7ef1-39fa-4922-b18e-52c7a36eb323	285105	1790261799
--Users-vito-data-dev-dsh-plugins--/18355d04-73aa-4929-8f6c-4646f15c0da9/session.jsonl.zstd	v0	18355d04-73aa-4929-8f6c-4646f15c0da9	26639	1787452995
--Users-vito-data-dev-dsh-plugins--/18ef8135-a939-451c-aaba-38d9055f03fd/session.jsonl.zstd	v0	18ef8135-a939-451c-aaba-38d9055f03fd	575838	1789205413
--Users-vito-data-dev-dsh-plugins--/1e2df621-45e3-49ff-bcd5-ff4b12156e1f/session.jsonl.zstd	v0	1e2df621-45e3-49ff-bcd5-ff4b12156e1f	26571	1787452995
--Users-vito-data-dev-dsh-plugins--/20181627-c377-406a-b3e9-9a05b380b626/session.jsonl.zstd	v0	20181627-c377-406a-b3e9-9a05b380b626	11025	1788963704
--Users-vito-data-dev-dsh-plugins--/24c8a72e-819b-4403-8163-988cfd56261b/session.v3.jsonl.zstd	v3	24c8a72e-819b-4403-8163-988cfd56261b	218367	1790308228
--Users-vito-data-dev-dsh-plugins--/2525bcf3-d7d5-4aa4-9e22-0596c9c17e5f/session.jsonl.zstd	v0	2525bcf3-d7d5-4aa4-9e22-0596c9c17e5f	26482	1787452223
--Users-vito-data-dev-dsh-plugins--/2b32657e-c69c-4723-936f-d40c09507e4e/session.jsonl.zstd	v0	2b32657e-c69c-4723-936f-d40c09507e4e	26333	1787452998
--Users-vito-data-dev-dsh-plugins--/2c96bf94-abf2-495a-a4b2-d77aeb2b45f2/session.jsonl.zstd	v0	2c96bf94-abf2-495a-a4b2-d77aeb2b45f2	24943	1787452994
--Users-vito-data-dev-dsh-plugins--/3080249d-3b0d-4996-9a4b-360e21f094c6/session.jsonl.zstd	v0	3080249d-3b0d-4996-9a4b-360e21f094c6	30585	1787452274
--Users-vito-data-dev-dsh-plugins--/32b5e777-c48f-423b-aea7-0e15d64da963/session.jsonl.zstd	v0	32b5e777-c48f-423b-aea7-0e15d64da963	772613	1787747787
--Users-vito-data-dev-dsh-plugins--/3481a049-cc2f-481b-ab99-28d04a773897/session.v3.jsonl.zstd	v3	3481a049-cc2f-481b-ab99-28d04a773897	295218	1790337786
--Users-vito-data-dev-dsh-plugins--/361c6c15-fa49-477e-bd2a-97dd42730fc5/session.jsonl.zstd	v0	361c6c15-fa49-477e-bd2a-97dd42730fc5	11369	1788962215
--Users-vito-data-dev-dsh-plugins--/370946af-39b0-4ec0-8220-cdb07eaf1c73/session.jsonl.zstd	v0	370946af-39b0-4ec0-8220-cdb07eaf1c73	25794	1787452994
--Users-vito-data-dev-dsh-plugins--/382b4b68-7ffc-4268-bcc1-5e5e92133bf5/session.jsonl.zstd	v0	382b4b68-7ffc-4268-bcc1-5e5e92133bf5	952284	1787748013
--Users-vito-data-dev-dsh-plugins--/3951059c-80ab-4811-866c-1f2a3def3e79/session.v3.jsonl.zstd	v3	3951059c-80ab-4811-866c-1f2a3def3e79	34814	1790172254
--Users-vito-data-dev-dsh-plugins--/3aacbce7-3804-4d61-9cb3-9c1065b85d98/session.v3.jsonl.zstd	v3	3aacbce7-3804-4d61-9cb3-9c1065b85d98	308418	1790335349
--Users-vito-data-dev-dsh-plugins--/3d3f20a4-df7b-43cd-a3e9-1627b4450a24/session.v3.jsonl.zstd	v3	3d3f20a4-df7b-43cd-a3e9-1627b4450a24	31425	1790172801
--Users-vito-data-dev-dsh-plugins--/40a1a85d-bd4e-4b41-945c-dc6facd66676/session.v3.jsonl.zstd	v3	40a1a85d-bd4e-4b41-945c-dc6facd66676	233447	1790313060
--Users-vito-data-dev-dsh-plugins--/4517e4ec-a237-4488-9d96-592ef6a69134/session.v3.jsonl.zstd	v3	4517e4ec-a237-4488-9d96-592ef6a69134	136430	1790312961
--Users-vito-data-dev-dsh-plugins--/4f6d050d-ade9-4ee8-b902-6396f5dfb7c6/session.v3.jsonl.zstd	v3	4f6d050d-ade9-4ee8-b902-6396f5dfb7c6	34625	1790172595
--Users-vito-data-dev-dsh-plugins--/4fbd151e-3fb6-4bca-b10e-4c2cb179a1a9/session.v3.jsonl.zstd	v3	4fbd151e-3fb6-4bca-b10e-4c2cb179a1a9	59045	1790171858
--Users-vito-data-dev-dsh-plugins--/503558df-f2f0-4467-bc62-d62c73c8e8df/session.jsonl.zstd	v0	503558df-f2f0-4467-bc62-d62c73c8e8df	26092	1787452995
--Users-vito-data-dev-dsh-plugins--/54bb6bfb-83d6-4f7c-99ad-5e5dd44bc4ce/session.jsonl.zstd	v0	54bb6bfb-83d6-4f7c-99ad-5e5dd44bc4ce	2799	1787322624
--Users-vito-data-dev-dsh-plugins--/54f91551-6b4c-47c9-ac6e-d31612063ac7/session.v3.jsonl.zstd	v3	54f91551-6b4c-47c9-ac6e-d31612063ac7	33982	1790171762
--Users-vito-data-dev-dsh-plugins--/574bbad0-ca7b-4a57-9e13-00021c1cffdd/session.jsonl.zstd	v0	574bbad0-ca7b-4a57-9e13-00021c1cffdd	24944	1787452994
--Users-vito-data-dev-dsh-plugins--/5c423e2f-038a-4fa3-8440-9ebdd7d805f1/session.jsonl.zstd	v0	5c423e2f-038a-4fa3-8440-9ebdd7d805f1	559561	1789120741
--Users-vito-data-dev-dsh-plugins--/5e015386-8c31-4d1a-b450-2766fa0e7ff2/session.v3.jsonl.zstd	v3	5e015386-8c31-4d1a-b450-2766fa0e7ff2	135330	1790222172
--Users-vito-data-dev-dsh-plugins--/631eda94-7cf8-4bf5-a995-8a43d48dda68/session.jsonl.zstd	v0	631eda94-7cf8-4bf5-a995-8a43d48dda68	981204	1787748020
--Users-vito-data-dev-dsh-plugins--/6599da30-a154-4b7f-9983-ebc93c72abdc/session.jsonl.zstd	v0	6599da30-a154-4b7f-9983-ebc93c72abdc	25926	1787452619
--Users-vito-data-dev-dsh-plugins--/66481862-b234-45fd-89f6-592910d0095d/session.v3.jsonl.zstd	v3	66481862-b234-45fd-89f6-592910d0095d	29206	1790171756
--Users-vito-data-dev-dsh-plugins--/6881b07d-f5c5-41d9-88a5-623208fe96e6/session.jsonl.zstd	v0	6881b07d-f5c5-41d9-88a5-623208fe96e6	24730	1787452992
--Users-vito-data-dev-dsh-plugins--/6a8361ae-06ed-417a-af4f-db905acd52f5/session.jsonl.zstd	v0	6a8361ae-06ed-417a-af4f-db905acd52f5	823394	1788405706
--Users-vito-data-dev-dsh-plugins--/6d0202fa-f924-45a8-9e6b-9fb13b0fd3ed/session.v3.jsonl.zstd	v3	6d0202fa-f924-45a8-9e6b-9fb13b0fd3ed	138248	1790171715
--Users-vito-data-dev-dsh-plugins--/6dec32b3-266f-418c-b736-82ba5c94d130/session.jsonl.zstd	v0	6dec32b3-266f-418c-b736-82ba5c94d130	687500	1787747750
--Users-vito-data-dev-dsh-plugins--/6f437619-a594-4e44-8185-d66ad96ff783/session.v3.jsonl.zstd	v3	6f437619-a594-4e44-8185-d66ad96ff783	57099	1790171795
--Users-vito-data-dev-dsh-plugins--/7119c28e-86ce-4dcf-bd49-cf634bc43bad/session.v3.jsonl.zstd	v3	7119c28e-86ce-4dcf-bd49-cf634bc43bad	31200	1790171757
--Users-vito-data-dev-dsh-plugins--/73bb4155-39dc-4975-ae27-47c2361206f3/session.v3.jsonl.zstd	v3	73bb4155-39dc-4975-ae27-47c2361206f3	200372	1790222147
--Users-vito-data-dev-dsh-plugins--/74130b50-e1a5-4eec-a5bf-f0bb8cc97500/session.v3.jsonl.zstd	v3	74130b50-e1a5-4eec-a5bf-f0bb8cc97500	231005	1790332386
--Users-vito-data-dev-dsh-plugins--/78b8b869-25a6-4054-bca7-b47cd25d388c/session.jsonl.zstd	v0	78b8b869-25a6-4054-bca7-b47cd25d388c	1400033	1787310141
--Users-vito-data-dev-dsh-plugins--/7cca68b5-f562-48e4-95b8-a68c2fdc44b9/session.v3.jsonl.zstd	v3	7cca68b5-f562-48e4-95b8-a68c2fdc44b9	36374	1790172821
--Users-vito-data-dev-dsh-plugins--/7d27227e-0339-47f8-8de3-e580ee473794/session.v3.jsonl.zstd	v3	7d27227e-0339-47f8-8de3-e580ee473794	194041	1790261741
--Users-vito-data-dev-dsh-plugins--/80bf1aac-8b1b-4abd-b87b-ab4f80f4ef5d/session.jsonl.zstd	v0	80bf1aac-8b1b-4abd-b87b-ab4f80f4ef5d	1155958	1789096684
--Users-vito-data-dev-dsh-plugins--/83361ab8-975c-4a50-a932-48737adce707/session.v3.jsonl.zstd	v3	83361ab8-975c-4a50-a932-48737adce707	405400	1790337881
--Users-vito-data-dev-dsh-plugins--/89014f06-7ae5-422e-978f-1fc5b095c81f/session.jsonl.zstd	v0	89014f06-7ae5-422e-978f-1fc5b095c81f	804762	1787326119
--Users-vito-data-dev-dsh-plugins--/892cf344-89d3-4961-899a-f648912875ee/session.jsonl.zstd	v0	892cf344-89d3-4961-899a-f648912875ee	340533	1789205285
--Users-vito-data-dev-dsh-plugins--/90e1d24d-dfaa-4868-aca3-9ca1e5d599a0/session.v3.jsonl.zstd	v3	90e1d24d-dfaa-4868-aca3-9ca1e5d599a0	235202	1790237030
--Users-vito-data-dev-dsh-plugins--/90f04668-9f3e-4d11-8a50-47afe8725a7a/session.v3.jsonl.zstd	v3	90f04668-9f3e-4d11-8a50-47afe8725a7a	37324	1790171918
--Users-vito-data-dev-dsh-plugins--/928ec3e4-c41e-45e8-ae0f-df710a4379bb/session.jsonl.zstd	v0	928ec3e4-c41e-45e8-ae0f-df710a4379bb	25230	1787452994
--Users-vito-data-dev-dsh-plugins--/92bb421b-418d-4e88-a4c7-ba16e6b1267d/session.v3.jsonl.zstd	v3	92bb421b-418d-4e88-a4c7-ba16e6b1267d	41226	1790171762
--Users-vito-data-dev-dsh-plugins--/9560040c-d556-4fed-983f-93d1a4141a01/session.jsonl.zstd	v0	9560040c-d556-4fed-983f-93d1a4141a01	1533782	1787382793
--Users-vito-data-dev-dsh-plugins--/9a17b3a4-423b-474f-a58f-9dc8895aacb9/session.v3.jsonl.zstd	v3	9a17b3a4-423b-474f-a58f-9dc8895aacb9	40713	1790172548
--Users-vito-data-dev-dsh-plugins--/9a6f79d2-e055-40dd-80f0-652832604b0a/session.v3.jsonl.zstd	v3	9a6f79d2-e055-40dd-80f0-652832604b0a	33152	1790172841
--Users-vito-data-dev-dsh-plugins--/9efe8897-a02c-4a81-9b0a-7122881304d8/session.v3.jsonl.zstd	v3	9efe8897-a02c-4a81-9b0a-7122881304d8	231648	1790332355
--Users-vito-data-dev-dsh-plugins--/9f681fd9-7862-4eaa-84a8-ca779d24f7e1/session.jsonl.zstd	v0	9f681fd9-7862-4eaa-84a8-ca779d24f7e1	3979	1787367322
--Users-vito-data-dev-dsh-plugins--/a110b226-8131-41a5-a2fc-4cdd7240e7f0/session.jsonl.zstd	v0	a110b226-8131-41a5-a2fc-4cdd7240e7f0	3045	1787326259
--Users-vito-data-dev-dsh-plugins--/a1be8928-7e81-406e-a839-70ef77d5b2c9/session.jsonl.zstd	v0	a1be8928-7e81-406e-a839-70ef77d5b2c9	24643	1787452992
--Users-vito-data-dev-dsh-plugins--/afa269ed-66ff-4b17-89fe-7d84f304fa9e/session.v3.jsonl.zstd	v3	afa269ed-66ff-4b17-89fe-7d84f304fa9e	34024	1790172282
--Users-vito-data-dev-dsh-plugins--/b15352d7-bc25-4082-97f0-6ca2c43f3f46/session.jsonl.zstd	v0	b15352d7-bc25-4082-97f0-6ca2c43f3f46	25076	1787452992
--Users-vito-data-dev-dsh-plugins--/b424f25c-369b-47ef-b33b-cb319fcb3dd4/session.v3.jsonl.zstd	v3	b424f25c-369b-47ef-b33b-cb319fcb3dd4	149635	1790171940
--Users-vito-data-dev-dsh-plugins--/b4cfcbf7-cd3b-4fdb-97a3-72aa746a4504/session.jsonl.zstd	v0	b4cfcbf7-cd3b-4fdb-97a3-72aa746a4504	10828	1788926820
--Users-vito-data-dev-dsh-plugins--/ba732533-9e8a-4fa7-ac29-d1c83a1505e7/session.jsonl.zstd	v0	ba732533-9e8a-4fa7-ac29-d1c83a1505e7	679827	1788405546
--Users-vito-data-dev-dsh-plugins--/bb73220c-e4c8-4682-b68b-4b94f2ed1e10/session.jsonl.zstd	v0	bb73220c-e4c8-4682-b68b-4b94f2ed1e10	1667765	1787368257
--Users-vito-data-dev-dsh-plugins--/c0ae4c73-bd09-4497-849c-ead76ceb768d/session.jsonl.zstd	v0	c0ae4c73-bd09-4497-849c-ead76ceb768d	11144	1788925608
--Users-vito-data-dev-dsh-plugins--/c116f889-4a04-4b53-961e-c579f1983661/session.jsonl.zstd	v0	c116f889-4a04-4b53-961e-c579f1983661	25190	1787452994
--Users-vito-data-dev-dsh-plugins--/c1a9d3c3-fceb-41e5-bc68-218ad837e513/session.jsonl.zstd	v0	c1a9d3c3-fceb-41e5-bc68-218ad837e513	1507121	1787728905
--Users-vito-data-dev-dsh-plugins--/c36a2dad-45fc-4215-9151-cea5f61c19d3/session.v3.jsonl.zstd	v3	c36a2dad-45fc-4215-9151-cea5f61c19d3	48988	1790171896
--Users-vito-data-dev-dsh-plugins--/c395d083-e064-4e95-8507-219530ee1b6a/session.v3.jsonl.zstd	v3	c395d083-e064-4e95-8507-219530ee1b6a	199670	1790308217
--Users-vito-data-dev-dsh-plugins--/c707e26b-4e16-4e55-b33c-3d09c293ad30/session.jsonl.zstd	v0	c707e26b-4e16-4e55-b33c-3d09c293ad30	3980	1787367485
--Users-vito-data-dev-dsh-plugins--/c8ecdb76-53dc-470c-84f8-0fa08886577b/session.jsonl.zstd	v0	c8ecdb76-53dc-470c-84f8-0fa08886577b	3609	1787382480
--Users-vito-data-dev-dsh-plugins--/ca38f0db-0c41-4408-8176-1cd433109729/session.jsonl.zstd	v0	ca38f0db-0c41-4408-8176-1cd433109729	1824	1787302053
--Users-vito-data-dev-dsh-plugins--/ce7c073d-8e80-4439-a5df-49fc0714239d/session.jsonl.zstd	v0	ce7c073d-8e80-4439-a5df-49fc0714239d	3210	1787368245
--Users-vito-data-dev-dsh-plugins--/d2172b0d-3c07-4aed-9f67-e5c40940b20a/session.jsonl.zstd	v0	d2172b0d-3c07-4aed-9f67-e5c40940b20a	871238	1789123014
--Users-vito-data-dev-dsh-plugins--/d89789fa-0e48-484f-8104-72bc2c19d9a1/session.jsonl.zstd	v0	d89789fa-0e48-484f-8104-72bc2c19d9a1	26042	1787452996
--Users-vito-data-dev-dsh-plugins--/dbdacf9c-00a9-48be-b53c-690aa13b4506/session.v3.jsonl.zstd	v3	dbdacf9c-00a9-48be-b53c-690aa13b4506	398790	1790329783
--Users-vito-data-dev-dsh-plugins--/e818c39d-3fdd-4211-afdd-b2f79215cabb/session.jsonl.zstd	v0	e818c39d-3fdd-4211-afdd-b2f79215cabb	25686	1787452591
--Users-vito-data-dev-dsh-plugins--/e94d41bd-f557-4f8f-92a0-854bb5f27a79/session.jsonl.zstd	v0	e94d41bd-f557-4f8f-92a0-854bb5f27a79	559466	1789205474
--Users-vito-data-dev-dsh-plugins--/e9ddf3dc-f0cb-423d-9bc1-4d8b61bae43d/session.jsonl.zstd	v0	e9ddf3dc-f0cb-423d-9bc1-4d8b61bae43d	25173	1787452992
--Users-vito-data-dev-dsh-plugins--/e9f7fec9-9849-4197-b171-bb6103c88671/session.v3.jsonl.zstd	v3	e9f7fec9-9849-4197-b171-bb6103c88671	208718	1790335196
--Users-vito-data-dev-dsh-plugins--/f43b3956-eb00-4f1a-9bc5-ce97f6f98610/session.v3.jsonl.zstd	v3	f43b3956-eb00-4f1a-9bc5-ce97f6f98610	35197	1790172622
--Users-vito-data-dev-dsh-plugins--/f447774f-135f-40e8-b880-9a2aed457737/session.v3.jsonl.zstd	v3	f447774f-135f-40e8-b880-9a2aed457737	178102	1790329607
--Users-vito-data-dev-dsh-plugins--/f927e209-7d8e-4063-a578-4bbd762e4308/session.jsonl.zstd	v0	f927e209-7d8e-4063-a578-4bbd762e4308	803394	1788405736
--Users-vito-data-dev-dsh-plugins--/fb698fcf-57eb-45c2-af1c-73e7508b1897/session.jsonl.zstd	v0	fb698fcf-57eb-45c2-af1c-73e7508b1897	376735	1789096279
--Users-vito-data-dev-dsh-plugins--/fbb33252-32b2-4852-bc1c-432babb3f9d3/session.jsonl.zstd	v0	fbb33252-32b2-4852-bc1c-432babb3f9d3	1825	1787302040
--Users-vito-data-dev-dsh-plugins--/fe9bd398-f8d9-4361-b818-d380440cbb7c/session.jsonl.zstd	v0	fe9bd398-f8d9-4361-b818-d380440cbb7c	3681	1787386114
--Users-vito-data-dev-dsh-plugins--/ff4492dc-3904-4931-8eff-02a99ac81d3f/session.jsonl.zstd	v0	ff4492dc-3904-4931-8eff-02a99ac81d3f	940945	1787747905
--Users-vito-data-dev-dsh-plugins--/mac-dev-default/session.jsonl.zstd	v0	mac-dev-default	358	1788070579
--Users-vito-data-dev-dsh-plugins--/session-00d3598d-2540-4ae7-84a1-6b089ab5c779/session.jsonl.zstd	v0	session-00d3598d-2540-4ae7-84a1-6b089ab5c779	3428	1787410732
--Users-vito-data-dev-dsh-plugins--/session-01d30eae-f464-40d0-b937-b0677368ba8b/session.jsonl.zstd	v0	session-01d30eae-f464-40d0-b937-b0677368ba8b	1953347	1787758493
--Users-vito-data-dev-dsh-plugins--/session-04b11029-51b9-4ee7-b051-a0f3e4fc5eb4/session.jsonl.zstd	v0	session-04b11029-51b9-4ee7-b051-a0f3e4fc5eb4	2054	1787461608
--Users-vito-data-dev-dsh-plugins--/session-06524b14-a2fc-4309-ae4e-14a5ab573f00/session.jsonl.zstd	v0	session-06524b14-a2fc-4309-ae4e-14a5ab573f00	2074	1787488990
--Users-vito-data-dev-dsh-plugins--/session-07985ad1-2f25-4c7b-b511-74a39882fa99/session.jsonl.zstd	v0	session-07985ad1-2f25-4c7b-b511-74a39882fa99	2069	1787582525
--Users-vito-data-dev-dsh-plugins--/session-0a6b4304-4d65-41a9-a0ef-8921cf0f2b38/session.jsonl.zstd	v0	session-0a6b4304-4d65-41a9-a0ef-8921cf0f2b38	7990	1787499872
--Users-vito-data-dev-dsh-plugins--/session-0ac05ba9-5ac3-4004-b743-537b66308426/session.jsonl.zstd	v0	session-0ac05ba9-5ac3-4004-b743-537b66308426	3957	1787367448
--Users-vito-data-dev-dsh-plugins--/session-0b32369d-c275-4fab-9456-7933cd1a28dc/session.jsonl.zstd	v0	session-0b32369d-c275-4fab-9456-7933cd1a28dc	4094	1787498120
--Users-vito-data-dev-dsh-plugins--/session-0de2d227-13bc-4050-8da6-da1d75c621c3/session.jsonl.zstd	v0	session-0de2d227-13bc-4050-8da6-da1d75c621c3	2194	1787711004
--Users-vito-data-dev-dsh-plugins--/session-0e0f0bee-6b70-4ce7-8735-9b7332340c2e/session.jsonl.zstd	v0	session-0e0f0bee-6b70-4ce7-8735-9b7332340c2e	1929	1787582541
--Users-vito-data-dev-dsh-plugins--/session-11886cd5-31cd-44d9-8657-47c219cee746/session.jsonl.zstd	v0	session-11886cd5-31cd-44d9-8657-47c219cee746	2206	1787480271
--Users-vito-data-dev-dsh-plugins--/session-13370fde-53c3-4ea7-ba0c-28ff5d066aa4/session.jsonl.zstd	v0	session-13370fde-53c3-4ea7-ba0c-28ff5d066aa4	2461	1787758165
--Users-vito-data-dev-dsh-plugins--/session-13a7ab4d-3861-487c-8763-83e22a2115f7/session.jsonl.zstd	v0	session-13a7ab4d-3861-487c-8763-83e22a2115f7	2592	1787937132
--Users-vito-data-dev-dsh-plugins--/session-13d73bba-cb88-4f3e-87f5-11bc7c6030fa/session.jsonl.zstd	v0	session-13d73bba-cb88-4f3e-87f5-11bc7c6030fa	2208	1787480678
--Users-vito-data-dev-dsh-plugins--/session-1902d4ac-aa65-4ade-a6bd-c58e299a3f8f/session.jsonl.zstd	v0	session-1902d4ac-aa65-4ade-a6bd-c58e299a3f8f	2482	1787718201
--Users-vito-data-dev-dsh-plugins--/session-1a043886-0ed2-4da2-87cf-0dc7e96c309e/session.jsonl.zstd	v0	session-1a043886-0ed2-4da2-87cf-0dc7e96c309e	2209	1787472944
--Users-vito-data-dev-dsh-plugins--/session-1c23ff8f-e3fb-4842-b882-2af23e508177/session.jsonl.zstd	v0	session-1c23ff8f-e3fb-4842-b882-2af23e508177	727929	1789049059
--Users-vito-data-dev-dsh-plugins--/session-1dd6a00f-1fce-4358-b624-fcf670bb00bb/session.jsonl.zstd	v0	session-1dd6a00f-1fce-4358-b624-fcf670bb00bb	2397	1787631675
--Users-vito-data-dev-dsh-plugins--/session-1fa6fc2f-651b-4df2-8132-ad208529ac5c/session.v3.jsonl.zstd	v3	session-1fa6fc2f-651b-4df2-8132-ad208529ac5c	15131	1789039854
--Users-vito-data-dev-dsh-plugins--/session-21520192-5264-418d-a1d6-0584fa01499f/session.jsonl.zstd	v0	session-21520192-5264-418d-a1d6-0584fa01499f	1929	1787580884
--Users-vito-data-dev-dsh-plugins--/session-234eed86-ab5b-4882-8e46-046f92d466ed/session.jsonl.zstd	v0	session-234eed86-ab5b-4882-8e46-046f92d466ed	2211	1787480657
--Users-vito-data-dev-dsh-plugins--/session-271c64b7-6e35-4dff-aedf-70e861939c4e/session.jsonl.zstd	v0	session-271c64b7-6e35-4dff-aedf-70e861939c4e	1932	1787531139
--Users-vito-data-dev-dsh-plugins--/session-27c638b5-fabb-4147-9f65-26861cc951b7/session.jsonl.zstd	v0	session-27c638b5-fabb-4147-9f65-26861cc951b7	2397	1787633823
--Users-vito-data-dev-dsh-plugins--/session-28d43d5b-af19-45fe-9d47-cd1a56761462/session.jsonl.zstd	v0	session-28d43d5b-af19-45fe-9d47-cd1a56761462	7780	1789023730
--Users-vito-data-dev-dsh-plugins--/session-291c37fa-4974-4b6d-951b-ee86d596fb83/session.v3.jsonl.zstd	v3	session-291c37fa-4974-4b6d-951b-ee86d596fb83	1505257	1790164271
--Users-vito-data-dev-dsh-plugins--/session-296c9f42-846e-452e-a043-c779555b3fde/session.jsonl.zstd	v0	session-296c9f42-846e-452e-a043-c779555b3fde	18405322	1788575360
--Users-vito-data-dev-dsh-plugins--/session-30f8931f-4fbb-402a-a2ba-84926553e95d/session.jsonl.zstd	v0	session-30f8931f-4fbb-402a-a2ba-84926553e95d	2430	1787721085
--Users-vito-data-dev-dsh-plugins--/session-310315d3-b0ae-4bbc-b1d1-aed2641294c2/session.jsonl.zstd	v0	session-310315d3-b0ae-4bbc-b1d1-aed2641294c2	209024	1787716844
--Users-vito-data-dev-dsh-plugins--/session-32c61738-46e0-4f35-ba92-9e0a624fb8c8/session.jsonl.zstd	v0	session-32c61738-46e0-4f35-ba92-9e0a624fb8c8	6274107	1789024861
--Users-vito-data-dev-dsh-plugins--/session-3a682613-9945-49aa-9b62-9f334f489cee/session.jsonl.zstd	v0	session-3a682613-9945-49aa-9b62-9f334f489cee	1174200	1789127494
--Users-vito-data-dev-dsh-plugins--/session-3ae71769-4410-4e0d-873c-96c9a4bc5497/session.jsonl.zstd	v0	session-3ae71769-4410-4e0d-873c-96c9a4bc5497	3823	1787367453
--Users-vito-data-dev-dsh-plugins--/session-3c6237b4-4dd3-40dd-8102-89a920d911a8/session.jsonl.zstd	v0	session-3c6237b4-4dd3-40dd-8102-89a920d911a8	1377234	1789026636
--Users-vito-data-dev-dsh-plugins--/session-3c8fc6c1-58a2-4834-adf4-43819540af0f/session.jsonl.zstd	v0	session-3c8fc6c1-58a2-4834-adf4-43819540af0f	1911631	1789051668
--Users-vito-data-dev-dsh-plugins--/session-3d32cadb-b666-428e-a7cc-63995c061297/session.jsonl.zstd	v0	session-3d32cadb-b666-428e-a7cc-63995c061297	2292	1787725967
--Users-vito-data-dev-dsh-plugins--/session-3e25d2b3-0040-4185-b0be-ae3e8d09b7f4/session.jsonl.zstd	v0	session-3e25d2b3-0040-4185-b0be-ae3e8d09b7f4	4077	1787487411
--Users-vito-data-dev-dsh-plugins--/session-3f349b2d-42ad-4bac-803a-01a942de7ab9/session.jsonl.zstd	v0	session-3f349b2d-42ad-4bac-803a-01a942de7ab9	3840	1787442712
--Users-vito-data-dev-dsh-plugins--/session-461bbb1e-d8a0-4d94-803a-b186e0c64f9e/session.v3.jsonl.zstd	v3	session-461bbb1e-d8a0-4d94-803a-b186e0c64f9e	2883	1790071330
--Users-vito-data-dev-dsh-plugins--/session-48e859a6-a7ce-4899-aeb1-b8bde20e30b7/session.jsonl.zstd	v0	session-48e859a6-a7ce-4899-aeb1-b8bde20e30b7	2290	1787726013
--Users-vito-data-dev-dsh-plugins--/session-4ac740fa-47e2-41db-b8d3-1b791b237a7f/session.jsonl.zstd	v0	session-4ac740fa-47e2-41db-b8d3-1b791b237a7f	2073	1787475352
--Users-vito-data-dev-dsh-plugins--/session-4c8694ba-0412-4b5e-bb8e-92f4e085f29f/session.v3.jsonl.zstd	v3	session-4c8694ba-0412-4b5e-bb8e-92f4e085f29f	2225	1790173553
--Users-vito-data-dev-dsh-plugins--/session-4e82ff6f-8c3d-4e07-9c6e-458c46aa342d/session.jsonl.zstd	v0	session-4e82ff6f-8c3d-4e07-9c6e-458c46aa342d	1004867	1789128196
--Users-vito-data-dev-dsh-plugins--/session-4eecf98c-ccc1-42dd-822a-3a96199aa62c/session.v3.jsonl.zstd	v3	session-4eecf98c-ccc1-42dd-822a-3a96199aa62c	1761148	1790327502
--Users-vito-data-dev-dsh-plugins--/session-52afaa72-2011-4deb-b66f-6a3f5327a15c/session.jsonl.zstd	v0	session-52afaa72-2011-4deb-b66f-6a3f5327a15c	2459	1787997981
--Users-vito-data-dev-dsh-plugins--/session-532a7a7a-8f04-4b07-acf4-d9b783b9d81b/session.jsonl.zstd	v0	session-532a7a7a-8f04-4b07-acf4-d9b783b9d81b	3427	1787408412
--Users-vito-data-dev-dsh-plugins--/session-53b13519-9350-4a0c-aa3d-6da0ef1dc930/session.jsonl.zstd	v0	session-53b13519-9350-4a0c-aa3d-6da0ef1dc930	3188	1787368228
--Users-vito-data-dev-dsh-plugins--/session-5467dcc6-7d5f-41fe-a35e-c7a51f018465/session.jsonl.zstd	v0	session-5467dcc6-7d5f-41fe-a35e-c7a51f018465	2333	1787673793
--Users-vito-data-dev-dsh-plugins--/session-54a63231-5dd0-471b-825d-093182c635e3/session.jsonl.zstd	v0	session-54a63231-5dd0-471b-825d-093182c635e3	2071	1787470658
--Users-vito-data-dev-dsh-plugins--/session-5816c0de-4ebe-401c-ac25-6af12ef413dc/session.jsonl.zstd	v0	session-5816c0de-4ebe-401c-ac25-6af12ef413dc	3961	1787499893
--Users-vito-data-dev-dsh-plugins--/session-583a5762-e46e-47d1-b877-95d0231c58d6/session.jsonl.zstd	v0	session-583a5762-e46e-47d1-b877-95d0231c58d6	33536	1787746468
--Users-vito-data-dev-dsh-plugins--/session-58d510b4-837e-4872-b6c1-00dd2fa11a07/session.jsonl.zstd	v0	session-58d510b4-837e-4872-b6c1-00dd2fa11a07	13211267	1787746726
--Users-vito-data-dev-dsh-plugins--/session-5b75c16f-0995-4a27-bbf9-176d071e2747/session.jsonl.zstd	v0	session-5b75c16f-0995-4a27-bbf9-176d071e2747	1198027	1788752681
--Users-vito-data-dev-dsh-plugins--/session-5c15b3bb-6800-492a-b518-03771fac0aac/session.jsonl.zstd	v0	session-5c15b3bb-6800-492a-b518-03771fac0aac	2209	1787473617
--Users-vito-data-dev-dsh-plugins--/session-5c1c2582-012b-401b-8fec-12b97a14e53a/session.jsonl.zstd	v0	session-5c1c2582-012b-401b-8fec-12b97a14e53a	20405	1788069325
--Users-vito-data-dev-dsh-plugins--/session-5c4ba88f-b20d-41ea-b39a-56284c9e7b5e/session.jsonl.zstd	v0	session-5c4ba88f-b20d-41ea-b39a-56284c9e7b5e	3451	1787383076
--Users-vito-data-dev-dsh-plugins--/session-5d0a2539-e937-497e-8b39-836b7ae3b312/session.jsonl.zstd	v0	session-5d0a2539-e937-497e-8b39-836b7ae3b312	2575	1788956062
--Users-vito-data-dev-dsh-plugins--/session-63474dc8-99c0-488b-be86-c3d4003b6478/session.jsonl.zstd	v0	session-63474dc8-99c0-488b-be86-c3d4003b6478	2291	1787459946
--Users-vito-data-dev-dsh-plugins--/session-638f4bdf-7228-499b-b9c1-8947e2b4fb2c/session.jsonl.zstd	v0	session-638f4bdf-7228-499b-b9c1-8947e2b4fb2c	1909385	1789212769
--Users-vito-data-dev-dsh-plugins--/session-64674fa5-d3e5-49d7-88ba-6a1abff21a82/session.jsonl.zstd	v0	session-64674fa5-d3e5-49d7-88ba-6a1abff21a82	7866	1787499769
--Users-vito-data-dev-dsh-plugins--/session-64b6da93-9f8a-4392-867b-0381ca095b7d/session.jsonl.zstd	v0	session-64b6da93-9f8a-4392-867b-0381ca095b7d	344486	1787501710
--Users-vito-data-dev-dsh-plugins--/session-66e1fe6c-e993-4cb3-bc0e-2c5c6aef2ba4/session.v3.jsonl.zstd	v3	session-66e1fe6c-e993-4cb3-bc0e-2c5c6aef2ba4	1062301	1790309623
--Users-vito-data-dev-dsh-plugins--/session-67622ebe-b8a5-498e-b23d-d5e473e2ec84/session.jsonl.zstd	v0	session-67622ebe-b8a5-498e-b23d-d5e473e2ec84	3078001	1789111258
--Users-vito-data-dev-dsh-plugins--/session-68850f94-5a91-47fb-8ab7-e70c6a4b5e74/session.jsonl.zstd	v0	session-68850f94-5a91-47fb-8ab7-e70c6a4b5e74	2212	1787474797
--Users-vito-data-dev-dsh-plugins--/session-68be9ba1-7d30-4d4d-ab71-f48b8f6c85ff/session.v3.jsonl.zstd	v3	session-68be9ba1-7d30-4d4d-ab71-f48b8f6c85ff	11244	1789033285
--Users-vito-data-dev-dsh-plugins--/session-69708546-6b48-4602-b75f-5c8237643e80/session.jsonl.zstd	v0	session-69708546-6b48-4602-b75f-5c8237643e80	2074	1787473410
--Users-vito-data-dev-dsh-plugins--/session-6a0999d6-3627-49b1-b52f-faa27a49eb9a/session.jsonl.zstd	v0	session-6a0999d6-3627-49b1-b52f-faa27a49eb9a	3524	1787385997
--Users-vito-data-dev-dsh-plugins--/session-6ae4d1ee-92a0-4ecd-bdd9-978a70cc51d1/session.v3.jsonl.zstd	v3	session-6ae4d1ee-92a0-4ecd-bdd9-978a70cc51d1	1254115	1790078951
--Users-vito-data-dev-dsh-plugins--/session-6b3d0588-2b9a-490c-9ce4-9091abc85c27/session.jsonl.zstd	v0	session-6b3d0588-2b9a-490c-9ce4-9091abc85c27	2291	1787734668
--Users-vito-data-dev-dsh-plugins--/session-6cc0d773-153e-459a-8b5c-0f3c002603da/session.v3.jsonl.zstd	v3	session-6cc0d773-153e-459a-8b5c-0f3c002603da	925794	1790265464
--Users-vito-data-dev-dsh-plugins--/session-6d3c8b1a-f252-4572-babf-84c2075cf86c/session.v3.jsonl.zstd	v3	session-6d3c8b1a-f252-4572-babf-84c2075cf86c	2252	1789032632
--Users-vito-data-dev-dsh-plugins--/session-6d401c22-06b7-42b0-a6fe-b8764cd584d6/session.jsonl.zstd	v0	session-6d401c22-06b7-42b0-a6fe-b8764cd584d6	1732556	1789143236
--Users-vito-data-dev-dsh-plugins--/session-6e75a36e-8819-4d9c-9861-c3815edf3b33/session.v3.jsonl.zstd	v3	session-6e75a36e-8819-4d9c-9861-c3815edf3b33	1475564	1790260896
--Users-vito-data-dev-dsh-plugins--/session-6f1c2310-018a-44e9-a1b1-ea80785c81e9/session.jsonl.zstd	v0	session-6f1c2310-018a-44e9-a1b1-ea80785c81e9	2291	1787726522
--Users-vito-data-dev-dsh-plugins--/session-710fec27-082b-4604-8eac-17f8b923f650/session.jsonl.zstd	v0	session-710fec27-082b-4604-8eac-17f8b923f650	1497192	1789055553
--Users-vito-data-dev-dsh-plugins--/session-71308363-401b-4113-9c56-c76912a4b64e/session.jsonl.zstd	v0	session-71308363-401b-4113-9c56-c76912a4b64e	2071	1787487339
--Users-vito-data-dev-dsh-plugins--/session-713fa72a-193f-4978-a193-392403ad79cf/session.jsonl.zstd	v0	session-713fa72a-193f-4978-a193-392403ad79cf	2290	1787728950
--Users-vito-data-dev-dsh-plugins--/session-71a24e85-a40d-44a9-934f-e64968ec085d/session.jsonl.zstd	v0	session-71a24e85-a40d-44a9-934f-e64968ec085d	1020647	1788862506
--Users-vito-data-dev-dsh-plugins--/session-72a90c35-cfe6-401c-ab6d-dd11ec628248/session.jsonl.zstd	v0	session-72a90c35-cfe6-401c-ab6d-dd11ec628248	3751	1787413021
--Users-vito-data-dev-dsh-plugins--/session-73cc3c87-51cd-4dbc-9703-01d0d6e5bedb/session.jsonl.zstd	v0	session-73cc3c87-51cd-4dbc-9703-01d0d6e5bedb	2073	1787474868
--Users-vito-data-dev-dsh-plugins--/session-73dfaa4b-b6c2-40ec-a804-81ca1470202d/session.jsonl.zstd	v0	session-73dfaa4b-b6c2-40ec-a804-81ca1470202d	1138895	1787760803
--Users-vito-data-dev-dsh-plugins--/session-73e5667d-40c1-4fb7-ab8c-d6fd3065d4bf/session.jsonl.zstd	v0	session-73e5667d-40c1-4fb7-ab8c-d6fd3065d4bf	720235	1788404810
--Users-vito-data-dev-dsh-plugins--/session-76129283-665b-4c1d-97d8-1b5f6b2703bb/session.jsonl.zstd	v0	session-76129283-665b-4c1d-97d8-1b5f6b2703bb	2889319	1789181273
--Users-vito-data-dev-dsh-plugins--/session-775e6f5e-75a2-494c-afc7-69b31a4fca23/session.jsonl.zstd	v0	session-775e6f5e-75a2-494c-afc7-69b31a4fca23	1346081	1788785637
--Users-vito-data-dev-dsh-plugins--/session-78be8236-7079-4a85-9d0f-79283e8100ea/session.jsonl.zstd	v0	session-78be8236-7079-4a85-9d0f-79283e8100ea	2619929	1789119552
--Users-vito-data-dev-dsh-plugins--/session-790011e0-d59a-4d7a-a384-cfb89498bcca/session.jsonl.zstd	v0	session-790011e0-d59a-4d7a-a384-cfb89498bcca	2208	1787487411
--Users-vito-data-dev-dsh-plugins--/session-790de343-3a12-4c7b-9f46-b013411e7a09/session.jsonl.zstd	v0	session-790de343-3a12-4c7b-9f46-b013411e7a09	3428	1787394611
--Users-vito-data-dev-dsh-plugins--/session-7b15b289-e926-4650-8b69-bbaa896fe0a7/session.jsonl.zstd	v0	session-7b15b289-e926-4650-8b69-bbaa896fe0a7	3519	1787392900
--Users-vito-data-dev-dsh-plugins--/session-7b39322b-7384-40e0-be69-22b8f0648f74/session.v3.jsonl.zstd	v3	session-7b39322b-7384-40e0-be69-22b8f0648f74	2417	1789213898
--Users-vito-data-dev-dsh-plugins--/session-7d76372c-53b2-4c0f-a362-63889bdcf5cc/session.jsonl.zstd	v0	session-7d76372c-53b2-4c0f-a362-63889bdcf5cc	4101	1787499872
--Users-vito-data-dev-dsh-plugins--/session-7e585e04-b284-4bfb-ada0-e6524b799597/session.jsonl.zstd	v0	session-7e585e04-b284-4bfb-ada0-e6524b799597	3452	1787382394
--Users-vito-data-dev-dsh-plugins--/session-7e9cc877-f2ce-4226-9261-5032c63a88be/session.jsonl.zstd	v0	session-7e9cc877-f2ce-4226-9261-5032c63a88be	1071833	1787758413
--Users-vito-data-dev-dsh-plugins--/session-7fa21836-abb9-4f52-94e3-93f4cc4e1d4a/session.jsonl.zstd	v0	session-7fa21836-abb9-4f52-94e3-93f4cc4e1d4a	4103	1787501722
--Users-vito-data-dev-dsh-plugins--/session-8011949b-8319-4bb7-b625-7dc81cd27d37/session.v3.jsonl.zstd	v3	session-8011949b-8319-4bb7-b625-7dc81cd27d37	7505	1789033196
--Users-vito-data-dev-dsh-plugins--/session-820076af-7bbc-4ef8-9a77-3f3ce140eee7/session.jsonl.zstd	v0	session-820076af-7bbc-4ef8-9a77-3f3ce140eee7	3841	1787444654
--Users-vito-data-dev-dsh-plugins--/session-830d3cae-178e-48ea-b9b3-311df18a6245/session.jsonl.zstd	v0	session-830d3cae-178e-48ea-b9b3-311df18a6245	4099	1787499769
--Users-vito-data-dev-dsh-plugins--/session-875f6950-6b78-4081-844b-12d0821a8be5/session.jsonl.zstd	v0	session-875f6950-6b78-4081-844b-12d0821a8be5	4102	1787496827
--Users-vito-data-dev-dsh-plugins--/session-8837008a-2b3a-470b-9d28-8cbd79523b45/session.jsonl.zstd	v0	session-8837008a-2b3a-470b-9d28-8cbd79523b45	2317	1789213251
--Users-vito-data-dev-dsh-plugins--/session-8b01bc27-c136-48de-ac76-ed4b97e11d49/session.jsonl.zstd	v0	session-8b01bc27-c136-48de-ac76-ed4b97e11d49	3264	1787372597
--Users-vito-data-dev-dsh-plugins--/session-8b034bd9-3a5e-4b5d-b14f-788f8b4b764f/session.jsonl.zstd	v0	session-8b034bd9-3a5e-4b5d-b14f-788f8b4b764f	2458	1787969999
--Users-vito-data-dev-dsh-plugins--/session-8d176fac-6498-4316-9386-223dd57fb627/session.jsonl.zstd	v0	session-8d176fac-6498-4316-9386-223dd57fb627	3190	1787368219
--Users-vito-data-dev-dsh-plugins--/session-8dc14f0d-467d-4f3f-abcc-5258ebf342f5/session.v3.jsonl.zstd	v3	session-8dc14f0d-467d-4f3f-abcc-5258ebf342f5	2420	1789213661
--Users-vito-data-dev-dsh-plugins--/session-8ecaac15-204e-4700-9926-be5c7c05b0aa/session.jsonl.zstd	v0	session-8ecaac15-204e-4700-9926-be5c7c05b0aa	3536099	1787754639
--Users-vito-data-dev-dsh-plugins--/session-910fe7af-82f2-4498-9996-8a06f0bad841/session.jsonl.zstd	v0	session-910fe7af-82f2-4498-9996-8a06f0bad841	401374	1787725984
--Users-vito-data-dev-dsh-plugins--/session-91c428e2-b6b5-4f11-acea-14143312fccb/session.jsonl.zstd	v0	session-91c428e2-b6b5-4f11-acea-14143312fccb	476	1788576785
--Users-vito-data-dev-dsh-plugins--/session-93a540e9-de72-4653-800b-0e7036dff775/session.v3.jsonl.zstd	v3	session-93a540e9-de72-4653-800b-0e7036dff775	2924	1790071529
--Users-vito-data-dev-dsh-plugins--/session-973c37e0-3cb1-4810-849b-424cfed8874d/session.jsonl.zstd	v0	session-973c37e0-3cb1-4810-849b-424cfed8874d	1177617	1789126084
--Users-vito-data-dev-dsh-plugins--/session-98b3510b-e22f-4916-a776-ab5f83cdd2dc/session.jsonl.zstd	v0	session-98b3510b-e22f-4916-a776-ab5f83cdd2dc	4104	1787497236
--Users-vito-data-dev-dsh-plugins--/session-9a1b8a3e-5711-419c-a401-c5dfd82c0c30/session.jsonl.zstd	v0	session-9a1b8a3e-5711-419c-a401-c5dfd82c0c30	3590	1787382375
--Users-vito-data-dev-dsh-plugins--/session-9a2c8064-ecae-400f-b8fc-e53c5c97331b/session.jsonl.zstd	v0	session-9a2c8064-ecae-400f-b8fc-e53c5c97331b	2067	1787558709
--Users-vito-data-dev-dsh-plugins--/session-9a857a07-2ee8-4cfc-be3a-a51eb6f020d8/session.jsonl.zstd	v0	session-9a857a07-2ee8-4cfc-be3a-a51eb6f020d8	1246233	1789139671
--Users-vito-data-dev-dsh-plugins--/session-9ac69249-4345-415a-b7dc-6bc019d388dd/session.jsonl.zstd	v0	session-9ac69249-4345-415a-b7dc-6bc019d388dd	1842937	1789033297
--Users-vito-data-dev-dsh-plugins--/session-9adee2ee-1314-4fc4-874f-560f358bf1f5/session.jsonl.zstd	v0	session-9adee2ee-1314-4fc4-874f-560f358bf1f5	2209	1787477262
--Users-vito-data-dev-dsh-plugins--/session-9ae79a18-8d26-4b77-bcc0-11bd873afa3e/session.jsonl.zstd	v0	session-9ae79a18-8d26-4b77-bcc0-11bd873afa3e	2428	1787754731
--Users-vito-data-dev-dsh-plugins--/session-9c91a0c2-4565-4e03-b45f-018a3dd93675/session.jsonl.zstd	v0	session-9c91a0c2-4565-4e03-b45f-018a3dd93675	2212	1787479956
--Users-vito-data-dev-dsh-plugins--/session-9cc8cb20-1e6c-4983-95b9-bc4826db2abe/session.jsonl.zstd	v0	session-9cc8cb20-1e6c-4983-95b9-bc4826db2abe	2354	1789024766
--Users-vito-data-dev-dsh-plugins--/session-9ea19c18-e640-42e5-b127-b4b1b5c3dcac/session.jsonl.zstd	v0	session-9ea19c18-e640-42e5-b127-b4b1b5c3dcac	2651786	1789041649
--Users-vito-data-dev-dsh-plugins--/session-a2b11bec-81d0-4b1c-8500-bd67f00ed391/session.v3.jsonl.zstd	v3	session-a2b11bec-81d0-4b1c-8500-bd67f00ed391	2364	1790318192
--Users-vito-data-dev-dsh-plugins--/session-a4204635-0f55-4168-b50b-b8c783587dbb/session.jsonl.zstd	v0	session-a4204635-0f55-4168-b50b-b8c783587dbb	7867	1787499872
--Users-vito-data-dev-dsh-plugins--/session-a437804e-fe7c-441b-991e-e2586a345fb9/session.jsonl.zstd	v0	session-a437804e-fe7c-441b-991e-e2586a345fb9	3845	1787494016
--Users-vito-data-dev-dsh-plugins--/session-a484aa0b-4e0f-431b-9200-8f9c705d85d0/session.jsonl.zstd	v0	session-a484aa0b-4e0f-431b-9200-8f9c705d85d0	2071	1787487415
--Users-vito-data-dev-dsh-plugins--/session-a4b7298f-797f-49d8-80c1-eee1499db074/session.jsonl.zstd	v0	session-a4b7298f-797f-49d8-80c1-eee1499db074	2068	1787489228
--Users-vito-data-dev-dsh-plugins--/session-a544cc8d-c93e-49d0-b6bb-efa476258a5f/session.jsonl.zstd	v0	session-a544cc8d-c93e-49d0-b6bb-efa476258a5f	2293	1787721209
--Users-vito-data-dev-dsh-plugins--/session-a6382b87-4044-4742-8ce8-c04dbf7360ba/session.jsonl.zstd	v0	session-a6382b87-4044-4742-8ce8-c04dbf7360ba	2208	1787478814
--Users-vito-data-dev-dsh-plugins--/session-a68a4d5b-dd61-4967-a7f4-099c3db47cb9/session.jsonl.zstd	v0	session-a68a4d5b-dd61-4967-a7f4-099c3db47cb9	2291	1787728866
--Users-vito-data-dev-dsh-plugins--/session-a69e6d65-1d1b-49e7-b65d-b4e42737e082/session.jsonl.zstd	v0	session-a69e6d65-1d1b-49e7-b65d-b4e42737e082	956213	1789194116
--Users-vito-data-dev-dsh-plugins--/session-a6e28012-9d1a-45e1-bcb9-3b24cda9b240/session.jsonl.zstd	v0	session-a6e28012-9d1a-45e1-bcb9-3b24cda9b240	2518	1787758175
--Users-vito-data-dev-dsh-plugins--/session-a7639dd0-36cb-41bc-95f5-110d65ac0375/session.v3.jsonl.zstd	v3	session-a7639dd0-36cb-41bc-95f5-110d65ac0375	1263331	1790074545
--Users-vito-data-dev-dsh-plugins--/session-a7ac260b-30c4-4b01-8f75-3bf6be713edc/session.jsonl.zstd	v0	session-a7ac260b-30c4-4b01-8f75-3bf6be713edc	2294	1787721088
--Users-vito-data-dev-dsh-plugins--/session-a7ea1335-8e18-4c3b-942f-22484abc5456/session.jsonl.zstd	v0	session-a7ea1335-8e18-4c3b-942f-22484abc5456	2293	1787718205
--Users-vito-data-dev-dsh-plugins--/session-a7f18435-b59c-4441-9db9-565792416f8e/session.v3.jsonl.zstd	v3	session-a7f18435-b59c-4441-9db9-565792416f8e	2253	1789033689
--Users-vito-data-dev-dsh-plugins--/session-a87fed6f-e166-4f7a-9a86-df7447ec22c6/session.v3.jsonl.zstd	v3	session-a87fed6f-e166-4f7a-9a86-df7447ec22c6	2623	1789032891
--Users-vito-data-dev-dsh-plugins--/session-a89c8d34-9bd2-46c6-8986-1da0e7cefca8/session.jsonl.zstd	v0	session-a89c8d34-9bd2-46c6-8986-1da0e7cefca8	3525	1787385871
--Users-vito-data-dev-dsh-plugins--/session-aae53343-f3fa-47e3-8abc-68da403e12a5/session.jsonl.zstd	v0	session-aae53343-f3fa-47e3-8abc-68da403e12a5	2608	1787831715
--Users-vito-data-dev-dsh-plugins--/session-ac14e890-2713-4e69-b225-d9af3ec34251/session.jsonl.zstd	v0	session-ac14e890-2713-4e69-b225-d9af3ec34251	1195979	1787385868
--Users-vito-data-dev-dsh-plugins--/session-ac1c578f-73fa-4c50-b323-d12808fe22f2/session.v3.jsonl.zstd	v3	session-ac1c578f-73fa-4c50-b323-d12808fe22f2	1613568	1790330334
--Users-vito-data-dev-dsh-plugins--/session-acf971e9-8d4a-4c18-a488-cc90f7b52b2d/session.jsonl.zstd	v0	session-acf971e9-8d4a-4c18-a488-cc90f7b52b2d	1994981	1789138459
--Users-vito-data-dev-dsh-plugins--/session-ad44082b-05b4-47c6-9480-0f9daef9e523/session.v3.jsonl.zstd	v3	session-ad44082b-05b4-47c6-9480-0f9daef9e523	462972	1790338930
--Users-vito-data-dev-dsh-plugins--/session-ae28c74f-8005-47d8-a58f-c56dd19a04d8/session.jsonl.zstd	v0	session-ae28c74f-8005-47d8-a58f-c56dd19a04d8	3426	1787403531
--Users-vito-data-dev-dsh-plugins--/session-aec20a92-8d5d-4acb-9ec2-c6761e4de054/session.jsonl.zstd	v0	session-aec20a92-8d5d-4acb-9ec2-c6761e4de054	902311	1789034049
--Users-vito-data-dev-dsh-plugins--/session-af93d98c-154e-40a3-b354-3ad586ae7dbd/session.jsonl.zstd	v0	session-af93d98c-154e-40a3-b354-3ad586ae7dbd	959160	1787384551
--Users-vito-data-dev-dsh-plugins--/session-b1f40bac-f0b0-4ebe-9923-3e8d8b7f71e8/session.jsonl.zstd	v0	session-b1f40bac-f0b0-4ebe-9923-3e8d8b7f71e8	3526	1787391995
--Users-vito-data-dev-dsh-plugins--/session-b27f76c5-8d34-4add-a750-31a67b205b99/session.jsonl.zstd	v0	session-b27f76c5-8d34-4add-a750-31a67b205b99	2074	1787490438
--Users-vito-data-dev-dsh-plugins--/session-b3798e72-27e2-4aed-821f-de22f18919f3/session.jsonl.zstd	v0	session-b3798e72-27e2-4aed-821f-de22f18919f3	2004	1787663238
--Users-vito-data-dev-dsh-plugins--/session-b4165a45-bccf-4a99-85f4-9ae21fd34041/session.jsonl.zstd	v0	session-b4165a45-bccf-4a99-85f4-9ae21fd34041	2070562	1788779166
--Users-vito-data-dev-dsh-plugins--/session-b4f40e36-a0f4-43b5-92ad-99724d44ad60/session.jsonl.zstd	v0	session-b4f40e36-a0f4-43b5-92ad-99724d44ad60	3426	1787399451
--Users-vito-data-dev-dsh-plugins--/session-b4f90ace-921e-4654-9843-c4c8948c3623/session.jsonl.zstd	v0	session-b4f90ace-921e-4654-9843-c4c8948c3623	1998	1787668078
--Users-vito-data-dev-dsh-plugins--/session-b6060d03-8b47-43d7-8a87-c67dcd1ab93d/session.jsonl.zstd	v0	session-b6060d03-8b47-43d7-8a87-c67dcd1ab93d	338048	1787715204
--Users-vito-data-dev-dsh-plugins--/session-b60c3b60-78f1-4a02-9b2e-7552f056a009/session.jsonl.zstd	v0	session-b60c3b60-78f1-4a02-9b2e-7552f056a009	1933	1787544545
--Users-vito-data-dev-dsh-plugins--/session-b6275d64-102e-40ca-921d-1243a228d51f/session.v3.jsonl.zstd	v3	session-b6275d64-102e-40ca-921d-1243a228d51f	1852793	1790333570
--Users-vito-data-dev-dsh-plugins--/session-b6555d93-fffa-4b4b-89aa-ae277d5adda3/session.v3.jsonl.zstd	v3	session-b6555d93-fffa-4b4b-89aa-ae277d5adda3	1237821	1790338287
--Users-vito-data-dev-dsh-plugins--/session-b817d5eb-be0e-407c-9ad3-b6f7010aaed5/session.jsonl.zstd	v0	session-b817d5eb-be0e-407c-9ad3-b6f7010aaed5	2210	1787479920
--Users-vito-data-dev-dsh-plugins--/session-b9049a00-d47b-4864-b997-bd8691070c00/session.jsonl.zstd	v0	session-b9049a00-d47b-4864-b997-bd8691070c00	2067	1787544344
--Users-vito-data-dev-dsh-plugins--/session-b9a6719e-a859-4dd1-8c20-c9d5044990ea/session.v3.jsonl.zstd	v3	session-b9a6719e-a859-4dd1-8c20-c9d5044990ea	1103318	1790234120
--Users-vito-data-dev-dsh-plugins--/session-ba1aed88-b181-46de-8a8e-4e1be083a539/session.v3.jsonl.zstd	v3	session-ba1aed88-b181-46de-8a8e-4e1be083a539	1618056	1790221076
--Users-vito-data-dev-dsh-plugins--/session-bb7b5fb6-76a5-47c0-88f7-5122503df879/session.jsonl.zstd	v0	session-bb7b5fb6-76a5-47c0-88f7-5122503df879	1727708	1788432997
--Users-vito-data-dev-dsh-plugins--/session-be26e8f7-b92e-4b31-a310-935b93c1723a/session.jsonl.zstd	v0	session-be26e8f7-b92e-4b31-a310-935b93c1723a	838501	1788520886
--Users-vito-data-dev-dsh-plugins--/session-bf413258-2cf9-4e62-ab0f-1fd348730a96/session.jsonl.zstd	v0	session-bf413258-2cf9-4e62-ab0f-1fd348730a96	1212275	1787728881
--Users-vito-data-dev-dsh-plugins--/session-c08aed0f-9601-4b75-a278-6c58c2b5f00d/session.jsonl.zstd	v0	session-c08aed0f-9601-4b75-a278-6c58c2b5f00d	2070	1787503603
--Users-vito-data-dev-dsh-plugins--/session-c0af93b8-1cc1-41c0-9be1-f602f7194339/session.jsonl.zstd	v0	session-c0af93b8-1cc1-41c0-9be1-f602f7194339	3451	1787384557
--Users-vito-data-dev-dsh-plugins--/session-c123d415-8954-4866-a190-75e37308b139/session.v3.jsonl.zstd	v3	session-c123d415-8954-4866-a190-75e37308b139	495287	1790305899
--Users-vito-data-dev-dsh-plugins--/session-c2dc3e36-8a75-439d-af4c-a961b9e61bbe/session.jsonl.zstd	v0	session-c2dc3e36-8a75-439d-af4c-a961b9e61bbe	254498	1787614251
--Users-vito-data-dev-dsh-plugins--/session-c42dab25-1de7-40bf-829c-448870e21f92/session.jsonl.zstd	v0	session-c42dab25-1de7-40bf-829c-448870e21f92	334089	1787472877
--Users-vito-data-dev-dsh-plugins--/session-c436977c-a696-4ae0-b06f-17d798c04d4d/session.jsonl.zstd	v0	session-c436977c-a696-4ae0-b06f-17d798c04d4d	2292	1787461603
--Users-vito-data-dev-dsh-plugins--/session-c48ba137-3bce-4e2a-9858-ce074430e432/session.jsonl.zstd	v0	session-c48ba137-3bce-4e2a-9858-ce074430e432	3972	1787447859
--Users-vito-data-dev-dsh-plugins--/session-c4ef4da2-7dca-4a1b-8208-c73d6261f14a/session.jsonl.zstd	v0	session-c4ef4da2-7dca-4a1b-8208-c73d6261f14a	3841	1787416926
--Users-vito-data-dev-dsh-plugins--/session-c8b972a9-c632-4f1a-8900-16132c4609b3/session.jsonl.zstd	v0	session-c8b972a9-c632-4f1a-8900-16132c4609b3	2376	1789050380
--Users-vito-data-dev-dsh-plugins--/session-c8cd0aa9-c089-4a3c-b595-543d159109db/session.jsonl.zstd	v0	session-c8cd0aa9-c089-4a3c-b595-543d159109db	3450	1787382799
--Users-vito-data-dev-dsh-plugins--/session-c9fc8789-e4d7-4cbb-86aa-2ef219832a76/session.jsonl.zstd	v0	session-c9fc8789-e4d7-4cbb-86aa-2ef219832a76	2314	1787471825
--Users-vito-data-dev-dsh-plugins--/session-ce470dbc-6bcb-400d-b743-bcfdc75af1ca/session.jsonl.zstd	v0	session-ce470dbc-6bcb-400d-b743-bcfdc75af1ca	2065	1787572457
--Users-vito-data-dev-dsh-plugins--/session-ce4cc8b0-555b-44e1-a0d2-de3b555e35d9/session.jsonl.zstd	v0	session-ce4cc8b0-555b-44e1-a0d2-de3b555e35d9	4099	1787496024
--Users-vito-data-dev-dsh-plugins--/session-d24f326d-d424-4194-8588-c49dd49d652c/session.jsonl.zstd	v0	session-d24f326d-d424-4194-8588-c49dd49d652c	973819	1789093780
--Users-vito-data-dev-dsh-plugins--/session-d424bd3c-e40b-4cf8-b090-70f086c98abb/session.jsonl.zstd	v0	session-d424bd3c-e40b-4cf8-b090-70f086c98abb	4586980	1787830203
--Users-vito-data-dev-dsh-plugins--/session-d6d6d6b1-49df-4f3b-9148-856a9ed9c9e7/session.jsonl.zstd	v0	session-d6d6d6b1-49df-4f3b-9148-856a9ed9c9e7	310233	1787936497
--Users-vito-data-dev-dsh-plugins--/session-d7d06347-db32-41ba-9ba5-31d0fc04881a/session.jsonl.zstd	v0	session-d7d06347-db32-41ba-9ba5-31d0fc04881a	2211	1787480296
--Users-vito-data-dev-dsh-plugins--/session-d8a06885-f507-4805-8d6e-e5194c7a4b92/session.jsonl.zstd	v0	session-d8a06885-f507-4805-8d6e-e5194c7a4b92	2474	1787758353
--Users-vito-data-dev-dsh-plugins--/session-d8c0e6cd-1c0b-42d6-852d-aacedeb9a1b6/session.jsonl.zstd	v0	session-d8c0e6cd-1c0b-42d6-852d-aacedeb9a1b6	1699832	1787494389
--Users-vito-data-dev-dsh-plugins--/session-d982d9f7-8b22-42ba-a873-23dc08dada06/session.jsonl.zstd	v0	session-d982d9f7-8b22-42ba-a873-23dc08dada06	3447	1787385022
--Users-vito-data-dev-dsh-plugins--/session-dbe098c9-531d-4887-a6e2-aaa0ac66953e/session.v3.jsonl.zstd	v3	session-dbe098c9-531d-4887-a6e2-aaa0ac66953e	2328	1790074602
--Users-vito-data-dev-dsh-plugins--/session-dc812240-b957-4782-bad7-c1452067b9b3/session.jsonl.zstd	v0	session-dc812240-b957-4782-bad7-c1452067b9b3	1901159	1789176667
--Users-vito-data-dev-dsh-plugins--/session-de0b3892-d1fa-4cad-b65a-f6427f661f9a/session.jsonl.zstd	v0	session-de0b3892-d1fa-4cad-b65a-f6427f661f9a	2475	1787758417
--Users-vito-data-dev-dsh-plugins--/session-e050910e-f56b-4c22-a8e1-5d816479fbaa/session.jsonl.zstd	v0	session-e050910e-f56b-4c22-a8e1-5d816479fbaa	233675	1788862411
--Users-vito-data-dev-dsh-plugins--/session-e0867e30-7429-4144-9248-ccf3a2f93ccf/session.jsonl.zstd	v0	session-e0867e30-7429-4144-9248-ccf3a2f93ccf	4100	1787499474
--Users-vito-data-dev-dsh-plugins--/session-e3556010-6d2a-4ab6-bdfc-661071dc627d/session.jsonl.zstd	v0	session-e3556010-6d2a-4ab6-bdfc-661071dc627d	2088236	1789124775
--Users-vito-data-dev-dsh-plugins--/session-e3b4f4b6-4b0e-45aa-89f2-7c7c63833783/session.jsonl.zstd	v0	session-e3b4f4b6-4b0e-45aa-89f2-7c7c63833783	3846	1787492867
--Users-vito-data-dev-dsh-plugins--/session-e6f0c448-d081-4c34-b741-8ee358fa7685/session.jsonl.zstd	v0	session-e6f0c448-d081-4c34-b741-8ee358fa7685	2213	1787479653
--Users-vito-data-dev-dsh-plugins--/session-e6f8a53d-1e6d-438d-9dd1-da5866d33c88/session.jsonl.zstd	v0	session-e6f8a53d-1e6d-438d-9dd1-da5866d33c88	2316	1789213223
--Users-vito-data-dev-dsh-plugins--/session-e7d57732-3dbb-48c1-8f68-60a49dcf0565/session.jsonl.zstd	v0	session-e7d57732-3dbb-48c1-8f68-60a49dcf0565	6923727	1787747629
--Users-vito-data-dev-dsh-plugins--/session-e7ef2cec-5124-4796-91a8-71180f78b4af/session.v3.jsonl.zstd	v3	session-e7ef2cec-5124-4796-91a8-71180f78b4af	210195	1790173423
--Users-vito-data-dev-dsh-plugins--/session-ea13ff30-55b4-4b7e-952c-d5fa6721c22e/session.jsonl.zstd	v0	session-ea13ff30-55b4-4b7e-952c-d5fa6721c22e	2214	1787479413
--Users-vito-data-dev-dsh-plugins--/session-ea287a6f-49f3-42ea-82e2-5025c5598fc4/session.jsonl.zstd	v0	session-ea287a6f-49f3-42ea-82e2-5025c5598fc4	21860	1788069484
--Users-vito-data-dev-dsh-plugins--/session-ebb8a4ae-17d1-4754-a350-77a1f91206ec/session.jsonl.zstd	v0	session-ebb8a4ae-17d1-4754-a350-77a1f91206ec	124036	1787627201
--Users-vito-data-dev-dsh-plugins--/session-ecb55d3a-86ce-4034-9d90-8f2642c48645/session.jsonl.zstd	v0	session-ecb55d3a-86ce-4034-9d90-8f2642c48645	1052486	1789043130
--Users-vito-data-dev-dsh-plugins--/session-f1ebe849-2460-48cc-96bb-b2e9063a658b/session.jsonl.zstd	v0	session-f1ebe849-2460-48cc-96bb-b2e9063a658b	1019251	1787713338
--Users-vito-data-dev-dsh-plugins--/session-f1fde978-d8ad-4ab7-9d3e-9c8a855f0f59/session.v3.jsonl.zstd	v3	session-f1fde978-d8ad-4ab7-9d3e-9c8a855f0f59	1584439	1790335940
--Users-vito-data-dev-dsh-plugins--/session-f61be217-6316-49cd-b179-98515785ab74/session.jsonl.zstd	v0	session-f61be217-6316-49cd-b179-98515785ab74	4099	1787499669
--Users-vito-data-dev-dsh-plugins--/session-f9c1b3b6-5817-43ac-b009-7b03f6f43f33/session.v3.jsonl.zstd	v3	session-f9c1b3b6-5817-43ac-b009-7b03f6f43f33	756331	1790172861
--Users-vito-data-dev-dsh-plugins--/session-faf4ab52-0469-40ad-8ee4-db54fa312bfe/session.jsonl.zstd	v0	session-faf4ab52-0469-40ad-8ee4-db54fa312bfe	7929	1787499872
--Users-vito-data-dev-dsh-plugins--/session-fc74fa78-e769-43b7-b3b1-f88464d2338e/session.jsonl.zstd	v0	session-fc74fa78-e769-43b7-b3b1-f88464d2338e	4135	1787487411
--Users-vito-data-dev-dsh-plugins--/session-fd6403f0-55ab-4b29-8f07-1616b71b0a73/session.v3.jsonl.zstd	v3	session-fd6403f0-55ab-4b29-8f07-1616b71b0a73	2193	1790071447
--Users-vito-data-dev-dsh-plugins--/session-fe4079c6-c4e7-44e3-bd63-006e931b8ede/session.jsonl.zstd	v0	session-fe4079c6-c4e7-44e3-bd63-006e931b8ede	2071	1787471073
--Users-vito-data-dev-dsh-plugins--/session-fe6474d2-c2a6-480b-8063-3a0c09f9fb67/session.jsonl.zstd	v0	session-fe6474d2-c2a6-480b-8063-3a0c09f9fb67	1411257	1789144554
--Users-vito-data-dev-dsh-plugins--/session-fecb1951-08af-430e-8b9e-eea322068238/session.jsonl.zstd	v0	session-fecb1951-08af-430e-8b9e-eea322068238	2572	1788955941
--Users-vito-data-dev-dsh-relay--/0baae72a-43ed-4596-b24f-8b0346ac332f/session.jsonl.zstd	v0	0baae72a-43ed-4596-b24f-8b0346ac332f	3601	1786923630
--Users-vito-data-dev-dsh-relay--/1bfe8a90-af22-4bfd-9a00-397bd0f9db86/session.jsonl.zstd	v0	1bfe8a90-af22-4bfd-9a00-397bd0f9db86	2338	1786892573
--Users-vito-data-dev-dsh-relay--/25fefda6-31df-4970-a3d2-5267f6a7a82c/session.jsonl.zstd	v0	25fefda6-31df-4970-a3d2-5267f6a7a82c	3848	1786952089
--Users-vito-data-dev-dsh-relay--/2edaf61e-9099-49a5-b706-2adf089fb868/session.jsonl.zstd	v0	2edaf61e-9099-49a5-b706-2adf089fb868	535041	1788401956
--Users-vito-data-dev-dsh-relay--/2fcd30b1-cb32-460a-b2d1-80e0fe2237fa/session.jsonl.zstd	v0	2fcd30b1-cb32-460a-b2d1-80e0fe2237fa	11354279	1787021883
--Users-vito-data-dev-dsh-relay--/47c4c29b-7f72-4496-a6b7-ff1b7dd88c3c/session.jsonl.zstd	v0	47c4c29b-7f72-4496-a6b7-ff1b7dd88c3c	3880	1786925991
--Users-vito-data-dev-dsh-relay--/52c8a349-d4ca-4792-b4a2-a9f349aa3bba/session.jsonl.zstd	v0	52c8a349-d4ca-4792-b4a2-a9f349aa3bba	3878	1786938432
--Users-vito-data-dev-dsh-relay--/7193945a-b74a-44f9-9b96-fe69dcfc8d21/session.jsonl.zstd	v0	7193945a-b74a-44f9-9b96-fe69dcfc8d21	481333	1788401921
--Users-vito-data-dev-dsh-relay--/7d6382f4-b589-47fd-b054-a080579697fa/session.jsonl.zstd	v0	7d6382f4-b589-47fd-b054-a080579697fa	3849	1786950258
--Users-vito-data-dev-dsh-relay--/a0927aeb-a760-4980-8f8c-a42a2f547e43/session.jsonl.zstd	v0	a0927aeb-a760-4980-8f8c-a42a2f547e43	445184	1788402254
--Users-vito-data-dev-dsh-relay--/aaf35831-32ac-490a-8d83-51c11fce32bf/session.jsonl.zstd	v0	aaf35831-32ac-490a-8d83-51c11fce32bf	527487	1788402130
--Users-vito-data-dev-dsh-relay--/ebfca50a-2233-4e77-9f2f-9a9bf14bb912/session.jsonl.zstd	v0	ebfca50a-2233-4e77-9f2f-9a9bf14bb912	3850	1786952066
--Users-vito-data-dev-dsh-relay--/f1c26c91-c517-4634-bd4b-62518218d381/session.jsonl.zstd	v0	f1c26c91-c517-4634-bd4b-62518218d381	621909	1788402448
--Users-vito-data-dev-dsh-relay--/fc95ce51-4f65-446a-9626-44f4e863c616/session.jsonl.zstd	v0	fc95ce51-4f65-446a-9626-44f4e863c616	3177	1786983685
--Users-vito-data-dev-dsh-relay--/session-02def51a-27bc-4a99-8302-59470978ef79/session.jsonl.zstd	v0	session-02def51a-27bc-4a99-8302-59470978ef79	474	1788514684
--Users-vito-data-dev-dsh-relay--/session-0635b798-7c96-4845-8e2c-926faf23d7ac/session.jsonl.zstd	v0	session-0635b798-7c96-4845-8e2c-926faf23d7ac	475	1788362051
--Users-vito-data-dev-dsh-relay--/session-0e2f67c6-a4b1-4a3d-b3e6-6b0ed5dfbf20/session.jsonl.zstd	v0	session-0e2f67c6-a4b1-4a3d-b3e6-6b0ed5dfbf20	2410	1788443934
--Users-vito-data-dev-dsh-relay--/session-16a193a1-a155-4671-af58-4f69102adedb/session.jsonl.zstd	v0	session-16a193a1-a155-4671-af58-4f69102adedb	471	1788510367
--Users-vito-data-dev-dsh-relay--/session-1cdb8068-d3da-4cdd-a37d-db92197c62d4/session.jsonl.zstd	v0	session-1cdb8068-d3da-4cdd-a37d-db92197c62d4	473	1788509452
--Users-vito-data-dev-dsh-relay--/session-1e44f584-f7bf-45b7-9679-a76788ed3437/session.jsonl.zstd	v0	session-1e44f584-f7bf-45b7-9679-a76788ed3437	474	1788510178
--Users-vito-data-dev-dsh-relay--/session-260ff422-c1d5-4486-8dce-bb97c7255d3f/session.jsonl.zstd	v0	session-260ff422-c1d5-4486-8dce-bb97c7255d3f	1686971	1788076542
--Users-vito-data-dev-dsh-relay--/session-27ea95f2-079a-4613-b16e-a8825b56a211/session.jsonl.zstd	v0	session-27ea95f2-079a-4613-b16e-a8825b56a211	470	1788510107
--Users-vito-data-dev-dsh-relay--/session-28778f0b-e251-4eda-aeef-70df07f4edc3/session.jsonl.zstd	v0	session-28778f0b-e251-4eda-aeef-70df07f4edc3	472	1788493528
--Users-vito-data-dev-dsh-relay--/session-362a23b6-1afe-476c-9c2a-8e08d9331549/session.jsonl.zstd	v0	session-362a23b6-1afe-476c-9c2a-8e08d9331549	316552	1788159983
--Users-vito-data-dev-dsh-relay--/session-3a76d78d-1621-4d53-9ce2-2475f618c895/session.jsonl.zstd	v0	session-3a76d78d-1621-4d53-9ce2-2475f618c895	2407	1788443803
--Users-vito-data-dev-dsh-relay--/session-3b15c409-0fdd-43cf-b099-d9ba2744b803/session.jsonl.zstd	v0	session-3b15c409-0fdd-43cf-b099-d9ba2744b803	320	1788360855
--Users-vito-data-dev-dsh-relay--/session-3e57e965-a4b4-4d1f-9f06-082ec1a8e251/session.jsonl.zstd	v0	session-3e57e965-a4b4-4d1f-9f06-082ec1a8e251	473	1788492371
--Users-vito-data-dev-dsh-relay--/session-3f99aad7-4423-4330-9cfc-98cf619990c1/session.jsonl.zstd	v0	session-3f99aad7-4423-4330-9cfc-98cf619990c1	431494	1788786785
--Users-vito-data-dev-dsh-relay--/session-49ece592-47ff-4fa1-8e53-77030ac62e40/session.jsonl.zstd	v0	session-49ece592-47ff-4fa1-8e53-77030ac62e40	470	1788624751
--Users-vito-data-dev-dsh-relay--/session-50cd3602-e8b2-474d-8fa3-c2cf7fee9859/session.jsonl.zstd	v0	session-50cd3602-e8b2-474d-8fa3-c2cf7fee9859	337214	1788516281
--Users-vito-data-dev-dsh-relay--/session-56050234-0723-405e-9395-026ca0349d35/session.jsonl.zstd	v0	session-56050234-0723-405e-9395-026ca0349d35	319	1788085095
--Users-vito-data-dev-dsh-relay--/session-5b40495e-9899-4191-a91b-4f06f7f99b61/session.jsonl.zstd	v0	session-5b40495e-9899-4191-a91b-4f06f7f99b61	472	1788509923
--Users-vito-data-dev-dsh-relay--/session-5bb90c26-28c2-4156-aa0f-81fc8f7bb804/session.jsonl.zstd	v0	session-5bb90c26-28c2-4156-aa0f-81fc8f7bb804	471	1788747526
--Users-vito-data-dev-dsh-relay--/session-669a73ef-a0da-443f-bb38-6e119c213bce/session.jsonl.zstd	v0	session-669a73ef-a0da-443f-bb38-6e119c213bce	2650	1788750226
--Users-vito-data-dev-dsh-relay--/session-692bc462-b29b-4fb6-bb5a-f738ed911086/session.jsonl.zstd	v0	session-692bc462-b29b-4fb6-bb5a-f738ed911086	473	1788492817
--Users-vito-data-dev-dsh-relay--/session-6fb3e228-9d99-49f3-8edd-e3891a589aa0/session.jsonl.zstd	v0	session-6fb3e228-9d99-49f3-8edd-e3891a589aa0	3343	1787849364
--Users-vito-data-dev-dsh-relay--/session-733f93bf-4f2c-44bd-91f3-fba3bbf1503d/session.jsonl.zstd	v0	session-733f93bf-4f2c-44bd-91f3-fba3bbf1503d	319	1788084411
--Users-vito-data-dev-dsh-relay--/session-74c377af-2c43-4e20-935b-5a5799473e77/session.jsonl.zstd	v0	session-74c377af-2c43-4e20-935b-5a5799473e77	471	1788149138
--Users-vito-data-dev-dsh-relay--/session-84df430f-27ac-427c-8ef1-d93a39825997/session.jsonl.zstd	v0	session-84df430f-27ac-427c-8ef1-d93a39825997	468	1788747418
--Users-vito-data-dev-dsh-relay--/session-8bff1f86-f429-445c-88bb-1e8ffce85e50/session.jsonl.zstd	v0	session-8bff1f86-f429-445c-88bb-1e8ffce85e50	2203	1788481168
--Users-vito-data-dev-dsh-relay--/session-961d1b86-4629-4a1e-8467-d2815e3aaaa1/session.jsonl.zstd	v0	session-961d1b86-4629-4a1e-8467-d2815e3aaaa1	2406	1788444697
--Users-vito-data-dev-dsh-relay--/session-98933c40-803e-4734-9f08-4992a7c12e25/session.jsonl.zstd	v0	session-98933c40-803e-4734-9f08-4992a7c12e25	986742	1787849357
--Users-vito-data-dev-dsh-relay--/session-9a7c59c4-be67-43f5-a4af-37dc59d716c1/session.jsonl.zstd	v0	session-9a7c59c4-be67-43f5-a4af-37dc59d716c1	467	1788579514
--Users-vito-data-dev-dsh-relay--/session-9c5ab6ca-1788-4f17-b268-e85b4820dc4a/session.jsonl.zstd	v0	session-9c5ab6ca-1788-4f17-b268-e85b4820dc4a	319	1788360997
--Users-vito-data-dev-dsh-relay--/session-a6b1775f-d75b-4f38-93eb-d0ef01fb5ffa/session.jsonl.zstd	v0	session-a6b1775f-d75b-4f38-93eb-d0ef01fb5ffa	626	1788148719
--Users-vito-data-dev-dsh-relay--/session-af0ceb6a-6472-4896-9d39-3d480abb5103/session.jsonl.zstd	v0	session-af0ceb6a-6472-4896-9d39-3d480abb5103	7416749	1787969969
--Users-vito-data-dev-dsh-relay--/session-b034a131-d3ab-4ebf-9f08-8263fdbcc76a/session.jsonl.zstd	v0	session-b034a131-d3ab-4ebf-9f08-8263fdbcc76a	5947	1788072609
--Users-vito-data-dev-dsh-relay--/session-b2d76681-51f5-4a7e-96ca-f9c5afbae98d/session.jsonl.zstd	v0	session-b2d76681-51f5-4a7e-96ca-f9c5afbae98d	1609038	1788435643
--Users-vito-data-dev-dsh-relay--/session-ba1060f3-3cba-410f-8369-6130cb859b58/session.jsonl.zstd	v0	session-ba1060f3-3cba-410f-8369-6130cb859b58	473	1788594470
--Users-vito-data-dev-dsh-relay--/session-ba92942c-b611-4b70-81ea-3d48e332df71/session.jsonl.zstd	v0	session-ba92942c-b611-4b70-81ea-3d48e332df71	473	1788595193
--Users-vito-data-dev-dsh-relay--/session-bc8abfc9-e288-4bde-9014-ed4c5f7ddf79/session.jsonl.zstd	v0	session-bc8abfc9-e288-4bde-9014-ed4c5f7ddf79	467	1788610986
--Users-vito-data-dev-dsh-relay--/session-c503bfcd-196a-4eb2-89de-6791bf73e204/session.jsonl.zstd	v0	session-c503bfcd-196a-4eb2-89de-6791bf73e204	1229616	1788490444
--Users-vito-data-dev-dsh-relay--/session-cf373dd1-f957-4a3f-847f-3a3e02230ef9/session.jsonl.zstd	v0	session-cf373dd1-f957-4a3f-847f-3a3e02230ef9	479	1788361863
--Users-vito-data-dev-dsh-relay--/session-ddd2c6e5-49a7-4b58-9ac7-a6ba376745d9/session.jsonl.zstd	v0	session-ddd2c6e5-49a7-4b58-9ac7-a6ba376745d9	45362424	1788603977
--Users-vito-data-dev-dsh-relay--/session-e1bd1c25-594b-4d96-88e2-127eac560628/session.jsonl.zstd	v0	session-e1bd1c25-594b-4d96-88e2-127eac560628	337596	1788749850
--Users-vito-data-dev-dsh-relay--/tui-probe-sess/session.jsonl.zstd	v0	tui-probe-sess	276	1788072502
--Users-vito-data-dev-dsh-relay--/verify-iso-1788098263910/session.jsonl.zstd	v0	verify-iso-1788098263910	304	1788098264
--Users-vito-data-dev-dsh-relay--/verify-macdev/session.jsonl.zstd	v0	verify-macdev	277	1788085050
--Users-vito-data-dev-dsh-relay--/verify-preset-1788096984174/session.jsonl.zstd	v0	verify-preset-1788096984174	381	1788098201
--Users-vito-data-dev-dsh-tui--/039fa5e7-60a1-4036-a58e-83bbbc462fb4/session.jsonl.zstd	v0	039fa5e7-60a1-4036-a58e-83bbbc462fb4	61450	1787236822
--Users-vito-data-dev-dsh-tui--/0bc202d6-d55d-418e-936c-e9b4100d35b4/session.jsonl.zstd	v0	0bc202d6-d55d-418e-936c-e9b4100d35b4	3219	1787300245
--Users-vito-data-dev-dsh-tui--/0fb1db55-b791-44ba-ad4d-2ab40d03e34b/session.jsonl.zstd	v0	0fb1db55-b791-44ba-ad4d-2ab40d03e34b	1963	1786768594
--Users-vito-data-dev-dsh-tui--/19445d8a-a41a-4a98-9021-e6e623c8168e/session.jsonl.zstd	v0	19445d8a-a41a-4a98-9021-e6e623c8168e	3399	1787237954
--Users-vito-data-dev-dsh-tui--/1ad38197-8992-4ed1-a77c-713b55efc6bd/session.jsonl.zstd	v0	1ad38197-8992-4ed1-a77c-713b55efc6bd	3649	1787153303
--Users-vito-data-dev-dsh-tui--/1d9a85f5-288f-4d49-9105-651e4ea86583/session.jsonl.zstd	v0	1d9a85f5-288f-4d49-9105-651e4ea86583	3606	1787229216
--Users-vito-data-dev-dsh-tui--/208de6a4-7820-4020-a174-ba55ff4e7520/session.jsonl.zstd	v0	208de6a4-7820-4020-a174-ba55ff4e7520	17205	1786764814
--Users-vito-data-dev-dsh-tui--/284f8824-e44b-4c39-9c1c-027bcabd5c1a/session.jsonl.zstd	v0	284f8824-e44b-4c39-9c1c-027bcabd5c1a	172099	1787153580
--Users-vito-data-dev-dsh-tui--/2dfc0e0f-119b-45b3-a3fd-8f3f150cbed3/session.jsonl.zstd	v0	2dfc0e0f-119b-45b3-a3fd-8f3f150cbed3	3215	1787300120
--Users-vito-data-dev-dsh-tui--/34706c42-6374-41e9-91bf-bde6fee4c005/session.jsonl.zstd	v0	34706c42-6374-41e9-91bf-bde6fee4c005	69948	1787227706
--Users-vito-data-dev-dsh-tui--/356a040e-2f93-4089-9ec0-9ef6e124a17d/session.jsonl.zstd	v0	356a040e-2f93-4089-9ec0-9ef6e124a17d	693968	1787224300
--Users-vito-data-dev-dsh-tui--/3d3f8e6b-e4e9-4b6a-912e-7a08bd06fc0e/session.jsonl.zstd	v0	3d3f8e6b-e4e9-4b6a-912e-7a08bd06fc0e	3105	1787296495
--Users-vito-data-dev-dsh-tui--/43ef5c6d-94bf-4b37-b037-1954abd7c96e/session.jsonl.zstd	v0	43ef5c6d-94bf-4b37-b037-1954abd7c96e	117941	1787153349
--Users-vito-data-dev-dsh-tui--/4db95d22-4a13-44fc-848b-4c73dfaddb19/session.jsonl.zstd	v0	4db95d22-4a13-44fc-848b-4c73dfaddb19	2968	1787296380
--Users-vito-data-dev-dsh-tui--/4e48909b-ab4e-4001-9721-e9c2185f0322/session.jsonl.zstd	v0	4e48909b-ab4e-4001-9721-e9c2185f0322	684838	1787223787
--Users-vito-data-dev-dsh-tui--/53504eac-ad12-433c-b801-1597b22e1dd2/session.jsonl.zstd	v0	53504eac-ad12-433c-b801-1597b22e1dd2	1264208	1786803456
--Users-vito-data-dev-dsh-tui--/551cef94-a623-49bf-8349-832738bee553/session.jsonl.zstd	v0	551cef94-a623-49bf-8349-832738bee553	31817	1787237280
--Users-vito-data-dev-dsh-tui--/59fa11bf-c351-44a4-b97d-e9a3d066ab08/session.jsonl.zstd	v0	59fa11bf-c351-44a4-b97d-e9a3d066ab08	49436	1787227054
--Users-vito-data-dev-dsh-tui--/646fbf25-85fa-4e86-87db-ec88fcac6321/session.jsonl.zstd	v0	646fbf25-85fa-4e86-87db-ec88fcac6321	3222	1787297067
--Users-vito-data-dev-dsh-tui--/6ccfa922-327f-4734-9e48-07b24020496f/session.jsonl.zstd	v0	6ccfa922-327f-4734-9e48-07b24020496f	1876	1786766455
--Users-vito-data-dev-dsh-tui--/6df94e3c-ef81-41aa-951b-8f49219d6ddf/session.jsonl.zstd	v0	6df94e3c-ef81-41aa-951b-8f49219d6ddf	939079	1787220275
--Users-vito-data-dev-dsh-tui--/765424c4-620e-4c1e-862a-a00fe7256cbe/session.jsonl.zstd	v0	765424c4-620e-4c1e-862a-a00fe7256cbe	735639	1787297045
--Users-vito-data-dev-dsh-tui--/799c937e-97e8-4f36-b342-1e8d79786340/session.jsonl.zstd	v0	799c937e-97e8-4f36-b342-1e8d79786340	6974	1787153310
--Users-vito-data-dev-dsh-tui--/7a3a2fb2-ae41-4672-bd48-d1ad11ff0a7d/session.jsonl.zstd	v0	7a3a2fb2-ae41-4672-bd48-d1ad11ff0a7d	3631	1787294185
--Users-vito-data-dev-dsh-tui--/8add0707-3c22-4fc2-93ff-9751427941c6/session.jsonl.zstd	v0	8add0707-3c22-4fc2-93ff-9751427941c6	3569	1787229997
--Users-vito-data-dev-dsh-tui--/9c089044-b631-4370-81e2-fb813efbad22/session.jsonl.zstd	v0	9c089044-b631-4370-81e2-fb813efbad22	1980	1786763780
--Users-vito-data-dev-dsh-tui--/9d4af12f-da4b-4017-a460-e6a6ade51868/session.jsonl.zstd	v0	9d4af12f-da4b-4017-a460-e6a6ade51868	1485755	1787218487
--Users-vito-data-dev-dsh-tui--/a29b07ab-cc21-46a1-9235-09fb2c6c9eb1/session.jsonl.zstd	v0	a29b07ab-cc21-46a1-9235-09fb2c6c9eb1	86055	1787229593
--Users-vito-data-dev-dsh-tui--/ae655a75-98e9-40db-8ad9-617f854433cb/session.jsonl.zstd	v0	ae655a75-98e9-40db-8ad9-617f854433cb	2258546	1787300268
--Users-vito-data-dev-dsh-tui--/b3c43a05-031a-4f2c-aa53-99d876c77bec/session.jsonl.zstd	v0	b3c43a05-031a-4f2c-aa53-99d876c77bec	3704	1787216888
--Users-vito-data-dev-dsh-tui--/b40d564b-5c10-46fd-80c8-4eca76e9e65d/session.jsonl.zstd	v0	b40d564b-5c10-46fd-80c8-4eca76e9e65d	3569	1787231327
--Users-vito-data-dev-dsh-tui--/bc7a795d-36a9-4936-b3be-d8d436767e30/session.jsonl.zstd	v0	bc7a795d-36a9-4936-b3be-d8d436767e30	67353	1787238123
--Users-vito-data-dev-dsh-tui--/bf1eb3c5-cdfd-4ed5-86eb-abed30907e2f/session.jsonl.zstd	v0	bf1eb3c5-cdfd-4ed5-86eb-abed30907e2f	1411272	1787158858
--Users-vito-data-dev-dsh-tui--/bf501e46-ec50-4c02-902d-e0e0cd7c844f/session.jsonl.zstd	v0	bf501e46-ec50-4c02-902d-e0e0cd7c844f	3222	1787299977
--Users-vito-data-dev-dsh-tui--/c7de3a43-3f33-4278-864f-da32aca6d4a1/session.jsonl.zstd	v0	c7de3a43-3f33-4278-864f-da32aca6d4a1	1870	1786766440
--Users-vito-data-dev-dsh-tui--/c9d3119e-ccdb-40a0-8dc2-31f046487168/session.jsonl.zstd	v0	c9d3119e-ccdb-40a0-8dc2-31f046487168	1800	1786768226
--Users-vito-data-dev-dsh-tui--/cc832f2b-d366-4710-8c51-f1c6a3ff0e90/session.jsonl.zstd	v0	cc832f2b-d366-4710-8c51-f1c6a3ff0e90	1865238	1786771954
--Users-vito-data-dev-dsh-tui--/cf043a49-7a7d-4f4d-993f-4dededdbfc5c/session.jsonl.zstd	v0	cf043a49-7a7d-4f4d-993f-4dededdbfc5c	67608	1787296528
--Users-vito-data-dev-dsh-tui--/d8435065-f9f7-484d-acac-2cf07779c8db/session.jsonl.zstd	v0	d8435065-f9f7-484d-acac-2cf07779c8db	1876	1786766499
--Users-vito-data-dev-dsh-tui--/dd08fed4-57e9-44c5-9778-38de24604a87/session.jsonl.zstd	v0	dd08fed4-57e9-44c5-9778-38de24604a87	723583	1787224259
--Users-vito-data-dev-dsh-tui--/e4bee577-da0b-4aaf-9526-23a40709e76f/session.jsonl.zstd	v0	e4bee577-da0b-4aaf-9526-23a40709e76f	3650	1787154791
--Users-vito-data-dev-dsh-tui--/f12323f1-0892-4acc-88b8-f3caab80863f/session.jsonl.zstd	v0	f12323f1-0892-4acc-88b8-f3caab80863f	17211	1786763895
--Users-vito-data-dev-dsh-tui--/f9edfd2c-351d-45c3-b69e-b8f6dd91abfa/session.jsonl.zstd	v0	f9edfd2c-351d-45c3-b69e-b8f6dd91abfa	3569	1787231304
--Users-vito-data-dev-dsh-tui--/fbd66346-78b7-491a-a8c1-3ebfdf598cc8/session.jsonl.zstd	v0	fbd66346-78b7-491a-a8c1-3ebfdf598cc8	3400	1787237206
--Users-vito-data-dev-dsh-tui--/fbf273b4-5b5a-4557-8ace-256ca554c3b3/session.jsonl.zstd	v0	fbf273b4-5b5a-4557-8ace-256ca554c3b3	3701	1787152857
--Users-vito-data-dev-dsh-tui--/session-live-5620a94b-4b16-4b21-9f0a-775065e35b1a/session.jsonl.zstd	v0	session-live-5620a94b-4b16-4b21-9f0a-775065e35b1a	35607	1787229030
--Users-vito-data-dev-dsh-tui--/session-live-7ad337f0-a500-4e78-92c7-6659c7bdb97f/session.jsonl.zstd	v0	session-live-7ad337f0-a500-4e78-92c7-6659c7bdb97f	35381	1787228692
--Users-vito-data-dev-dsh-tui--/session-live-7fbd6a9d-e439-4693-8095-f1a624c41e56/session.jsonl.zstd	v0	session-live-7fbd6a9d-e439-4693-8095-f1a624c41e56	33461	1787237129
--Users-vito-data-dev-dsh-tui--/session-live-ca401d65-ae39-4624-9838-ee068cd4e570/session.jsonl.zstd	v0	session-live-ca401d65-ae39-4624-9838-ee068cd4e570	36278	1787228936
--Users-vito-data-dev-dsh-tui--/session-smoke-016747b3-1654-4a0d-8237-47a86f6b1c52/session.jsonl.zstd	v0	session-smoke-016747b3-1654-4a0d-8237-47a86f6b1c52	413	1787226046
--Users-vito-data-dev-dsh-tui--/session-smoke-46e4375a-fbf1-4782-a5d6-cd09e9d6f31f/session.jsonl.zstd	v0	session-smoke-46e4375a-fbf1-4782-a5d6-cd09e9d6f31f	410	1787225277
--Users-vito-data-dev-dsh-tui--/session-smoke-b6c3e73a-39a3-4973-9b86-bb46038e96f3/session.jsonl.zstd	v0	session-smoke-b6c3e73a-39a3-4973-9b86-bb46038e96f3	411	1787225623
--Users-vito-data-dev-dsh-tui--/session-smoke-c8ca0d15-929d-41d0-9a6b-ef59c76a14c3/session.jsonl.zstd	v0	session-smoke-c8ca0d15-929d-41d0-9a6b-ef59c76a14c3	407	1787225721
--Users-vito-data-dev-dsh-tui--/session-smoke-e8b8a07e-1782-4eb7-b2c7-acfd88dfd204/session.jsonl.zstd	v0	session-smoke-e8b8a07e-1782-4eb7-b2c7-acfd88dfd204	407	1787225343
--Users-vito-data-dev-dsh-tui--/session-smoke-ee41bb64-22bf-47e9-bc68-671a26e75629/session.jsonl.zstd	v0	session-smoke-ee41bb64-22bf-47e9-bc68-671a26e75629	410	1787237850
--Users-vito-data-dev-endless-dsh--/3dadfc78-a4dc-48e8-8b48-b31d6a29637d/session.jsonl.zstd	v0	3dadfc78-a4dc-48e8-8b48-b31d6a29637d	1677191	1787590453
--Users-vito-data-dev-endless-dsh--/4b98b277-0484-46c2-b15f-677a7cc8d978/session.jsonl.zstd	v0	4b98b277-0484-46c2-b15f-677a7cc8d978	3797	1787063507
--Users-vito-data-dev-endless-dsh--/526b895e-5d8e-4ef5-a737-d68bf2853679/session.jsonl.zstd	v0	526b895e-5d8e-4ef5-a737-d68bf2853679	3713	1787021951
--Users-vito-data-dev-endless-dsh--/a03c9f00-5091-4cae-94f0-ba6b696ef849/session.jsonl.zstd	v0	a03c9f00-5091-4cae-94f0-ba6b696ef849	3711	1786978732
--Users-vito-data-dev-endless-dsh--/c62bc362-cfa5-4636-a50d-d39e5f50b632/session.jsonl.zstd	v0	c62bc362-cfa5-4636-a50d-d39e5f50b632	1511	1786762667
--Users-vito-data-dev-endless-dsh--/e24d311d-07c4-45f7-854a-477cd06ad7d2/session.jsonl.zstd	v0	e24d311d-07c4-45f7-854a-477cd06ad7d2	4184	1786774063
--Users-vito-data-dev-endless-dsh--/session-0c9d5be2-944a-4978-b839-2eeff639198b/session.jsonl.zstd	v0	session-0c9d5be2-944a-4978-b839-2eeff639198b	3728	1787585130
--Users-vito-data-dev-endless-dsh--/session-0e9ee499-8cf7-4c22-9394-feb62ac1598d/session.jsonl.zstd	v0	session-0e9ee499-8cf7-4c22-9394-feb62ac1598d	3966	1787589965
--Users-vito-data-dev-endless-dsh--/session-36e3a9c5-1e8d-44ae-9b26-654f24cd425a/session.jsonl.zstd	v0	session-36e3a9c5-1e8d-44ae-9b26-654f24cd425a	14469347	1786978800
--Users-vito-data-dev-endless-dsh--/session-52ff5cf6-0495-4910-be45-c43ddc4cfd2b/session.jsonl.zstd	v0	session-52ff5cf6-0495-4910-be45-c43ddc4cfd2b	1946181	1787590419
--Users-vito-data-dev-endless-dsh--/session-6c568d34-c449-402c-9e1b-e599c2285f70/session.jsonl.zstd	v0	session-6c568d34-c449-402c-9e1b-e599c2285f70	546	1786720475
--Users-vito-data-dev-endless-dsh--/session-9a7e9be4-0ab7-4106-9814-34771cffd40f/session.jsonl.zstd	v0	session-9a7e9be4-0ab7-4106-9814-34771cffd40f	3725	1787585048
--Users-vito-data-dev-endless-dsh--/session-b037abf1-e65e-4319-962f-9ad09c16465c/session.jsonl.zstd	v0	session-b037abf1-e65e-4319-962f-9ad09c16465c	305827	1787903116
--Users-vito-data-dev-endless-dsh--/session-cf7b53a9-7509-48fe-bb4e-39773bb6ed46/session.jsonl.zstd	v0	session-cf7b53a9-7509-48fe-bb4e-39773bb6ed46	7591	1787589965
--Users-vito-data-dev-endless-dsh--/session-d8100d6e-fa7c-487a-aac8-8dbd50e7f60d/session.jsonl.zstd	v0	session-d8100d6e-fa7c-487a-aac8-8dbd50e7f60d	1018175	1787589629
--Users-vito-data-dev-llm-proxy--/session-ab4c9552-8938-4cba-9f1a-24b9a8ada830/session.jsonl.zstd	v0	session-ab4c9552-8938-4cba-9f1a-24b9a8ada830	90308	1786640043
--Users-vito-data-dev-llm-proxy--/session-ab4c9552-8938-4cba-9f1a-24b9a8ada830/session.v3.jsonl.zstd	v3	session-ab4c9552-8938-4cba-9f1a-24b9a8ada830	78660	1789211955
--Users-vito-data-dev-mumu--/008062d2-c364-4100-8331-4eb56f945560/session.v3.jsonl.zstd	v3	008062d2-c364-4100-8331-4eb56f945560	171069	1790066650
--Users-vito-data-dev-mumu--/00cab8ab-56a0-4654-b12c-b9902e8669d3/session.v3.jsonl.zstd	v3	00cab8ab-56a0-4654-b12c-b9902e8669d3	241917	1790011916
--Users-vito-data-dev-mumu--/019d709b-90bd-406c-9e00-6d4c2de533f4/session.v3.jsonl.zstd	v3	019d709b-90bd-406c-9e00-6d4c2de533f4	374097	1790066388
--Users-vito-data-dev-mumu--/02cec53d-f9cf-41c3-b7af-b3dded5382d7/session.v3.jsonl.zstd	v3	02cec53d-f9cf-41c3-b7af-b3dded5382d7	39666	1790065957
--Users-vito-data-dev-mumu--/04242ae0-0f72-4ebe-9b13-755074325abf/session.v3.jsonl.zstd	v3	04242ae0-0f72-4ebe-9b13-755074325abf	449168	1789959284
--Users-vito-data-dev-mumu--/042cdd1b-ced6-4b06-b329-b28a63949bcb/session.v3.jsonl.zstd	v3	042cdd1b-ced6-4b06-b329-b28a63949bcb	325910	1789722725
--Users-vito-data-dev-mumu--/048858af-1d64-4e8b-8d92-796a9a72972c/session.v3.jsonl.zstd	v3	048858af-1d64-4e8b-8d92-796a9a72972c	268453	1789964442
--Users-vito-data-dev-mumu--/049e9fc0-cc37-42a2-a9d1-26bfe13db808/session.v3.jsonl.zstd	v3	049e9fc0-cc37-42a2-a9d1-26bfe13db808	66140	1790164758
--Users-vito-data-dev-mumu--/04af5fd6-6473-448e-9b96-4beb5b93a005/session.v3.jsonl.zstd	v3	04af5fd6-6473-448e-9b96-4beb5b93a005	458868	1789718942
--Users-vito-data-dev-mumu--/059aa722-fc57-4eb9-8733-7f20a9ed005d/session.v3.jsonl.zstd	v3	059aa722-fc57-4eb9-8733-7f20a9ed005d	39220	1790172376
--Users-vito-data-dev-mumu--/05a26542-157e-45b8-aea9-9b2455d2ca27/session.v3.jsonl.zstd	v3	05a26542-157e-45b8-aea9-9b2455d2ca27	13246	1789996392
--Users-vito-data-dev-mumu--/05f9c619-97db-40a0-b919-a51508463c5b/session.v3.jsonl.zstd	v3	05f9c619-97db-40a0-b919-a51508463c5b	40535	1790182790
--Users-vito-data-dev-mumu--/073a2ece-02a7-46ba-8016-b0380c9c43d0/session.v3.jsonl.zstd	v3	073a2ece-02a7-46ba-8016-b0380c9c43d0	832386	1790002322
--Users-vito-data-dev-mumu--/07409ae6-d18c-40a1-ba30-6a6b901d770e/session.v3.jsonl.zstd	v3	07409ae6-d18c-40a1-ba30-6a6b901d770e	43379	1790221850
--Users-vito-data-dev-mumu--/0782b84f-c881-4212-9fef-24ea48f87ad0/session.v3.jsonl.zstd	v3	0782b84f-c881-4212-9fef-24ea48f87ad0	1177481	1790183277
--Users-vito-data-dev-mumu--/085a3a00-4cac-47ee-b7ce-9650947e672b/session.v3.jsonl.zstd	v3	085a3a00-4cac-47ee-b7ce-9650947e672b	175005	1790067937
--Users-vito-data-dev-mumu--/089ce6ea-c4ee-4ec5-8032-d3648e6197aa/session.v3.jsonl.zstd	v3	089ce6ea-c4ee-4ec5-8032-d3648e6197aa	178384	1789660190
--Users-vito-data-dev-mumu--/08aa5857-a1bb-4a64-973a-fb16e48821f6/session.v3.jsonl.zstd	v3	08aa5857-a1bb-4a64-973a-fb16e48821f6	38130	1790173602
--Users-vito-data-dev-mumu--/09995022-3025-4de6-bf60-017e8f09bf64/session.v3.jsonl.zstd	v3	09995022-3025-4de6-bf60-017e8f09bf64	525694	1790267725
--Users-vito-data-dev-mumu--/0a7b146a-b411-42b3-82b9-245e4500e7af/session.v3.jsonl.zstd	v3	0a7b146a-b411-42b3-82b9-245e4500e7af	526325	1789964022
--Users-vito-data-dev-mumu--/0aea22c9-ed16-4399-bc21-18c445039ae3/session.v3.jsonl.zstd	v3	0aea22c9-ed16-4399-bc21-18c445039ae3	686791	1789717964
--Users-vito-data-dev-mumu--/0b284519-5d38-41ba-86ee-8988f175c0ff/session.v3.jsonl.zstd	v3	0b284519-5d38-41ba-86ee-8988f175c0ff	184223	1789640913
--Users-vito-data-dev-mumu--/0badaea2-3266-4678-9961-8f412dd2d20b/session.v3.jsonl.zstd	v3	0badaea2-3266-4678-9961-8f412dd2d20b	469683	1789756100
--Users-vito-data-dev-mumu--/0c97ab4b-3c3e-4507-bbd0-7c0448551af2/session.v3.jsonl.zstd	v3	0c97ab4b-3c3e-4507-bbd0-7c0448551af2	635300	1789959704
--Users-vito-data-dev-mumu--/0cd7f7d0-1c25-472e-9f8f-9e4351afbeae/session.v3.jsonl.zstd	v3	0cd7f7d0-1c25-472e-9f8f-9e4351afbeae	399443	1789962273
--Users-vito-data-dev-mumu--/0d9bd771-2b2f-44be-9678-e860447cb4fe/session.v3.jsonl.zstd	v3	0d9bd771-2b2f-44be-9678-e860447cb4fe	192447	1790012810
--Users-vito-data-dev-mumu--/0e0f7081-1989-4cf3-a8f8-4cce48a721ba/session.v3.jsonl.zstd	v3	0e0f7081-1989-4cf3-a8f8-4cce48a721ba	887057	1789752976
--Users-vito-data-dev-mumu--/0e26ef51-a1ad-4e3b-8da0-6cc7ef0382c4/session.v3.jsonl.zstd	v3	0e26ef51-a1ad-4e3b-8da0-6cc7ef0382c4	687329	1789961081
--Users-vito-data-dev-mumu--/0ef170cd-521b-4c85-afc5-e3378b3cc3ed/session.v3.jsonl.zstd	v3	0ef170cd-521b-4c85-afc5-e3378b3cc3ed	585186	1790268706
--Users-vito-data-dev-mumu--/0f25f714-c281-4ac9-9a41-0c967e53ddab/session.v3.jsonl.zstd	v3	0f25f714-c281-4ac9-9a41-0c967e53ddab	161290	1789627235
--Users-vito-data-dev-mumu--/0fe9b089-a5ca-4301-8fc5-753cb1743647/session.v3.jsonl.zstd	v3	0fe9b089-a5ca-4301-8fc5-753cb1743647	313925	1790270171
--Users-vito-data-dev-mumu--/0fecefbb-b596-4d07-8131-71249f7107d5/session.v3.jsonl.zstd	v3	0fecefbb-b596-4d07-8131-71249f7107d5	653596	1789961391
--Users-vito-data-dev-mumu--/1028be0c-d79e-46b0-bb80-3cc3ac19d601/session.v3.jsonl.zstd	v3	1028be0c-d79e-46b0-bb80-3cc3ac19d601	330594	1790013947
--Users-vito-data-dev-mumu--/110cb5e8-2754-4843-aa6e-6b06c2c497c2/session.v3.jsonl.zstd	v3	110cb5e8-2754-4843-aa6e-6b06c2c497c2	30329	1790061313
--Users-vito-data-dev-mumu--/118f4446-6bbf-46a2-8033-54cc7f2c061d/session.v3.jsonl.zstd	v3	118f4446-6bbf-46a2-8033-54cc7f2c061d	703116	1790010172
--Users-vito-data-dev-mumu--/12dbabb5-af7e-4b6d-aeed-1f34d8fca577/session.v3.jsonl.zstd	v3	12dbabb5-af7e-4b6d-aeed-1f34d8fca577	13263	1789996392
--Users-vito-data-dev-mumu--/1367eb79-fc9d-4e22-bb5a-0234d627400c/session.v3.jsonl.zstd	v3	1367eb79-fc9d-4e22-bb5a-0234d627400c	283118	1790334726
--Users-vito-data-dev-mumu--/13a128de-2c90-4d27-aae3-a06e1f4b09cc/session.v3.jsonl.zstd	v3	13a128de-2c90-4d27-aae3-a06e1f4b09cc	458950	1789730972
--Users-vito-data-dev-mumu--/14aa49c9-0b57-467b-a28d-430cf259912a/session.v3.jsonl.zstd	v3	14aa49c9-0b57-467b-a28d-430cf259912a	846871	1789959904
--Users-vito-data-dev-mumu--/15ca1f8a-510f-49a3-86ee-d61684421c7d/session.v3.jsonl.zstd	v3	15ca1f8a-510f-49a3-86ee-d61684421c7d	449626	1789749863
--Users-vito-data-dev-mumu--/16578786-a62c-46f1-85b8-f0fbcefe47db/session.v3.jsonl.zstd	v3	16578786-a62c-46f1-85b8-f0fbcefe47db	406207	1789888907
--Users-vito-data-dev-mumu--/17a8c702-e6cc-4c0b-a168-ac16a1c5c421/session.v3.jsonl.zstd	v3	17a8c702-e6cc-4c0b-a168-ac16a1c5c421	254843	1790011655
--Users-vito-data-dev-mumu--/183ca6db-8f65-497a-8505-eec03c670ae6/session.v3.jsonl.zstd	v3	183ca6db-8f65-497a-8505-eec03c670ae6	150179	1790011718
--Users-vito-data-dev-mumu--/18e98395-f37b-484b-8796-86d7b0a8fe26/session.v3.jsonl.zstd	v3	18e98395-f37b-484b-8796-86d7b0a8fe26	823927	1790000091
--Users-vito-data-dev-mumu--/192e94d6-2caf-43a7-9f31-246942ca74b8/session.v3.jsonl.zstd	v3	192e94d6-2caf-43a7-9f31-246942ca74b8	20213	1790065520
--Users-vito-data-dev-mumu--/1951a289-939b-43a0-a699-3141d9ba3246/session.v3.jsonl.zstd	v3	1951a289-939b-43a0-a699-3141d9ba3246	459969	1789959812
--Users-vito-data-dev-mumu--/195db80b-9c67-4311-ac60-21f142d5c664/session.v3.jsonl.zstd	v3	195db80b-9c67-4311-ac60-21f142d5c664	275488	1789960308
--Users-vito-data-dev-mumu--/1a45dbee-345d-4829-a598-f5649b07335f/session.v3.jsonl.zstd	v3	1a45dbee-345d-4829-a598-f5649b07335f	260967	1789982352
--Users-vito-data-dev-mumu--/1add1d39-d6ec-4300-97a3-86cf75ba81de/session.v3.jsonl.zstd	v3	1add1d39-d6ec-4300-97a3-86cf75ba81de	825094	1789719064
--Users-vito-data-dev-mumu--/1b37e016-06fd-46ed-90d9-88701e7a2a21/session.v3.jsonl.zstd	v3	1b37e016-06fd-46ed-90d9-88701e7a2a21	213947	1790066634
--Users-vito-data-dev-mumu--/1b628d77-a91b-4f35-829e-3771b50e87df/session.v3.jsonl.zstd	v3	1b628d77-a91b-4f35-829e-3771b50e87df	218209	1789662277
--Users-vito-data-dev-mumu--/1bbe6ad3-3f19-46df-ab11-feb0ca6bd7c7/session.v3.jsonl.zstd	v3	1bbe6ad3-3f19-46df-ab11-feb0ca6bd7c7	265961	1790067011
--Users-vito-data-dev-mumu--/1c8dc6b6-f594-4b4f-bd19-5fd604610f85/session.v3.jsonl.zstd	v3	1c8dc6b6-f594-4b4f-bd19-5fd604610f85	125499	1790066541
--Users-vito-data-dev-mumu--/1cbf9fef-510a-466d-b6ba-a1d98ba8ddb6/session.v3.jsonl.zstd	v3	1cbf9fef-510a-466d-b6ba-a1d98ba8ddb6	530311	1789959346
--Users-vito-data-dev-mumu--/1d55af17-5d3b-4e12-a99d-916601d9fba9/session.v3.jsonl.zstd	v3	1d55af17-5d3b-4e12-a99d-916601d9fba9	776942	1790265399
--Users-vito-data-dev-mumu--/2042e45f-6295-42a5-8271-37548a3efc0d/session.v3.jsonl.zstd	v3	2042e45f-6295-42a5-8271-37548a3efc0d	39337	1790181475
--Users-vito-data-dev-mumu--/209b03cd-de0d-4bc8-adf8-a9944f993ebf/session.v3.jsonl.zstd	v3	209b03cd-de0d-4bc8-adf8-a9944f993ebf	187615	1789913844
--Users-vito-data-dev-mumu--/21349637-cb66-42fd-82bb-7595f2e3da49/session.v3.jsonl.zstd	v3	21349637-cb66-42fd-82bb-7595f2e3da49	50711	1790177954
--Users-vito-data-dev-mumu--/217b8001-3efc-44bc-9695-711275785150/session.v3.jsonl.zstd	v3	217b8001-3efc-44bc-9695-711275785150	1003817	1789960484
--Users-vito-data-dev-mumu--/224f90bd-a523-4b34-8173-6212fb7662cd/session.v3.jsonl.zstd	v3	224f90bd-a523-4b34-8173-6212fb7662cd	454256	1790314113
--Users-vito-data-dev-mumu--/22bb742f-a38c-47f2-99a7-cd30c54ea722/session.v3.jsonl.zstd	v3	22bb742f-a38c-47f2-99a7-cd30c54ea722	88754	1790066518
--Users-vito-data-dev-mumu--/22c67805-de4d-430d-89df-8469fe2d6926/session.v3.jsonl.zstd	v3	22c67805-de4d-430d-89df-8469fe2d6926	69459	1790067292
--Users-vito-data-dev-mumu--/22e0c1da-3ec0-4f7e-ba7a-06af7dbd0bdf/session.v3.jsonl.zstd	v3	22e0c1da-3ec0-4f7e-ba7a-06af7dbd0bdf	280525	1790335475
--Users-vito-data-dev-mumu--/23078d87-cbd6-437d-b0f0-0dadb8c2e22d/session.v3.jsonl.zstd	v3	23078d87-cbd6-437d-b0f0-0dadb8c2e22d	426129	1790046404
--Users-vito-data-dev-mumu--/24f32221-add0-4bf3-a7de-fa62882aaf8f/session.v3.jsonl.zstd	v3	24f32221-add0-4bf3-a7de-fa62882aaf8f	418466	1790013456
--Users-vito-data-dev-mumu--/25c43d10-6d5f-4265-9271-701db7a03d9c/session.v3.jsonl.zstd	v3	25c43d10-6d5f-4265-9271-701db7a03d9c	270555	1790070412
--Users-vito-data-dev-mumu--/26014df4-1f14-464f-8660-a48246880248/session.v3.jsonl.zstd	v3	26014df4-1f14-464f-8660-a48246880248	218904	1790265653
--Users-vito-data-dev-mumu--/263b1939-7df7-41bb-8126-e2daa451741d/session.v3.jsonl.zstd	v3	263b1939-7df7-41bb-8126-e2daa451741d	39502	1790173698
--Users-vito-data-dev-mumu--/2688c668-f81f-4215-a754-0f324131a79d/session.v3.jsonl.zstd	v3	2688c668-f81f-4215-a754-0f324131a79d	539963	1789733495
--Users-vito-data-dev-mumu--/268b16e6-2c90-47a7-bf6d-207c7b728a83/session.v3.jsonl.zstd	v3	268b16e6-2c90-47a7-bf6d-207c7b728a83	997336	1789732042
--Users-vito-data-dev-mumu--/26bfd205-5932-4cbd-a464-5ff3177346bc/session.v3.jsonl.zstd	v3	26bfd205-5932-4cbd-a464-5ff3177346bc	41213	1790174930
--Users-vito-data-dev-mumu--/27293859-06a6-4ac7-a343-54bb17159191/session.v3.jsonl.zstd	v3	27293859-06a6-4ac7-a343-54bb17159191	201220	1789647669
--Users-vito-data-dev-mumu--/28ac6507-f9e9-4f88-abb4-40cd6374737b/session.v3.jsonl.zstd	v3	28ac6507-f9e9-4f88-abb4-40cd6374737b	272936	1789964944
--Users-vito-data-dev-mumu--/28fec3cc-f626-4a44-9b5a-cfedfa8c7e7c/session.v3.jsonl.zstd	v3	28fec3cc-f626-4a44-9b5a-cfedfa8c7e7c	146274	1790060032
--Users-vito-data-dev-mumu--/2998c760-4137-4605-8981-f5035d80532f/session.v3.jsonl.zstd	v3	2998c760-4137-4605-8981-f5035d80532f	842350	1790004136
--Users-vito-data-dev-mumu--/29e971fb-6f72-46eb-83fc-ecd5ce6464bd/session.v3.jsonl.zstd	v3	29e971fb-6f72-46eb-83fc-ecd5ce6464bd	38055	1790182521
--Users-vito-data-dev-mumu--/2a01a8bd-8a2d-4405-8814-8b4ba8a14f31/session.v3.jsonl.zstd	v3	2a01a8bd-8a2d-4405-8814-8b4ba8a14f31	498894	1790007048
--Users-vito-data-dev-mumu--/2a80e589-75ef-4c0c-aeda-554e0f64f2a5/session.v3.jsonl.zstd	v3	2a80e589-75ef-4c0c-aeda-554e0f64f2a5	88463	1790238192
--Users-vito-data-dev-mumu--/2c2c0740-2158-45ff-95da-f1fd8c7dbc02/session.v3.jsonl.zstd	v3	2c2c0740-2158-45ff-95da-f1fd8c7dbc02	14831	1790067249
--Users-vito-data-dev-mumu--/2c49ebbc-f6ee-4857-8995-e22380760b52/session.v3.jsonl.zstd	v3	2c49ebbc-f6ee-4857-8995-e22380760b52	380733	1790062265
--Users-vito-data-dev-mumu--/2c66d1e2-2c48-4dad-b955-43404a0d993c/session.v3.jsonl.zstd	v3	2c66d1e2-2c48-4dad-b955-43404a0d993c	49549	1790220379
--Users-vito-data-dev-mumu--/2c7a5e87-a803-40e4-b117-64f29d5a084f/session.v3.jsonl.zstd	v3	2c7a5e87-a803-40e4-b117-64f29d5a084f	47352	1789957153
--Users-vito-data-dev-mumu--/2d779e5e-1923-4fc9-b835-4bc01c8df63a/session.v3.jsonl.zstd	v3	2d779e5e-1923-4fc9-b835-4bc01c8df63a	899683	1790316469
--Users-vito-data-dev-mumu--/2e095d8d-9690-4fae-a470-d70398dbfa1c/session.v3.jsonl.zstd	v3	2e095d8d-9690-4fae-a470-d70398dbfa1c	406079	1790266046
--Users-vito-data-dev-mumu--/2e2c9aed-5f90-4d3b-8ecb-8430d50beed6/session.v3.jsonl.zstd	v3	2e2c9aed-5f90-4d3b-8ecb-8430d50beed6	42978	1790171640
--Users-vito-data-dev-mumu--/2ee6da21-dc9b-4285-ad6b-f5cc0c1a04dd/session.v3.jsonl.zstd	v3	2ee6da21-dc9b-4285-ad6b-f5cc0c1a04dd	37498	1790183044
--Users-vito-data-dev-mumu--/2f9e657e-6f76-43ff-97e7-47ee7fe1792a/session.v3.jsonl.zstd	v3	2f9e657e-6f76-43ff-97e7-47ee7fe1792a	13178	1789995467
--Users-vito-data-dev-mumu--/2fec02f5-f146-4966-ad02-40c1f6798728/session.v3.jsonl.zstd	v3	2fec02f5-f146-4966-ad02-40c1f6798728	379364	1789722725
--Users-vito-data-dev-mumu--/30b3325e-dc02-46b0-8403-fddb4e2ce712/session.v3.jsonl.zstd	v3	30b3325e-dc02-46b0-8403-fddb4e2ce712	212171	1790012822
--Users-vito-data-dev-mumu--/31e294d8-8566-451e-b34c-a38ed02ae4f4/session.v3.jsonl.zstd	v3	31e294d8-8566-451e-b34c-a38ed02ae4f4	278905	1789627345
--Users-vito-data-dev-mumu--/32012729-a81e-415b-bba0-1f18b7214090/session.v3.jsonl.zstd	v3	32012729-a81e-415b-bba0-1f18b7214090	603838	1789995446
--Users-vito-data-dev-mumu--/32e4fcd2-ae40-40f5-841d-56a8d84d39c5/session.v3.jsonl.zstd	v3	32e4fcd2-ae40-40f5-841d-56a8d84d39c5	142850	1789984471
--Users-vito-data-dev-mumu--/330b96e0-5f7c-424c-86e1-fdcc423838ae/session.v3.jsonl.zstd	v3	330b96e0-5f7c-424c-86e1-fdcc423838ae	42943	1790178036
--Users-vito-data-dev-mumu--/348982d2-d1c5-4295-8e53-17e25faf01b0/session.v3.jsonl.zstd	v3	348982d2-d1c5-4295-8e53-17e25faf01b0	190667	1789662221
--Users-vito-data-dev-mumu--/351b50ab-b2ce-4c69-a32c-5ad2960da260/session.v3.jsonl.zstd	v3	351b50ab-b2ce-4c69-a32c-5ad2960da260	247578	1790066189
--Users-vito-data-dev-mumu--/35715862-20a3-4103-8b37-433c474052ba/session.v3.jsonl.zstd	v3	35715862-20a3-4103-8b37-433c474052ba	40909	1790065890
--Users-vito-data-dev-mumu--/357d1535-962b-494e-a72e-a6c26e89eeb2/session.v3.jsonl.zstd	v3	357d1535-962b-494e-a72e-a6c26e89eeb2	50142	1790169864
--Users-vito-data-dev-mumu--/3591d19a-71bc-4a19-a2d7-e03b71e8d6f4/session.v3.jsonl.zstd	v3	3591d19a-71bc-4a19-a2d7-e03b71e8d6f4	362987	1790170680
--Users-vito-data-dev-mumu--/35bc6ebe-24aa-4ac0-9468-7adaf3b22166/session.v3.jsonl.zstd	v3	35bc6ebe-24aa-4ac0-9468-7adaf3b22166	163026	1790065010
--Users-vito-data-dev-mumu--/36d7278c-fd3c-4af3-ad84-389e51a5ebc7/session.v3.jsonl.zstd	v3	36d7278c-fd3c-4af3-ad84-389e51a5ebc7	270751	1790266456
--Users-vito-data-dev-mumu--/3716366c-ddb5-4718-b402-dc380a171aa0/session.v3.jsonl.zstd	v3	3716366c-ddb5-4718-b402-dc380a171aa0	435247	1789961101
--Users-vito-data-dev-mumu--/386e2ef0-8a53-4f88-b387-42b6f0baa41d/session.v3.jsonl.zstd	v3	386e2ef0-8a53-4f88-b387-42b6f0baa41d	132092	1790065575
--Users-vito-data-dev-mumu--/389f9986-fe14-4b9b-b1e2-96533c148e3c/session.v3.jsonl.zstd	v3	389f9986-fe14-4b9b-b1e2-96533c148e3c	718808	1789754300
--Users-vito-data-dev-mumu--/390fb46d-70b5-4cc8-ad46-f4ba20f158f6/session.v3.jsonl.zstd	v3	390fb46d-70b5-4cc8-ad46-f4ba20f158f6	414480	1789750539
--Users-vito-data-dev-mumu--/391ca673-dfd1-458a-b6bc-200d50f37341/session.v3.jsonl.zstd	v3	391ca673-dfd1-458a-b6bc-200d50f37341	144619	1790265805
--Users-vito-data-dev-mumu--/3999cced-494d-4845-90ea-185ed9363c2a/session.v3.jsonl.zstd	v3	3999cced-494d-4845-90ea-185ed9363c2a	9096	1790265455
--Users-vito-data-dev-mumu--/399be4a6-bb7b-42ff-bd22-5cd24d4831d2/session.v3.jsonl.zstd	v3	399be4a6-bb7b-42ff-bd22-5cd24d4831d2	792063	1790311948
--Users-vito-data-dev-mumu--/3a205f9e-c8bc-4ddd-91ea-42eea0564066/session.v3.jsonl.zstd	v3	3a205f9e-c8bc-4ddd-91ea-42eea0564066	274768	1790320164
--Users-vito-data-dev-mumu--/3a2b4ace-8a64-4018-9ceb-2063472e41ae/session.v3.jsonl.zstd	v3	3a2b4ace-8a64-4018-9ceb-2063472e41ae	26221	1790066456
--Users-vito-data-dev-mumu--/3b0fd34d-1bb3-4623-9ed3-450b6463a54b/session.v3.jsonl.zstd	v3	3b0fd34d-1bb3-4623-9ed3-450b6463a54b	625873	1790321715
--Users-vito-data-dev-mumu--/3b98b2a1-a582-4ed2-84ae-a302b856a6f6/session.v3.jsonl.zstd	v3	3b98b2a1-a582-4ed2-84ae-a302b856a6f6	80545	1790067059
--Users-vito-data-dev-mumu--/3c083db1-7875-44e5-978d-4adac93c020e/session.v3.jsonl.zstd	v3	3c083db1-7875-44e5-978d-4adac93c020e	42271	1790173437
--Users-vito-data-dev-mumu--/3cb7b157-1f14-44a7-b7cc-d3e90c18f982/session.v3.jsonl.zstd	v3	3cb7b157-1f14-44a7-b7cc-d3e90c18f982	727202	1790004420
--Users-vito-data-dev-mumu--/3d5b31b5-e6ce-42f8-97f5-888373c2c892/session.v3.jsonl.zstd	v3	3d5b31b5-e6ce-42f8-97f5-888373c2c892	16515	1790065978
--Users-vito-data-dev-mumu--/3e271966-5c4e-4d38-bd38-8d47cd58a236/session.v3.jsonl.zstd	v3	3e271966-5c4e-4d38-bd38-8d47cd58a236	341945	1789960911
--Users-vito-data-dev-mumu--/3e82bacc-0732-4fd0-94f1-c27bce8b6b4b/session.v3.jsonl.zstd	v3	3e82bacc-0732-4fd0-94f1-c27bce8b6b4b	96931	1790066760
--Users-vito-data-dev-mumu--/3f2560e5-56f2-4ffd-9935-28f45e3e0b6e/session.v3.jsonl.zstd	v3	3f2560e5-56f2-4ffd-9935-28f45e3e0b6e	21938	1790067077
--Users-vito-data-dev-mumu--/3f4defdb-6d2f-4cf4-8050-e2e4a38da928/session.v3.jsonl.zstd	v3	3f4defdb-6d2f-4cf4-8050-e2e4a38da928	384722	1789716343
--Users-vito-data-dev-mumu--/3fa1202a-5f40-4fc4-a9cd-1910642e63ef/session.v3.jsonl.zstd	v3	3fa1202a-5f40-4fc4-a9cd-1910642e63ef	111869	1790066484
--Users-vito-data-dev-mumu--/401d8075-42e8-4e3b-8a9d-038b7ac7238b/session.v3.jsonl.zstd	v3	401d8075-42e8-4e3b-8a9d-038b7ac7238b	1037802	1790006448
--Users-vito-data-dev-mumu--/407b5061-dc84-4a83-8863-31e81aa8553e/session.v3.jsonl.zstd	v3	407b5061-dc84-4a83-8863-31e81aa8553e	273706	1789461305
--Users-vito-data-dev-mumu--/412567a8-f042-4d73-8f8f-3274d5a850ef/session.v3.jsonl.zstd	v3	412567a8-f042-4d73-8f8f-3274d5a850ef	882981	1790269161
--Users-vito-data-dev-mumu--/412e23ef-44bf-423d-9305-9162c871978a/session.v3.jsonl.zstd	v3	412e23ef-44bf-423d-9305-9162c871978a	262113	1790266988
--Users-vito-data-dev-mumu--/41ea5fed-6e96-46e0-bf33-d220099dce0e/session.v3.jsonl.zstd	v3	41ea5fed-6e96-46e0-bf33-d220099dce0e	517377	1789627539
--Users-vito-data-dev-mumu--/4243eb66-e046-4361-b49c-24de3a4c5d9f/session.v3.jsonl.zstd	v3	4243eb66-e046-4361-b49c-24de3a4c5d9f	80014	1790066786
--Users-vito-data-dev-mumu--/43936ca5-69ce-4da1-b607-7b7248672456/session.v3.jsonl.zstd	v3	43936ca5-69ce-4da1-b607-7b7248672456	217348	1790013829
--Users-vito-data-dev-mumu--/44b43f3d-29e0-4593-aaf3-38c2c3bf00f5/session.v3.jsonl.zstd	v3	44b43f3d-29e0-4593-aaf3-38c2c3bf00f5	233384	1789995447
--Users-vito-data-dev-mumu--/44d6c6f5-4085-4d7d-bc40-06a2587f6192/session.v3.jsonl.zstd	v3	44d6c6f5-4085-4d7d-bc40-06a2587f6192	410805	1789999565
--Users-vito-data-dev-mumu--/44f873e0-5f42-456f-b297-5d239067de21/session.v3.jsonl.zstd	v3	44f873e0-5f42-456f-b297-5d239067de21	38053	1790182635
--Users-vito-data-dev-mumu--/451d7954-185f-41bf-b3cd-5b3c4fac953e/session.v3.jsonl.zstd	v3	451d7954-185f-41bf-b3cd-5b3c4fac953e	414372	1790013448
--Users-vito-data-dev-mumu--/45a47c4a-4976-4759-86fd-41b1200b053d/session.v3.jsonl.zstd	v3	45a47c4a-4976-4759-86fd-41b1200b053d	541252	1789959533
--Users-vito-data-dev-mumu--/467f0628-6f55-449f-b758-e409795e780d/session.v3.jsonl.zstd	v3	467f0628-6f55-449f-b758-e409795e780d	487862	1789962850
--Users-vito-data-dev-mumu--/47901e04-ff7d-489c-b2bc-351c99acb81b/session.v3.jsonl.zstd	v3	47901e04-ff7d-489c-b2bc-351c99acb81b	98204	1790066177
--Users-vito-data-dev-mumu--/48ca4b20-3802-45e6-8887-f1a90b9d9ee9/session.v3.jsonl.zstd	v3	48ca4b20-3802-45e6-8887-f1a90b9d9ee9	576546	1790264929
--Users-vito-data-dev-mumu--/48f6c7c4-ce8b-4d62-b390-efc9c428608f/session.v3.jsonl.zstd	v3	48f6c7c4-ce8b-4d62-b390-efc9c428608f	801377	1790002401
--Users-vito-data-dev-mumu--/495fd235-5788-47e9-adef-81dd842dcc68/session.v3.jsonl.zstd	v3	495fd235-5788-47e9-adef-81dd842dcc68	45633	1790066512
--Users-vito-data-dev-mumu--/4adc9606-ab18-4230-9e9a-155725a781b6/session.v3.jsonl.zstd	v3	4adc9606-ab18-4230-9e9a-155725a781b6	780948	1789731693
--Users-vito-data-dev-mumu--/4af0011e-68cd-41cd-8c5f-67b97a353e21/session.v3.jsonl.zstd	v3	4af0011e-68cd-41cd-8c5f-67b97a353e21	304089	1790012448
--Users-vito-data-dev-mumu--/4bc12a09-660c-49e1-b2ab-9366d8509862/session.v3.jsonl.zstd	v3	4bc12a09-660c-49e1-b2ab-9366d8509862	218606	1790238064
--Users-vito-data-dev-mumu--/4c3485b1-d807-4d19-9dc6-a28c949a726a/session.v3.jsonl.zstd	v3	4c3485b1-d807-4d19-9dc6-a28c949a726a	152560	1790067202
--Users-vito-data-dev-mumu--/5031048c-d073-41db-8527-e3e4a15ea2e9/session.v3.jsonl.zstd	v3	5031048c-d073-41db-8527-e3e4a15ea2e9	13713	1789909446
--Users-vito-data-dev-mumu--/51b60523-d196-4a84-84ea-57221aeadc90/session.v3.jsonl.zstd	v3	51b60523-d196-4a84-84ea-57221aeadc90	153477	1790066842
--Users-vito-data-dev-mumu--/52b0c255-8b06-4203-986b-28f32cf512da/session.v3.jsonl.zstd	v3	52b0c255-8b06-4203-986b-28f32cf512da	191523	1789982303
--Users-vito-data-dev-mumu--/52e8e3cd-6526-441a-82bd-0a393a521df1/session.v3.jsonl.zstd	v3	52e8e3cd-6526-441a-82bd-0a393a521df1	46673	1790169377
--Users-vito-data-dev-mumu--/534ea64e-7c1d-40a6-b129-4cf3a326eebd/session.v3.jsonl.zstd	v3	534ea64e-7c1d-40a6-b129-4cf3a326eebd	41021	1790171364
--Users-vito-data-dev-mumu--/537de7bf-6085-420d-af2d-462876b4996a/session.v3.jsonl.zstd	v3	537de7bf-6085-420d-af2d-462876b4996a	37872	1790177776
--Users-vito-data-dev-mumu--/538459cd-2971-4adb-aaa8-5a59b25c8daa/session.v3.jsonl.zstd	v3	538459cd-2971-4adb-aaa8-5a59b25c8daa	447910	1789838182
--Users-vito-data-dev-mumu--/539ecb4f-a028-4017-b0fb-5cb08bce684a/session.v3.jsonl.zstd	v3	539ecb4f-a028-4017-b0fb-5cb08bce684a	204683	1789649891
--Users-vito-data-dev-mumu--/54665e5e-2a67-4b92-9e9e-36bf84891523/session.v3.jsonl.zstd	v3	54665e5e-2a67-4b92-9e9e-36bf84891523	196367	1790067211
--Users-vito-data-dev-mumu--/5671d4ec-27f7-4e31-b56e-d1bd50ff76df/session.v3.jsonl.zstd	v3	5671d4ec-27f7-4e31-b56e-d1bd50ff76df	1172087	1789909427
--Users-vito-data-dev-mumu--/56a88be7-23f1-44f4-993a-dd51515412e9/session.v3.jsonl.zstd	v3	56a88be7-23f1-44f4-993a-dd51515412e9	555779	1789748319
--Users-vito-data-dev-mumu--/574f0da2-5c22-4505-beb4-3ed912bead03/session.v3.jsonl.zstd	v3	574f0da2-5c22-4505-beb4-3ed912bead03	812067	1790004507
--Users-vito-data-dev-mumu--/57890f66-adbf-4235-9ddb-2ec37ddf8922/session.v3.jsonl.zstd	v3	57890f66-adbf-4235-9ddb-2ec37ddf8922	43619	1790177697
--Users-vito-data-dev-mumu--/57af16b1-aa87-49dc-89e7-675a9decba07/session.v3.jsonl.zstd	v3	57af16b1-aa87-49dc-89e7-675a9decba07	36685	1790164827
--Users-vito-data-dev-mumu--/587bb24e-251b-4561-9ff3-2239a18449f6/session.v3.jsonl.zstd	v3	587bb24e-251b-4561-9ff3-2239a18449f6	515320	1790270529
--Users-vito-data-dev-mumu--/5977ffde-8a05-47d5-98d4-0bfe497de0a2/session.v3.jsonl.zstd	v3	5977ffde-8a05-47d5-98d4-0bfe497de0a2	137662	1790066533
--Users-vito-data-dev-mumu--/597e1c77-51ed-4088-a1b8-a32bccbacd78/session.v3.jsonl.zstd	v3	597e1c77-51ed-4088-a1b8-a32bccbacd78	242264	1789984770
--Users-vito-data-dev-mumu--/59b9fc71-a443-4850-b737-83dbe7378b92/session.v3.jsonl.zstd	v3	59b9fc71-a443-4850-b737-83dbe7378b92	520760	1790170902
--Users-vito-data-dev-mumu--/59d8fdaf-8e22-4eae-ba04-c6fe3de84e0c/session.v3.jsonl.zstd	v3	59d8fdaf-8e22-4eae-ba04-c6fe3de84e0c	48675	1790165937
--Users-vito-data-dev-mumu--/59f16d4a-4eab-4ac9-9c77-c4f2c1619414/session.v3.jsonl.zstd	v3	59f16d4a-4eab-4ac9-9c77-c4f2c1619414	54538	1790066041
--Users-vito-data-dev-mumu--/5a27ed65-954c-4ba5-9eb2-35a9f7f57fec/session.v3.jsonl.zstd	v3	5a27ed65-954c-4ba5-9eb2-35a9f7f57fec	66828	1790221774
--Users-vito-data-dev-mumu--/5a7bd767-658c-43db-8333-8fdf84d1322a/session.v3.jsonl.zstd	v3	5a7bd767-658c-43db-8333-8fdf84d1322a	200318	1789637478
--Users-vito-data-dev-mumu--/5b368389-2b0b-4229-9204-19cf1cf556ce/session.v3.jsonl.zstd	v3	5b368389-2b0b-4229-9204-19cf1cf556ce	43160	1790220042
--Users-vito-data-dev-mumu--/5bf29bb8-8fec-4de4-91c5-8111542d67f2/session.v3.jsonl.zstd	v3	5bf29bb8-8fec-4de4-91c5-8111542d67f2	124738	1789703011
--Users-vito-data-dev-mumu--/5cd178c6-d536-4af0-a509-6e027921ae0a/session.v3.jsonl.zstd	v3	5cd178c6-d536-4af0-a509-6e027921ae0a	328205	1790013332
--Users-vito-data-dev-mumu--/5cdedb3b-36f0-45dd-8c0d-a1f1ba9fdbdc/session.v3.jsonl.zstd	v3	5cdedb3b-36f0-45dd-8c0d-a1f1ba9fdbdc	39028	1790171610
--Users-vito-data-dev-mumu--/5d2ffefc-7d34-43f9-b504-cf2c20aa6ac1/session.v3.jsonl.zstd	v3	5d2ffefc-7d34-43f9-b504-cf2c20aa6ac1	194381	1790012961
--Users-vito-data-dev-mumu--/5e9400ec-eb0a-4bcd-ace9-95785824ecca/session.v3.jsonl.zstd	v3	5e9400ec-eb0a-4bcd-ace9-95785824ecca	54669	1790066809
--Users-vito-data-dev-mumu--/5edac383-8c6b-4661-9808-4a9dddb2f967/session.v3.jsonl.zstd	v3	5edac383-8c6b-4661-9808-4a9dddb2f967	152348	1790012472
--Users-vito-data-dev-mumu--/5efc7f2c-5c2c-4675-99f6-46dbae5737ca/session.v3.jsonl.zstd	v3	5efc7f2c-5c2c-4675-99f6-46dbae5737ca	13250	1789997308
--Users-vito-data-dev-mumu--/5f96559a-62ed-462c-8229-b7fa917e88ce/session.v3.jsonl.zstd	v3	5f96559a-62ed-462c-8229-b7fa917e88ce	58312	1790179519
--Users-vito-data-dev-mumu--/5fdaf9e5-f2f1-4169-a431-e0a4f0e0f8ef/session.v3.jsonl.zstd	v3	5fdaf9e5-f2f1-4169-a431-e0a4f0e0f8ef	957127	1790265233
--Users-vito-data-dev-mumu--/6096c12d-8efb-4e52-a53e-cf078143ed4a/session.v3.jsonl.zstd	v3	6096c12d-8efb-4e52-a53e-cf078143ed4a	815290	1790312677
--Users-vito-data-dev-mumu--/60df8a1f-a1a4-42d4-b6e8-f44b51b5b07d/session.v3.jsonl.zstd	v3	60df8a1f-a1a4-42d4-b6e8-f44b51b5b07d	165197	1790066856
--Users-vito-data-dev-mumu--/61a16bdd-01ab-404e-ab97-953fc56eed35/session.v3.jsonl.zstd	v3	61a16bdd-01ab-404e-ab97-953fc56eed35	664282	1789758077
--Users-vito-data-dev-mumu--/621bf711-a818-427e-b02a-bfefea212aef/session.v3.jsonl.zstd	v3	621bf711-a818-427e-b02a-bfefea212aef	66968	1790242373
--Users-vito-data-dev-mumu--/628a04de-4fd3-4a89-bd39-1b640c5331a0/session.v3.jsonl.zstd	v3	628a04de-4fd3-4a89-bd39-1b640c5331a0	37702	1790231321
--Users-vito-data-dev-mumu--/631d9506-1826-4641-b06a-f54a0aafaf98/session.v3.jsonl.zstd	v3	631d9506-1826-4641-b06a-f54a0aafaf98	249094	1789637530
--Users-vito-data-dev-mumu--/63534785-aaac-4f25-8c2d-3525008ff2d2/session.v3.jsonl.zstd	v3	63534785-aaac-4f25-8c2d-3525008ff2d2	708907	1790011024
--Users-vito-data-dev-mumu--/63543b1e-4cf5-41eb-abb7-bd4b8a4f695d/session.v3.jsonl.zstd	v3	63543b1e-4cf5-41eb-abb7-bd4b8a4f695d	81303	1790067056
--Users-vito-data-dev-mumu--/6397ec4c-321f-4301-97e6-ff4c7d188a02/session.v3.jsonl.zstd	v3	6397ec4c-321f-4301-97e6-ff4c7d188a02	44668	1790181338
--Users-vito-data-dev-mumu--/64f527df-f032-457e-9ab8-874218363d73/session.v3.jsonl.zstd	v3	64f527df-f032-457e-9ab8-874218363d73	818924	1790002289
--Users-vito-data-dev-mumu--/64f6577a-9eb7-4495-a8a0-87a7bdb1eab6/session.v3.jsonl.zstd	v3	64f6577a-9eb7-4495-a8a0-87a7bdb1eab6	150640	1790066126
--Users-vito-data-dev-mumu--/65968390-3872-49a8-8268-8be3fbac4c17/session.v3.jsonl.zstd	v3	65968390-3872-49a8-8268-8be3fbac4c17	274584	1790012638
--Users-vito-data-dev-mumu--/679a7755-4c89-425f-b0cc-b1394d145ee2/session.v3.jsonl.zstd	v3	679a7755-4c89-425f-b0cc-b1394d145ee2	61680	1790164658
--Users-vito-data-dev-mumu--/68000d79-de0c-467c-b6b4-6e309895e073/session.v3.jsonl.zstd	v3	68000d79-de0c-467c-b6b4-6e309895e073	353449	1789641046
--Users-vito-data-dev-mumu--/68366071-b4f9-4b8c-bd38-4643b8cd4f80/session.v3.jsonl.zstd	v3	68366071-b4f9-4b8c-bd38-4643b8cd4f80	203748	1790012297
--Users-vito-data-dev-mumu--/6995cd51-5c13-42d3-93ed-89eb2f46409f/session.v3.jsonl.zstd	v3	6995cd51-5c13-42d3-93ed-89eb2f46409f	316677	1789961560
--Users-vito-data-dev-mumu--/6a68a498-e68f-4970-9eaf-af88a37e3ea0/session.v3.jsonl.zstd	v3	6a68a498-e68f-4970-9eaf-af88a37e3ea0	255048	1790011639
--Users-vito-data-dev-mumu--/6a849473-56ef-40d0-b4cc-f5267489503e/session.v3.jsonl.zstd	v3	6a849473-56ef-40d0-b4cc-f5267489503e	39564	1790170625
--Users-vito-data-dev-mumu--/6ab59d12-3200-4dca-8ccc-15c4caeec450/session.v3.jsonl.zstd	v3	6ab59d12-3200-4dca-8ccc-15c4caeec450	42671	1790183240
--Users-vito-data-dev-mumu--/6ad5cbb8-b948-4533-bad4-9adb581114c2/session.v3.jsonl.zstd	v3	6ad5cbb8-b948-4533-bad4-9adb581114c2	50860	1790220416
--Users-vito-data-dev-mumu--/6adc6640-5359-433d-a105-aae153e1dc41/session.v3.jsonl.zstd	v3	6adc6640-5359-433d-a105-aae153e1dc41	300084	1789962504
--Users-vito-data-dev-mumu--/6ba927a9-7c2f-4b79-8387-71c7929b7e55/session.v3.jsonl.zstd	v3	6ba927a9-7c2f-4b79-8387-71c7929b7e55	48748	1790221667
--Users-vito-data-dev-mumu--/6d2b3e09-841b-4305-aa9a-a0a6209a9cba/session.v3.jsonl.zstd	v3	6d2b3e09-841b-4305-aa9a-a0a6209a9cba	186540	1790012835
--Users-vito-data-dev-mumu--/6d4bc58f-8665-4572-a12d-be3d09db0410/session.v3.jsonl.zstd	v3	6d4bc58f-8665-4572-a12d-be3d09db0410	1091835	1789916062
--Users-vito-data-dev-mumu--/6de00f6d-3596-479b-a990-f8af3b4ddda5/session.v3.jsonl.zstd	v3	6de00f6d-3596-479b-a990-f8af3b4ddda5	287761	1790065833
--Users-vito-data-dev-mumu--/6e85c535-ee44-4a4d-983e-f0875a4cce1c/session.v3.jsonl.zstd	v3	6e85c535-ee44-4a4d-983e-f0875a4cce1c	77637	1790067269
--Users-vito-data-dev-mumu--/6e87d4af-dbf0-4d81-b47c-c21bf9bada09/session.v3.jsonl.zstd	v3	6e87d4af-dbf0-4d81-b47c-c21bf9bada09	43999	1790221634
--Users-vito-data-dev-mumu--/6ee23a1a-23c8-4b3e-b1cf-065bd2694d47/session.v3.jsonl.zstd	v3	6ee23a1a-23c8-4b3e-b1cf-065bd2694d47	764399	1789715678
--Users-vito-data-dev-mumu--/6f0d52fb-c1ee-4632-a575-0d4d8bf8e166/session.v3.jsonl.zstd	v3	6f0d52fb-c1ee-4632-a575-0d4d8bf8e166	209197	1789701225
--Users-vito-data-dev-mumu--/6f8a00b5-5f7d-48d7-bb5b-692f0910311a/session.v3.jsonl.zstd	v3	6f8a00b5-5f7d-48d7-bb5b-692f0910311a	473510	1789733671
--Users-vito-data-dev-mumu--/6fe71135-d464-4132-87c6-247ff30572c5/session.v3.jsonl.zstd	v3	6fe71135-d464-4132-87c6-247ff30572c5	50618	1790221509
--Users-vito-data-dev-mumu--/7000f229-f243-4d3a-a6c3-a3ba905104e6/session.v3.jsonl.zstd	v3	7000f229-f243-4d3a-a6c3-a3ba905104e6	43684	1790170214
--Users-vito-data-dev-mumu--/704a98d5-8490-4393-beb0-5863401fbc20/session.v3.jsonl.zstd	v3	704a98d5-8490-4393-beb0-5863401fbc20	560113	1790337118
--Users-vito-data-dev-mumu--/706cad37-930d-441a-8dca-ce4739649c88/session.v3.jsonl.zstd	v3	706cad37-930d-441a-8dca-ce4739649c88	721943	1789995447
--Users-vito-data-dev-mumu--/708606fb-61a0-4075-9c1f-b06301c8b75b/session.v3.jsonl.zstd	v3	708606fb-61a0-4075-9c1f-b06301c8b75b	27761	1790061312
--Users-vito-data-dev-mumu--/70d326c0-9447-46af-aa42-a72e8743cb06/session.v3.jsonl.zstd	v3	70d326c0-9447-46af-aa42-a72e8743cb06	13345	1789725834
--Users-vito-data-dev-mumu--/70f23446-2374-493f-b704-c9082288dee9/session.v3.jsonl.zstd	v3	70f23446-2374-493f-b704-c9082288dee9	1032071	1790179537
--Users-vito-data-dev-mumu--/71306213-1997-4c10-9c80-9795f265bac9/session.v3.jsonl.zstd	v3	71306213-1997-4c10-9c80-9795f265bac9	854412	1790312778
--Users-vito-data-dev-mumu--/7185f6be-0408-4cc0-8361-b6b7aefcd0c7/session.v3.jsonl.zstd	v3	7185f6be-0408-4cc0-8361-b6b7aefcd0c7	423144	1790305475
--Users-vito-data-dev-mumu--/71f32b08-1dbb-47ec-89f1-fda5fe4fc1fb/session.v3.jsonl.zstd	v3	71f32b08-1dbb-47ec-89f1-fda5fe4fc1fb	157450	1790065558
--Users-vito-data-dev-mumu--/72213057-39c0-4db6-abdd-044b1c5942a0/session.v3.jsonl.zstd	v3	72213057-39c0-4db6-abdd-044b1c5942a0	83584	1790065502
--Users-vito-data-dev-mumu--/72596554-9a4f-42e2-aace-4d39b678477e/session.v3.jsonl.zstd	v3	72596554-9a4f-42e2-aace-4d39b678477e	323036	1789979815
--Users-vito-data-dev-mumu--/72dd314a-de36-4d2b-ad55-7567ac3279f6/session.v3.jsonl.zstd	v3	72dd314a-de36-4d2b-ad55-7567ac3279f6	168539	1789703047
--Users-vito-data-dev-mumu--/72ee5db4-4391-456a-b39b-9ad8df4225b8/session.v3.jsonl.zstd	v3	72ee5db4-4391-456a-b39b-9ad8df4225b8	49869	1789913912
--Users-vito-data-dev-mumu--/74897c08-ec82-4936-b987-256e33f9cf0e/session.v3.jsonl.zstd	v3	74897c08-ec82-4936-b987-256e33f9cf0e	24266	1790170544
--Users-vito-data-dev-mumu--/759f8878-939a-4413-b730-3096d3b589de/session.v3.jsonl.zstd	v3	759f8878-939a-4413-b730-3096d3b589de	267436	1789690246
--Users-vito-data-dev-mumu--/75c3529f-49f9-4be2-abb7-fb08362e561c/session.v3.jsonl.zstd	v3	75c3529f-49f9-4be2-abb7-fb08362e561c	151616	1789990784
--Users-vito-data-dev-mumu--/760e2e5c-a584-42a6-b9d6-381ac6457402/session.v3.jsonl.zstd	v3	760e2e5c-a584-42a6-b9d6-381ac6457402	256461	1789920222
--Users-vito-data-dev-mumu--/7675d572-c4e8-42d0-86b2-952115b8fe38/session.v3.jsonl.zstd	v3	7675d572-c4e8-42d0-86b2-952115b8fe38	39144	1790179800
--Users-vito-data-dev-mumu--/76a541bb-5f09-4a67-a3c5-5a8d3b635389/session.v3.jsonl.zstd	v3	76a541bb-5f09-4a67-a3c5-5a8d3b635389	152410	1790237974
--Users-vito-data-dev-mumu--/76afc5a3-f8a5-4e49-bfad-c127ecc118b2/session.v3.jsonl.zstd	v3	76afc5a3-f8a5-4e49-bfad-c127ecc118b2	44041	1790174583
--Users-vito-data-dev-mumu--/7714ef87-934d-452d-8dee-29f2a376359d/session.v3.jsonl.zstd	v3	7714ef87-934d-452d-8dee-29f2a376359d	1126231	1790269750
--Users-vito-data-dev-mumu--/771c8e81-f580-4b3e-a614-bada3763b0b6/session.v3.jsonl.zstd	v3	771c8e81-f580-4b3e-a614-bada3763b0b6	515042	1790170868
--Users-vito-data-dev-mumu--/77713c89-9704-456b-9497-a3acabb2be7b/session.v3.jsonl.zstd	v3	77713c89-9704-456b-9497-a3acabb2be7b	165204	1789984471
--Users-vito-data-dev-mumu--/78e43225-f4e0-4c25-8144-95384f085835/session.v3.jsonl.zstd	v3	78e43225-f4e0-4c25-8144-95384f085835	115593	1790011727
--Users-vito-data-dev-mumu--/79208ce5-ff60-4f3f-aaa7-b6d1ddfca7b2/session.v3.jsonl.zstd	v3	79208ce5-ff60-4f3f-aaa7-b6d1ddfca7b2	206486	1789634776
--Users-vito-data-dev-mumu--/7983cdb8-4d6e-4e53-82db-0409c0c7aedd/session.v3.jsonl.zstd	v3	7983cdb8-4d6e-4e53-82db-0409c0c7aedd	769015	1790265075
--Users-vito-data-dev-mumu--/79ba254f-eb2d-481b-ab32-8b5e6171de21/session.v3.jsonl.zstd	v3	79ba254f-eb2d-481b-ab32-8b5e6171de21	242669	1789964927
--Users-vito-data-dev-mumu--/7a9414a6-c391-42ac-86c1-233558e44fee/session.v3.jsonl.zstd	v3	7a9414a6-c391-42ac-86c1-233558e44fee	769494	1790000096
--Users-vito-data-dev-mumu--/7abea651-8046-43df-8637-babf0dcba706/session.v3.jsonl.zstd	v3	7abea651-8046-43df-8637-babf0dcba706	37444	1790164830
--Users-vito-data-dev-mumu--/7bd8cc5f-89a9-498c-a3e9-049370ef674b/session.v3.jsonl.zstd	v3	7bd8cc5f-89a9-498c-a3e9-049370ef674b	429261	1790011830
--Users-vito-data-dev-mumu--/7be0f5e2-492e-40e0-8d37-6e621857034d/session.v3.jsonl.zstd	v3	7be0f5e2-492e-40e0-8d37-6e621857034d	123057	1790182399
--Users-vito-data-dev-mumu--/7cbdecf6-88c6-40ee-aa8d-a0c508e478d0/session.v3.jsonl.zstd	v3	7cbdecf6-88c6-40ee-aa8d-a0c508e478d0	345419	1789751908
--Users-vito-data-dev-mumu--/7d846ce5-342e-4dee-a426-3ca5ced53e84/session.v3.jsonl.zstd	v3	7d846ce5-342e-4dee-a426-3ca5ced53e84	1372297	1789722725
--Users-vito-data-dev-mumu--/7e041915-c93a-40db-8cca-43b52be7ccde/session.v3.jsonl.zstd	v3	7e041915-c93a-40db-8cca-43b52be7ccde	48547	1790181409
--Users-vito-data-dev-mumu--/7ed4bb81-d041-4a0b-bb7c-026a040921c8/session.v3.jsonl.zstd	v3	7ed4bb81-d041-4a0b-bb7c-026a040921c8	86816	1790066014
--Users-vito-data-dev-mumu--/7ffc766a-f8ab-4224-8a3e-0a8e867c4adc/session.v3.jsonl.zstd	v3	7ffc766a-f8ab-4224-8a3e-0a8e867c4adc	805504	1789962729
--Users-vito-data-dev-mumu--/804bddc1-e46e-44b2-8918-2c036e22f047/session.v3.jsonl.zstd	v3	804bddc1-e46e-44b2-8918-2c036e22f047	38282	1790171472
--Users-vito-data-dev-mumu--/805015bc-311f-479d-8dd3-dbf0dca3c7c5/session.v3.jsonl.zstd	v3	805015bc-311f-479d-8dd3-dbf0dca3c7c5	23190	1790067050
--Users-vito-data-dev-mumu--/805272e5-2915-43b9-a4e5-cc01196cda72/session.v3.jsonl.zstd	v3	805272e5-2915-43b9-a4e5-cc01196cda72	236786	1790011627
--Users-vito-data-dev-mumu--/805e87c6-4d4c-4c4a-8de3-77d664f49bce/session.v3.jsonl.zstd	v3	805e87c6-4d4c-4c4a-8de3-77d664f49bce	43991	1790165236
--Users-vito-data-dev-mumu--/817210c1-e67f-4c2f-9b64-9083ca09f442/session.v3.jsonl.zstd	v3	817210c1-e67f-4c2f-9b64-9083ca09f442	275419	1789699246
--Users-vito-data-dev-mumu--/8189ab45-0556-43fa-af1f-21254c840615/session.v3.jsonl.zstd	v3	8189ab45-0556-43fa-af1f-21254c840615	394042	1790013441
--Users-vito-data-dev-mumu--/81b1f8ce-461c-4695-8f4a-aeefffac656f/session.v3.jsonl.zstd	v3	81b1f8ce-461c-4695-8f4a-aeefffac656f	780299	1789959956
--Users-vito-data-dev-mumu--/82e4ea9e-be4b-41b1-876f-71fe3ee2597f/session.v3.jsonl.zstd	v3	82e4ea9e-be4b-41b1-876f-71fe3ee2597f	1030886	1790179461
--Users-vito-data-dev-mumu--/82ff5f29-4d74-4c80-807b-89c6a9644259/session.v3.jsonl.zstd	v3	82ff5f29-4d74-4c80-807b-89c6a9644259	157357	1789691867
--Users-vito-data-dev-mumu--/835498d9-3443-4ab7-9174-80725aa0fdb4/session.v3.jsonl.zstd	v3	835498d9-3443-4ab7-9174-80725aa0fdb4	312490	1790313351
--Users-vito-data-dev-mumu--/83dd91e7-04a4-4d3a-97f7-83f027434446/session.v3.jsonl.zstd	v3	83dd91e7-04a4-4d3a-97f7-83f027434446	1020724	1790179476
--Users-vito-data-dev-mumu--/842b299d-985c-414b-a5a8-db7725b6111e/session.v3.jsonl.zstd	v3	842b299d-985c-414b-a5a8-db7725b6111e	206527	1789637452
--Users-vito-data-dev-mumu--/84ddc453-95da-4588-895e-a0bf83e47d0d/session.v3.jsonl.zstd	v3	84ddc453-95da-4588-895e-a0bf83e47d0d	47877	1790182689
--Users-vito-data-dev-mumu--/85f7f29f-ca40-4360-8c56-70613e0115c1/session.v3.jsonl.zstd	v3	85f7f29f-ca40-4360-8c56-70613e0115c1	150912	1790066600
--Users-vito-data-dev-mumu--/8612ecae-75ad-4a7e-8517-394039a80ec9/session.v3.jsonl.zstd	v3	8612ecae-75ad-4a7e-8517-394039a80ec9	554243	1790007084
--Users-vito-data-dev-mumu--/864e6ab1-3b48-4056-ad85-5a35e627afa9/session.v3.jsonl.zstd	v3	864e6ab1-3b48-4056-ad85-5a35e627afa9	524298	1790170857
--Users-vito-data-dev-mumu--/867c95b1-dc7c-4027-b6bc-e02122e47ebb/session.v3.jsonl.zstd	v3	867c95b1-dc7c-4027-b6bc-e02122e47ebb	599424	1789961902
--Users-vito-data-dev-mumu--/868ad557-51f4-4cc0-8d4a-8bf015892b44/session.v3.jsonl.zstd	v3	868ad557-51f4-4cc0-8d4a-8bf015892b44	316280	1789658055
--Users-vito-data-dev-mumu--/884fe4dc-774a-4c65-8928-4039a035079c/session.v3.jsonl.zstd	v3	884fe4dc-774a-4c65-8928-4039a035079c	41873	1790172728
--Users-vito-data-dev-mumu--/88627bc9-38c2-4bbe-919c-d31f6f4f610d/session.v3.jsonl.zstd	v3	88627bc9-38c2-4bbe-919c-d31f6f4f610d	1009976	1790011336
--Users-vito-data-dev-mumu--/889f92bb-dd01-4d2e-98c0-ec35bc1ea1de/session.v3.jsonl.zstd	v3	889f92bb-dd01-4d2e-98c0-ec35bc1ea1de	532466	1790007074
--Users-vito-data-dev-mumu--/88ad8045-c75e-41bd-b8a3-58125978e03a/session.v3.jsonl.zstd	v3	88ad8045-c75e-41bd-b8a3-58125978e03a	291237	1790012475
--Users-vito-data-dev-mumu--/88fd7f7b-2d38-44bd-b1b2-a910a50aa509/session.v3.jsonl.zstd	v3	88fd7f7b-2d38-44bd-b1b2-a910a50aa509	631468	1789924133
--Users-vito-data-dev-mumu--/890f9fc5-b695-4ebb-ab61-813206974129/session.v3.jsonl.zstd	v3	890f9fc5-b695-4ebb-ab61-813206974129	204462	1789836603
--Users-vito-data-dev-mumu--/89f586ac-e716-48ea-b073-ce59cc5da4e9/session.v3.jsonl.zstd	v3	89f586ac-e716-48ea-b073-ce59cc5da4e9	346080	1789658156
--Users-vito-data-dev-mumu--/8b510f3d-595f-4eff-a7cc-981c5ef7ab7f/session.v3.jsonl.zstd	v3	8b510f3d-595f-4eff-a7cc-981c5ef7ab7f	525763	1789749232
--Users-vito-data-dev-mumu--/8c02b652-a1e7-40a5-b5e7-5885de58572c/session.v3.jsonl.zstd	v3	8c02b652-a1e7-40a5-b5e7-5885de58572c	42150	1790220007
--Users-vito-data-dev-mumu--/8c231c28-6878-4d53-91db-684a62b1ef44/session.v3.jsonl.zstd	v3	8c231c28-6878-4d53-91db-684a62b1ef44	101936	1790066857
--Users-vito-data-dev-mumu--/8c5234b3-9467-497f-ab56-9923729331a7/session.v3.jsonl.zstd	v3	8c5234b3-9467-497f-ab56-9923729331a7	40246	1790180048
--Users-vito-data-dev-mumu--/8ca704c2-083b-4b9a-ac6e-ab7a889404b0/session.v3.jsonl.zstd	v3	8ca704c2-083b-4b9a-ac6e-ab7a889404b0	45281	1790221801
--Users-vito-data-dev-mumu--/8cec3ef8-b544-4cec-8b8d-e9bb5752f538/session.v3.jsonl.zstd	v3	8cec3ef8-b544-4cec-8b8d-e9bb5752f538	363269	1790043823
--Users-vito-data-dev-mumu--/8e128f53-8144-4266-bca3-2016ea0a5d08/session.v3.jsonl.zstd	v3	8e128f53-8144-4266-bca3-2016ea0a5d08	51636	1790181011
--Users-vito-data-dev-mumu--/8f2bd978-0035-4254-999d-44e1bfe87f3f/session.v3.jsonl.zstd	v3	8f2bd978-0035-4254-999d-44e1bfe87f3f	173508	1789644002
--Users-vito-data-dev-mumu--/8f4d3f1a-41b6-4ca9-ba7a-81361e8ff02b/session.v3.jsonl.zstd	v3	8f4d3f1a-41b6-4ca9-ba7a-81361e8ff02b	69133	1790060890
--Users-vito-data-dev-mumu--/90f87e57-2e81-4927-a12a-721fe5f56920/session.v3.jsonl.zstd	v3	90f87e57-2e81-4927-a12a-721fe5f56920	287453	1790011735
--Users-vito-data-dev-mumu--/915a6511-9534-4e7b-b409-890440731ce5/session.v3.jsonl.zstd	v3	915a6511-9534-4e7b-b409-890440731ce5	41380	1790182815
--Users-vito-data-dev-mumu--/92a7d4d7-11da-4ef0-a6b5-7d6e63773f6c/session.v3.jsonl.zstd	v3	92a7d4d7-11da-4ef0-a6b5-7d6e63773f6c	83650	1790065469
--Users-vito-data-dev-mumu--/92b3fd27-52e5-40c3-83c4-7d5d4457a550/session.v3.jsonl.zstd	v3	92b3fd27-52e5-40c3-83c4-7d5d4457a550	180206	1790066295
--Users-vito-data-dev-mumu--/92db7ab7-d4f2-4bb7-a86a-1a7cb2f0ead8/session.v3.jsonl.zstd	v3	92db7ab7-d4f2-4bb7-a86a-1a7cb2f0ead8	42995	1790182949
--Users-vito-data-dev-mumu--/93453f34-ec6e-4570-b103-b5e7784a76c1/session.v3.jsonl.zstd	v3	93453f34-ec6e-4570-b103-b5e7784a76c1	42282	1790178060
--Users-vito-data-dev-mumu--/93754582-5e1c-49f2-a450-a0693700a0f6/session.v3.jsonl.zstd	v3	93754582-5e1c-49f2-a450-a0693700a0f6	782299	1789919703
--Users-vito-data-dev-mumu--/94966c53-5ce8-4334-8d5d-cf00dabd6ae1/session.v3.jsonl.zstd	v3	94966c53-5ce8-4334-8d5d-cf00dabd6ae1	118365	1790070239
--Users-vito-data-dev-mumu--/94e0e41a-42d1-40a7-87ae-af4878d36df8/session.v3.jsonl.zstd	v3	94e0e41a-42d1-40a7-87ae-af4878d36df8	804521	1789995448
--Users-vito-data-dev-mumu--/95b1ea67-b945-4ba1-a951-6f74edf15adb/session.v3.jsonl.zstd	v3	95b1ea67-b945-4ba1-a951-6f74edf15adb	38732	1790183184
--Users-vito-data-dev-mumu--/96353192-0b96-4020-b101-cf5a3b4d889d/session.v3.jsonl.zstd	v3	96353192-0b96-4020-b101-cf5a3b4d889d	180295	1790012432
--Users-vito-data-dev-mumu--/96b35dbf-18ba-4d9a-a96c-008980d55b62/session.v3.jsonl.zstd	v3	96b35dbf-18ba-4d9a-a96c-008980d55b62	367608	1789722726
--Users-vito-data-dev-mumu--/96be33f3-8232-44ed-85b2-76b44cf30c2f/session.v3.jsonl.zstd	v3	96be33f3-8232-44ed-85b2-76b44cf30c2f	160974	1790046093
--Users-vito-data-dev-mumu--/97059afd-a228-4c0f-b630-08a59812fd4c/session.v3.jsonl.zstd	v3	97059afd-a228-4c0f-b630-08a59812fd4c	44276	1790169688
--Users-vito-data-dev-mumu--/9714f0f8-1352-4600-8453-b1fdbffb5897/session.v3.jsonl.zstd	v3	9714f0f8-1352-4600-8453-b1fdbffb5897	80024	1790066015
--Users-vito-data-dev-mumu--/97640917-8821-4337-a93c-d92693b568bc/session.v3.jsonl.zstd	v3	97640917-8821-4337-a93c-d92693b568bc	620722	1790334125
--Users-vito-data-dev-mumu--/97757949-f7d8-491a-8102-2944ae101039/session.v3.jsonl.zstd	v3	97757949-f7d8-491a-8102-2944ae101039	100099	1790065471
--Users-vito-data-dev-mumu--/97e556fd-f4a9-4f66-9113-6bef3ca6536a/session.v3.jsonl.zstd	v3	97e556fd-f4a9-4f66-9113-6bef3ca6536a	64222	1790173575
--Users-vito-data-dev-mumu--/97fe6822-cae0-4172-b499-96052e8f47ab/session.v3.jsonl.zstd	v3	97fe6822-cae0-4172-b499-96052e8f47ab	412957	1789962048
--Users-vito-data-dev-mumu--/995f4014-ef82-4d3a-b2ad-10608912b998/session.v3.jsonl.zstd	v3	995f4014-ef82-4d3a-b2ad-10608912b998	40871	1790165517
--Users-vito-data-dev-mumu--/997b17c3-4fcd-42a4-a4dc-1feed2b7819a/session.v3.jsonl.zstd	v3	997b17c3-4fcd-42a4-a4dc-1feed2b7819a	13835	1790067256
--Users-vito-data-dev-mumu--/9ac89aee-8c56-4f6d-8a58-cbd7edcf4777/session.v3.jsonl.zstd	v3	9ac89aee-8c56-4f6d-8a58-cbd7edcf4777	509837	1790007134
--Users-vito-data-dev-mumu--/9af8e86a-00a7-481f-904c-02522e792e01/session.v3.jsonl.zstd	v3	9af8e86a-00a7-481f-904c-02522e792e01	42807	1790170464
--Users-vito-data-dev-mumu--/9b519456-c9de-470b-a576-1a08e16c53d1/session.v3.jsonl.zstd	v3	9b519456-c9de-470b-a576-1a08e16c53d1	77030	1790060899
--Users-vito-data-dev-mumu--/9c36317c-daa8-454c-92ef-dd70c2f3c7c7/session.v3.jsonl.zstd	v3	9c36317c-daa8-454c-92ef-dd70c2f3c7c7	718997	1789743389
--Users-vito-data-dev-mumu--/9c5d688a-8e79-40f4-9e69-e7df8d368a6d/session.v3.jsonl.zstd	v3	9c5d688a-8e79-40f4-9e69-e7df8d368a6d	46690	1790173653
--Users-vito-data-dev-mumu--/9cfadeac-8bde-4e83-85cc-a917722c2bbf/session.v3.jsonl.zstd	v3	9cfadeac-8bde-4e83-85cc-a917722c2bbf	41749	1790174277
--Users-vito-data-dev-mumu--/9d172705-9d82-4c74-8644-0b21eb5fc8e9/session.v3.jsonl.zstd	v3	9d172705-9d82-4c74-8644-0b21eb5fc8e9	87543	1790059947
--Users-vito-data-dev-mumu--/9d6b7833-20df-48c1-80c1-37fd340e9c46/session.v3.jsonl.zstd	v3	9d6b7833-20df-48c1-80c1-37fd340e9c46	163910	1789690167
--Users-vito-data-dev-mumu--/9d8436ee-2416-422d-b0b3-764038a2ff54/session.v3.jsonl.zstd	v3	9d8436ee-2416-422d-b0b3-764038a2ff54	38820	1790180021
--Users-vito-data-dev-mumu--/9d8905fb-4a32-4475-834e-25fc509f047e/session.v3.jsonl.zstd	v3	9d8905fb-4a32-4475-834e-25fc509f047e	1025451	1789719293
--Users-vito-data-dev-mumu--/9e1e59cc-2ae8-4904-89b4-a60218eef3af/session.v3.jsonl.zstd	v3	9e1e59cc-2ae8-4904-89b4-a60218eef3af	1139190	1790182652
--Users-vito-data-dev-mumu--/9e3f7903-4bc9-4aa7-af00-57a1b8be2c23/session.v3.jsonl.zstd	v3	9e3f7903-4bc9-4aa7-af00-57a1b8be2c23	535148	1789961815
--Users-vito-data-dev-mumu--/9f80efde-413a-4908-92a8-77cac4c4940d/session.v3.jsonl.zstd	v3	9f80efde-413a-4908-92a8-77cac4c4940d	528660	1790269690
--Users-vito-data-dev-mumu--/9f98c809-34c4-4055-b2dd-55bb3c9c666a/session.v3.jsonl.zstd	v3	9f98c809-34c4-4055-b2dd-55bb3c9c666a	423873	1789635041
--Users-vito-data-dev-mumu--/a0162cfd-cb3d-46c2-bf47-e5550a7a0b72/session.v3.jsonl.zstd	v3	a0162cfd-cb3d-46c2-bf47-e5550a7a0b72	1019735	1790313581
--Users-vito-data-dev-mumu--/a1d1cbfa-fb6c-4823-888a-4870ef8cc3b6/session.v3.jsonl.zstd	v3	a1d1cbfa-fb6c-4823-888a-4870ef8cc3b6	191525	1790066549
--Users-vito-data-dev-mumu--/a296833a-0ce4-4379-963b-3837fb5ac314/session.v3.jsonl.zstd	v3	a296833a-0ce4-4379-963b-3837fb5ac314	44024	1790180652
--Users-vito-data-dev-mumu--/a2971beb-f9cc-4493-8593-aadfff44bf06/session.v3.jsonl.zstd	v3	a2971beb-f9cc-4493-8593-aadfff44bf06	703349	1790306056
--Users-vito-data-dev-mumu--/a37f1be0-737e-4d08-84f9-5afa858abf45/session.v3.jsonl.zstd	v3	a37f1be0-737e-4d08-84f9-5afa858abf45	830134	1789960286
--Users-vito-data-dev-mumu--/a3f2d8d9-b508-4b7d-94f7-daa7f8c228a8/session.v3.jsonl.zstd	v3	a3f2d8d9-b508-4b7d-94f7-daa7f8c228a8	754383	1789995447
--Users-vito-data-dev-mumu--/a42fd75e-2b01-4b5b-b1b0-c7bcfac8eea5/session.v3.jsonl.zstd	v3	a42fd75e-2b01-4b5b-b1b0-c7bcfac8eea5	36340	1790164829
--Users-vito-data-dev-mumu--/a44fafbf-58d7-475c-b5ee-e4f58797eafb/session.v3.jsonl.zstd	v3	a44fafbf-58d7-475c-b5ee-e4f58797eafb	381600	1789984905
--Users-vito-data-dev-mumu--/a46b4ea5-a9c7-4f5c-9eb3-51a1855726e2/session.v3.jsonl.zstd	v3	a46b4ea5-a9c7-4f5c-9eb3-51a1855726e2	131800	1790065600
--Users-vito-data-dev-mumu--/a49cd11d-1685-4705-8657-5a0493eff4b0/session.v3.jsonl.zstd	v3	a49cd11d-1685-4705-8657-5a0493eff4b0	235132	1790065620
--Users-vito-data-dev-mumu--/a4ff3503-9517-4d6e-81e4-9f15a1f8a47e/session.v3.jsonl.zstd	v3	a4ff3503-9517-4d6e-81e4-9f15a1f8a47e	48108	1790170893
--Users-vito-data-dev-mumu--/a5b8e08e-b752-44a7-bda1-7a3ac9c2b890/session.v3.jsonl.zstd	v3	a5b8e08e-b752-44a7-bda1-7a3ac9c2b890	629781	1790330100
--Users-vito-data-dev-mumu--/a5e659f3-5971-4f25-a27f-71266503ac88/session.v3.jsonl.zstd	v3	a5e659f3-5971-4f25-a27f-71266503ac88	140100	1790011776
--Users-vito-data-dev-mumu--/a6d42491-8654-43ba-85e7-1156b81ed1db/session.v3.jsonl.zstd	v3	a6d42491-8654-43ba-85e7-1156b81ed1db	439492	1790013461
--Users-vito-data-dev-mumu--/a831f7e0-dc83-48ba-995a-9244975fc9d1/session.v3.jsonl.zstd	v3	a831f7e0-dc83-48ba-995a-9244975fc9d1	39585	1790221601
--Users-vito-data-dev-mumu--/a8d29d28-cf5d-4126-b0d3-bcec021c1214/session.v3.jsonl.zstd	v3	a8d29d28-cf5d-4126-b0d3-bcec021c1214	597041	1789751387
--Users-vito-data-dev-mumu--/a9ca263f-d606-4967-8267-e8d7bd73611e/session.v3.jsonl.zstd	v3	a9ca263f-d606-4967-8267-e8d7bd73611e	398036	1790012124
--Users-vito-data-dev-mumu--/aa1703c3-ac18-4b45-868a-24508ca36add/session.v3.jsonl.zstd	v3	aa1703c3-ac18-4b45-868a-24508ca36add	977712	1790002940
--Users-vito-data-dev-mumu--/aa2527ae-2211-4260-8720-4cc5ad4f43ad/session.v3.jsonl.zstd	v3	aa2527ae-2211-4260-8720-4cc5ad4f43ad	42869	1790169827
--Users-vito-data-dev-mumu--/aa609372-80f4-40b1-8ed2-871644ed62e0/session.v3.jsonl.zstd	v3	aa609372-80f4-40b1-8ed2-871644ed62e0	188431	1789647648
--Users-vito-data-dev-mumu--/ab008858-942b-45ea-93db-42e211ac0a14/session.v3.jsonl.zstd	v3	ab008858-942b-45ea-93db-42e211ac0a14	458864	1790269914
--Users-vito-data-dev-mumu--/ab898202-b326-48f7-83e8-4b52b669f4e6/session.v3.jsonl.zstd	v3	ab898202-b326-48f7-83e8-4b52b669f4e6	333669	1789660396
--Users-vito-data-dev-mumu--/ab90044b-9818-4e54-b638-6602d0dad3dc/session.v3.jsonl.zstd	v3	ab90044b-9818-4e54-b638-6602d0dad3dc	699545	1789990472
--Users-vito-data-dev-mumu--/abb1fc7f-62fd-4a7f-aea5-abe2c3170b72/session.v3.jsonl.zstd	v3	abb1fc7f-62fd-4a7f-aea5-abe2c3170b72	44427	1790231260
--Users-vito-data-dev-mumu--/ad576b58-a0f0-4c9c-9b47-f26bbb07b226/session.v3.jsonl.zstd	v3	ad576b58-a0f0-4c9c-9b47-f26bbb07b226	441408	1789961671
--Users-vito-data-dev-mumu--/ae3f0ae2-27ed-4ab1-9ba3-94d6aed80f43/session.v3.jsonl.zstd	v3	ae3f0ae2-27ed-4ab1-9ba3-94d6aed80f43	306740	1790012883
--Users-vito-data-dev-mumu--/b022ad6f-80fe-449c-8c48-fbf4a9b55cc6/session.v3.jsonl.zstd	v3	b022ad6f-80fe-449c-8c48-fbf4a9b55cc6	45576	1790164690
--Users-vito-data-dev-mumu--/b09c558b-a630-4d8c-a529-7a05062327a3/session.v3.jsonl.zstd	v3	b09c558b-a630-4d8c-a529-7a05062327a3	669643	1790004245
--Users-vito-data-dev-mumu--/b09f2014-5ae7-4b02-81a5-af9c7038b591/session.v3.jsonl.zstd	v3	b09f2014-5ae7-4b02-81a5-af9c7038b591	13326	1789725834
--Users-vito-data-dev-mumu--/b12c7f25-0575-4050-84ab-62296cc6e30c/session.v3.jsonl.zstd	v3	b12c7f25-0575-4050-84ab-62296cc6e30c	707326	1789961587
--Users-vito-data-dev-mumu--/b1d5c54e-8eee-4983-b64a-f76d7b0647ab/session.v3.jsonl.zstd	v3	b1d5c54e-8eee-4983-b64a-f76d7b0647ab	405122	1789962032
--Users-vito-data-dev-mumu--/b1e1b198-c4c3-4192-afab-b9aef31a9439/session.v3.jsonl.zstd	v3	b1e1b198-c4c3-4192-afab-b9aef31a9439	890777	1789717927
--Users-vito-data-dev-mumu--/b2952ff5-aaed-4d05-8314-a93fa915b663/session.v3.jsonl.zstd	v3	b2952ff5-aaed-4d05-8314-a93fa915b663	467205	1790265972
--Users-vito-data-dev-mumu--/b32fb013-e2b1-49c4-bf21-1ef428ea98a0/session.v3.jsonl.zstd	v3	b32fb013-e2b1-49c4-bf21-1ef428ea98a0	725509	1789757187
--Users-vito-data-dev-mumu--/b357c430-4541-448f-b263-907e93df59c0/session.v3.jsonl.zstd	v3	b357c430-4541-448f-b263-907e93df59c0	13280	1789996392
--Users-vito-data-dev-mumu--/b4335453-bfb9-409b-aa58-cf908a3e3a10/session.v3.jsonl.zstd	v3	b4335453-bfb9-409b-aa58-cf908a3e3a10	1314881	1790009989
--Users-vito-data-dev-mumu--/b49ed607-b56c-451d-a059-6d230132244b/session.v3.jsonl.zstd	v3	b49ed607-b56c-451d-a059-6d230132244b	281127	1790011685
--Users-vito-data-dev-mumu--/b4fe7a1b-373b-4efc-b21b-09df0d25b57e/session.v3.jsonl.zstd	v3	b4fe7a1b-373b-4efc-b21b-09df0d25b57e	40239	1790180675
--Users-vito-data-dev-mumu--/b59b6897-53dc-4b2e-b86a-747352e66b9a/session.v3.jsonl.zstd	v3	b59b6897-53dc-4b2e-b86a-747352e66b9a	41667	1790173411
--Users-vito-data-dev-mumu--/b5d13efc-d26b-4468-9cd0-6fe08f49b331/session.v3.jsonl.zstd	v3	b5d13efc-d26b-4468-9cd0-6fe08f49b331	42248	1790180070
--Users-vito-data-dev-mumu--/b67efff1-f4fd-4d92-a35b-38fc4c4da858/session.v3.jsonl.zstd	v3	b67efff1-f4fd-4d92-a35b-38fc4c4da858	338561	1789644129
--Users-vito-data-dev-mumu--/b74ca71d-e1ff-4c3e-b1eb-4fb8ff6c6eae/session.v3.jsonl.zstd	v3	b74ca71d-e1ff-4c3e-b1eb-4fb8ff6c6eae	529063	1789959495
--Users-vito-data-dev-mumu--/b79a710d-09ec-4c1d-ab38-ca4b35c232b9/session.v3.jsonl.zstd	v3	b79a710d-09ec-4c1d-ab38-ca4b35c232b9	279676	1790313459
--Users-vito-data-dev-mumu--/b7c3c59e-24c7-4a28-b23b-b5b9ff9a9db4/session.v3.jsonl.zstd	v3	b7c3c59e-24c7-4a28-b23b-b5b9ff9a9db4	55779	1789753010
--Users-vito-data-dev-mumu--/b8804796-741d-4121-b6b1-b09d934ee0fd/session.v3.jsonl.zstd	v3	b8804796-741d-4121-b6b1-b09d934ee0fd	85646	1790067090
--Users-vito-data-dev-mumu--/b8cfa052-3bee-4f92-82fc-60e35f943ece/session.v3.jsonl.zstd	v3	b8cfa052-3bee-4f92-82fc-60e35f943ece	38949	1790179880
--Users-vito-data-dev-mumu--/b9301255-0f49-428d-8768-7a5766bfa6f2/session.v3.jsonl.zstd	v3	b9301255-0f49-428d-8768-7a5766bfa6f2	31255	1790067060
--Users-vito-data-dev-mumu--/baf38822-386a-42e4-bb13-d670cecda2df/session.v3.jsonl.zstd	v3	baf38822-386a-42e4-bb13-d670cecda2df	796311	1789960077
--Users-vito-data-dev-mumu--/bb775682-4b52-4849-a409-a1554b7e1eed/session.v3.jsonl.zstd	v3	bb775682-4b52-4849-a409-a1554b7e1eed	97625	1790065891
--Users-vito-data-dev-mumu--/bcb19bad-74d6-4842-a612-ec9781392d2e/session.v3.jsonl.zstd	v3	bcb19bad-74d6-4842-a612-ec9781392d2e	720775	1790338894
--Users-vito-data-dev-mumu--/bd2d9eea-4335-4e63-b5dd-45030d2dde1b/session.v3.jsonl.zstd	v3	bd2d9eea-4335-4e63-b5dd-45030d2dde1b	38011	1790182922
--Users-vito-data-dev-mumu--/be87dd25-db55-4b68-993b-d555e39b87e3/session.v3.jsonl.zstd	v3	be87dd25-db55-4b68-993b-d555e39b87e3	143410	1790066820
--Users-vito-data-dev-mumu--/beeb3ae2-a771-4ce8-a66b-4ea0cc055cdb/session.v3.jsonl.zstd	v3	beeb3ae2-a771-4ce8-a66b-4ea0cc055cdb	1141586	1790182415
--Users-vito-data-dev-mumu--/bf2812d2-41b3-4d5d-95dc-3836de8e0231/session.v3.jsonl.zstd	v3	bf2812d2-41b3-4d5d-95dc-3836de8e0231	463794	1790269741
--Users-vito-data-dev-mumu--/bf51dd5c-7af6-4cdf-ba11-a1a899330ccc/session.v3.jsonl.zstd	v3	bf51dd5c-7af6-4cdf-ba11-a1a899330ccc	188015	1790238564
--Users-vito-data-dev-mumu--/c0a4704a-4347-489e-b90a-36d73caab868/session.v3.jsonl.zstd	v3	c0a4704a-4347-489e-b90a-36d73caab868	618835	1789722725
--Users-vito-data-dev-mumu--/c116f897-a5f5-49f9-a148-dae47968cab3/session.v3.jsonl.zstd	v3	c116f897-a5f5-49f9-a148-dae47968cab3	43877	1790172350
--Users-vito-data-dev-mumu--/c12eadee-3a90-4b22-9197-4ed528c7a7b0/session.v3.jsonl.zstd	v3	c12eadee-3a90-4b22-9197-4ed528c7a7b0	35175	1790060954
--Users-vito-data-dev-mumu--/c1672609-0081-49b0-9de8-036e710476ce/session.v3.jsonl.zstd	v3	c1672609-0081-49b0-9de8-036e710476ce	1153784	1790008356
--Users-vito-data-dev-mumu--/c2bab2ce-2b70-4646-befe-bff34b9f23c3/session.v3.jsonl.zstd	v3	c2bab2ce-2b70-4646-befe-bff34b9f23c3	161079	1790066191
--Users-vito-data-dev-mumu--/c2cdd1a0-78f4-4328-b26d-e285a0824e40/session.v3.jsonl.zstd	v3	c2cdd1a0-78f4-4328-b26d-e285a0824e40	281675	1790012367
--Users-vito-data-dev-mumu--/c35db7a2-f824-49aa-bee8-714523d61b8d/session.v3.jsonl.zstd	v3	c35db7a2-f824-49aa-bee8-714523d61b8d	691428	1789994625
--Users-vito-data-dev-mumu--/c489a10c-3105-402f-a721-9f86dc8801b6/session.v3.jsonl.zstd	v3	c489a10c-3105-402f-a721-9f86dc8801b6	807785	1789717376
--Users-vito-data-dev-mumu--/c56d67df-77d0-41ad-941a-4ebc80219b70/session.v3.jsonl.zstd	v3	c56d67df-77d0-41ad-941a-4ebc80219b70	220855	1790012327
--Users-vito-data-dev-mumu--/c5d55fcb-33b4-4301-b836-6e09941265db/session.v3.jsonl.zstd	v3	c5d55fcb-33b4-4301-b836-6e09941265db	962597	1790337620
--Users-vito-data-dev-mumu--/c696e6e6-d81e-45e1-89bb-e2ff75eac633/session.v3.jsonl.zstd	v3	c696e6e6-d81e-45e1-89bb-e2ff75eac633	39162	1790060957
--Users-vito-data-dev-mumu--/c88944b0-f826-4d2b-b57b-7dcebc7e91b2/session.v3.jsonl.zstd	v3	c88944b0-f826-4d2b-b57b-7dcebc7e91b2	1142907	1789923049
--Users-vito-data-dev-mumu--/c901f95b-22b4-4c65-a4df-6953eb857149/session.v3.jsonl.zstd	v3	c901f95b-22b4-4c65-a4df-6953eb857149	669101	1790333585
--Users-vito-data-dev-mumu--/c938c779-a512-4905-9498-8e804498d21f/session.v3.jsonl.zstd	v3	c938c779-a512-4905-9498-8e804498d21f	435003	1790068305
--Users-vito-data-dev-mumu--/c98571dc-b32a-4993-abfa-1b3f24cc5ce7/session.v3.jsonl.zstd	v3	c98571dc-b32a-4993-abfa-1b3f24cc5ce7	962227	1790331813
--Users-vito-data-dev-mumu--/c9f39d45-8b09-4727-bca7-014d453b9131/session.v3.jsonl.zstd	v3	c9f39d45-8b09-4727-bca7-014d453b9131	37435	1790182541
--Users-vito-data-dev-mumu--/cb51ddef-39cd-4cf5-8b7a-3d3e831df1cd/session.v3.jsonl.zstd	v3	cb51ddef-39cd-4cf5-8b7a-3d3e831df1cd	470854	1789716580
--Users-vito-data-dev-mumu--/cbc03b51-6065-4cba-ba0a-f41ff3518c6b/session.v3.jsonl.zstd	v3	cbc03b51-6065-4cba-ba0a-f41ff3518c6b	554442	1789716621
--Users-vito-data-dev-mumu--/cbff2428-214a-407c-b13c-45a4905d9f68/session.v3.jsonl.zstd	v3	cbff2428-214a-407c-b13c-45a4905d9f68	964500	1789745610
--Users-vito-data-dev-mumu--/cca5d42f-fcff-41cb-b247-0eceeb9ffa30/session.v3.jsonl.zstd	v3	cca5d42f-fcff-41cb-b247-0eceeb9ffa30	523739	1789958924
--Users-vito-data-dev-mumu--/cd45a983-1907-4f6f-9ed2-e96e795b1204/session.v3.jsonl.zstd	v3	cd45a983-1907-4f6f-9ed2-e96e795b1204	429006	1790268761
--Users-vito-data-dev-mumu--/cd64d68c-0ff3-45f6-bd40-7fb747507709/session.v3.jsonl.zstd	v3	cd64d68c-0ff3-45f6-bd40-7fb747507709	259841	1789961481
--Users-vito-data-dev-mumu--/ce10051f-f0aa-4497-a0c9-b360727d7160/session.v3.jsonl.zstd	v3	ce10051f-f0aa-4497-a0c9-b360727d7160	42332	1790165485
--Users-vito-data-dev-mumu--/ce12afb1-d56d-4d59-bdf6-d62e24611aaa/session.v3.jsonl.zstd	v3	ce12afb1-d56d-4d59-bdf6-d62e24611aaa	192624	1790065572
--Users-vito-data-dev-mumu--/ce4d7005-ad9b-41a5-9154-397445727063/session.v3.jsonl.zstd	v3	ce4d7005-ad9b-41a5-9154-397445727063	218945	1790011905
--Users-vito-data-dev-mumu--/cef80c63-7afb-4a7b-b573-a51c765e6e27/session.v3.jsonl.zstd	v3	cef80c63-7afb-4a7b-b573-a51c765e6e27	817010	1789755558
--Users-vito-data-dev-mumu--/cefa4016-ac52-4a73-b223-f601ae5f92c2/session.v3.jsonl.zstd	v3	cefa4016-ac52-4a73-b223-f601ae5f92c2	177267	1790012282
--Users-vito-data-dev-mumu--/cf6c664e-b597-4bab-817b-ade564bbafd9/session.v3.jsonl.zstd	v3	cf6c664e-b597-4bab-817b-ade564bbafd9	681035	1789999911
--Users-vito-data-dev-mumu--/cfca4e8a-4cbd-4e8e-aebc-bb536269f7b7/session.v3.jsonl.zstd	v3	cfca4e8a-4cbd-4e8e-aebc-bb536269f7b7	45256	1790183213
--Users-vito-data-dev-mumu--/cfe09c85-d991-4393-b4f8-3bb6797500f4/session.v3.jsonl.zstd	v3	cfe09c85-d991-4393-b4f8-3bb6797500f4	1293741	1789732408
--Users-vito-data-dev-mumu--/d08e19da-3397-4bbd-a7b0-46fdd394e92c/session.v3.jsonl.zstd	v3	d08e19da-3397-4bbd-a7b0-46fdd394e92c	35668	1790164829
--Users-vito-data-dev-mumu--/d0a5551e-7b1d-44ab-8437-88a05991576f/session.v3.jsonl.zstd	v3	d0a5551e-7b1d-44ab-8437-88a05991576f	8461	1790265839
--Users-vito-data-dev-mumu--/d134a42b-d436-4d25-b5ae-d5f791ff3c05/session.v3.jsonl.zstd	v3	d134a42b-d436-4d25-b5ae-d5f791ff3c05	49479	1790219957
--Users-vito-data-dev-mumu--/d17fa743-72b8-44bb-aee2-d20a23661eb9/session.v3.jsonl.zstd	v3	d17fa743-72b8-44bb-aee2-d20a23661eb9	84685	1790067066
--Users-vito-data-dev-mumu--/d19b2d2b-ff90-4b64-8b88-68e177bbd694/session.v3.jsonl.zstd	v3	d19b2d2b-ff90-4b64-8b88-68e177bbd694	43728	1790165728
--Users-vito-data-dev-mumu--/d2daa7e2-b5cf-480d-9767-16502254e993/session.v3.jsonl.zstd	v3	d2daa7e2-b5cf-480d-9767-16502254e993	417116	1790062138
--Users-vito-data-dev-mumu--/d2fa372b-dda2-4e9d-9614-fb2b069dde28/session.v3.jsonl.zstd	v3	d2fa372b-dda2-4e9d-9614-fb2b069dde28	13529	1789909468
--Users-vito-data-dev-mumu--/d3648a0b-5b1b-4130-be12-099fc22297ca/session.v3.jsonl.zstd	v3	d3648a0b-5b1b-4130-be12-099fc22297ca	51484	1790164800
--Users-vito-data-dev-mumu--/d3756113-2b01-4e57-b779-73d8443b3869/session.v3.jsonl.zstd	v3	d3756113-2b01-4e57-b779-73d8443b3869	41986	1790182499
--Users-vito-data-dev-mumu--/d3cda95b-c630-4b6d-ab95-9b565ed021eb/session.v3.jsonl.zstd	v3	d3cda95b-c630-4b6d-ab95-9b565ed021eb	331522	1790013932
--Users-vito-data-dev-mumu--/d4b67e49-1c25-4caa-a7ea-010710c98d0c/session.v3.jsonl.zstd	v3	d4b67e49-1c25-4caa-a7ea-010710c98d0c	571211	1789959594
--Users-vito-data-dev-mumu--/d706491b-0f85-4081-ac2e-6dce34b61f70/session.v3.jsonl.zstd	v3	d706491b-0f85-4081-ac2e-6dce34b61f70	168369	1789699149
--Users-vito-data-dev-mumu--/d751791a-5e2c-4c30-9145-d305184cf0ea/session.v3.jsonl.zstd	v3	d751791a-5e2c-4c30-9145-d305184cf0ea	14726	1790065989
--Users-vito-data-dev-mumu--/d769fc97-a536-440b-b5b8-8fed9e54bf1a/session.v3.jsonl.zstd	v3	d769fc97-a536-440b-b5b8-8fed9e54bf1a	125108	1790177896
--Users-vito-data-dev-mumu--/d82a7d68-715a-4a37-bfa6-9d59b094e0dd/session.v3.jsonl.zstd	v3	d82a7d68-715a-4a37-bfa6-9d59b094e0dd	38182	1790165254
--Users-vito-data-dev-mumu--/d8a28a5e-c7f8-407f-9392-93a818905f28/session.v3.jsonl.zstd	v3	d8a28a5e-c7f8-407f-9392-93a818905f28	302880	1790012623
--Users-vito-data-dev-mumu--/d8e17efd-f37f-476f-9e30-24425da1553b/session.v3.jsonl.zstd	v3	d8e17efd-f37f-476f-9e30-24425da1553b	397857	1789692094
--Users-vito-data-dev-mumu--/d9291644-bc93-4820-b1ca-fe862d8390f7/session.v3.jsonl.zstd	v3	d9291644-bc93-4820-b1ca-fe862d8390f7	148667	1790012229
--Users-vito-data-dev-mumu--/d976dc5b-15da-4b69-ab41-b118068c64d1/session.v3.jsonl.zstd	v3	d976dc5b-15da-4b69-ab41-b118068c64d1	39507	1790177747
--Users-vito-data-dev-mumu--/d99ca4b9-eaad-4fef-84a4-a9ceeb645ef7/session.v3.jsonl.zstd	v3	d99ca4b9-eaad-4fef-84a4-a9ceeb645ef7	248207	1789836793
--Users-vito-data-dev-mumu--/d9c8a314-ac44-485e-bc45-221f9a2dd83a/session.v3.jsonl.zstd	v3	d9c8a314-ac44-485e-bc45-221f9a2dd83a	192659	1790066166
--Users-vito-data-dev-mumu--/da710d7e-7ce0-4de2-a5c3-dc2a0e663d0d/session.v3.jsonl.zstd	v3	da710d7e-7ce0-4de2-a5c3-dc2a0e663d0d	43301	1790173676
--Users-vito-data-dev-mumu--/da980dc2-24cb-41db-81a5-da32b90200c8/session.v3.jsonl.zstd	v3	da980dc2-24cb-41db-81a5-da32b90200c8	666000	1789959830
--Users-vito-data-dev-mumu--/daafaac7-358e-4723-ae66-386526826c2a/session.v3.jsonl.zstd	v3	daafaac7-358e-4723-ae66-386526826c2a	106084	1790260584
--Users-vito-data-dev-mumu--/dc118538-ffdb-41f5-8f1d-9cbf576b25c7/session.v3.jsonl.zstd	v3	dc118538-ffdb-41f5-8f1d-9cbf576b25c7	488824	1790267899
--Users-vito-data-dev-mumu--/dcee3c96-b997-4c1d-928d-54ed71bbde03/session.v3.jsonl.zstd	v3	dcee3c96-b997-4c1d-928d-54ed71bbde03	144874	1790012964
--Users-vito-data-dev-mumu--/de07fa2d-af9f-4387-8314-65980a6de73f/session.v3.jsonl.zstd	v3	de07fa2d-af9f-4387-8314-65980a6de73f	506631	1790268939
--Users-vito-data-dev-mumu--/dea1753d-86f0-4578-933a-a750059c9e44/session.v3.jsonl.zstd	v3	dea1753d-86f0-4578-933a-a750059c9e44	14464	1790066465
--Users-vito-data-dev-mumu--/dfa3078e-f0cb-420e-9f13-b5fce1ff7185/session.v3.jsonl.zstd	v3	dfa3078e-f0cb-420e-9f13-b5fce1ff7185	546927	1789995448
--Users-vito-data-dev-mumu--/dff9c98a-9be5-4219-9297-f61d1f527f6e/session.v3.jsonl.zstd	v3	dff9c98a-9be5-4219-9297-f61d1f527f6e	39703	1790170264
--Users-vito-data-dev-mumu--/e0358dad-b01e-4a5e-9a9b-8f20f1ad688d/session.v3.jsonl.zstd	v3	e0358dad-b01e-4a5e-9a9b-8f20f1ad688d	48948	1790229859
--Users-vito-data-dev-mumu--/e0fd3ac4-29bd-4501-b1a7-7b2cb9768e3a/session.v3.jsonl.zstd	v3	e0fd3ac4-29bd-4501-b1a7-7b2cb9768e3a	480552	1790010667
--Users-vito-data-dev-mumu--/e12d34de-82e9-40de-adf0-5403953b57e9/session.v3.jsonl.zstd	v3	e12d34de-82e9-40de-adf0-5403953b57e9	184963	1790265805
--Users-vito-data-dev-mumu--/e1b8ef9b-7b65-4abe-8623-a67e7e443c36/session.v3.jsonl.zstd	v3	e1b8ef9b-7b65-4abe-8623-a67e7e443c36	51000	1790065470
--Users-vito-data-dev-mumu--/e2308c31-1bb8-4260-97ab-9cb33a44563c/session.v3.jsonl.zstd	v3	e2308c31-1bb8-4260-97ab-9cb33a44563c	363152	1789902586
--Users-vito-data-dev-mumu--/e23d5cb3-8fbc-4120-89ae-258c37431154/session.v3.jsonl.zstd	v3	e23d5cb3-8fbc-4120-89ae-258c37431154	408582	1789958776
--Users-vito-data-dev-mumu--/e24b8b19-541e-4d06-bc62-49bbe5c87837/session.v3.jsonl.zstd	v3	e24b8b19-541e-4d06-bc62-49bbe5c87837	376866	1790334922
--Users-vito-data-dev-mumu--/e3244fa2-7e95-41d8-a849-a6d16605514e/session.v3.jsonl.zstd	v3	e3244fa2-7e95-41d8-a849-a6d16605514e	235856	1789649941
--Users-vito-data-dev-mumu--/e3674faa-9f44-488c-80a7-afb415a45f3e/session.v3.jsonl.zstd	v3	e3674faa-9f44-488c-80a7-afb415a45f3e	829811	1790317730
--Users-vito-data-dev-mumu--/e388f6fd-69e7-4431-b8f1-5633af922c13/session.v3.jsonl.zstd	v3	e388f6fd-69e7-4431-b8f1-5633af922c13	694524	1789959866
--Users-vito-data-dev-mumu--/e4608d8f-7c32-4993-a850-fe9d28228688/session.v3.jsonl.zstd	v3	e4608d8f-7c32-4993-a850-fe9d28228688	390830	1789651942
--Users-vito-data-dev-mumu--/e48d01c4-2505-497f-8be1-73182695ef71/session.v3.jsonl.zstd	v3	e48d01c4-2505-497f-8be1-73182695ef71	187487	1789979714
--Users-vito-data-dev-mumu--/e499c838-d98c-45b7-9f8e-14c2a75aff08/session.v3.jsonl.zstd	v3	e499c838-d98c-45b7-9f8e-14c2a75aff08	9503	1790265571
--Users-vito-data-dev-mumu--/e4e8cbec-1799-4ba6-89d2-f6915a10bd8e/session.v3.jsonl.zstd	v3	e4e8cbec-1799-4ba6-89d2-f6915a10bd8e	755261	1790265366
--Users-vito-data-dev-mumu--/e5610037-f60b-4bb0-818d-5c31aff7014b/session.v3.jsonl.zstd	v3	e5610037-f60b-4bb0-818d-5c31aff7014b	39252	1790172400
--Users-vito-data-dev-mumu--/e57f4006-ae4c-482c-84f9-f2688e1bd4f1/session.v3.jsonl.zstd	v3	e57f4006-ae4c-482c-84f9-f2688e1bd4f1	43363	1790173315
--Users-vito-data-dev-mumu--/e63951b4-cfe0-4bb8-9e10-6750bea406ee/session.v3.jsonl.zstd	v3	e63951b4-cfe0-4bb8-9e10-6750bea406ee	927210	1789993355
--Users-vito-data-dev-mumu--/e67b3710-2da9-4ba7-b140-21db53aef00a/session.v3.jsonl.zstd	v3	e67b3710-2da9-4ba7-b140-21db53aef00a	38554	1790183259
--Users-vito-data-dev-mumu--/e79e100b-7f47-4fd0-9a7b-cf8dd37edc2c/session.v3.jsonl.zstd	v3	e79e100b-7f47-4fd0-9a7b-cf8dd37edc2c	914049	1790001044
--Users-vito-data-dev-mumu--/e817cf60-cbdb-45af-86fb-e609d8cd1109/session.v3.jsonl.zstd	v3	e817cf60-cbdb-45af-86fb-e609d8cd1109	39315	1790171384
--Users-vito-data-dev-mumu--/e917a002-d41b-4e77-b7be-bef9ec638138/session.v3.jsonl.zstd	v3	e917a002-d41b-4e77-b7be-bef9ec638138	634872	1789747063
--Users-vito-data-dev-mumu--/e9640382-219a-4a39-a716-30f854461418/session.v3.jsonl.zstd	v3	e9640382-219a-4a39-a716-30f854461418	109852	1790067138
--Users-vito-data-dev-mumu--/e9e94e84-6e4f-47ac-8453-cf4bf3f1145d/session.v3.jsonl.zstd	v3	e9e94e84-6e4f-47ac-8453-cf4bf3f1145d	296237	1789651983
--Users-vito-data-dev-mumu--/e9f2035b-788f-40ce-947f-d78503981661/session.v3.jsonl.zstd	v3	e9f2035b-788f-40ce-947f-d78503981661	297269	1790065375
--Users-vito-data-dev-mumu--/ea00ff39-9c66-4332-b587-457c29371f62/session.v3.jsonl.zstd	v3	ea00ff39-9c66-4332-b587-457c29371f62	98446	1790065520
--Users-vito-data-dev-mumu--/ebb3888d-cc50-4c47-8858-9e4b08cf72c7/session.v3.jsonl.zstd	v3	ebb3888d-cc50-4c47-8858-9e4b08cf72c7	415060	1789722725
--Users-vito-data-dev-mumu--/ebceac49-6b12-4ec9-912e-e9d8f79f3588/session.v3.jsonl.zstd	v3	ebceac49-6b12-4ec9-912e-e9d8f79f3588	38145	1790180672
--Users-vito-data-dev-mumu--/ec513d09-8a6b-4d30-ba4d-df58fbde93be/session.v3.jsonl.zstd	v3	ec513d09-8a6b-4d30-ba4d-df58fbde93be	40861	1790221823
--Users-vito-data-dev-mumu--/eddacb20-4224-4688-a896-ae2f10b46d95/session.v3.jsonl.zstd	v3	eddacb20-4224-4688-a896-ae2f10b46d95	248460	1790013014
--Users-vito-data-dev-mumu--/ee7bfbd0-970a-4db4-91d9-7caa5ee2d90c/session.v3.jsonl.zstd	v3	ee7bfbd0-970a-4db4-91d9-7caa5ee2d90c	1138172	1789961222
--Users-vito-data-dev-mumu--/eea9bd15-85c8-4acd-a04c-d055dea20d91/session.v3.jsonl.zstd	v3	eea9bd15-85c8-4acd-a04c-d055dea20d91	41168	1790169404
--Users-vito-data-dev-mumu--/ef1deb1a-4a72-4f61-930e-d488dfcbae81/session.v3.jsonl.zstd	v3	ef1deb1a-4a72-4f61-930e-d488dfcbae81	49387	1790230726
--Users-vito-data-dev-mumu--/efc39262-2033-42d2-9e23-cc282cfd34b2/session.v3.jsonl.zstd	v3	efc39262-2033-42d2-9e23-cc282cfd34b2	103706	1790066484
--Users-vito-data-dev-mumu--/f0b23931-3c69-4bb9-a74e-50873e2da689/session.v3.jsonl.zstd	v3	f0b23931-3c69-4bb9-a74e-50873e2da689	60996	1790066110
--Users-vito-data-dev-mumu--/f2a4959e-bfd5-4487-baa7-e1dd660754d0/session.v3.jsonl.zstd	v3	f2a4959e-bfd5-4487-baa7-e1dd660754d0	44238	1790231026
--Users-vito-data-dev-mumu--/f2cc78df-e4bb-49e7-85cf-bd4a7cd81d77/session.v3.jsonl.zstd	v3	f2cc78df-e4bb-49e7-85cf-bd4a7cd81d77	460253	1789962098
--Users-vito-data-dev-mumu--/f2d62d0e-b975-4aaa-9533-e18e6cd495c4/session.v3.jsonl.zstd	v3	f2d62d0e-b975-4aaa-9533-e18e6cd495c4	475967	1789718820
--Users-vito-data-dev-mumu--/f31680a0-323d-4d41-bef7-f193305dc9d0/session.v3.jsonl.zstd	v3	f31680a0-323d-4d41-bef7-f193305dc9d0	287641	1789962910
--Users-vito-data-dev-mumu--/f31c7dab-c627-454e-b7c8-bb39f82bcb56/session.v3.jsonl.zstd	v3	f31c7dab-c627-454e-b7c8-bb39f82bcb56	40477	1790165980
--Users-vito-data-dev-mumu--/f481ad47-1c8e-4e2f-a2bd-fbc5d89cb61f/session.v3.jsonl.zstd	v3	f481ad47-1c8e-4e2f-a2bd-fbc5d89cb61f	529813	1789960670
--Users-vito-data-dev-mumu--/f4b31c1e-68c3-4430-b752-af03837da8e2/session.v3.jsonl.zstd	v3	f4b31c1e-68c3-4430-b752-af03837da8e2	39517	1790173355
--Users-vito-data-dev-mumu--/f53d0de8-5f47-4b38-93c7-72e111d3975c/session.v3.jsonl.zstd	v3	f53d0de8-5f47-4b38-93c7-72e111d3975c	356972	1789959379
--Users-vito-data-dev-mumu--/f5593a50-3745-493a-b6bc-3ea883be5330/session.v3.jsonl.zstd	v3	f5593a50-3745-493a-b6bc-3ea883be5330	535151	1790338847
--Users-vito-data-dev-mumu--/f7615c6b-fd97-462e-9996-b50a47a0d63b/session.v3.jsonl.zstd	v3	f7615c6b-fd97-462e-9996-b50a47a0d63b	36756	1790164830
--Users-vito-data-dev-mumu--/f7839e7c-439b-4af1-bf59-e76ad92e1e68/session.v3.jsonl.zstd	v3	f7839e7c-439b-4af1-bf59-e76ad92e1e68	645646	1790010847
--Users-vito-data-dev-mumu--/f7e0fa4a-897a-4da1-943c-50c9a17b961f/session.v3.jsonl.zstd	v3	f7e0fa4a-897a-4da1-943c-50c9a17b961f	43114	1790170440
--Users-vito-data-dev-mumu--/f806f7cd-9a00-436f-b1a8-e7cd51ab016a/session.v3.jsonl.zstd	v3	f806f7cd-9a00-436f-b1a8-e7cd51ab016a	363871	1790323500
--Users-vito-data-dev-mumu--/f8b8f0e8-71e1-4dce-9ca9-c3d6e3a041f5/session.v3.jsonl.zstd	v3	f8b8f0e8-71e1-4dce-9ca9-c3d6e3a041f5	46327	1790183304
--Users-vito-data-dev-mumu--/f98bf8ec-9162-489e-a39a-f53d9d3c4e1e/session.v3.jsonl.zstd	v3	f98bf8ec-9162-489e-a39a-f53d9d3c4e1e	61297	1790169732
--Users-vito-data-dev-mumu--/fa20502b-e05d-474d-b7f4-4630f8c0e38a/session.v3.jsonl.zstd	v3	fa20502b-e05d-474d-b7f4-4630f8c0e38a	13173	1789995464
--Users-vito-data-dev-mumu--/fa9864f2-6c59-404e-a2ee-9393183bdb0f/session.v3.jsonl.zstd	v3	fa9864f2-6c59-404e-a2ee-9393183bdb0f	164063	1790067224
--Users-vito-data-dev-mumu--/fad27be9-4b8a-4dcd-93c3-ebbb45fdcec0/session.v3.jsonl.zstd	v3	fad27be9-4b8a-4dcd-93c3-ebbb45fdcec0	79287	1790066749
--Users-vito-data-dev-mumu--/fb784176-52f6-438e-86f6-120bc3c17256/session.v3.jsonl.zstd	v3	fb784176-52f6-438e-86f6-120bc3c17256	190908	1790012420
--Users-vito-data-dev-mumu--/fc017bf0-069f-49b6-b92e-123484410586/session.v3.jsonl.zstd	v3	fc017bf0-069f-49b6-b92e-123484410586	41558	1790182967
--Users-vito-data-dev-mumu--/fc6b7be8-3c5f-4339-83a9-9cca093001c7/session.v3.jsonl.zstd	v3	fc6b7be8-3c5f-4339-83a9-9cca093001c7	86815	1790066819
--Users-vito-data-dev-mumu--/fc82dbcf-08be-4e28-9385-abb2419f848c/session.v3.jsonl.zstd	v3	fc82dbcf-08be-4e28-9385-abb2419f848c	168866	1790043642
--Users-vito-data-dev-mumu--/fd33eb59-3c76-45f9-9460-5b412f573de9/session.v3.jsonl.zstd	v3	fd33eb59-3c76-45f9-9460-5b412f573de9	13160	1789996392
--Users-vito-data-dev-mumu--/fe7ec9fe-3d19-4c71-a357-205e54e463b2/session.v3.jsonl.zstd	v3	fe7ec9fe-3d19-4c71-a357-205e54e463b2	231571	1789637497
--Users-vito-data-dev-mumu--/fe924c76-ee2f-4ac8-bf37-bbbfbf671e41/session.v3.jsonl.zstd	v3	fe924c76-ee2f-4ac8-bf37-bbbfbf671e41	609188	1790010999
--Users-vito-data-dev-mumu--/fece10de-a365-4e48-b5fe-2f41e430bcc8/session.v3.jsonl.zstd	v3	fece10de-a365-4e48-b5fe-2f41e430bcc8	450163	1790305545
--Users-vito-data-dev-mumu--/fed3a8f5-5753-4887-b857-d7584434c909/session.v3.jsonl.zstd	v3	fed3a8f5-5753-4887-b857-d7584434c909	202093	1790305150
--Users-vito-data-dev-mumu--/ff47d00c-df23-4598-9f15-33298635fce1/session.v3.jsonl.zstd	v3	ff47d00c-df23-4598-9f15-33298635fce1	225144	1789701251
--Users-vito-data-dev-mumu--/ff9f03b2-1efa-4189-95ec-833970f61862/session.v3.jsonl.zstd	v3	ff9f03b2-1efa-4189-95ec-833970f61862	102625	1790067112
--Users-vito-data-dev-mumu--/session-00f68804-ef05-47e4-ab2f-73b2b66e1bf1/session.v3.jsonl.zstd	v3	session-00f68804-ef05-47e4-ab2f-73b2b66e1bf1	912354	1790338898
--Users-vito-data-dev-mumu--/session-0235f290-63f8-4568-91c7-c590b8825c64/session.v3.jsonl.zstd	v3	session-0235f290-63f8-4568-91c7-c590b8825c64	1148683	1789650409
--Users-vito-data-dev-mumu--/session-0603940c-2609-4ab6-b4b3-1e103998e669/session.v3.jsonl.zstd	v3	session-0603940c-2609-4ab6-b4b3-1e103998e669	1140424	1789652629
--Users-vito-data-dev-mumu--/session-0b738737-8194-4688-b276-28e44d07356f/session.v3.jsonl.zstd	v3	session-0b738737-8194-4688-b276-28e44d07356f	836662	1789662738
--Users-vito-data-dev-mumu--/session-0da132a7-efbd-487c-91f9-e962a19bd575/session.v3.jsonl.zstd	v3	session-0da132a7-efbd-487c-91f9-e962a19bd575	1315541	1789646127
--Users-vito-data-dev-mumu--/session-135d3c47-acb0-476c-b218-f160237a9ffd/session.v3.jsonl.zstd	v3	session-135d3c47-acb0-476c-b218-f160237a9ffd	1619849	1789642552
--Users-vito-data-dev-mumu--/session-15fb0ea9-d45b-40dc-8ad0-f95a7948be3c/session.v3.jsonl.zstd	v3	session-15fb0ea9-d45b-40dc-8ad0-f95a7948be3c	3059772	1789956842
--Users-vito-data-dev-mumu--/session-165f4f76-c60f-44ee-962d-3085f53ace33/session.v3.jsonl.zstd	v3	session-165f4f76-c60f-44ee-962d-3085f53ace33	2807359	1789977811
--Users-vito-data-dev-mumu--/session-24b1bfda-f40d-4276-8896-5f8e21fe7260/session.v3.jsonl.zstd	v3	session-24b1bfda-f40d-4276-8896-5f8e21fe7260	643793	1789690654
--Users-vito-data-dev-mumu--/session-2584e6e1-49fb-417c-b5cd-0919144d5b38/session.v3.jsonl.zstd	v3	session-2584e6e1-49fb-417c-b5cd-0919144d5b38	2493	1790217015
--Users-vito-data-dev-mumu--/session-277f0214-3a65-4373-898b-466f72b87966/session.v3.jsonl.zstd	v3	session-277f0214-3a65-4373-898b-466f72b87966	1305802	1789980376
--Users-vito-data-dev-mumu--/session-282ee0cc-16ca-4733-a9fa-425380af0820/session.v3.jsonl.zstd	v3	session-282ee0cc-16ca-4733-a9fa-425380af0820	2120884	1790235234
--Users-vito-data-dev-mumu--/session-2d52c257-4b59-46b1-8331-7f28ed06b1d5/session.v3.jsonl.zstd	v3	session-2d52c257-4b59-46b1-8331-7f28ed06b1d5	2493	1790164285
--Users-vito-data-dev-mumu--/session-32fec7a7-2fb0-4cfd-a4e7-a9c311ca2523/session.v3.jsonl.zstd	v3	session-32fec7a7-2fb0-4cfd-a4e7-a9c311ca2523	882875	1790094280
--Users-vito-data-dev-mumu--/session-387fcef4-11b2-4300-acdc-f41ffa477ee6/session.v3.jsonl.zstd	v3	session-387fcef4-11b2-4300-acdc-f41ffa477ee6	2566	1790075393
--Users-vito-data-dev-mumu--/session-397c8fbf-6b14-4491-8b98-9f043df18712/session.v3.jsonl.zstd	v3	session-397c8fbf-6b14-4491-8b98-9f043df18712	1384612	1789985279
--Users-vito-data-dev-mumu--/session-44682193-75bd-45e9-9dda-388bd9a88500/session.v3.jsonl.zstd	v3	session-44682193-75bd-45e9-9dda-388bd9a88500	570312	1789477046
--Users-vito-data-dev-mumu--/session-46a24a6f-c91a-4f41-a85f-6d5463875896/session.v3.jsonl.zstd	v3	session-46a24a6f-c91a-4f41-a85f-6d5463875896	870878	1790044119
--Users-vito-data-dev-mumu--/session-4bb752bc-49b9-4e33-9fd7-b3cc28a005a7/session.v3.jsonl.zstd	v3	session-4bb752bc-49b9-4e33-9fd7-b3cc28a005a7	991761	1789638789
--Users-vito-data-dev-mumu--/session-52204158-8a93-46fe-b3c7-b5d1ba546537/session.v3.jsonl.zstd	v3	session-52204158-8a93-46fe-b3c7-b5d1ba546537	906360	1789632738
--Users-vito-data-dev-mumu--/session-52a4ac2c-dd4e-48f7-8582-0ad25429f633/session.v3.jsonl.zstd	v3	session-52a4ac2c-dd4e-48f7-8582-0ad25429f633	2421140	1789527484
--Users-vito-data-dev-mumu--/session-54ed2f1f-31d6-4dff-9a8e-3b1de0ddde0b/session.v3.jsonl.zstd	v3	session-54ed2f1f-31d6-4dff-9a8e-3b1de0ddde0b	352205	1789472758
--Users-vito-data-dev-mumu--/session-55087d72-089d-4581-8906-293fb31cfb2b/session.v3.jsonl.zstd	v3	session-55087d72-089d-4581-8906-293fb31cfb2b	1564975	1789983219
--Users-vito-data-dev-mumu--/session-59340c5c-f54f-4b0a-a973-af78828c0278/session.v3.jsonl.zstd	v3	session-59340c5c-f54f-4b0a-a973-af78828c0278	1665611	1790326594
--Users-vito-data-dev-mumu--/session-5964343b-b1ab-4006-8c57-9207d8b1d599/session.v3.jsonl.zstd	v3	session-5964343b-b1ab-4006-8c57-9207d8b1d599	898459	1789486788
--Users-vito-data-dev-mumu--/session-5cb9490f-e3ef-4920-a242-440d9f72e1c6/session.v3.jsonl.zstd	v3	session-5cb9490f-e3ef-4920-a242-440d9f72e1c6	1620082	1790062838
--Users-vito-data-dev-mumu--/session-608156d1-1136-43a5-8b0a-c3729453cf00/session.v3.jsonl.zstd	v3	session-608156d1-1136-43a5-8b0a-c3729453cf00	1245999	1789475133
--Users-vito-data-dev-mumu--/session-64773af8-d671-4fad-8a2f-0a75a8fbe919/session.v3.jsonl.zstd	v3	session-64773af8-d671-4fad-8a2f-0a75a8fbe919	2625116	1789460430
--Users-vito-data-dev-mumu--/session-6f8b2b6a-b8a7-4281-966c-9e2c1e19eb32/session.v3.jsonl.zstd	v3	session-6f8b2b6a-b8a7-4281-966c-9e2c1e19eb32	710197	1789481793
--Users-vito-data-dev-mumu--/session-71b7824c-4d96-4202-b6eb-20ee4cd46e47/session.v3.jsonl.zstd	v3	session-71b7824c-4d96-4202-b6eb-20ee4cd46e47	1126220	1790079572
--Users-vito-data-dev-mumu--/session-81a7b99b-8470-447a-a90a-29c64dea9e53/session.v3.jsonl.zstd	v3	session-81a7b99b-8470-447a-a90a-29c64dea9e53	1767088	1790262590
--Users-vito-data-dev-mumu--/session-84211619-93aa-40e7-ada8-62b592c85fd4/session.v3.jsonl.zstd	v3	session-84211619-93aa-40e7-ada8-62b592c85fd4	1090302	1789541323
--Users-vito-data-dev-mumu--/session-8a943b18-9f0c-4bc0-8ef7-91fd5aeee5a9/session.v3.jsonl.zstd	v3	session-8a943b18-9f0c-4bc0-8ef7-91fd5aeee5a9	1307082	1789702264
--Users-vito-data-dev-mumu--/session-9ef69d61-aabb-4318-b257-7672d01514ab/session.v3.jsonl.zstd	v3	session-9ef69d61-aabb-4318-b257-7672d01514ab	1082270	1789699895
--Users-vito-data-dev-mumu--/session-a764d93f-3bbf-409e-9971-e2bcdbee16b7/session.v3.jsonl.zstd	v3	session-a764d93f-3bbf-409e-9971-e2bcdbee16b7	514102	1789477621
--Users-vito-data-dev-mumu--/session-acba1770-7b91-4858-b919-80cd1dd0c43e/session.v3.jsonl.zstd	v3	session-acba1770-7b91-4858-b919-80cd1dd0c43e	737557	1789476249
--Users-vito-data-dev-mumu--/session-af5dfef1-01ee-44ce-a53d-abba022b604c/session.v3.jsonl.zstd	v3	session-af5dfef1-01ee-44ce-a53d-abba022b604c	1411252	1789648537
--Users-vito-data-dev-mumu--/session-b2d38468-69c6-47ba-aebf-1299a4788270/session.v3.jsonl.zstd	v3	session-b2d38468-69c6-47ba-aebf-1299a4788270	2663	1790076075
--Users-vito-data-dev-mumu--/session-b65dec48-fd6e-434a-9006-52f8188ad1bb/session.v3.jsonl.zstd	v3	session-b65dec48-fd6e-434a-9006-52f8188ad1bb	1622117	1790306675
--Users-vito-data-dev-mumu--/session-c1607509-7b7a-4ad3-9250-2f7181aca25f/session.v3.jsonl.zstd	v3	session-c1607509-7b7a-4ad3-9250-2f7181aca25f	728134	1789472401
--Users-vito-data-dev-mumu--/session-c29abdc7-ec26-491c-9b58-0346e0f8c6bf/session.v3.jsonl.zstd	v3	session-c29abdc7-ec26-491c-9b58-0346e0f8c6bf	2335505	1790217035
--Users-vito-data-dev-mumu--/session-c3931b27-176e-4ec8-8cbc-ce9b97b58d8f/session.v3.jsonl.zstd	v3	session-c3931b27-176e-4ec8-8cbc-ce9b97b58d8f	1493209	1790087194
--Users-vito-data-dev-mumu--/session-c8760237-c0c2-45c6-a892-ac01222b66af/session.v3.jsonl.zstd	v3	session-c8760237-c0c2-45c6-a892-ac01222b66af	2527	1790078991
--Users-vito-data-dev-mumu--/session-ca51bcb8-5295-45d4-9950-9d293bc89cd1/session.v3.jsonl.zstd	v3	session-ca51bcb8-5295-45d4-9950-9d293bc89cd1	2071070	1790069058
--Users-vito-data-dev-mumu--/session-cf0c8584-6799-4af5-b136-43ef7df22835/session.v3.jsonl.zstd	v3	session-cf0c8584-6799-4af5-b136-43ef7df22835	1241123	1789636612
--Users-vito-data-dev-mumu--/session-d00b360d-5ba0-4a14-9f62-56ab333c8b63/session.v3.jsonl.zstd	v3	session-d00b360d-5ba0-4a14-9f62-56ab333c8b63	1540524	1789661492
--Users-vito-data-dev-mumu--/session-de271f49-e96f-42d9-83f8-5f7ec02f1428/session.v3.jsonl.zstd	v3	session-de271f49-e96f-42d9-83f8-5f7ec02f1428	1598309	1790059186
--Users-vito-data-dev-mumu--/session-eb37381c-c602-471e-8b86-6a250571dd0e/session.v3.jsonl.zstd	v3	session-eb37381c-c602-471e-8b86-6a250571dd0e	1854832	1790132462
--Users-vito-data-dev-mumu--/session-edbaa2f9-88e9-4201-b433-34a88adde1d9/session.v3.jsonl.zstd	v3	session-edbaa2f9-88e9-4201-b433-34a88adde1d9	618983	1789664042
--Users-vito-data-dev-mumu--/session-f2b2010f-53fe-4788-be73-42b7bfb73205/session.v3.jsonl.zstd	v3	session-f2b2010f-53fe-4788-be73-42b7bfb73205	622478	1789658392
--Users-vito-data-dev-mumu--/session-f73ddb7a-4e51-4b58-ab20-6cc40f62bddf/session.v3.jsonl.zstd	v3	session-f73ddb7a-4e51-4b58-ab20-6cc40f62bddf	1402727	1789697861
--Users-vito-data-dev-mumu--/session-f7faee3a-9757-4df4-bfa2-2832bf416b85/session.v3.jsonl.zstd	v3	session-f7faee3a-9757-4df4-bfa2-2832bf416b85	1836973	1790014424
--Users-vito-data-dev-others--/007be351-166f-4a18-963c-184b11790230/session.jsonl.zstd	v0	007be351-166f-4a18-963c-184b11790230	3655	1787322363
--Users-vito-data-dev-others--/00ca2116-0181-410b-b18d-f4ade0d38e20/session.jsonl.zstd	v0	00ca2116-0181-410b-b18d-f4ade0d38e20	292116	1786978020
--Users-vito-data-dev-others--/01182ef7-ddaf-41d0-801f-8dd59130ca75/session.jsonl.zstd	v0	01182ef7-ddaf-41d0-801f-8dd59130ca75	997376	1787013441
--Users-vito-data-dev-others--/043fb4ad-eed8-4869-b5ed-e7219f2a8689/session.jsonl.zstd	v0	043fb4ad-eed8-4869-b5ed-e7219f2a8689	709320	1787040747
--Users-vito-data-dev-others--/059274cd-c30b-4a72-8a81-0ed88c6e457b/session.jsonl.zstd	v0	059274cd-c30b-4a72-8a81-0ed88c6e457b	443396	1786860330
--Users-vito-data-dev-others--/068be52c-dbec-4147-8b15-44654d90a744/session.jsonl.zstd	v0	068be52c-dbec-4147-8b15-44654d90a744	3216	1786952029
--Users-vito-data-dev-others--/075c590c-1f13-4e88-8436-d0e990a67521/session.jsonl.zstd	v0	075c590c-1f13-4e88-8436-d0e990a67521	3724	1786943371
--Users-vito-data-dev-others--/08c5866b-a287-4551-b64e-123f83991768/session.jsonl.zstd	v0	08c5866b-a287-4551-b64e-123f83991768	3145	1786948832
--Users-vito-data-dev-others--/09699312-0787-4baf-926c-cea066660184/session.jsonl.zstd	v0	09699312-0787-4baf-926c-cea066660184	47421	1787321566
--Users-vito-data-dev-others--/0e90913a-7be9-4063-a061-d6c6387d3776/session.jsonl.zstd	v0	0e90913a-7be9-4063-a061-d6c6387d3776	66377	1786895801
--Users-vito-data-dev-others--/1069f15f-ce80-4814-98ec-f27107d54af4/session.jsonl.zstd	v0	1069f15f-ce80-4814-98ec-f27107d54af4	3454	1786981259
--Users-vito-data-dev-others--/10e1ca6f-63eb-4957-abd4-d696d07a1696/session.jsonl.zstd	v0	10e1ca6f-63eb-4957-abd4-d696d07a1696	3274	1786924933
--Users-vito-data-dev-others--/12e2f0cf-6869-4b59-89ae-628ec108560a/session.jsonl.zstd	v0	12e2f0cf-6869-4b59-89ae-628ec108560a	3321	1787320905
--Users-vito-data-dev-others--/16b40e63-5314-4c13-a986-3ebad57b5865/session.jsonl.zstd	v0	16b40e63-5314-4c13-a986-3ebad57b5865	100682	1786897385
--Users-vito-data-dev-others--/16d24035-04bb-4351-88f4-0451160174a7/session.jsonl.zstd	v0	16d24035-04bb-4351-88f4-0451160174a7	53005	1788854832
--Users-vito-data-dev-others--/16de350c-3c74-49ec-81a0-559328d71846/session.jsonl.zstd	v0	16de350c-3c74-49ec-81a0-559328d71846	3273	1786924849
--Users-vito-data-dev-others--/16ea6616-c09e-46dc-91d4-ec6ce7257bcf/session.jsonl.zstd	v0	16ea6616-c09e-46dc-91d4-ec6ce7257bcf	246751	1786961458
--Users-vito-data-dev-others--/17ebc557-2a4a-4515-b221-736c705d3d0f/session.jsonl.zstd	v0	17ebc557-2a4a-4515-b221-736c705d3d0f	3244	1786951242
--Users-vito-data-dev-others--/19cdef1c-b56b-445f-8a5a-310b7ab59351/session.jsonl.zstd	v0	19cdef1c-b56b-445f-8a5a-310b7ab59351	11557	1788840274
--Users-vito-data-dev-others--/19e2f33f-25f4-43d0-9210-8d72edc86b66/session.jsonl.zstd	v0	19e2f33f-25f4-43d0-9210-8d72edc86b66	7549	1788854980
--Users-vito-data-dev-others--/1c88339a-face-4615-95ca-65b4b7eb4aab/session.jsonl.zstd	v0	1c88339a-face-4615-95ca-65b4b7eb4aab	98370	1786924821
--Users-vito-data-dev-others--/21c2abc4-6f9b-4ec5-8eb2-b71095af8fd5/session.jsonl.zstd	v0	21c2abc4-6f9b-4ec5-8eb2-b71095af8fd5	3590	1787485486
--Users-vito-data-dev-others--/27ca25ec-348d-4504-b060-cb669d47e41e/session.jsonl.zstd	v0	27ca25ec-348d-4504-b060-cb669d47e41e	27137	1787207064
--Users-vito-data-dev-others--/27f16f68-d253-4447-b7fe-257498a6dbe9/session.jsonl.zstd	v0	27f16f68-d253-4447-b7fe-257498a6dbe9	3410	1787106332
--Users-vito-data-dev-others--/2d4ca364-b71c-4672-933e-4aadc42b41f1/session.jsonl.zstd	v0	2d4ca364-b71c-4672-933e-4aadc42b41f1	2273243	1786873868
--Users-vito-data-dev-others--/30c4e009-ba3e-48d6-9ce1-be29b5f09552/session.v3.jsonl.zstd	v3	30c4e009-ba3e-48d6-9ce1-be29b5f09552	271027	1789390789
--Users-vito-data-dev-others--/3d636f89-f5e7-4c91-8e01-86d7982e43f6/session.jsonl.zstd	v0	3d636f89-f5e7-4c91-8e01-86d7982e43f6	3409	1787151452
--Users-vito-data-dev-others--/3d78bcf2-9a4b-4b08-9dae-c89d80f7166c/session.jsonl.zstd	v0	3d78bcf2-9a4b-4b08-9dae-c89d80f7166c	11806	1788854260
--Users-vito-data-dev-others--/3e1a3f52-b87b-4045-a7fa-1b9235c4d735/session.jsonl.zstd	v0	3e1a3f52-b87b-4045-a7fa-1b9235c4d735	240426	1787489697
--Users-vito-data-dev-others--/3ef7b511-7f38-4fe9-a173-3d29bcf05b65/session.jsonl.zstd	v0	3ef7b511-7f38-4fe9-a173-3d29bcf05b65	3636	1787070698
--Users-vito-data-dev-others--/3f604250-8394-4538-a147-9d86165cb2af/session.jsonl.zstd	v0	3f604250-8394-4538-a147-9d86165cb2af	454983	1786804791
--Users-vito-data-dev-others--/3f8d57e6-8b44-497e-a3ab-ba4a8636f6e4/session.jsonl.zstd	v0	3f8d57e6-8b44-497e-a3ab-ba4a8636f6e4	3632	1787070320
--Users-vito-data-dev-others--/402d35d1-a9be-41d9-b3e4-cd844e2b3c57/session.jsonl.zstd	v0	402d35d1-a9be-41d9-b3e4-cd844e2b3c57	539217	1787107813
--Users-vito-data-dev-others--/407e40ff-c704-462a-a77d-c238708b17d6/session.jsonl.zstd	v0	407e40ff-c704-462a-a77d-c238708b17d6	303953	1786969280
--Users-vito-data-dev-others--/41809af4-7ef4-4656-9c04-354b352940e3/session.jsonl.zstd	v0	41809af4-7ef4-4656-9c04-354b352940e3	6234	1786951635
--Users-vito-data-dev-others--/48138cd0-4e97-466c-9509-9c1c5fba02bd/session.jsonl.zstd	v0	48138cd0-4e97-466c-9509-9c1c5fba02bd	3634	1787322441
--Users-vito-data-dev-others--/487b74e0-6f19-4767-bc28-386a9619134a/session.jsonl.zstd	v0	487b74e0-6f19-4767-bc28-386a9619134a	3253	1786949675
--Users-vito-data-dev-others--/48d183cc-0808-4206-92fa-948577dcce4c/session.jsonl.zstd	v0	48d183cc-0808-4206-92fa-948577dcce4c	3285	1787211415
--Users-vito-data-dev-others--/4982ba78-e7c5-4d69-ba27-72dbdbab0542/session.v3.jsonl.zstd	v3	4982ba78-e7c5-4d69-ba27-72dbdbab0542	257360	1789517516
--Users-vito-data-dev-others--/4a7bb681-b7a4-4190-a5a4-8e7d734abb69/session.jsonl.zstd	v0	4a7bb681-b7a4-4190-a5a4-8e7d734abb69	3118	1786968706
--Users-vito-data-dev-others--/50557050-a9a1-4c87-b18f-3de8e1a3744d/session.jsonl.zstd	v0	50557050-a9a1-4c87-b18f-3de8e1a3744d	3629	1787070385
--Users-vito-data-dev-others--/52072da3-f232-4d68-9086-bba47ae40bda/session.jsonl.zstd	v0	52072da3-f232-4d68-9086-bba47ae40bda	3259	1787069289
--Users-vito-data-dev-others--/5323641b-a564-40a5-8833-ac2c221f996d/session.jsonl.zstd	v0	5323641b-a564-40a5-8833-ac2c221f996d	3386	1786950323
--Users-vito-data-dev-others--/54f250f3-8e9b-4c5f-a994-25eb33b5eec1/session.jsonl.zstd	v0	54f250f3-8e9b-4c5f-a994-25eb33b5eec1	3330	1786958468
--Users-vito-data-dev-others--/58b50549-12e4-4b80-a601-d6a5cb86cbf1/session.jsonl.zstd	v0	58b50549-12e4-4b80-a601-d6a5cb86cbf1	3319	1787321388
--Users-vito-data-dev-others--/596b062e-5ec5-4262-b37f-7f2225ce39fe/session.jsonl.zstd	v0	596b062e-5ec5-4262-b37f-7f2225ce39fe	3276	1786925089
--Users-vito-data-dev-others--/5ec2e2d7-ce91-43ed-b2b5-2e32e8dae0bf/session.jsonl.zstd	v0	5ec2e2d7-ce91-43ed-b2b5-2e32e8dae0bf	11577	1788827363
--Users-vito-data-dev-others--/5f4cbdd8-9a20-400a-912a-be7501397e60/session.jsonl.zstd	v0	5f4cbdd8-9a20-400a-912a-be7501397e60	105795	1786934814
--Users-vito-data-dev-others--/6279da90-4a15-4c98-b4d5-738d2193be22/session.jsonl.zstd	v0	6279da90-4a15-4c98-b4d5-738d2193be22	3184	1786898568
--Users-vito-data-dev-others--/62b56a92-0e4b-4e33-a892-09a1f0403d64/session.jsonl.zstd	v0	62b56a92-0e4b-4e33-a892-09a1f0403d64	3409	1787151499
--Users-vito-data-dev-others--/6395e7ff-2842-4643-9bd8-7bfa0225d880/session.jsonl.zstd	v0	6395e7ff-2842-4643-9bd8-7bfa0225d880	3275	1786900247
--Users-vito-data-dev-others--/65a1dace-2aa7-4307-a9c2-693d55aaef94/session.jsonl.zstd	v0	65a1dace-2aa7-4307-a9c2-693d55aaef94	3839	1787195146
--Users-vito-data-dev-others--/65bbf31b-d5e4-4bc0-8306-171e9db7a7be/session.jsonl.zstd	v0	65bbf31b-d5e4-4bc0-8306-171e9db7a7be	3248	1786949638
--Users-vito-data-dev-others--/674745f5-2736-4bb7-a96d-06cf27e3d4c0/session.jsonl.zstd	v0	674745f5-2736-4bb7-a96d-06cf27e3d4c0	57242	1786981372
--Users-vito-data-dev-others--/691d9fd0-6c8c-402e-a186-bca27aec6ba9/session.jsonl.zstd	v0	691d9fd0-6c8c-402e-a186-bca27aec6ba9	3629	1787070135
--Users-vito-data-dev-others--/6b063ab4-da08-4ee6-b2af-53b160973f84/session.jsonl.zstd	v0	6b063ab4-da08-4ee6-b2af-53b160973f84	3275	1786924771
--Users-vito-data-dev-others--/6fc70a7d-d8a2-4da2-8603-ca1d0e1fa861/session.jsonl.zstd	v0	6fc70a7d-d8a2-4da2-8603-ca1d0e1fa861	690151	1786860531
--Users-vito-data-dev-others--/71422023-4332-407b-8a37-bc1aec46b254/session.jsonl.zstd	v0	71422023-4332-407b-8a37-bc1aec46b254	3257	1786956214
--Users-vito-data-dev-others--/73a8a87b-5a24-4dc7-8841-dfd78e477d2a/session.jsonl.zstd	v0	73a8a87b-5a24-4dc7-8841-dfd78e477d2a	11164	1788792295
--Users-vito-data-dev-others--/751ed188-2e7c-4ff3-9a25-b787bdeeec5b/session.v3.jsonl.zstd	v3	751ed188-2e7c-4ff3-9a25-b787bdeeec5b	458590	1789380932
--Users-vito-data-dev-others--/757e8927-b647-4f05-a110-e5c2ee5f9f03/session.jsonl.zstd	v0	757e8927-b647-4f05-a110-e5c2ee5f9f03	3633	1787070363
--Users-vito-data-dev-others--/76baa7ef-a6dc-4423-aab8-0ebba2034170/session.jsonl.zstd	v0	76baa7ef-a6dc-4423-aab8-0ebba2034170	556356	1787195158
--Users-vito-data-dev-others--/77726b87-7d96-4356-83ba-ce2269110488/session.jsonl.zstd	v0	77726b87-7d96-4356-83ba-ce2269110488	3257	1786953346
--Users-vito-data-dev-others--/7d774336-4f69-4668-998b-b725f3943a84/session.jsonl.zstd	v0	7d774336-4f69-4668-998b-b725f3943a84	12435	1787321434
--Users-vito-data-dev-others--/7d9fd0e2-2dee-467e-a8ea-3d024d3287c3/session.jsonl.zstd	v0	7d9fd0e2-2dee-467e-a8ea-3d024d3287c3	3409	1787205878
--Users-vito-data-dev-others--/7e2a3dd3-ff3c-4e18-9633-5f346918368f/session.jsonl.zstd	v0	7e2a3dd3-ff3c-4e18-9633-5f346918368f	279442	1786797128
--Users-vito-data-dev-others--/81aaf0c7-60a1-4f41-aaee-399c8d01a2ff/session.jsonl.zstd	v0	81aaf0c7-60a1-4f41-aaee-399c8d01a2ff	3561	1787489473
--Users-vito-data-dev-others--/89a7e71a-fa94-42c0-8c07-e4b421e6d17d/session.jsonl.zstd	v0	89a7e71a-fa94-42c0-8c07-e4b421e6d17d	190996	1786981369
--Users-vito-data-dev-others--/8cca2600-0fc7-4480-9193-67713eff1c51/session.jsonl.zstd	v0	8cca2600-0fc7-4480-9193-67713eff1c51	98814	1786981371
--Users-vito-data-dev-others--/91a319ae-4f5c-4e52-9388-08efdaef215e/session.jsonl.zstd	v0	91a319ae-4f5c-4e52-9388-08efdaef215e	12546	1788799556
--Users-vito-data-dev-others--/97f2dac0-3948-4b0e-91c2-69880ee31a14/session.jsonl.zstd	v0	97f2dac0-3948-4b0e-91c2-69880ee31a14	3631	1787070278
--Users-vito-data-dev-others--/992a03e6-3e15-4f93-b868-506c1a80e5c7/session.jsonl.zstd	v0	992a03e6-3e15-4f93-b868-506c1a80e5c7	3256	1786953692
--Users-vito-data-dev-others--/995f49ed-ba09-4654-9a03-c02069af9886/session.jsonl.zstd	v0	995f49ed-ba09-4654-9a03-c02069af9886	145204	1786949699
--Users-vito-data-dev-others--/9cdf92f3-d9bd-4ec8-9874-350a8e778c9b/session.jsonl.zstd	v0	9cdf92f3-d9bd-4ec8-9874-350a8e778c9b	626348	1786805050
--Users-vito-data-dev-others--/a1940b83-5e2f-4c5e-aff3-bcec9fc2a2c0/session.jsonl.zstd	v0	a1940b83-5e2f-4c5e-aff3-bcec9fc2a2c0	3320	1787321034
--Users-vito-data-dev-others--/a3705fa0-ed1d-4138-a932-135f09b5ac1b/session.jsonl.zstd	v0	a3705fa0-ed1d-4138-a932-135f09b5ac1b	3655	1787322351
--Users-vito-data-dev-others--/a3b9e367-00d3-49b6-a9f4-d806ddb5902a/session.jsonl.zstd	v0	a3b9e367-00d3-49b6-a9f4-d806ddb5902a	684277	1786860468
--Users-vito-data-dev-others--/a4dcc9b8-3c99-4f73-8f91-2bf26cce5835/session.jsonl.zstd	v0	a4dcc9b8-3c99-4f73-8f91-2bf26cce5835	193227	1787070838
--Users-vito-data-dev-others--/a4e92dd4-f162-4083-8b85-0a1b70545bff/session.jsonl.zstd	v0	a4e92dd4-f162-4083-8b85-0a1b70545bff	3144	1786947834
--Users-vito-data-dev-others--/a7a89b03-1e5f-4827-b998-7b9376eab6ed/session.jsonl.zstd	v0	a7a89b03-1e5f-4827-b998-7b9376eab6ed	3259	1787040485
--Users-vito-data-dev-others--/ac6dc8eb-06f3-4e45-a252-5ba8155c2026/session.jsonl.zstd	v0	ac6dc8eb-06f3-4e45-a252-5ba8155c2026	3119	1786962580
--Users-vito-data-dev-others--/ad5f73ed-bcee-4901-a02f-498829b71601/session.jsonl.zstd	v0	ad5f73ed-bcee-4901-a02f-498829b71601	3630	1787070481
--Users-vito-data-dev-others--/adfa2550-2dc1-4cd1-afbf-36209f07ef15/session.jsonl.zstd	v0	adfa2550-2dc1-4cd1-afbf-36209f07ef15	1578739	1787205895
--Users-vito-data-dev-others--/b18c4fa0-ba0e-4dc2-9bdd-562e5ba99b58/session.jsonl.zstd	v0	b18c4fa0-ba0e-4dc2-9bdd-562e5ba99b58	379632	1786860269
--Users-vito-data-dev-others--/b475f1d6-1cd3-4adb-bddd-20ab459a3ad8/session.jsonl.zstd	v0	b475f1d6-1cd3-4adb-bddd-20ab459a3ad8	666595	1787216718
--Users-vito-data-dev-others--/b983c166-c43f-4bc0-b25d-c2fa21951316/session.jsonl.zstd	v0	b983c166-c43f-4bc0-b25d-c2fa21951316	3243	1786951015
--Users-vito-data-dev-others--/c5b8a6ba-74fd-49ab-a1f5-a989425e682f/session.jsonl.zstd	v0	c5b8a6ba-74fd-49ab-a1f5-a989425e682f	6322	1787321208
--Users-vito-data-dev-others--/c61ec85d-a040-4c5d-a9f7-7d095c86c00f/session.jsonl.zstd	v0	c61ec85d-a040-4c5d-a9f7-7d095c86c00f	335873	1787321008
--Users-vito-data-dev-others--/c9e83713-54e1-4d8b-bd26-23867ac43e49/session.jsonl.zstd	v0	c9e83713-54e1-4d8b-bd26-23867ac43e49	763511	1786951336
--Users-vito-data-dev-others--/cb0a9880-5143-4edf-89dc-6c07e8bffff0/session.jsonl.zstd	v0	cb0a9880-5143-4edf-89dc-6c07e8bffff0	675069	1786805081
--Users-vito-data-dev-others--/cd08c294-6548-4d38-803d-32e29a16bd04/session.jsonl.zstd	v0	cd08c294-6548-4d38-803d-32e29a16bd04	3833	1787153745
--Users-vito-data-dev-others--/cd66b67a-5ae6-443e-9baa-8c21f0426810/session.jsonl.zstd	v0	cd66b67a-5ae6-443e-9baa-8c21f0426810	11503	1788792228
--Users-vito-data-dev-others--/cdfea255-1255-42c2-adb6-61e9c4d7a80e/session.jsonl.zstd	v0	cdfea255-1255-42c2-adb6-61e9c4d7a80e	80101	1786925193
--Users-vito-data-dev-others--/cef0d4da-e9e9-4122-b15b-dd228ca34563/session.jsonl.zstd	v0	cef0d4da-e9e9-4122-b15b-dd228ca34563	80103	1786981372
--Users-vito-data-dev-others--/cfee3a01-419b-46dc-9055-d3359a6867e2/session.jsonl.zstd	v0	cfee3a01-419b-46dc-9055-d3359a6867e2	38129	1786981458
--Users-vito-data-dev-others--/d19b1e8e-4fbb-4178-839e-7799be0e5dec/session.jsonl.zstd	v0	d19b1e8e-4fbb-4178-839e-7799be0e5dec	1047835	1787207081
--Users-vito-data-dev-others--/d2962135-0a97-4c32-8e4e-4b01c7445ac1/session.jsonl.zstd	v0	d2962135-0a97-4c32-8e4e-4b01c7445ac1	3317	1787321340
--Users-vito-data-dev-others--/d57a808a-3af1-413c-a9ac-8a56e96c5914/session.jsonl.zstd	v0	d57a808a-3af1-413c-a9ac-8a56e96c5914	3186	1786897898
--Users-vito-data-dev-others--/d5d97ba0-7c4e-4028-ac00-b7026f27cb59/session.jsonl.zstd	v0	d5d97ba0-7c4e-4028-ac00-b7026f27cb59	11187	1788848170
--Users-vito-data-dev-others--/d60439b5-6e4b-4777-9fc9-d17cea9b0a6b/session.jsonl.zstd	v0	d60439b5-6e4b-4777-9fc9-d17cea9b0a6b	11206	1788799942
--Users-vito-data-dev-others--/d8063479-c9e7-402e-814a-41b831381b98/session.jsonl.zstd	v0	d8063479-c9e7-402e-814a-41b831381b98	6369	1786924695
--Users-vito-data-dev-others--/da92198c-092b-436b-a8e2-b51ce155cfd9/session.jsonl.zstd	v0	da92198c-092b-436b-a8e2-b51ce155cfd9	984282	1787206311
--Users-vito-data-dev-others--/dc496098-6fdd-424f-a463-0bf81a4be7cd/session.jsonl.zstd	v0	dc496098-6fdd-424f-a463-0bf81a4be7cd	649779	1786785591
--Users-vito-data-dev-others--/dd28b46a-ae8c-4056-9ddc-900d84dfeb8f/session.jsonl.zstd	v0	dd28b46a-ae8c-4056-9ddc-900d84dfeb8f	3285	1787211844
--Users-vito-data-dev-others--/e1b4c1ed-edb3-4cef-995b-93aeda010dca/session.jsonl.zstd	v0	e1b4c1ed-edb3-4cef-995b-93aeda010dca	3120	1786967553
--Users-vito-data-dev-others--/e2e47f0f-6800-48bb-9380-fbc14df72a34/session.jsonl.zstd	v0	e2e47f0f-6800-48bb-9380-fbc14df72a34	2248	1786804245
--Users-vito-data-dev-others--/e36a55ba-e33a-4ff4-9355-397075ef9071/session.jsonl.zstd	v0	e36a55ba-e33a-4ff4-9355-397075ef9071	3283	1786948713
--Users-vito-data-dev-others--/e37abe92-cd22-48ac-a458-544552417d44/session.jsonl.zstd	v0	e37abe92-cd22-48ac-a458-544552417d44	422003	1787322171
--Users-vito-data-dev-others--/e570510a-66e0-4985-811c-03d8c6408042/session.jsonl.zstd	v0	e570510a-66e0-4985-811c-03d8c6408042	2974	1786859903
--Users-vito-data-dev-others--/e89f238f-e8fb-46c9-88e8-d4a39ed58489/session.jsonl.zstd	v0	e89f238f-e8fb-46c9-88e8-d4a39ed58489	679076	1787153827
--Users-vito-data-dev-others--/f058c284-a695-4925-b467-484cd0b8abfb/session.jsonl.zstd	v0	f058c284-a695-4925-b467-484cd0b8abfb	6027	1786947805
--Users-vito-data-dev-others--/f42cf5f8-58c9-43f3-8cdf-15ea626cc407/session.v3.jsonl.zstd	v3	f42cf5f8-58c9-43f3-8cdf-15ea626cc407	226057	1790044139
--Users-vito-data-dev-others--/f5e0ccaa-4765-4ce9-aab7-85002556539e/session.jsonl.zstd	v0	f5e0ccaa-4765-4ce9-aab7-85002556539e	3407	1786981482
--Users-vito-data-dev-others--/f99bd198-7cac-46aa-be2d-b726e2143bdc/session.jsonl.zstd	v0	f99bd198-7cac-46aa-be2d-b726e2143bdc	3244	1786950900
--Users-vito-data-dev-others--/fbade5c1-facd-4f39-9055-b72dd64e1c88/session.jsonl.zstd	v0	fbade5c1-facd-4f39-9055-b72dd64e1c88	3630	1787070415
--Users-vito-data-dev-others--/fdd07572-72bf-46da-be66-30a8b45d6c65/session.jsonl.zstd	v0	fdd07572-72bf-46da-be66-30a8b45d6c65	116563	1786981371
--Users-vito-data-dev-others--/fdfe320e-e9f2-4aa8-b9de-a680a73fe53a/session.jsonl.zstd	v0	fdfe320e-e9f2-4aa8-b9de-a680a73fe53a	1259229	1786893583
--Users-vito-data-dev-others--/ff8dd1cb-8e3f-4d55-95d6-6a508aa0923f/session.jsonl.zstd	v0	ff8dd1cb-8e3f-4d55-95d6-6a508aa0923f	412490	1786804750
--Users-vito-data-dev-others--/session-01f33197-847b-4b51-8d90-470325551eb2/session.v3.jsonl.zstd	v3	session-01f33197-847b-4b51-8d90-470325551eb2	1774848	1789575237
--Users-vito-data-dev-others--/session-03778e07-1652-4c31-b067-0c07b8e08209/session.v3.jsonl.zstd	v3	session-03778e07-1652-4c31-b067-0c07b8e08209	1027425	1789626894
--Users-vito-data-dev-others--/session-04d38176-4de7-4a31-8d1e-c3050e35a1cf/session.jsonl.zstd	v0	session-04d38176-4de7-4a31-8d1e-c3050e35a1cf	473	1788234859
--Users-vito-data-dev-others--/session-05945b34-1062-4cb4-82ab-1bf7258ee40a/session.jsonl.zstd	v0	session-05945b34-1062-4cb4-82ab-1bf7258ee40a	470	1788452829
--Users-vito-data-dev-others--/session-0686d1f1-9d2c-4636-b543-3cf63811f4fb/session.jsonl.zstd	v0	session-0686d1f1-9d2c-4636-b543-3cf63811f4fb	468	1788452424
--Users-vito-data-dev-others--/session-06a0d724-c2f0-4278-9c21-fd9affdecd2a/session.jsonl.zstd	v0	session-06a0d724-c2f0-4278-9c21-fd9affdecd2a	128909	1787739998
--Users-vito-data-dev-others--/session-06baaa08-42d6-4dfa-aa3e-219ef5f88e87/session.jsonl.zstd	v0	session-06baaa08-42d6-4dfa-aa3e-219ef5f88e87	3890	1787902463
--Users-vito-data-dev-others--/session-0854dfe2-837f-4d85-a0b9-a7de0c8381fa/session.jsonl.zstd	v0	session-0854dfe2-837f-4d85-a0b9-a7de0c8381fa	2382	1788852013
--Users-vito-data-dev-others--/session-0b460ee2-1c8a-4d22-87f1-59f800beead5/session.v3.jsonl.zstd	v3	session-0b460ee2-1c8a-4d22-87f1-59f800beead5	2446	1790071438
--Users-vito-data-dev-others--/session-0b822f0f-5524-4454-abfd-50fd39fda290/session.jsonl.zstd	v0	session-0b822f0f-5524-4454-abfd-50fd39fda290	1432651	1789217508
--Users-vito-data-dev-others--/session-0f7aeff6-a1e1-4144-8034-7b623515fc6f/session.jsonl.zstd	v0	session-0f7aeff6-a1e1-4144-8034-7b623515fc6f	354461	1788508567
--Users-vito-data-dev-others--/session-1/session.jsonl.zstd	v0	session-1	2143	1786804245
--Users-vito-data-dev-others--/session-12d50ddd-2df7-44ee-a63f-a299092e4263/session.jsonl.zstd	v0	session-12d50ddd-2df7-44ee-a63f-a299092e4263	473	1788353520
--Users-vito-data-dev-others--/session-17dd20ae-5d12-444b-942c-ca376b2800ec/session.jsonl.zstd	v0	session-17dd20ae-5d12-444b-942c-ca376b2800ec	470	1788450686
--Users-vito-data-dev-others--/session-18a12a15-05f6-402c-a12a-0638acd1cc58/session.jsonl.zstd	v0	session-18a12a15-05f6-402c-a12a-0638acd1cc58	2519	1788855613
--Users-vito-data-dev-others--/session-18dc4651-141b-47c9-9c9c-02f26215d866/session.jsonl.zstd	v0	session-18dc4651-141b-47c9-9c9c-02f26215d866	3660515	1789214392
--Users-vito-data-dev-others--/session-1ac157aa-f3b7-4736-9400-d583094c23b9/session.jsonl.zstd	v0	session-1ac157aa-f3b7-4736-9400-d583094c23b9	476886	1788142970
--Users-vito-data-dev-others--/session-1b174210-8469-4de4-b968-a47fbdcaa8d7/session.jsonl.zstd	v0	session-1b174210-8469-4de4-b968-a47fbdcaa8d7	7000	1787501299
--Users-vito-data-dev-others--/session-1f4696d3-cca4-45a3-9cce-01f040b6d515/session.jsonl.zstd	v0	session-1f4696d3-cca4-45a3-9cce-01f040b6d515	3873	1787672788
--Users-vito-data-dev-others--/session-23f8b342-289e-4dda-b975-600df805ce77/session.v3.jsonl.zstd	v3	session-23f8b342-289e-4dda-b975-600df805ce77	320200	1789626191
--Users-vito-data-dev-others--/session-2d292b6f-7eda-4692-8e20-fecb977378ec/session.v3.jsonl.zstd	v3	session-2d292b6f-7eda-4692-8e20-fecb977378ec	165228	1790149418
--Users-vito-data-dev-others--/session-2d3bdb61-e3d7-4374-95cd-202363258b29/session.jsonl.zstd	v0	session-2d3bdb61-e3d7-4374-95cd-202363258b29	468	1788306767
--Users-vito-data-dev-others--/session-2e6bd52d-7863-4107-8f07-b00f2d7b6992/session.jsonl.zstd	v0	session-2e6bd52d-7863-4107-8f07-b00f2d7b6992	3589	1788502939
--Users-vito-data-dev-others--/session-2eddbbd0-8954-4b1e-b33b-29ea52645982/session.jsonl.zstd	v0	session-2eddbbd0-8954-4b1e-b33b-29ea52645982	622	1788162461
--Users-vito-data-dev-others--/session-2ef6742a-58a9-4551-a520-044c49aeb5a4/session.jsonl.zstd	v0	session-2ef6742a-58a9-4551-a520-044c49aeb5a4	467	1788450960
--Users-vito-data-dev-others--/session-2ff9af5d-df46-4734-9cba-86737d08bee8/session.v3.jsonl.zstd	v3	session-2ff9af5d-df46-4734-9cba-86737d08bee8	7772	1789383601
--Users-vito-data-dev-others--/session-30308d30-4536-4be9-8ae1-74d284527855/session.jsonl.zstd	v0	session-30308d30-4536-4be9-8ae1-74d284527855	3807	1787998008
--Users-vito-data-dev-others--/session-316a7d72-1798-4e71-803e-06e78c7609f7/session.jsonl.zstd	v0	session-316a7d72-1798-4e71-803e-06e78c7609f7	3447	1788512577
--Users-vito-data-dev-others--/session-3216872a-c52d-42b3-a9a7-8bd0e8ee0f1a/session.jsonl.zstd	v0	session-3216872a-c52d-42b3-a9a7-8bd0e8ee0f1a	6992	1787501313
--Users-vito-data-dev-others--/session-3302baba-6311-4eb3-9652-c3f07ef6d16c/session.jsonl.zstd	v0	session-3302baba-6311-4eb3-9652-c3f07ef6d16c	5941861	1788873073
--Users-vito-data-dev-others--/session-366d6221-8b0d-4f41-aed5-260302ca058d/session.jsonl.zstd	v0	session-366d6221-8b0d-4f41-aed5-260302ca058d	255090	1787905222
--Users-vito-data-dev-others--/session-37c5e4a3-7bab-47e1-b7fd-5ef2223edcd5/session.jsonl.zstd	v0	session-37c5e4a3-7bab-47e1-b7fd-5ef2223edcd5	467	1788315880
--Users-vito-data-dev-others--/session-39d47d50-cce3-4a0e-b20b-26d4dbeddef0/session.v3.jsonl.zstd	v3	session-39d47d50-cce3-4a0e-b20b-26d4dbeddef0	2352	1789383624
--Users-vito-data-dev-others--/session-3c77cc75-5c1e-410a-b74f-1297660ae89b/session.jsonl.zstd	v0	session-3c77cc75-5c1e-410a-b74f-1297660ae89b	2462	1788768135
--Users-vito-data-dev-others--/session-3d236229-e056-41aa-b688-73893823ced3/session.jsonl.zstd	v0	session-3d236229-e056-41aa-b688-73893823ced3	3894	1787902669
--Users-vito-data-dev-others--/session-41e90a9a-a804-48ad-9f05-64580189286e/session.jsonl.zstd	v0	session-41e90a9a-a804-48ad-9f05-64580189286e	468	1788281526
--Users-vito-data-dev-others--/session-4533e03a-112c-4a58-b0ec-e2bc5b7945e8/session.jsonl.zstd	v0	session-4533e03a-112c-4a58-b0ec-e2bc5b7945e8	3585	1788503075
--Users-vito-data-dev-others--/session-48f7e1b4-c233-4cad-9532-3d56517aa2b9/session.jsonl.zstd	v0	session-48f7e1b4-c233-4cad-9532-3d56517aa2b9	2001673	1788855573
--Users-vito-data-dev-others--/session-48f7e1b4-c233-4cad-9532-3d56517aa2b9/session.v3.jsonl.zstd	v3	session-48f7e1b4-c233-4cad-9532-3d56517aa2b9	694777	1789113936
--Users-vito-data-dev-others--/session-4b65bec5-660b-4d59-a824-87b7601ad556/session.jsonl.zstd	v0	session-4b65bec5-660b-4d59-a824-87b7601ad556	471	1788507702
--Users-vito-data-dev-others--/session-4bc2ae71-6e85-45ce-b258-d442f2149532/session.jsonl.zstd	v0	session-4bc2ae71-6e85-45ce-b258-d442f2149532	467	1788444471
--Users-vito-data-dev-others--/session-4c0f29e7-a869-4f79-ac34-5c99db9be2cb/session.jsonl.zstd	v0	session-4c0f29e7-a869-4f79-ac34-5c99db9be2cb	3595	1787486896
--Users-vito-data-dev-others--/session-4cd6cff8-1d57-4b6d-b4b0-2e387081b425/session.jsonl.zstd	v0	session-4cd6cff8-1d57-4b6d-b4b0-2e387081b425	15953	1787486919
--Users-vito-data-dev-others--/session-4ec493e7-ff5c-4bc3-9872-22b8c799fc55/session.jsonl.zstd	v0	session-4ec493e7-ff5c-4bc3-9872-22b8c799fc55	255616	1787721011
--Users-vito-data-dev-others--/session-51d7c1c4-dfd1-429f-8d24-136c4f168884/session.jsonl.zstd	v0	session-51d7c1c4-dfd1-429f-8d24-136c4f168884	3805	1787996948
--Users-vito-data-dev-others--/session-5217cc59-cf9a-4268-84e3-e3098f13bad1/session.jsonl.zstd	v0	session-5217cc59-cf9a-4268-84e3-e3098f13bad1	468	1788246854
--Users-vito-data-dev-others--/session-5354c33a-3a18-4a1b-a873-5a99aff15380/session.v3.jsonl.zstd	v3	session-5354c33a-3a18-4a1b-a873-5a99aff15380	2426	1790314637
--Users-vito-data-dev-others--/session-535e7bf6-175d-42dc-be3e-38afbf24ba2d/session.jsonl.zstd	v0	session-535e7bf6-175d-42dc-be3e-38afbf24ba2d	117298	1787715174
--Users-vito-data-dev-others--/session-535e7bf6-175d-42dc-be3e-38afbf24ba2d/session.v3.jsonl.zstd	v3	session-535e7bf6-175d-42dc-be3e-38afbf24ba2d	68902	1789114799
--Users-vito-data-dev-others--/session-53d2e5c0-4a6d-45b5-a35a-cb5a45069576/session.jsonl.zstd	v0	session-53d2e5c0-4a6d-45b5-a35a-cb5a45069576	3650	1787989022
--Users-vito-data-dev-others--/session-5504a7fb-87b1-4c4c-8d85-6d2d280ae28e/session.jsonl.zstd	v0	session-5504a7fb-87b1-4c4c-8d85-6d2d280ae28e	468	1788318330
--Users-vito-data-dev-others--/session-55b52039-65a5-40fe-ab03-ec7316b9ef1b/session.jsonl.zstd	v0	session-55b52039-65a5-40fe-ab03-ec7316b9ef1b	470	1788308817
--Users-vito-data-dev-others--/session-5968a176-e071-47eb-bb0d-ecd32632dfd9/session.jsonl.zstd	v0	session-5968a176-e071-47eb-bb0d-ecd32632dfd9	3634	1787909836
--Users-vito-data-dev-others--/session-5d272d60-9216-4757-a377-8076e717a94b/session.jsonl.zstd	v0	session-5d272d60-9216-4757-a377-8076e717a94b	469	1788174603
--Users-vito-data-dev-others--/session-5dd222e4-71a7-412e-bb3d-0cd25a567afa/session.jsonl.zstd	v0	session-5dd222e4-71a7-412e-bb3d-0cd25a567afa	468	1788315433
--Users-vito-data-dev-others--/session-5e29e7fe-49a3-410e-af9c-eba40fe875d0/session.jsonl.zstd	v0	session-5e29e7fe-49a3-410e-af9c-eba40fe875d0	621	1788231272
--Users-vito-data-dev-others--/session-602861dc-f7ee-4e18-872c-2e8c92aef94a/session.v3.jsonl.zstd	v3	session-602861dc-f7ee-4e18-872c-2e8c92aef94a	587020	1789577284
--Users-vito-data-dev-others--/session-60ed0fed-1257-46a4-933b-4b70af3d71f1/session.jsonl.zstd	v0	session-60ed0fed-1257-46a4-933b-4b70af3d71f1	466	1788316695
--Users-vito-data-dev-others--/session-62afa294-9da3-47a6-ba4c-b6582c7b47e3/session.jsonl.zstd	v0	session-62afa294-9da3-47a6-ba4c-b6582c7b47e3	330967	1788012651
--Users-vito-data-dev-others--/session-635da9c3-ea06-401d-bdda-d6f49c01f12a/session.jsonl.zstd	v0	session-635da9c3-ea06-401d-bdda-d6f49c01f12a	470	1788451601
--Users-vito-data-dev-others--/session-653ec809-7719-46b1-97fa-e141ca1202cc/session.v3.jsonl.zstd	v3	session-653ec809-7719-46b1-97fa-e141ca1202cc	2429	1790326757
--Users-vito-data-dev-others--/session-665a8414-45d7-4f4d-a73e-acb658c1df03/session.jsonl.zstd	v0	session-665a8414-45d7-4f4d-a73e-acb658c1df03	465	1788188150
--Users-vito-data-dev-others--/session-671f7daf-062f-4a18-8732-fda7f70f9249/session.jsonl.zstd	v0	session-671f7daf-062f-4a18-8732-fda7f70f9249	467	1788274110
--Users-vito-data-dev-others--/session-672e692e-1165-4e6a-9cf4-54d559151f4c/session.jsonl.zstd	v0	session-672e692e-1165-4e6a-9cf4-54d559151f4c	3878	1787672659
--Users-vito-data-dev-others--/session-6b82b771-bf5f-4ea8-b985-834ddf701406/session.v3.jsonl.zstd	v3	session-6b82b771-bf5f-4ea8-b985-834ddf701406	856221	1789959927
--Users-vito-data-dev-others--/session-6bdce9d2-b9aa-406c-b3e3-d1784c9f6509/session.jsonl.zstd	v0	session-6bdce9d2-b9aa-406c-b3e3-d1784c9f6509	1889754	1788395638
--Users-vito-data-dev-others--/session-6c2684bf-b3b8-4cd5-acd4-ae3083c685ef/session.jsonl.zstd	v0	session-6c2684bf-b3b8-4cd5-acd4-ae3083c685ef	470	1788446507
--Users-vito-data-dev-others--/session-7071a3e6-85dc-4695-b1a1-c2cff29a82b8/session.jsonl.zstd	v0	session-7071a3e6-85dc-4695-b1a1-c2cff29a82b8	470	1788450175
--Users-vito-data-dev-others--/session-707edaa3-7468-4c87-9cbc-61f10af30cdb/session.jsonl.zstd	v0	session-707edaa3-7468-4c87-9cbc-61f10af30cdb	469	1788366211
--Users-vito-data-dev-others--/session-73fa4d8c-ad8f-41f1-8074-7024ca5211c1/session.jsonl.zstd	v0	session-73fa4d8c-ad8f-41f1-8074-7024ca5211c1	468	1788365914
--Users-vito-data-dev-others--/session-76cc79f7-d6e0-455e-aaf7-1ca40559b2d9/session.v3.jsonl.zstd	v3	session-76cc79f7-d6e0-455e-aaf7-1ca40559b2d9	147358	1789539809
--Users-vito-data-dev-others--/session-774e3b6b-e848-4267-9e24-d6fd45e5e2d1/session.jsonl.zstd	v0	session-774e3b6b-e848-4267-9e24-d6fd45e5e2d1	467	1788280638
--Users-vito-data-dev-others--/session-78c63aaa-44ed-424f-80c9-2ed8c66862e8/session.jsonl.zstd	v0	session-78c63aaa-44ed-424f-80c9-2ed8c66862e8	466	1788307850
--Users-vito-data-dev-others--/session-7924c659-2127-4e23-90e9-98dde3fdfc9d/session.jsonl.zstd	v0	session-7924c659-2127-4e23-90e9-98dde3fdfc9d	467	1788248927
--Users-vito-data-dev-others--/session-799efb5d-150c-41ef-b1f7-b103cbae4d5e/session.jsonl.zstd	v0	session-799efb5d-150c-41ef-b1f7-b103cbae4d5e	898862	1788504467
--Users-vito-data-dev-others--/session-79f9c221-3026-4500-b601-f2b028cf961e/session.jsonl.zstd	v0	session-79f9c221-3026-4500-b601-f2b028cf961e	3450	1788504322
--Users-vito-data-dev-others--/session-7ca288db-b77c-4560-bf76-9e93a1491caa/session.jsonl.zstd	v0	session-7ca288db-b77c-4560-bf76-9e93a1491caa	75260	1787747808
--Users-vito-data-dev-others--/session-7df93486-88ca-4098-913e-28b8f9f0aeca/session.jsonl.zstd	v0	session-7df93486-88ca-4098-913e-28b8f9f0aeca	468	1788307438
--Users-vito-data-dev-others--/session-7f019652-89fb-4928-a4bb-8a440826080a/session.jsonl.zstd	v0	session-7f019652-89fb-4928-a4bb-8a440826080a	3806	1787997141
--Users-vito-data-dev-others--/session-83ac577e-4bf6-498b-b81b-b933ce09879a/session.v3.jsonl.zstd	v3	session-83ac577e-4bf6-498b-b81b-b933ce09879a	2537	1790079054
--Users-vito-data-dev-others--/session-84c40183-3642-4d03-b0d6-de485f9c77d0/session.v3.jsonl.zstd	v3	session-84c40183-3642-4d03-b0d6-de485f9c77d0	2445	1790075396
--Users-vito-data-dev-others--/session-8599762a-0c50-4e8b-8c6c-c26a9ecd9470/session.jsonl.zstd	v0	session-8599762a-0c50-4e8b-8c6c-c26a9ecd9470	3870	1787718720
--Users-vito-data-dev-others--/session-8646ceec-7208-44b7-987c-9a27fc525ad5/session.jsonl.zstd	v0	session-8646ceec-7208-44b7-987c-9a27fc525ad5	468	1788315387
--Users-vito-data-dev-others--/session-88533493-36aa-486a-ad7a-d2c30e68a3ae/session.jsonl.zstd	v0	session-88533493-36aa-486a-ad7a-d2c30e68a3ae	464	1788364898
--Users-vito-data-dev-others--/session-8a6af194-5c23-483b-a12a-b11725cd58cf/session.jsonl.zstd	v0	session-8a6af194-5c23-483b-a12a-b11725cd58cf	471	1788445169
--Users-vito-data-dev-others--/session-8ada0bec-5aac-410d-9608-82d7e0c64b4d/session.jsonl.zstd	v0	session-8ada0bec-5aac-410d-9608-82d7e0c64b4d	466	1788279168
--Users-vito-data-dev-others--/session-8dd80d96-34fb-40b4-aeda-1810c8a46902/session.jsonl.zstd	v0	session-8dd80d96-34fb-40b4-aeda-1810c8a46902	7768	1788852008
--Users-vito-data-dev-others--/session-9026d624-dad5-4fbd-be60-582a583c7253/session.jsonl.zstd	v0	session-9026d624-dad5-4fbd-be60-582a583c7253	469	1788306296
--Users-vito-data-dev-others--/session-904d0093-3552-483b-b437-0b3e50616bce/session.jsonl.zstd	v0	session-904d0093-3552-483b-b437-0b3e50616bce	377803	1787910050
--Users-vito-data-dev-others--/session-921509af-0862-400b-a9d6-40a728b1ad91/session.jsonl.zstd	v0	session-921509af-0862-400b-a9d6-40a728b1ad91	7572	1788856443
--Users-vito-data-dev-others--/session-94e43292-cecd-40ca-b7d0-ce00f5195049/session.jsonl.zstd	v0	session-94e43292-cecd-40ca-b7d0-ce00f5195049	3807	1787997643
--Users-vito-data-dev-others--/session-95be7a0e-c37e-443a-b7fb-ab9ee26b317a/session.jsonl.zstd	v0	session-95be7a0e-c37e-443a-b7fb-ab9ee26b317a	12860	1788867530
--Users-vito-data-dev-others--/session-9604ec36-18da-451e-b0d3-5f057f4472c4/session.jsonl.zstd	v0	session-9604ec36-18da-451e-b0d3-5f057f4472c4	3964	1787755414
--Users-vito-data-dev-others--/session-9609acac-b773-42bf-a2a7-284e893a3559/session.jsonl.zstd	v0	session-9609acac-b773-42bf-a2a7-284e893a3559	317	1788444557
--Users-vito-data-dev-others--/session-9b2ab8f6-34b7-4cdb-897b-024f86f64ffd/session.jsonl.zstd	v0	session-9b2ab8f6-34b7-4cdb-897b-024f86f64ffd	473	1788228461
--Users-vito-data-dev-others--/session-9c519f8f-a606-42ab-8491-26099c3db2c2/session.v3.jsonl.zstd	v3	session-9c519f8f-a606-42ab-8491-26099c3db2c2	1139860	1789527037
--Users-vito-data-dev-others--/session-9d0408ce-edfa-4975-97cb-44258c550b3c/session.jsonl.zstd	v0	session-9d0408ce-edfa-4975-97cb-44258c550b3c	2478	1788797828
--Users-vito-data-dev-others--/session-9d55b340-1139-4b83-97f7-bd18dc741d2f/session.jsonl.zstd	v0	session-9d55b340-1139-4b83-97f7-bd18dc741d2f	2341	1788797673
--Users-vito-data-dev-others--/session-a2f9dd52-3157-4004-9628-e93e7e2c35bb/session.jsonl.zstd	v0	session-a2f9dd52-3157-4004-9628-e93e7e2c35bb	8992	1788856631
--Users-vito-data-dev-others--/session-a632271f-a336-41e8-b14c-06a9c5f1c928/session.v3.jsonl.zstd	v3	session-a632271f-a336-41e8-b14c-06a9c5f1c928	186510	1789383646
--Users-vito-data-dev-others--/session-a6586cac-1a31-4934-afd6-c0b6338d7985/session.jsonl.zstd	v0	session-a6586cac-1a31-4934-afd6-c0b6338d7985	3957	1787718832
--Users-vito-data-dev-others--/session-ac51d1a5-ecb9-42d6-bc10-4a64953207af/session.jsonl.zstd	v0	session-ac51d1a5-ecb9-42d6-bc10-4a64953207af	471	1788329038
--Users-vito-data-dev-others--/session-ae7b815d-88c6-4450-b644-ad36442bffe9/session.jsonl.zstd	v0	session-ae7b815d-88c6-4450-b644-ad36442bffe9	111740	1788175878
--Users-vito-data-dev-others--/session-af3cf883-40db-4f46-9360-58334d11eded/session.jsonl.zstd	v0	session-af3cf883-40db-4f46-9360-58334d11eded	3887	1787902418
--Users-vito-data-dev-others--/session-b0260cef-44ab-427b-ada4-aee1c0702ec5/session.v3.jsonl.zstd	v3	session-b0260cef-44ab-427b-ada4-aee1c0702ec5	189780	1789747409
--Users-vito-data-dev-others--/session-b06a9552-9774-492c-99dd-363efcb7b86e/session.jsonl.zstd	v0	session-b06a9552-9774-492c-99dd-363efcb7b86e	466	1788439014
--Users-vito-data-dev-others--/session-b149912a-338b-40bf-a2d1-8ab3a2a61d76/session.jsonl.zstd	v0	session-b149912a-338b-40bf-a2d1-8ab3a2a61d76	1279345	1787724233
--Users-vito-data-dev-others--/session-b20637a2-7d84-4b74-adfa-f1ed8b8a2d6b/session.jsonl.zstd	v0	session-b20637a2-7d84-4b74-adfa-f1ed8b8a2d6b	68460	1788085879
--Users-vito-data-dev-others--/session-b37192fc-9615-40d1-802e-5cde9d924042/session.jsonl.zstd	v0	session-b37192fc-9615-40d1-802e-5cde9d924042	470	1788271813
--Users-vito-data-dev-others--/session-b3770a78-1c9a-4d32-9ea1-e0f967982d8a/session.jsonl.zstd	v0	session-b3770a78-1c9a-4d32-9ea1-e0f967982d8a	1351442	1788765315
--Users-vito-data-dev-others--/session-b3bbbec6-d988-4605-94b9-112e6934ef41/session.jsonl.zstd	v0	session-b3bbbec6-d988-4605-94b9-112e6934ef41	475	1788162294
--Users-vito-data-dev-others--/session-b4732ebc-41dd-4f79-ac16-7dbab810873c/session.v3.jsonl.zstd	v3	session-b4732ebc-41dd-4f79-ac16-7dbab810873c	2451	1790075398
--Users-vito-data-dev-others--/session-b55307bc-2d74-474e-9e57-dfb7c974a7ca/session.jsonl.zstd	v0	session-b55307bc-2d74-474e-9e57-dfb7c974a7ca	466	1788190118
--Users-vito-data-dev-others--/session-b62767cf-632b-4da9-89c7-3e013d0bca52/session.jsonl.zstd	v0	session-b62767cf-632b-4da9-89c7-3e013d0bca52	316	1788321980
--Users-vito-data-dev-others--/session-b665faf9-45b8-4ef4-8617-10cc831eb554/session.v3.jsonl.zstd	v3	session-b665faf9-45b8-4ef4-8617-10cc831eb554	2968	1789217556
--Users-vito-data-dev-others--/session-b90e1b9e-96df-4749-90f7-00602ce070b2/session.v3.jsonl.zstd	v3	session-b90e1b9e-96df-4749-90f7-00602ce070b2	2495	1789113807
--Users-vito-data-dev-others--/session-b95ac170-e599-4d8e-b2bf-5837306583ac/session.jsonl.zstd	v0	session-b95ac170-e599-4d8e-b2bf-5837306583ac	472	1788318959
--Users-vito-data-dev-others--/session-be55e046-7a38-4295-bcff-a135cd9ac5d5/session.jsonl.zstd	v0	session-be55e046-7a38-4295-bcff-a135cd9ac5d5	186491	1788868150
--Users-vito-data-dev-others--/session-c3ad648f-a23f-468e-a2b7-14b157d9c51c/session.jsonl.zstd	v0	session-c3ad648f-a23f-468e-a2b7-14b157d9c51c	778	1788443669
--Users-vito-data-dev-others--/session-c594222b-5d07-4e95-8957-9807c04acf0c/session.v3.jsonl.zstd	v3	session-c594222b-5d07-4e95-8957-9807c04acf0c	325095	1789220134
--Users-vito-data-dev-others--/session-c85ee989-622e-4e06-832b-535144655d97/session.jsonl.zstd	v0	session-c85ee989-622e-4e06-832b-535144655d97	2632060	1789111534
--Users-vito-data-dev-others--/session-c85ee989-622e-4e06-832b-535144655d97/session.v3.jsonl.zstd	v3	session-c85ee989-622e-4e06-832b-535144655d97	940309	1789113910
--Users-vito-data-dev-others--/session-c8adfbf1-9191-4998-a3e7-4fc4bb89ea8e/session.jsonl.zstd	v0	session-c8adfbf1-9191-4998-a3e7-4fc4bb89ea8e	159582	1788014283
--Users-vito-data-dev-others--/session-ca17a44e-1dec-46c4-a8d8-27afce03dcfe/session.jsonl.zstd	v0	session-ca17a44e-1dec-46c4-a8d8-27afce03dcfe	3662	1787501313
--Users-vito-data-dev-others--/session-ca942f57-036c-47c4-93de-b3ed818e1321/session.jsonl.zstd	v0	session-ca942f57-036c-47c4-93de-b3ed818e1321	468	1788277354
--Users-vito-data-dev-others--/session-cf939732-538b-407f-b962-246a6aa7e9a3/session.jsonl.zstd	v0	session-cf939732-538b-407f-b962-246a6aa7e9a3	911864	1787998015
--Users-vito-data-dev-others--/session-d1b298da-9452-45f9-bcf6-fd86f98e3085/session.v3.jsonl.zstd	v3	session-d1b298da-9452-45f9-bcf6-fd86f98e3085	214081	1789441752
--Users-vito-data-dev-others--/session-d543c822-b0c1-4793-a55e-f323299245a1/session.v3.jsonl.zstd	v3	session-d543c822-b0c1-4793-a55e-f323299245a1	625497	1789390290
--Users-vito-data-dev-others--/session-d60d8017-1360-4edb-b811-6fdda79a7c1a/session.v3.jsonl.zstd	v3	session-d60d8017-1360-4edb-b811-6fdda79a7c1a	1094246	1790062468
--Users-vito-data-dev-others--/session-d6530e85-646f-49e0-95e2-ac366057a558/session.v3.jsonl.zstd	v3	session-d6530e85-646f-49e0-95e2-ac366057a558	245609	1790143398
--Users-vito-data-dev-others--/session-d74efc8d-685c-4d6b-96b0-39970109f2c9/session.jsonl.zstd	v0	session-d74efc8d-685c-4d6b-96b0-39970109f2c9	472	1788451342
--Users-vito-data-dev-others--/session-d9791251-1438-4506-a594-abe3b47ab43f/session.jsonl.zstd	v0	session-d9791251-1438-4506-a594-abe3b47ab43f	401371	1788334076
--Users-vito-data-dev-others--/session-da24110e-d71e-40d4-b344-29f57a57371b/session.jsonl.zstd	v0	session-da24110e-d71e-40d4-b344-29f57a57371b	291704	1788433892
--Users-vito-data-dev-others--/session-dcd43c1f-a45f-4b7d-8017-3d4f8f47cfdb/session.jsonl.zstd	v0	session-dcd43c1f-a45f-4b7d-8017-3d4f8f47cfdb	468	1788436402
--Users-vito-data-dev-others--/session-dd3f4278-236a-4f48-b0f1-19f94cfe254b/session.jsonl.zstd	v0	session-dd3f4278-236a-4f48-b0f1-19f94cfe254b	194309	1788920842
--Users-vito-data-dev-others--/session-e01ee831-264b-4409-b0ab-2c3fa256e019/session.jsonl.zstd	v0	session-e01ee831-264b-4409-b0ab-2c3fa256e019	471	1788277568
--Users-vito-data-dev-others--/session-e0cd5bb3-e10d-458d-9f80-518a4a77deff/session.jsonl.zstd	v0	session-e0cd5bb3-e10d-458d-9f80-518a4a77deff	468	1788355739
--Users-vito-data-dev-others--/session-e1e9aca6-2056-4ebf-9f17-b69b6a225687/session.jsonl.zstd	v0	session-e1e9aca6-2056-4ebf-9f17-b69b6a225687	468	1788192915
--Users-vito-data-dev-others--/session-e2fb9ddb-259d-4571-8c03-12307b07535b/session.jsonl.zstd	v0	session-e2fb9ddb-259d-4571-8c03-12307b07535b	50349	1787486867
--Users-vito-data-dev-others--/session-e70a83b3-7bd2-46b5-88c9-31d340f4f4b3/session.v3.jsonl.zstd	v3	session-e70a83b3-7bd2-46b5-88c9-31d340f4f4b3	158611	1789440712
--Users-vito-data-dev-others--/session-e71ede5e-8721-41a2-92aa-6dab38689f48/session.v3.jsonl.zstd	v3	session-e71ede5e-8721-41a2-92aa-6dab38689f48	343890	1789828186
--Users-vito-data-dev-others--/session-e8d07e6e-bb48-4614-9bdc-d1997bab02e7/session.jsonl.zstd	v0	session-e8d07e6e-bb48-4614-9bdc-d1997bab02e7	3871	1787672740
--Users-vito-data-dev-others--/session-e9bb7345-7042-4c4a-9a65-998752cefce4/session.jsonl.zstd	v0	session-e9bb7345-7042-4c4a-9a65-998752cefce4	6390	1788351407
--Users-vito-data-dev-others--/session-eccc8a5f-9fad-4983-a51d-8b2e969e2c77/session.v3.jsonl.zstd	v3	session-eccc8a5f-9fad-4983-a51d-8b2e969e2c77	101931	1789384037
--Users-vito-data-dev-others--/session-edd28c06-d6b9-4f9c-842d-0984b0778581/session.jsonl.zstd	v0	session-edd28c06-d6b9-4f9c-842d-0984b0778581	3586	1788504746
--Users-vito-data-dev-others--/session-f13e5dea-0108-4210-b40e-6ef1b7cd1400/session.v3.jsonl.zstd	v3	session-f13e5dea-0108-4210-b40e-6ef1b7cd1400	2354	1789113852
--Users-vito-data-dev-others--/session-f6fc92f8-7bc6-4a0d-bd59-f94f621ba051/session.v3.jsonl.zstd	v3	session-f6fc92f8-7bc6-4a0d-bd59-f94f621ba051	228465	1789644170
--Users-vito-data-dev-others--/session-f7d3ced3-8743-48fd-984a-69d96d9f3393/session.jsonl.zstd	v0	session-f7d3ced3-8743-48fd-984a-69d96d9f3393	467	1788278488
--Users-vito-data-dev-others--/session-fcf45eb5-d9e9-4390-824b-1c527fb99617/session.jsonl.zstd	v0	session-fcf45eb5-d9e9-4390-824b-1c527fb99617	3803	1787724116
--Users-vito-data-dev-others--/session-fd2d2f41-2c95-4289-9c30-b4dbf2d89c11/session.jsonl.zstd	v0	session-fd2d2f41-2c95-4289-9c30-b4dbf2d89c11	3667	1787501299
--Users-vito-data-dev-others--/session-fe94447e-262f-4fbb-bd6f-42c5b353ce12/session.jsonl.zstd	v0	session-fe94447e-262f-4fbb-bd6f-42c5b353ce12	3807	1787997368
--Users-vito-data-dev-others-test--/session-81a9d935-cd3c-46fc-adb6-aef73118deee/session.jsonl.zstd	v0	session-81a9d935-cd3c-46fc-adb6-aef73118deee	2055	1788770007
--Users-vito-data-dev-web3-api_auto--/session-af5b6571-2bc3-42ff-9325-d1e23a7b3c78/session.jsonl.zstd	v0	session-af5b6571-2bc3-42ff-9325-d1e23a7b3c78	1992	1787673571
--private-tmp--/session-8bb9e744-d9b1-46a7-926e-8c20faaf5811/session.v3.jsonl.zstd	v3	session-8bb9e744-d9b1-46a7-926e-8c20faaf5811	1344533	1790156688
--private-tmp-dsh-ticket06-ws--/session-65e713ad-babd-47bd-b27a-d08b48755a7e/session.v3.jsonl.zstd	v3	session-65e713ad-babd-47bd-b27a-d08b48755a7e	104492	1789037637
--private-tmp-dsh-ticket06-ws--/session-92e33912-d131-44ad-8218-a4bd13ad70c1/session.v3.jsonl.zstd	v3	session-92e33912-d131-44ad-8218-a4bd13ad70c1	1846	1789034825
--private-tmp-dsh-ticket06-ws2--/session-c508e04b-8626-4742-8e09-119181b59f02/session.v3.jsonl.zstd	v3	session-c508e04b-8626-4742-8e09-119181b59f02	68258	1789039955
--private-tmp-dsh-ticket06-ws3--/session-212c25c4-6b9f-4583-8457-3300ca58f45f/session.v3.jsonl.zstd	v3	session-212c25c4-6b9f-4583-8457-3300ca58f45f	2187	1789041070
--private-tmp-dsh-ticket06-ws3--/session-4c66af75-ff66-4311-9451-445c8ee3b7f5/session.v3.jsonl.zstd	v3	session-4c66af75-ff66-4311-9451-445c8ee3b7f5	43802	1789041425
--private-tmp-dsh-ticket06-ws3--/session-5ed34c7b-11d6-451c-b7fa-052968695968/session.v3.jsonl.zstd	v3	session-5ed34c7b-11d6-451c-b7fa-052968695968	27308	1789041070
--private-tmp-dsh-ticket06-ws3--/session-6846f8fa-18eb-4ce8-8f85-4b6a36b37aff/session.v3.jsonl.zstd	v3	session-6846f8fa-18eb-4ce8-8f85-4b6a36b37aff	47594	1789041441
--private-tmp-dsh-ticket06-ws3--/session-a57a4869-105e-468f-baeb-6f3bc46e8b6e/session.v3.jsonl.zstd	v3	session-a57a4869-105e-468f-baeb-6f3bc46e8b6e	47183	1789041291
--private-tmp-dsh-ticket06-ws3--/session-d8816d0b-9a13-4d19-8a17-b61af47576fa/session.v3.jsonl.zstd	v3	session-d8816d0b-9a13-4d19-8a17-b61af47576fa	47206	1789041124
--private-tmp-dsh-tui-depcheck--/session-15bc0a75-01b8-4df6-ba5d-b5356c6cccbd/session.jsonl.zstd	v0	session-15bc0a75-01b8-4df6-ba5d-b5356c6cccbd	12566	1786673959
--private-tmp-dsh-tui-depcheck--/session-18edf89d-2f04-48cc-a74d-94f17c94a5d1/session.jsonl.zstd	v0	session-18edf89d-2f04-48cc-a74d-94f17c94a5d1	295	1786639039
--private-tmp-dsh-tui-depcheck--/session-19835a47-1825-44e2-b387-2014ae1fd40d/session.jsonl.zstd	v0	session-19835a47-1825-44e2-b387-2014ae1fd40d	297	1786639649
--private-tmp-dsh-tui-depcheck--/session-1b14bfaa-10bb-4dd6-b667-bede1b9b73c3/session.jsonl.zstd	v0	session-1b14bfaa-10bb-4dd6-b667-bede1b9b73c3	12683	1786639252
--private-tmp-dsh-tui-depcheck--/session-25054cd5-ca70-4936-9202-55adeabc427a/session.jsonl.zstd	v0	session-25054cd5-ca70-4936-9202-55adeabc427a	294	1786639570
--private-tmp-dsh-tui-depcheck--/session-2c83adf6-de30-4e94-9b20-b101657008af/session.jsonl.zstd	v0	session-2c83adf6-de30-4e94-9b20-b101657008af	12135	1786639843
--private-tmp-dsh-tui-depcheck--/session-62797120-990a-4f49-8694-45014f8a9aba/session.jsonl.zstd	v0	session-62797120-990a-4f49-8694-45014f8a9aba	14458	1786639705
--private-tmp-dsh-tui-depcheck--/session-70458537-fc20-4737-b32a-94dede051c0a/session.jsonl.zstd	v0	session-70458537-fc20-4737-b32a-94dede051c0a	12045	1786640013
--private-tmp-dsh-tui-depcheck--/session-8ba78c87-cb28-4718-92e2-c6288f1f841b/session.jsonl.zstd	v0	session-8ba78c87-cb28-4718-92e2-c6288f1f841b	12166	1786639774
--private-tmp-dsh-tui-depcheck--/session-98ec234b-b853-4219-bd17-6ea4556bd83e/session.jsonl.zstd	v0	session-98ec234b-b853-4219-bd17-6ea4556bd83e	12124	1786639881
--private-tmp-dsh-tui-depcheck--/session-a63deb9f-2ccc-42ca-bf1a-6028a529ae10/session.jsonl.zstd	v0	session-a63deb9f-2ccc-42ca-bf1a-6028a529ae10	378	1786673590
--private-tmp-dsh-tui-depcheck--/session-ab432afe-7a10-4247-991c-d4cad2dd917d/session.jsonl.zstd	v0	session-ab432afe-7a10-4247-991c-d4cad2dd917d	12237	1786639180
--private-tmp-dsh-tui-depcheck--/session-cf26412f-310a-49f9-888c-e364718111bc/session.jsonl.zstd	v0	session-cf26412f-310a-49f9-888c-e364718111bc	297	1786639946
--private-tmp-dsh-tui-depcheck--/session-f4ae4c35-1405-4a11-a1c1-d1386b8c4513/session.jsonl.zstd	v0	session-f4ae4c35-1405-4a11-a1c1-d1386b8c4513	12470	1786639539
