--Users-vito--/session-1c3eabab-7fc7-4783-a123-c577cba28db9/session.jsonl.zstd	canonical	v0	session-1c3eabab-7fc7-4783-a123-c577cba28db9	2073	1787979440	452b4b63fa5d87939535b71f25c34441c96aaf21bad8f58d06039dd822d9b3b8
--Users-vito--/session-5aadb4b7-9927-44e0-926a-d9335bccd05e/session.jsonl.zstd	canonical	v0	session-5aadb4b7-9927-44e0-926a-d9335bccd05e	2073	1787980135	aaf4a693220ca576257e44dfc5542f8fc337e0ecca53446742fc7ebec1530f54
--Users-vito--/session-790248b5-7ef8-45f6-ba0e-57c6084cea51/session.jsonl.zstd	canonical	v0	session-790248b5-7ef8-45f6-ba0e-57c6084cea51	1977	1787544185	3d74b853192115a7b19f454b926f9b99d0c280c7d8e76b71040c7e315ab837c5
--Users-vito--/session-88b4d0f7-ab8c-4287-92d0-e76c61a67e50/session.jsonl.zstd	canonical	v0	session-88b4d0f7-ab8c-4287-92d0-e76c61a67e50	2097	1787747497	e1412057acf65aaa9d026ce6732b28f891fb05f66642669b8583407663aeccc9
--Users-vito--/session-a77d637f-a3ed-4462-bcbd-e1d2755ae7b2/session.jsonl.zstd	canonical	v0	session-a77d637f-a3ed-4462-bcbd-e1d2755ae7b2	1977	1787544073	a46ace03697cc87768968dfba5b5d58e9bfce0c0a54fa48819b07726936bf8f9
--Users-vito--/session-aebc6e9c-577b-4a47-b08d-2f3c154888cf/session.lock	lock	-	session-aebc6e9c-577b-4a47-b08d-2f3c154888cf	0	1790171219	e3b0c44298fc1c149afbf4c8996fb92427ae41e4649b934ca495991b7852b855
--Users-vito--/session-aebc6e9c-577b-4a47-b08d-2f3c154888cf/session.v3.jsonl.zstd	canonical	v3	session-aebc6e9c-577b-4a47-b08d-2f3c154888cf	1968	1790171227	7dc3b02937852af5f9de98486f752319b34ae495e8274837972a09b4c6a1e37b
--Users-vito--/session-dee7c568-c191-46ca-8614-fb0b5d29538e/session.jsonl.zstd	canonical	v0	session-dee7c568-c191-46ca-8614-fb0b5d29538e	2075	1787979805	49de22481a3e678208262acee58cd6ec61323ad44750d2019fb1021dc27c07da
--Users-vito--/session-ee577732-90f0-471e-be54-ae2fc68b5f4d/session.lock	lock	-	session-ee577732-90f0-471e-be54-ae2fc68b5f4d	0	1789034030	e3b0c44298fc1c149afbf4c8996fb92427ae41e4649b934ca495991b7852b855
--Users-vito--/session-ee577732-90f0-471e-be54-ae2fc68b5f4d/session.v3.jsonl.zstd	canonical	v3	session-ee577732-90f0-471e-be54-ae2fc68b5f4d	1972	1789034033	0a7705f073a2cfcee47dbc436856dda35141f790492fe7c721c3f7483982a4fa
--Users-vito-.dsh-profiles-endless-tui--/e12858c2-aa21-4217-aa46-0185a4da47aa/session.jsonl.zstd	canonical	v0	e12858c2-aa21-4217-aa46-0185a4da47aa	1951	1787063442	45271a5a44d9947c359d7174ec449a4a51a32d505816cb36a92ed2f3ef4bddbe
--Users-vito-.dsh-relay-mirrors--/session-01ee1db2-b8cb-4752-8308-846261e948e7/session.jsonl.zstd	canonical	v0	session-01ee1db2-b8cb-4752-8308-846261e948e7	576	1788589619	06ac00ff0e53fe154d29f2604f8d54195d1b9a003f0207b84eb3b74bea135c30
--Users-vito-.dsh-relay-mirrors--/session-03af9003-f1e5-45e8-bd18-39cb862ccbba/session.jsonl.zstd	canonical	v0	session-03af9003-f1e5-45e8-bd18-39cb862ccbba	54680	1788350889	f5b9df5c980cb59f0bbb44eafa3d14aa5b7c8506c07db1a60f2b42e7521e65ba
--Users-vito-.dsh-relay-mirrors--/session-04b4ae4e-c5b3-4472-b07b-f89c25950f95/session.jsonl.zstd	canonical	v0	session-04b4ae4e-c5b3-4472-b07b-f89c25950f95	320	1788188769	a903486aa6de13f59fac901e0a09df034660a0d605f9f80b331cca40cd7cff77
--Users-vito-.dsh-relay-mirrors--/session-04ef390c-2405-4062-aa34-ed4df13bca02/session.jsonl.zstd	canonical	v0	session-04ef390c-2405-4062-aa34-ed4df13bca02	152594	1788451623	4c079f7fbc396159e9f016d9c9277a79a7818adf9033532531281b4e283a5eca
--Users-vito-.dsh-relay-mirrors--/session-07e4f59c-d6f0-49c8-82d6-97d35e758e08/session.jsonl.zstd	canonical	v0	session-07e4f59c-d6f0-49c8-82d6-97d35e758e08	150089	1788245997	938ccb6befac55cd7e716ed2c953fdfce926b5fb543fb924c8c3778b0e4a13f9
--Users-vito-.dsh-relay-mirrors--/session-08acc050-c38d-4d9b-b121-cbc836f1d126/session.jsonl.zstd	canonical	v0	session-08acc050-c38d-4d9b-b121-cbc836f1d126	240488	1788318382	5f3fda34ef09da043ea8a9620ddd612d50ba2982e726bfebd96ff4886a24518a
--Users-vito-.dsh-relay-mirrors--/session-0ce69145-932c-4c30-bf7d-f00687e72636/session.jsonl.zstd	canonical	v0	session-0ce69145-932c-4c30-bf7d-f00687e72636	1460	1788351663	c9884d4b2bab85e57afbb16e4c5124bdbb46bf6251798fbe15f3b59fd9d3102e
--Users-vito-.dsh-relay-mirrors--/session-0d3987af-7c25-41fa-9370-d8abb870da53/session.jsonl.zstd	canonical	v0	session-0d3987af-7c25-41fa-9370-d8abb870da53	152004	1788450722	d1252f91d946a69e5d34f8cf02758a5198d43a89f5d3f75ae2cde15e3dfbf892
--Users-vito-.dsh-relay-mirrors--/session-0e51e568-50f3-4327-b2e8-bffdb9ebc923/session.jsonl.zstd	canonical	v0	session-0e51e568-50f3-4327-b2e8-bffdb9ebc923	11511	1788443723	ef02b0acfdcfa6c634782940eb92a40583c8b9b407e90f2638de8fa8c3c43b36
--Users-vito-.dsh-relay-mirrors--/session-0fc1612b-1a92-47d0-abad-0548c092a7ff/session.jsonl.zstd	canonical	v0	session-0fc1612b-1a92-47d0-abad-0548c092a7ff	322	1788243588	70d28889ff7363e048f955892333e161013aebf3acb68e98df2cac8d9ca54fbe
--Users-vito-.dsh-relay-mirrors--/session-10f0cd88-c1a5-4ed0-914e-05d51295cc73/session.jsonl.zstd	canonical	v0	session-10f0cd88-c1a5-4ed0-914e-05d51295cc73	468	1788361944	d8570dd08176bfb220ebb4ced170ce7871498d05ab656e34f0f97ee42b636a08
--Users-vito-.dsh-relay-mirrors--/session-12d0a263-f91a-4ebc-bd65-ca9bd462219f/session.jsonl.zstd	canonical	v0	session-12d0a263-f91a-4ebc-bd65-ca9bd462219f	85225	1788174716	825fc4888afaee5d59f90091f6057fbd7a8070dcc056084a61224ccd31738cc1
--Users-vito-.dsh-relay-mirrors--/session-13004cff-099a-4100-b78b-21bf6b2cf7bd/session.jsonl.zstd	canonical	v0	session-13004cff-099a-4100-b78b-21bf6b2cf7bd	623	1788576811	06dcf1be89f6544a148007303bd02a2dcf64fb9ee2ee95b9206fb24f29d84f61
--Users-vito-.dsh-relay-mirrors--/session-13480f35-ad2e-466a-9a8c-9577bf88b6b2/session.jsonl.zstd	canonical	v0	session-13480f35-ad2e-466a-9a8c-9577bf88b6b2	323	1788509925	b9eea180d700bf39ed02c5ca87e2077edb4b7c304fb73536ec3265d6f691c113
--Users-vito-.dsh-relay-mirrors--/session-13b73345-5da7-4e46-befa-508b5cb3edea/session.jsonl.zstd	canonical	v0	session-13b73345-5da7-4e46-befa-508b5cb3edea	13112	1788445366	f9e4f8a817bbd83456c3ba0b2af8cc6c2e3236f3c95f51e2fa32dcff637f25d8
--Users-vito-.dsh-relay-mirrors--/session-13d6d87a-4675-4383-883b-d77ddbc3f971/session.jsonl.zstd	canonical	v0	session-13d6d87a-4675-4383-883b-d77ddbc3f971	317	1788306462	d786cd0e2936148653236bb29f847600e6bde9a74a52d78a028fd17956b78b1c
--Users-vito-.dsh-relay-mirrors--/session-152137c4-d925-49ec-b3b3-a4f4053d5afc/session.jsonl.zstd	canonical	v0	session-152137c4-d925-49ec-b3b3-a4f4053d5afc	497	1788228492	0e116d373dbe13a32d26ba2153027c4a77f8850c46514d3b40234a814780cdf7
--Users-vito-.dsh-relay-mirrors--/session-15fd071e-149c-4704-bbc4-f50a4fea258c/session.jsonl.zstd	canonical	v0	session-15fd071e-149c-4704-bbc4-f50a4fea258c	317	1788246856	df88b51ffd5846c3ef9530c3766497b1ab10e65a9b1b8f49b6d7781850064cb1
--Users-vito-.dsh-relay-mirrors--/session-170b6da7-dec4-406a-b02a-06b4a284b138/session.jsonl.zstd	canonical	v0	session-170b6da7-dec4-406a-b02a-06b4a284b138	159890	1788445197	9ed91b9ea67eb5f648bca245a6054b0b813f60ff779522b9ba1490855998a17b
--Users-vito-.dsh-relay-mirrors--/session-1992728f-66b0-4da9-b718-d79fd6ae89c6/session.jsonl.zstd	canonical	v0	session-1992728f-66b0-4da9-b718-d79fd6ae89c6	3582	1788492881	cb9cf6791220d842fbdabf453b9d85891af76e46d6d6783828cfc550eb92f998
--Users-vito-.dsh-relay-mirrors--/session-1ba525b3-61d5-4b8d-b5a8-e028c0d7a7ef/session.jsonl.zstd	canonical	v0	session-1ba525b3-61d5-4b8d-b5a8-e028c0d7a7ef	318	1788307445	724d812f0f3c012a5d3b4092660441df276a4bad8dfaace75a900065b127d224
--Users-vito-.dsh-relay-mirrors--/session-1da9b19c-d29e-4fe2-8027-5ade9288f124/session.jsonl.zstd	canonical	v0	session-1da9b19c-d29e-4fe2-8027-5ade9288f124	56569	1788366027	6f3e8ef33a903b84a4e556d625483624c5a6abf2133f91010d8c1c55e37b3f76
--Users-vito-.dsh-relay-mirrors--/session-23535223-b201-4910-bf12-c25ac9ce5eb5/session.jsonl.zstd	canonical	v0	session-23535223-b201-4910-bf12-c25ac9ce5eb5	165093	1788280661	e78d04be2c4cde8063b4228197e8c660b83d2b5f4849ae4541dfa4aa1e66fd27
--Users-vito-.dsh-relay-mirrors--/session-2993a97f-46ec-4985-b2fe-74ae36bf5a01/session.jsonl.zstd	canonical	v0	session-2993a97f-46ec-4985-b2fe-74ae36bf5a01	495	1788271834	1088487221ab7dcce988f51a1413010cfd73a8eeb793c89c91b8a0d8f8e42f8a
--Users-vito-.dsh-relay-mirrors--/session-2befe8e4-316e-4e4a-9795-aeb871cd15ae/session.jsonl.zstd	canonical	v0	session-2befe8e4-316e-4e4a-9795-aeb871cd15ae	294384	1788307919	1007003d660f775103ae1bc320d6d31cdc515034b7bcec6839b02d20b915562b
--Users-vito-.dsh-relay-mirrors--/session-2bf9dc8e-8779-4402-8c2a-d3f9a3ae34bf/session.jsonl.zstd	canonical	v0	session-2bf9dc8e-8779-4402-8c2a-d3f9a3ae34bf	495	1788318972	1b65cb80df964a0972ce8a6c6f22d42916efb6d565592e51dbe73f8cc6e8dcaf
--Users-vito-.dsh-relay-mirrors--/session-2ccf311d-db24-48ea-89c5-55aa3dac1686/session.jsonl.zstd	canonical	v0	session-2ccf311d-db24-48ea-89c5-55aa3dac1686	322	1788595197	c13089ef9e56fe9c1628eff4ab167566003789a8a5cfd889457da652e268c8f3
--Users-vito-.dsh-relay-mirrors--/session-2cddeed7-2b89-464d-8180-c241a8688e21/session.jsonl.zstd	canonical	v0	session-2cddeed7-2b89-464d-8180-c241a8688e21	136934	1788279197	2e4116799b8c39fbc88a41386336ec571afa81a7d1619e1309f5652cad555b81
--Users-vito-.dsh-relay-mirrors--/session-2deb7463-01a0-4e3b-b240-3a05f916a5f9/session.jsonl.zstd	canonical	v0	session-2deb7463-01a0-4e3b-b240-3a05f916a5f9	471	1788315577	c433273fc32fdd95eeebc53f8ac2a0876fd0475ec67876652543b307845b8cd3
--Users-vito-.dsh-relay-mirrors--/session-2df6d819-1a15-46b6-87b2-91978d6e3c1e/session.jsonl.zstd	canonical	v0	session-2df6d819-1a15-46b6-87b2-91978d6e3c1e	497	1788315891	7c42c32ecf67fe9acdc5ee2c823e017151bcce4086b1e4279e3d0e4ea69041c8
--Users-vito-.dsh-relay-mirrors--/session-2f0c2a2b-7bcf-4fdb-a701-9d769878bb26/session.jsonl.zstd	canonical	v0	session-2f0c2a2b-7bcf-4fdb-a701-9d769878bb26	4080	1788493641	5fae36851183a0716cb04cbe568cb70404cf485f8e781c9f395b49695daed354
--Users-vito-.dsh-relay-mirrors--/session-2f8528fb-74c2-4d98-b173-5d1baeca79fb/session.jsonl.zstd	canonical	v0	session-2f8528fb-74c2-4d98-b173-5d1baeca79fb	107835	1788248972	e3162f3749a38a2986d4b4b6a643a2f3642c9b7e0f1d22e7b54f70c1fa2c0aef
--Users-vito-.dsh-relay-mirrors--/session-2ff87ea1-6b04-463c-a663-a0f1eaf4d9c5/session.jsonl.zstd	canonical	v0	session-2ff87ea1-6b04-463c-a663-a0f1eaf4d9c5	658	1788452629	c46a7ff20440805840c6b54c9ea7e5c1870978337094159516e4416a371a41de
--Users-vito-.dsh-relay-mirrors--/session-3095a0ce-463a-49b1-8138-ca5a815f0770/session.jsonl.zstd	canonical	v0	session-3095a0ce-463a-49b1-8138-ca5a815f0770	318	1788439095	51c93673fc35fde63fd789b6b54ac34f747a515ffd180c3c5fb66db7d0a8807d
--Users-vito-.dsh-relay-mirrors--/session-30af24ac-bd8e-4d30-b64b-6015e128a6b2/session.jsonl.zstd	canonical	v0	session-30af24ac-bd8e-4d30-b64b-6015e128a6b2	474	1788159100	1be2f7c8c30fe3eff42cd18217611b9f21ee2ea418d2997bd39e207feb34f54b
--Users-vito-.dsh-relay-mirrors--/session-31a5dacb-1e1e-4f03-9a5c-59ab7b52c58d/session.jsonl.zstd	canonical	v0	session-31a5dacb-1e1e-4f03-9a5c-59ab7b52c58d	12314	1788436503	967c5aaaa824c533fe80411a251a65b1190269f0db50b8dc4dd80c2deb185493
--Users-vito-.dsh-relay-mirrors--/session-3630c696-0f0d-4e25-992b-6a674f8b52c2/session.jsonl.zstd	canonical	v0	session-3630c696-0f0d-4e25-992b-6a674f8b52c2	68838	1788510457	7d6122673a18a1049ca3b7a2c25bfd2e9b2250cb77f13909bb6856aeeeca6b89
--Users-vito-.dsh-relay-mirrors--/session-364c53b2-031e-482a-bd03-a0625685d8d7/session.jsonl.zstd	canonical	v0	session-364c53b2-031e-482a-bd03-a0625685d8d7	493	1788443695	dfdfab1f2ea60957af293b6dc9ff7fa07edcfc75a6f0e3bb8a1d52065550ed68
--Users-vito-.dsh-relay-mirrors--/session-3670ce01-413a-4888-b717-b47eece72355/session.jsonl.zstd	canonical	v0	session-3670ce01-413a-4888-b717-b47eece72355	468	1788162489	6b271ec7d3fc74e12f9a92868f241f7ec97e7db2e7d2970525cbe19b0b4b0713
--Users-vito-.dsh-relay-mirrors--/session-3690b4e5-160f-4243-a053-ebd8756661f9/session.jsonl.zstd	canonical	v0	session-3690b4e5-160f-4243-a053-ebd8756661f9	7074	1788514746	d335c884b78cfec9049ee888b1f395818dcee027e39ddbd0154e16c481f56e41
--Users-vito-.dsh-relay-mirrors--/session-4164f421-2134-4a47-84e7-4ae757cfbad2/session.jsonl.zstd	canonical	v0	session-4164f421-2134-4a47-84e7-4ae757cfbad2	206465	1788319020	b9081e7026efd209f85d45c95f9f0e476d10038672f083828b61ec09182a2d9e
--Users-vito-.dsh-relay-mirrors--/session-43452d88-e7be-4081-a0c1-c840cb5d7adc/session.jsonl.zstd	canonical	v0	session-43452d88-e7be-4081-a0c1-c840cb5d7adc	625	1788677517	7b870d433501df47f5ca6a2c6b5af81a6f90c8b744349cc4f6902c139d13b9f5
--Users-vito-.dsh-relay-mirrors--/session-448f6107-b663-4d07-9e9e-d9aaba6f9283/session.jsonl.zstd	canonical	v0	session-448f6107-b663-4d07-9e9e-d9aaba6f9283	623	1788316716	1b885b56a0687ad01a710158385816a09efd9fb29c11297b1a16a72435cc4296
--Users-vito-.dsh-relay-mirrors--/session-4691ee6d-362a-45d1-90c2-4f667fd7bdee/session.jsonl.zstd	canonical	v0	session-4691ee6d-362a-45d1-90c2-4f667fd7bdee	830	1788492868	e84274154254758170013c9d1ea499b2c5948acdf58732e41a8b68ea6bbada4f
--Users-vito-.dsh-relay-mirrors--/session-4778a1b9-b06d-4060-bc4b-2b19b5782bc4/session.jsonl.zstd	canonical	v0	session-4778a1b9-b06d-4060-bc4b-2b19b5782bc4	133698	1788245933	c0ecf60baabe2fc966a643a53bb2a318ac6905e2c04bad0314f594e489f65fab
--Users-vito-.dsh-relay-mirrors--/session-485c46ea-527d-4499-b1ac-faa3350c7660/session.jsonl.zstd	canonical	v0	session-485c46ea-527d-4499-b1ac-faa3350c7660	6517	1788450784	b98911e974e0fb46027a0811419a428cbac46cef1f8567452938377046f2a298
--Users-vito-.dsh-relay-mirrors--/session-4ca99180-bff4-4565-b36d-fb9394fa08ff/session.jsonl.zstd	canonical	v0	session-4ca99180-bff4-4565-b36d-fb9394fa08ff	737526	1788626450	241a8a405cb74c31c83b248983c815363a49ecf2425338086c5a0ea77f5a567e
--Users-vito-.dsh-relay-mirrors--/session-4de4e14c-d441-4da3-83af-65328bc2b64e/session.jsonl.zstd	canonical	v0	session-4de4e14c-d441-4da3-83af-65328bc2b64e	623	1788610999	c73466ed1bf35a6c34235cefa62ae7f6415b856f8136f51882c93d7b163b46fb
--Users-vito-.dsh-relay-mirrors--/session-4e73ead6-aeb9-42d1-8a8e-515b5af11fda/session.jsonl.zstd	canonical	v0	session-4e73ead6-aeb9-42d1-8a8e-515b5af11fda	162100	1788315910	e3f000be8d52e12fa1558cc3640a34cf3440b63278f3c996a3002d78fb8c157d
--Users-vito-.dsh-relay-mirrors--/session-50a209e0-885f-4f93-8fce-5611d17a256c/session.jsonl.zstd	canonical	v0	session-50a209e0-885f-4f93-8fce-5611d17a256c	502	1788677688	5e2de467bbf5cefef9efeb85e3f4c1dab15e2fe74b01ce87bbf9b14bc3e3c0eb
--Users-vito-.dsh-relay-mirrors--/session-5135e8c3-65b3-4a6d-8962-52bb6c71a22c/session.jsonl.zstd	canonical	v0	session-5135e8c3-65b3-4a6d-8962-52bb6c71a22c	504	1788514701	11c324d4668054053839c4693c2792a51261b00c8940b046c9a99e6f87014ce6
--Users-vito-.dsh-relay-mirrors--/session-51ad0d9d-3469-429f-bdb2-6131005e4349/session.jsonl.zstd	canonical	v0	session-51ad0d9d-3469-429f-bdb2-6131005e4349	473	1788362155	a742833455d9b3b73b9661ea0af5f65690aacba5b6fa6f8694f79bfcef4e2bb7
--Users-vito-.dsh-relay-mirrors--/session-52abea74-c2e2-4c27-b3ca-bd72ac82406b/session.jsonl.zstd	canonical	v0	session-52abea74-c2e2-4c27-b3ca-bd72ac82406b	162531	1788281549	9755bdf3a635c87804b5cd44b9ee3beff6beba609c6480d7ccbe495759b7d0d9
--Users-vito-.dsh-relay-mirrors--/session-5627aa24-6d91-4595-ad39-b44cb85e7047/session.jsonl.zstd	canonical	v0	session-5627aa24-6d91-4595-ad39-b44cb85e7047	474	1788243560	f8aa6a161e3f52788f1d1e5da8d2a08f3897eb920b1e27d9dcc870a73ee784ce
--Users-vito-.dsh-relay-mirrors--/session-5639c717-999f-4b7d-8616-34750da4d343/session.jsonl.zstd	canonical	v0	session-5639c717-999f-4b7d-8616-34750da4d343	322	1788248930	292bcf33604171eab8586e40ed780abc003c4e1ff890d98254afa4d779b39e56
--Users-vito-.dsh-relay-mirrors--/session-56d64e6a-0308-4b36-abd5-ca06b2dce355/session.jsonl.zstd	canonical	v0	session-56d64e6a-0308-4b36-abd5-ca06b2dce355	168127	1788306343	e69b6ffd1f669dd93aff76722316e8f08ed7b70feb6b3ab56dac58067a88c00c
--Users-vito-.dsh-relay-mirrors--/session-570b4fb1-3164-4be1-b896-09b50e90ba19/session.jsonl.zstd	canonical	v0	session-570b4fb1-3164-4be1-b896-09b50e90ba19	153302	1788451574	0c53532fc20811d3552ce50649437f639e6346ce12f5294b8b1c48b342d4d525
--Users-vito-.dsh-relay-mirrors--/session-57bb7a39-8a7a-4582-8a29-9320e529071b/session.jsonl.zstd	canonical	v0	session-57bb7a39-8a7a-4582-8a29-9320e529071b	9137	1788353853	b1e87f3d9da845c6f4fbef1d18762ebb0c35916edc35e90ec2ee1e7f1889fbeb
--Users-vito-.dsh-relay-mirrors--/session-5a12b50d-3310-4070-94e6-55fb0d7add14/session.jsonl.zstd	canonical	v0	session-5a12b50d-3310-4070-94e6-55fb0d7add14	168212	1788306819	913546facd4b86c8c5cab3b23455a2f55d632697bcaee717189c7cc83eced014
--Users-vito-.dsh-relay-mirrors--/session-5ac05599-a37d-4001-82e0-fb93bd74366a/session.jsonl.zstd	canonical	v0	session-5ac05599-a37d-4001-82e0-fb93bd74366a	1011	1788577027	2b76aacc7894eaf7499132f24993145a81f92e296683ee255a3635850f126737
--Users-vito-.dsh-relay-mirrors--/session-5c292ed0-3908-4bf7-862c-75bcaad3f4f5/session.jsonl.zstd	canonical	v0	session-5c292ed0-3908-4bf7-862c-75bcaad3f4f5	217501	1788315923	0b44dc08c235fcda393697e85bd5ae256d2295c7009adaf4707380bd56f764c9
--Users-vito-.dsh-relay-mirrors--/session-5dc2c7e8-83cf-4506-80cb-8949e23aee3a/session.jsonl.zstd	canonical	v0	session-5dc2c7e8-83cf-4506-80cb-8949e23aee3a	493	1788450184	908d7cdefc6ee5130d1efebc726e364ff032f9c54d22e1ec99c80d9554672ffd
--Users-vito-.dsh-relay-mirrors--/session-60afb87b-3d6c-443a-a0f7-8ec47eac6106/session.jsonl.zstd	canonical	v0	session-60afb87b-3d6c-443a-a0f7-8ec47eac6106	1806	1788352044	f85a8107b1aaafcd1377cc9f634bfcc0a1fe5579a7ffd220760050b7c3dd895a
--Users-vito-.dsh-relay-mirrors--/session-647ba2ce-fb26-446c-b346-26e8c81eca27/session.jsonl.zstd	canonical	v0	session-647ba2ce-fb26-446c-b346-26e8c81eca27	316	1788279170	3c5e2968334c3aea22b52a29a63f38a11df473afd184a9c0e123947f461716df
--Users-vito-.dsh-relay-mirrors--/session-65a7fefb-328b-4088-b635-658a04b4bd49/session.jsonl.zstd	canonical	v0	session-65a7fefb-328b-4088-b635-658a04b4bd49	627	1788315458	7f6f3e76c0d13e00c9db4d524d3f0f52faf68d2fc46b2a6e0a4f67751b95d2dc
--Users-vito-.dsh-relay-mirrors--/session-663c2b05-01bf-49cc-b880-f52ab40094f3/session.jsonl.zstd	canonical	v0	session-663c2b05-01bf-49cc-b880-f52ab40094f3	472	1788493645	46668c9d3221d56c748accdf7c22fec4765d831f3fffefdf027e1a4f0ee328c7
--Users-vito-.dsh-relay-mirrors--/session-66c4c76f-c872-4c2d-bdd9-64d68d960f35/session.jsonl.zstd	canonical	v0	session-66c4c76f-c872-4c2d-bdd9-64d68d960f35	162232	1788307872	c4fbf34d2da376259aec7f30fa672897752e4f89202ca2e268bc966898c8d6fb
--Users-vito-.dsh-relay-mirrors--/session-687e16f8-75c4-4e58-8386-babde5ddcefc/session.jsonl.zstd	canonical	v0	session-687e16f8-75c4-4e58-8386-babde5ddcefc	497	1788436416	7b856d69f7b78afdccf180918563161f550657dbc1fb8f169e0b182d8ef06595
--Users-vito-.dsh-relay-mirrors--/session-69ae6dad-8089-4c54-b2ef-aea06bbe8126/session.jsonl.zstd	canonical	v0	session-69ae6dad-8089-4c54-b2ef-aea06bbe8126	776	1788315571	1c67ce7794d4b57f5f6bf2b2ace3cb0bc1bc7d7edc636d6b0fecfd1454b8dc9f
--Users-vito-.dsh-relay-mirrors--/session-69b06611-d609-421e-9f1d-19c650c2c489/session.jsonl.zstd	canonical	v0	session-69b06611-d609-421e-9f1d-19c650c2c489	295273	1788306874	5e675add32118684074686c5a32dfc6e9c7700106169a108436c425147ef794d
--Users-vito-.dsh-relay-mirrors--/session-69bff96b-4c7f-4d84-8e03-fc4837ef69b9/session.jsonl.zstd	canonical	v0	session-69bff96b-4c7f-4d84-8e03-fc4837ef69b9	318	1788274112	f8381a5467770c53917bc87e1e35e9622c07660c9c49e62d1d0bb09a4498a59b
--Users-vito-.dsh-relay-mirrors--/session-6b1411df-246d-4390-9f5c-423d23f3ae92/session.jsonl.zstd	canonical	v0	session-6b1411df-246d-4390-9f5c-423d23f3ae92	630	1788243581	47e677fa2e5be28564a6330c3096852eb47344557faf745dd43b6d69e16ccc9e
--Users-vito-.dsh-relay-mirrors--/session-6b1c297e-599d-42a9-8f73-758bf32a3ba0/session.jsonl.zstd	canonical	v0	session-6b1c297e-599d-42a9-8f73-758bf32a3ba0	497	1788439027	96dd833b3805ed79a25a4201342a79b8ea1037b433ff8a81ed1371a40f2e2f72
--Users-vito-.dsh-relay-mirrors--/session-6b4fcc3b-404a-4a9a-be27-5cb44dc0bd70/session.jsonl.zstd	canonical	v0	session-6b4fcc3b-404a-4a9a-be27-5cb44dc0bd70	141128	1788450489	cce645573fd815e366a2de5216379c920f2d307fe6a41ed6e1082c3ff0424ae4
--Users-vito-.dsh-relay-mirrors--/session-6c127ecf-43f4-47d1-a425-7951befb2113/session.jsonl.zstd	canonical	v0	session-6c127ecf-43f4-47d1-a425-7951befb2113	176521	1788316742	33b1c4eb8a7fdd133681aa9e15c7c59ab7107fd87f3bc7fa1ebf4ede7dd9bb81
--Users-vito-.dsh-relay-mirrors--/session-6d9a2c1b-8f12-4453-882c-43e8cc7fa091/session.jsonl.zstd	canonical	v0	session-6d9a2c1b-8f12-4453-882c-43e8cc7fa091	497	1788625834	51d04db295f4726f528c232134293db59d8e81a3f5aef818a9cc754bf01fb43f
--Users-vito-.dsh-relay-mirrors--/session-6e705606-8da4-464c-aae6-bdb00784ba49/session.jsonl.zstd	canonical	v0	session-6e705606-8da4-464c-aae6-bdb00784ba49	5046	1788351723	bb495e420b8eef2749a74de280f76cfb1fe03e8069e9e13a48803789cf242e94
--Users-vito-.dsh-relay-mirrors--/session-704d3c96-3555-4eef-b4fe-baabc932c39a/session.jsonl.zstd	canonical	v0	session-704d3c96-3555-4eef-b4fe-baabc932c39a	643	1788193118	33be6e3dc81d4739969b1e8e11472664ea13f496fd3e3ce2be7ac21cc5cbcf8a
--Users-vito-.dsh-relay-mirrors--/session-7081fe5c-0f76-495c-97bb-54c8f11e6fd4/session.jsonl.zstd	canonical	v0	session-7081fe5c-0f76-495c-97bb-54c8f11e6fd4	318	1788248978	539efbef8bfb6c4bedc7106eeb8761c6ab240bb9a6a948c37905ae69c5b4fc61
--Users-vito-.dsh-relay-mirrors--/session-7110d7b9-2a82-477f-a7bc-b942526d46b0/session.jsonl.zstd	canonical	v0	session-7110d7b9-2a82-477f-a7bc-b942526d46b0	12300	1788439080	a1aeeb4395b1df69c8761ccbeffc4c7c980bfdac66398d6ea9b55d3cb38d2fd3
--Users-vito-.dsh-relay-mirrors--/session-71c21972-420c-4d1a-b521-f226ae44a855/session.jsonl.zstd	canonical	v0	session-71c21972-420c-4d1a-b521-f226ae44a855	1153	1788492539	a436ade898df3e59f49fb6bf2a3baf652ae7309dbe180fc9a16b9a9b82eb0d7c
--Users-vito-.dsh-relay-mirrors--/session-73401755-1a23-4538-be53-bc3eb55f7436/session.jsonl.zstd	canonical	v0	session-73401755-1a23-4538-be53-bc3eb55f7436	566395	1788625262	55e1af950afca355f48094f71b1716cb47a5d2b7248e583419d77fb4f5c34423
--Users-vito-.dsh-relay-mirrors--/session-7376bb9b-2b5e-4384-ac96-7394735a6a9b/session.jsonl.zstd	canonical	v0	session-7376bb9b-2b5e-4384-ac96-7394735a6a9b	977	1788492441	f4720a24ecc1d256fd0774c6a7ecf6313ed6991913b4a6ca4dfaa9768f5ce619
--Users-vito-.dsh-relay-mirrors--/session-74a89153-9ef5-4d3b-b8cb-97c38d89e73f/session.jsonl.zstd	canonical	v0	session-74a89153-9ef5-4d3b-b8cb-97c38d89e73f	161184	1788279197	4876f2f726e1d652c176e657ebcb4b3dbec8f915049b4113053a7615acd465e0
--Users-vito-.dsh-relay-mirrors--/session-764bd184-a004-40ff-9a4d-6687ad8321f0/session.jsonl.zstd	canonical	v0	session-764bd184-a004-40ff-9a4d-6687ad8321f0	781	1788188367	003e92fa5d097ada6de79985061a3300c506caaafc19b7dc7fe86b1380fee260
--Users-vito-.dsh-relay-mirrors--/session-7689d771-b104-4ffd-b675-cfac3d874777/session.jsonl.zstd	canonical	v0	session-7689d771-b104-4ffd-b675-cfac3d874777	319	1788509455	fbcc45a6c3eb932cb26563504b100e15161ecbe602d912f3b1d48caa21d0d9a8
--Users-vito-.dsh-relay-mirrors--/session-76f0c53b-d9b1-4f79-9262-bfad13885de9/session.jsonl.zstd	canonical	v0	session-76f0c53b-d9b1-4f79-9262-bfad13885de9	631	1788624645	750cfdb6ee9135d824ebfba1cb67f25217fe81455325663cd102c6324a90998e
--Users-vito-.dsh-relay-mirrors--/session-7bd6f98f-a65f-467e-90e8-5fb835e223bb/session.jsonl.zstd	canonical	v0	session-7bd6f98f-a65f-467e-90e8-5fb835e223bb	646	1788243538	ab559d3f123997b08a888aab523b4a64588e85e08f2031ff002f64318f2fb818
--Users-vito-.dsh-relay-mirrors--/session-7c806cb2-a34e-4e6b-898f-aef96fd7a7b0/session.jsonl.zstd	canonical	v0	session-7c806cb2-a34e-4e6b-898f-aef96fd7a7b0	22642	1788176154	1dedb00b091735ca234c551e61a3298e1653d18e4593b3f61fe35db5c7d18d7e
--Users-vito-.dsh-relay-mirrors--/session-7cbc883a-62de-4bfa-a704-5f0fcebdede6/session.jsonl.zstd	canonical	v0	session-7cbc883a-62de-4bfa-a704-5f0fcebdede6	320	1788306790	d5be94e9acce5258ad5cfef866861a2fc7f580944ad1e5ef9f4b9873b21af861
--Users-vito-.dsh-relay-mirrors--/session-7f084fab-6f44-4094-9724-6c89b6229f24/session.jsonl.zstd	canonical	v0	session-7f084fab-6f44-4094-9724-6c89b6229f24	279518	1788590211	48a22599f3d4cb73764cdf1a4101d2d9bb6e56d0da1cddf972edb1e31bfd1f02
--Users-vito-.dsh-relay-mirrors--/session-8000fe9b-33a2-4f4f-80a3-d234939d266b/session.jsonl.zstd	canonical	v0	session-8000fe9b-33a2-4f4f-80a3-d234939d266b	630	1788245680	1fb509c4dceb917c06ddcbcae58606e3bd46a25034749d418462236c695e5fca
--Users-vito-.dsh-relay-mirrors--/session-8075e84b-bad5-4e46-8e89-9f3350fe19ba/session.jsonl.zstd	canonical	v0	session-8075e84b-bad5-4e46-8e89-9f3350fe19ba	166600	1788278584	bb776bd421b411fb87f5f8d0a148eed54a5dbcc9fd7b3deda4f41384435a91e6
--Users-vito-.dsh-relay-mirrors--/session-84dd966d-3b79-4f00-830a-d14bff867934/session.jsonl.zstd	canonical	v0	session-84dd966d-3b79-4f00-830a-d14bff867934	319	1788510179	af9bd894275d394f636e410ea66d9746d7c9fb7a92ca2a2bb7f8b27525608aac
--Users-vito-.dsh-relay-mirrors--/session-86377bb2-9943-4e75-a88a-e25dfd55523e/session.jsonl.zstd	canonical	v0	session-86377bb2-9943-4e75-a88a-e25dfd55523e	649	1788234935	37c2526da581443c5c2ace3947642c48dbfbb9921f10f8a21dc2c007f62037df
--Users-vito-.dsh-relay-mirrors--/session-877ae1d2-1981-4729-9f55-29e2e9d6b431/session.jsonl.zstd	canonical	v0	session-877ae1d2-1981-4729-9f55-29e2e9d6b431	782	1788245816	57b0269e977291c6a8990ebd2cf5b5fe937a85fed17a88a817966bf2256838aa
--Users-vito-.dsh-relay-mirrors--/session-8a155ed5-baba-4715-8fa3-e6fb254bc51c/session.jsonl.zstd	canonical	v0	session-8a155ed5-baba-4715-8fa3-e6fb254bc51c	626	1788318340	a39cbb4e2b9524cdbd6764d0f4ffba5caad3f9e4123139d1ed53b984f41092f1
--Users-vito-.dsh-relay-mirrors--/session-8a3577c4-d6fb-488a-9323-375d6ab2b69f/session.jsonl.zstd	canonical	v0	session-8a3577c4-d6fb-488a-9323-375d6ab2b69f	320	1788277356	079912abb883926708919bbd5aeda68d5c2cf7289ff23b32b64f30c3001d7dc6
--Users-vito-.dsh-relay-mirrors--/session-8bcccc92-7142-409d-b38d-29b59c38ee96/session.jsonl.zstd	canonical	v0	session-8bcccc92-7142-409d-b38d-29b59c38ee96	2307022	1788677663	316f979c62fd12f5749d9c6163d342dc1b39982d86d675b4844faa1d8c6bf037
--Users-vito-.dsh-relay-mirrors--/session-8ddc3c09-ff52-4d4f-88da-10e3a70d1881/session.jsonl.zstd	canonical	v0	session-8ddc3c09-ff52-4d4f-88da-10e3a70d1881	660	1788677551	334e7fba3717e018433974266b65c9afb5cfd57fbba2955d395a2ac232ef8911
--Users-vito-.dsh-relay-mirrors--/session-8e8e2170-6599-47b6-8883-9ef886f22a37/session.jsonl.zstd	canonical	v0	session-8e8e2170-6599-47b6-8883-9ef886f22a37	294279	1788306440	1851bf7cf4c0200c314fa142781eb5354de7fbda0d80ece0df65caba07668d22
--Users-vito-.dsh-relay-mirrors--/session-8fadcf83-19de-4d1d-8413-bef55fb464fe/session.jsonl.zstd	canonical	v0	session-8fadcf83-19de-4d1d-8413-bef55fb464fe	160335	1788445290	45e2e3caf520c5008386583cf31b6f27359bc6cd7b0fd3a52e18e3b351d83ac0
--Users-vito-.dsh-relay-mirrors--/session-90686d69-758f-4203-99ee-ba7b43dab8a2/session.jsonl.zstd	canonical	v0	session-90686d69-758f-4203-99ee-ba7b43dab8a2	320	1788351410	8095135f5a96f18f59147d507e858e391acc049fcf0dcabc29b526227ab52fe2
--Users-vito-.dsh-relay-mirrors--/session-927ede6e-0c96-460a-bbe4-f90dd5340a46/session.jsonl.zstd	canonical	v0	session-927ede6e-0c96-460a-bbe4-f90dd5340a46	494	1788450969	8477856ca09ca3138d93359e6781fa21608a6d2dee5b89f69972af637686ddc3
--Users-vito-.dsh-relay-mirrors--/session-931c3401-3fb1-44f6-9b6a-43b1e9e4b80c/session.jsonl.zstd	canonical	v0	session-931c3401-3fb1-44f6-9b6a-43b1e9e4b80c	245428	1788188917	d6f37ec27b1ebe9aa86e9a467aecaa8b63538bf5af46a83f6cc084bd1bd1ced9
--Users-vito-.dsh-relay-mirrors--/session-9618dbb7-8459-4183-ace9-c56bf138bbd0/session.jsonl.zstd	canonical	v0	session-9618dbb7-8459-4183-ace9-c56bf138bbd0	496	1788329336	398088d67dfea9f8a3998bc2d8b5ca485f59bdb2b992d01c4cd68ebe78761964
--Users-vito-.dsh-relay-mirrors--/session-97454c0c-3fae-40e2-9303-47922e07a5da/session.jsonl.zstd	canonical	v0	session-97454c0c-3fae-40e2-9303-47922e07a5da	493	1788445181	e2fd36057995611405bd74a548a6476685ce310928f01f49e0c981f994a1881a
--Users-vito-.dsh-relay-mirrors--/session-9c24f8e8-630a-41fa-923c-cc13f90ff28a/session.jsonl.zstd	canonical	v0	session-9c24f8e8-630a-41fa-923c-cc13f90ff28a	11544	1788446612	abb8099ada49634b3400e5657f9fe22b10c19f9314f8f35e677068a683fc8b2a
--Users-vito-.dsh-relay-mirrors--/session-9c4e3566-535d-486c-9eab-a8443334345e/session.jsonl.zstd	canonical	v0	session-9c4e3566-535d-486c-9eab-a8443334345e	623	1788624828	f291d8d718b88570f5195bafb0af691c2d5262887f7d72bebbb2d7dead7560d6
--Users-vito-.dsh-relay-mirrors--/session-9cbc9872-15c2-4475-9695-dc6715dffac9/session.jsonl.zstd	canonical	v0	session-9cbc9872-15c2-4475-9695-dc6715dffac9	496	1788446517	d607b66634007ecd6011b5cda7e349dd753bd94aad38698f6bdea22ee8695644
--Users-vito-.dsh-relay-mirrors--/session-9cfd469a-6786-40ce-ae3d-92a9626be660/session.jsonl.zstd	canonical	v0	session-9cfd469a-6786-40ce-ae3d-92a9626be660	502	1788510382	22144a69519c0b7eb1fbd6c2f4ff6f3642ab8092fc0e403b09e95fde5d46c8f6
--Users-vito-.dsh-relay-mirrors--/session-9dc0a68b-fc3a-4cd1-88b6-0fe5ae825f44/session.jsonl.zstd	canonical	v0	session-9dc0a68b-fc3a-4cd1-88b6-0fe5ae825f44	263303	1788318998	b52e3b3e40fa8b794b649e9d58129737d3d65b123718a0e160088960a9362c2b
--Users-vito-.dsh-relay-mirrors--/session-9e1c2b7c-5f43-4166-b4c2-6bd5e5efd543/session.jsonl.zstd	canonical	v0	session-9e1c2b7c-5f43-4166-b4c2-6bd5e5efd543	159887	1788446537	08887e403652d3ad99046aa5277c4907d78cae6e5bb3b536da61194b6be84f6e
--Users-vito-.dsh-relay-mirrors--/session-a021aa93-669d-4fdd-b76d-0928a1d2a58d/session.jsonl.zstd	canonical	v0	session-a021aa93-669d-4fdd-b76d-0928a1d2a58d	629	1788624784	1be74ca34bbce4cef2f08e72db3b5265069a65ee392bfa2b170e4d4c514cd30d
--Users-vito-.dsh-relay-mirrors--/session-a123b843-2045-4d5e-92f6-e9824f50f55e/session.jsonl.zstd	canonical	v0	session-a123b843-2045-4d5e-92f6-e9824f50f55e	140429	1788445239	3143035e911b1f53991947205be03312fc7e46f751a59abb114c3f8b52ffabb4
--Users-vito-.dsh-relay-mirrors--/session-a3ae096a-a367-4bcd-bcc0-039b1d082a50/session.jsonl.zstd	canonical	v0	session-a3ae096a-a367-4bcd-bcc0-039b1d082a50	153726	1788450986	14a56c77f41ab38f370736d750f4ccbac042cb3f7117295b4aee094f655c9de9
--Users-vito-.dsh-relay-mirrors--/session-a5294243-3635-489f-8be5-9eb2733a1a06/session.jsonl.zstd	canonical	v0	session-a5294243-3635-489f-8be5-9eb2733a1a06	607658	1788626381	5b0f8cd2a5e9d69211618df4c1709b46a7e74c626f85cd26224b09b529988a69
--Users-vito-.dsh-relay-mirrors--/session-a56547ef-697c-4585-b6d7-1eddb60e9795/session.jsonl.zstd	canonical	v0	session-a56547ef-697c-4585-b6d7-1eddb60e9795	494	1788316729	a832cc0b786c2ca62c03544450d97663763dd2f52f3f4feaa19b54e0406dfb69
--Users-vito-.dsh-relay-mirrors--/session-a801c3a1-d25d-4cfd-9396-f2cd0793d974/session.jsonl.zstd	canonical	v0	session-a801c3a1-d25d-4cfd-9396-f2cd0793d974	3657	1788228553	2813012fba1e3b8bdcba36003d7273a9b90576200345e3dc461fdcf975592d45
--Users-vito-.dsh-relay-mirrors--/session-a8088184-0ea4-40b6-a4d2-ad933c007a15/session.jsonl.zstd	canonical	v0	session-a8088184-0ea4-40b6-a4d2-ad933c007a15	927	1788747498	1aee9dc198e46646b6aad52dae2e50b8d4fa1b1a4b53a920977f137e75d3fbf3
--Users-vito-.dsh-relay-mirrors--/session-a8c3453f-5fc2-4b9d-bfe2-4e52322fb344/session.jsonl.zstd	canonical	v0	session-a8c3453f-5fc2-4b9d-bfe2-4e52322fb344	366	1788277379	9a37926c6693620f18d49aedeb667e8cae3f21c4bb2bfa30fe9dd03f9a434d61
--Users-vito-.dsh-relay-mirrors--/session-a9211fc5-f8b5-4a15-933d-2a3abe508b2e/session.jsonl.zstd	canonical	v0	session-a9211fc5-f8b5-4a15-933d-2a3abe508b2e	318	1788315389	165589bf3bcc5c6f8b099749e19c850bf078a63311274e6441455f22801ad66e
--Users-vito-.dsh-relay-mirrors--/session-a926f711-3d4d-4797-a8e5-0126f42e4515/session.jsonl.zstd	canonical	v0	session-a926f711-3d4d-4797-a8e5-0126f42e4515	471	1788174629	78cae2e14131de9bd7a6ba579ac1129912b29166337a1004c65a98ed4713fcc0
--Users-vito-.dsh-relay-mirrors--/session-a97869c6-7c4d-4798-9cf3-877ed631bc21/session.jsonl.zstd	canonical	v0	session-a97869c6-7c4d-4798-9cf3-877ed631bc21	629	1788306455	b4dd3ec835326896b4f57cedee63eac39c1dc8adb9d12c306ba149d45bca0238
--Users-vito-.dsh-relay-mirrors--/session-aa81b176-7790-450a-ad6d-f49559006b6b/session.jsonl.zstd	canonical	v0	session-aa81b176-7790-450a-ad6d-f49559006b6b	959509	1788677264	d1c94b58058920cbc7648ae8d29fadd5b87ed45ee022356d04d36b6940956bb3
--Users-vito-.dsh-relay-mirrors--/session-ac5a5e3c-88ac-4db4-863e-327330434d37/session.jsonl.zstd	canonical	v0	session-ac5a5e3c-88ac-4db4-863e-327330434d37	318	1788245942	12c36364c63a13295dbb99373396425dfd229244719f6df1f7fa2da58d5ba520
--Users-vito-.dsh-relay-mirrors--/session-ac5bd686-a7ba-44d0-a463-fc27c3b1ec0a/session.jsonl.zstd	canonical	v0	session-ac5bd686-a7ba-44d0-a463-fc27c3b1ec0a	321	1788174631	0ebad0f9f0273be7e2e6ba022bae6e8d3e37340e5851adb3ae94f07954a13a04
--Users-vito-.dsh-relay-mirrors--/session-ae714135-01ac-4c13-9bf8-38bb835ea089/session.jsonl.zstd	canonical	v0	session-ae714135-01ac-4c13-9bf8-38bb835ea089	290186	1788307514	c562306c12a7603ce6f523368134494eda372e7763d59bf4add6343c91b540a5
--Users-vito-.dsh-relay-mirrors--/session-afd68297-6e7d-473d-a315-9aa529585b6e/session.jsonl.zstd	canonical	v0	session-afd68297-6e7d-473d-a315-9aa529585b6e	130819	1788245656	b52fd0a205eb05fd2e934e4870ee35205678735d23b8672798461bbafbd300c5
--Users-vito-.dsh-relay-mirrors--/session-b036a9be-a552-46ed-b17e-9c9f09782a29/session.jsonl.zstd	canonical	v0	session-b036a9be-a552-46ed-b17e-9c9f09782a29	649	1788451369	e591e143ed903155a67634d528d9a6eae16746937fa9136fc1859becc97cb42a
--Users-vito-.dsh-relay-mirrors--/session-b098a765-47a4-4b6b-a123-1a12524b1e95/session.jsonl.zstd	canonical	v0	session-b098a765-47a4-4b6b-a123-1a12524b1e95	19661	1788439041	a7cf77d87bcee8aa2eac521a9ae5a51676fd62199e5c06fa342fee333fa61f31
--Users-vito-.dsh-relay-mirrors--/session-b0e64c7b-ab81-4fc2-97a7-a0fd3ce06bb1/session.jsonl.zstd	canonical	v0	session-b0e64c7b-ab81-4fc2-97a7-a0fd3ce06bb1	4057305	1788595076	d975b649b9245c0f20eccb6fd0c1153c40cc674251810f441758bd9b83b2d7b2
--Users-vito-.dsh-relay-mirrors--/session-b12c470c-c599-418f-a084-5b294bbe42e7/session.jsonl.zstd	canonical	v0	session-b12c470c-c599-418f-a084-5b294bbe42e7	345099	1788679794	069b789a852911882bdd821d9e9c7324ffb7bfaafcbb31e1e609c07afe8068b6
--Users-vito-.dsh-relay-mirrors--/session-b343bdb3-e496-4bc9-aebd-3ba9f2acd20a/session.jsonl.zstd	canonical	v0	session-b343bdb3-e496-4bc9-aebd-3ba9f2acd20a	471	1788438051	14ce751462e16f14c44d5b10710326aba6610ffc64aa767695436a3417ea0a22
--Users-vito-.dsh-relay-mirrors--/session-b36fcc5a-c478-48c4-8e22-f2fcdca537e0/session.jsonl.zstd	canonical	v0	session-b36fcc5a-c478-48c4-8e22-f2fcdca537e0	315	1788308820	88e125d907716c2aa09a50f73f29972480152d27c7532c45784ec54aa3a5cefa
--Users-vito-.dsh-relay-mirrors--/session-b37d9389-b093-4473-81b2-4e3138c5cc01/session.jsonl.zstd	canonical	v0	session-b37d9389-b093-4473-81b2-4e3138c5cc01	322	1788274168	a5b4a2e6ad67bb0279ae1ec348913d7578d2ea569943abad42f8b0a662825590
--Users-vito-.dsh-relay-mirrors--/session-b3f7c3a1-30c3-4910-8b81-5e005f97f2ab/session.jsonl.zstd	canonical	v0	session-b3f7c3a1-30c3-4910-8b81-5e005f97f2ab	241977	1788272286	f41ba9b63bcf9ee13ab87a994e5759ba432aadd29abc9a45d43398d9321e1b49
--Users-vito-.dsh-relay-mirrors--/session-b40912ed-b032-4ef2-b9b2-4ed8a63045de/session.jsonl.zstd	canonical	v0	session-b40912ed-b032-4ef2-b9b2-4ed8a63045de	631	1788624761	f9c1b2af277c7286a5e2a06a4c799737735247f10bf2a23dd0247d857d175a4a
--Users-vito-.dsh-relay-mirrors--/session-b55402d5-d196-4233-9cfe-6c7058ea0f61/session.jsonl.zstd	canonical	v0	session-b55402d5-d196-4233-9cfe-6c7058ea0f61	11545	1788436481	1e6d67c1b4260bb22b69932ddb83f6482a99b55381ddeb69f0daafe85ab6da42
--Users-vito-.dsh-relay-mirrors--/session-b73e0928-4ef9-4f90-a25d-cf059b84f03d/session.jsonl.zstd	canonical	v0	session-b73e0928-4ef9-4f90-a25d-cf059b84f03d	116381	1788451626	489145064842f9eeb36af73903c74e4bb822185592aa7affd1af08361ec4760e
--Users-vito-.dsh-relay-mirrors--/session-b7732800-0764-4f05-9dec-06330e435a82/session.jsonl.zstd	canonical	v0	session-b7732800-0764-4f05-9dec-06330e435a82	573211	1788679343	90345456ced6b5a8226a0e7ddd91304fa3d60d5aee9f55d435fc1588a4cabae4
--Users-vito-.dsh-relay-mirrors--/session-b893967f-5686-44da-9579-27d24bbe1fe1/session.jsonl.zstd	canonical	v0	session-b893967f-5686-44da-9579-27d24bbe1fe1	1262830	1788624629	7eaeb953b6cdd4fc5af19c4d59398cf26461ca5d8b9284bc5020adb9a5b33568
--Users-vito-.dsh-relay-mirrors--/session-ba4e4402-7d88-4e2a-802d-0f867ae1c241/session.jsonl.zstd	canonical	v0	session-ba4e4402-7d88-4e2a-802d-0f867ae1c241	288855	1788589789	240c2db33f160e7fb2b54396cd78ebd6b47f554a7a35c452edbaac2a254c37c1
--Users-vito-.dsh-relay-mirrors--/session-bd86d0ee-efc7-4d8e-871f-85ced3fa8bc9/session.jsonl.zstd	canonical	v0	session-bd86d0ee-efc7-4d8e-871f-85ced3fa8bc9	11546	1788450323	f61a7cef6e397d5ecc82c944337d23241e0db5536de1e3c1ce766709c5d22a5f
--Users-vito-.dsh-relay-mirrors--/session-bdd8c0f5-2589-4019-b4e9-407c521a2d5b/session.jsonl.zstd	canonical	v0	session-bdd8c0f5-2589-4019-b4e9-407c521a2d5b	477	1788306194	37104df2222084d118b4817a60de0e4d93416fd67f960584444fc41464124ac2
--Users-vito-.dsh-relay-mirrors--/session-bf310264-d5a0-419b-8b74-afb12602b7d0/session.jsonl.zstd	canonical	v0	session-bf310264-d5a0-419b-8b74-afb12602b7d0	37846	1788365682	5187e34625fc50ed4a32bf5826fdfdb6aa44015f4cb7b43cc2728022ca7ee6d7
--Users-vito-.dsh-relay-mirrors--/session-bf5c868c-fda8-4794-85b0-b47952871929/session.jsonl.zstd	canonical	v0	session-bf5c868c-fda8-4794-85b0-b47952871929	322	1788626226	d942d1f41280a31b373bdadf1ad2c84998c46cfc6d48dbb387cb7871136e7193
--Users-vito-.dsh-relay-mirrors--/session-bfe4c6f9-b598-4d68-bcd9-4b22f1b0ad49/session.jsonl.zstd	canonical	v0	session-bfe4c6f9-b598-4d68-bcd9-4b22f1b0ad49	3785	1788306492	e943e3e53b60e6954b5ad9967fae0bcc521191b6539d14dcee4f0a86d42906a8
--Users-vito-.dsh-relay-mirrors--/session-c1d0df92-43eb-44d7-917e-3ff26028df49/session.jsonl.zstd	canonical	v0	session-c1d0df92-43eb-44d7-917e-3ff26028df49	2476517	1788620025	5c5bde12261e8123034d803d65e4d8444caa8c5e33c00c8179b418ba1a3c0ffb
--Users-vito-.dsh-relay-mirrors--/session-c33a2e72-34dc-450d-a6ee-c3caa819a85d/session.jsonl.zstd	canonical	v0	session-c33a2e72-34dc-450d-a6ee-c3caa819a85d	166663	1788308837	7938b0ecbf36b5c7f28516991a260d234975f7d171fbd19a0d2f3af9d1667812
--Users-vito-.dsh-relay-mirrors--/session-c379c9d0-dfd8-40a5-9988-d697dd5ed8c3/session.jsonl.zstd	canonical	v0	session-c379c9d0-dfd8-40a5-9988-d697dd5ed8c3	20204	1788436431	d08a89a928d34ed1bd443efdcb18e3d1359212021a3a6e3fd662fcf8d55a3741
--Users-vito-.dsh-relay-mirrors--/session-c71eab49-7e92-4b97-9e00-a01ab77ef6cf/session.jsonl.zstd	canonical	v0	session-c71eab49-7e92-4b97-9e00-a01ab77ef6cf	230149	1788243441	4789e4c1ea4aacec2a7c2c34771ab6a4959ca021228cbd0bfe7961da829f015d
--Users-vito-.dsh-relay-mirrors--/session-c85211d4-295f-467c-9220-5854b4b392aa/session.jsonl.zstd	canonical	v0	session-c85211d4-295f-467c-9220-5854b4b392aa	320	1788510109	98329d40983f00067804f3c72c66b152dab7d5d68e646a1cc054630949f0c1ca
--Users-vito-.dsh-relay-mirrors--/session-c904b69b-0fb7-4273-9498-a68a99b1a3a1/session.jsonl.zstd	canonical	v0	session-c904b69b-0fb7-4273-9498-a68a99b1a3a1	321	1788281529	1969396f47348a31b1151b050a2978ec654e1de2dc9551a3a156dbd22087d152
--Users-vito-.dsh-relay-mirrors--/session-c95547ce-7e4d-4f07-a0c3-86ca9da5b8e8/session.jsonl.zstd	canonical	v0	session-c95547ce-7e4d-4f07-a0c3-86ca9da5b8e8	622	1788190165	2bafab569f7679f75cc235524edb77b89e148ff67ac7e73d537b4ab174602894
--Users-vito-.dsh-relay-mirrors--/session-cb130c2c-5fa4-4bf6-8e1f-0e91f03095e3/session.jsonl.zstd	canonical	v0	session-cb130c2c-5fa4-4bf6-8e1f-0e91f03095e3	816	1788493554	06dc9e120371b22371e8c718358161a31e2cdb3a40b1c947e0a5d09869376c66
--Users-vito-.dsh-relay-mirrors--/session-cca924a2-c7d8-4a60-9e85-8835119ae394/session.jsonl.zstd	canonical	v0	session-cca924a2-c7d8-4a60-9e85-8835119ae394	935	1788355873	562796d7c801e4bd45b0e24ac2c860491321cd4aa0c1af9f6ba9c386f4b490aa
--Users-vito-.dsh-relay-mirrors--/session-ccdf5690-ffe2-408d-8398-fc826108ca94/session.jsonl.zstd	canonical	v0	session-ccdf5690-ffe2-408d-8398-fc826108ca94	136919	1788246880	248c028237afc499a9f28dec60ad7f275572aa3f671c3f390ba69a28bee056b6
--Users-vito-.dsh-relay-mirrors--/session-cda6a732-9126-4cf6-aafa-5eb556b6c09e/session.jsonl.zstd	canonical	v0	session-cda6a732-9126-4cf6-aafa-5eb556b6c09e	623	1788624662	ee7cbbea9de9a81bee5721e36acb0579cd49d1a14cbff39e6dc68a0d93f3f43d
--Users-vito-.dsh-relay-mirrors--/session-d05cf27d-9060-419f-b869-636e410b52d8/session.jsonl.zstd	canonical	v0	session-d05cf27d-9060-419f-b869-636e410b52d8	318	1788306303	ae43a4007c275b3022c6bfd956bf25884052189ad7cc96737e55b8033396c6e2
--Users-vito-.dsh-relay-mirrors--/session-d1fe33ac-4eb9-4807-8866-534982e6da6d/session.jsonl.zstd	canonical	v0	session-d1fe33ac-4eb9-4807-8866-534982e6da6d	140677	1788450460	839e8df242510136ceca0bb37c67cab7da2e68c728117f524172ddd27c42aff6
--Users-vito-.dsh-relay-mirrors--/session-d2ff0ed3-019e-4f14-8ee7-1d9bb1093e9b/session.jsonl.zstd	canonical	v0	session-d2ff0ed3-019e-4f14-8ee7-1d9bb1093e9b	163546	1788307466	0295e3ba183024d1a2ed69b69f7336507e44bf55c4b1a54bea872dc1c744e594
--Users-vito-.dsh-relay-mirrors--/session-d3388763-211b-4f0f-8142-974b6242d156/session.jsonl.zstd	canonical	v0	session-d3388763-211b-4f0f-8142-974b6242d156	12299	1788439065	caf76548b39369cdd8f6800808d0f76d762ad4ad84b3fd8a9156b040320e51e9
--Users-vito-.dsh-relay-mirrors--/session-d428c103-ce95-4dac-80f5-9b3210f7ae40/session.jsonl.zstd	canonical	v0	session-d428c103-ce95-4dac-80f5-9b3210f7ae40	121599	1788453022	ce89057d67888091cfb55f035ef5fcc34840e25da4881299e795f9c79997ecd2
--Users-vito-.dsh-relay-mirrors--/session-d59ba092-d1dd-4620-91ff-26e5ee068524/session.jsonl.zstd	canonical	v0	session-d59ba092-d1dd-4620-91ff-26e5ee068524	505	1788679359	b00c16823bf98ee074068bfe6adaddafd5815f49fdcf8825246dcf9db00754db
--Users-vito-.dsh-relay-mirrors--/session-d6daa72e-4313-4b4f-87d9-9dfb1fef13a6/session.jsonl.zstd	canonical	v0	session-d6daa72e-4313-4b4f-87d9-9dfb1fef13a6	655	1788624851	677b362411198ad8970e14986397709a991c89c71e3d675c4c330ab1c0b6b669
--Users-vito-.dsh-relay-mirrors--/session-d6f00935-cff8-4a33-a9fd-93bd91ead4f5/session.jsonl.zstd	canonical	v0	session-d6f00935-cff8-4a33-a9fd-93bd91ead4f5	11539	1788450561	62223d0e3f68aacc19cabe4661bb325cc19a1b2762382b14e311e4df235ab86f
--Users-vito-.dsh-relay-mirrors--/session-d771b7ad-710c-4176-af6f-71aa20dc563f/session.jsonl.zstd	canonical	v0	session-d771b7ad-710c-4176-af6f-71aa20dc563f	291986	1788308888	8a47c229b45a8df085938784276f02fe37510a3baedb53369116ccabac7feec5
--Users-vito-.dsh-relay-mirrors--/session-d8576c2a-288d-4024-a2fb-5345fc5361ad/session.jsonl.zstd	canonical	v0	session-d8576c2a-288d-4024-a2fb-5345fc5361ad	497	1788611016	9a8246be157f7b82b732e2df4025c3f5b6da77cb7974a4fccfaffa8c59c7fc22
--Users-vito-.dsh-relay-mirrors--/session-d90178cb-1a57-4dab-8d3e-76e56aa7adc0/session.jsonl.zstd	canonical	v0	session-d90178cb-1a57-4dab-8d3e-76e56aa7adc0	319	1788444492	e6960918aa6454b9c3a077200a43e022cb1df04d2d66ce9511cbab7b16d1bd65
--Users-vito-.dsh-relay-mirrors--/session-dade8759-c566-4653-902a-cc2830b3893b/session.jsonl.zstd	canonical	v0	session-dade8759-c566-4653-902a-cc2830b3893b	493	1788444482	67ab9b5c761c3f00da76b354aad788a21099e7c2225f6dc1c415346b534cfa81
--Users-vito-.dsh-relay-mirrors--/session-dd42e0c5-9d80-424c-b55b-32904e55f3be/session.jsonl.zstd	canonical	v0	session-dd42e0c5-9d80-424c-b55b-32904e55f3be	12276	1788443732	22df68f0b80dc11a530ac83c36e2908b2c6e1fea35803cb497cece00c743a536
--Users-vito-.dsh-relay-mirrors--/session-dd4af43d-df7f-4f68-b38b-1b661eabb1bd/session.jsonl.zstd	canonical	v0	session-dd4af43d-df7f-4f68-b38b-1b661eabb1bd	217059	1788316759	5aabcc71d8da9731ed06505f5d7a7e4d8bbb74ad7eb370edb74e41f1277d1054
--Users-vito-.dsh-relay-mirrors--/session-dd4bbdff-c40e-43f0-b7fb-b5b4f1dcc188/session.jsonl.zstd	canonical	v0	session-dd4bbdff-c40e-43f0-b7fb-b5b4f1dcc188	477	1788243464	251749f3454e601380cdab3091b2e6fed44bcc028ddeb06105668fd1eddfbda9
--Users-vito-.dsh-relay-mirrors--/session-dea5b4f3-027c-4b1b-a802-18b23e7d05c6/session.jsonl.zstd	canonical	v0	session-dea5b4f3-027c-4b1b-a802-18b23e7d05c6	494	1788451613	f8754caed876b56495928899ca1cb4fa5852922b3cb6c22593f4c9365cc8a730
--Users-vito-.dsh-relay-mirrors--/session-dec2794b-d0de-42a0-934f-49a856294f9b/session.jsonl.zstd	canonical	v0	session-dec2794b-d0de-42a0-934f-49a856294f9b	265324	1788315415	a5bc0973fdfdcc9aac558aed2eafabbce4bf4ae88bd693d91a534b050ef66e92
--Users-vito-.dsh-relay-mirrors--/session-df76624e-ba01-4e75-b689-f7c014247232/session.jsonl.zstd	canonical	v0	session-df76624e-ba01-4e75-b689-f7c014247232	159929	1788450249	d41e16697136978b4a724df4c99a6da2bacafd0799aaa4e38b83482f41dc4056
--Users-vito-.dsh-relay-mirrors--/session-df7d4bab-2971-424b-a45f-b51633abfcd4/session.jsonl.zstd	canonical	v0	session-df7d4bab-2971-424b-a45f-b51633abfcd4	321	1788278490	49d680de6b1e2a78c430cec73b53dc37cffc70433dfa9e01225775bc91f00b13
--Users-vito-.dsh-relay-mirrors--/session-e1117261-862f-481d-a886-8dfc348534c6/session.jsonl.zstd	canonical	v0	session-e1117261-862f-481d-a886-8dfc348534c6	471	1788493561	dd35a43e2f38144c5130e9337ea6e3cf116aa3cda0d95c5dbce640e9388f33a6
--Users-vito-.dsh-relay-mirrors--/session-e328e4cd-758e-415a-aa0a-56a0c7e50698/session.jsonl.zstd	canonical	v0	session-e328e4cd-758e-415a-aa0a-56a0c7e50698	140553	1788445232	d80c698014c15cbff04d0d233de0207fc9560eb204e673bba3882e7ea6364583
--Users-vito-.dsh-relay-mirrors--/session-e52564be-0da7-4385-8174-3b718acb3d1e/session.jsonl.zstd	canonical	v0	session-e52564be-0da7-4385-8174-3b718acb3d1e	316	1788507705	6e6f0fa8941ddec8c83046e18fd42856ce86cb76b53130659672d189638174ba
--Users-vito-.dsh-relay-mirrors--/session-e6466491-c35b-4d45-aeba-ccc98758bc28/session.jsonl.zstd	canonical	v0	session-e6466491-c35b-4d45-aeba-ccc98758bc28	448898	1788350663	50b87a3c7eef6f4659e801bb498cf1d10cde8b811e0853effcdbd167b3122410
--Users-vito-.dsh-relay-mirrors--/session-e8212e0b-9e40-41d7-8225-0471c537a780/session.jsonl.zstd	canonical	v0	session-e8212e0b-9e40-41d7-8225-0471c537a780	317	1788280642	3969db45ff12589813026d7bc3de845ff960118135be2c01b4b6910ea166d917
--Users-vito-.dsh-relay-mirrors--/session-e8b03468-104d-40c7-ab9e-f70a5c3aa695/session.jsonl.zstd	canonical	v0	session-e8b03468-104d-40c7-ab9e-f70a5c3aa695	368	1788274142	9c655bd57eac504f3957a71cddf762c2a7702a198d5624d0eecc3b74a952a63f
--Users-vito-.dsh-relay-mirrors--/session-e8b473e7-c3c9-47ca-bdba-d326c787adb2/session.jsonl.zstd	canonical	v0	session-e8b473e7-c3c9-47ca-bdba-d326c787adb2	317	1788624667	c44a33b4afc500b691bc35bb076508dcf7de886ab2f37a81d77d979ac5209983
--Users-vito-.dsh-relay-mirrors--/session-ea3ecc09-eee3-4fb4-bbb6-c85ea8bb2fba/session.jsonl.zstd	canonical	v0	session-ea3ecc09-eee3-4fb4-bbb6-c85ea8bb2fba	495	1788450698	568a9df1c1d4a5465c657acffe21cc489bd84bf55d07ef97730534616cdcebf8
--Users-vito-.dsh-relay-mirrors--/session-ea4d509f-3f8d-4f28-9af2-4dd71f0f442b/session.jsonl.zstd	canonical	v0	session-ea4d509f-3f8d-4f28-9af2-4dd71f0f442b	623	1788443682	26dce455cee4107a393315c1d41efe68e8cf6b874863534a8196a90f56460b99
--Users-vito-.dsh-relay-mirrors--/session-ebd74865-22a7-414b-a22e-7454b7625673/session.jsonl.zstd	canonical	v0	session-ebd74865-22a7-414b-a22e-7454b7625673	493	1788452840	30d2e669940f781a353b0f7877be0006dbc0fa7f2312f5139d3875c3b9a1873c
--Users-vito-.dsh-relay-mirrors--/session-ec8b7a0e-b97c-4a9a-9518-b77ad513ed21/session.jsonl.zstd	canonical	v0	session-ec8b7a0e-b97c-4a9a-9518-b77ad513ed21	22001	1788366309	7084f4de297459b31e9a36ca7609d7a7aaaae67db4c0011a4b10d5f4029eb506
--Users-vito-.dsh-relay-mirrors--/session-ecb9f37d-e78d-4549-a114-a4b68e5c3b89/session.jsonl.zstd	canonical	v0	session-ecb9f37d-e78d-4549-a114-a4b68e5c3b89	229044	1788318398	df4bb0a68f0de66dd6fdaa1e07050781cfd49dd08e3f811e483b65cdc78d94ec
--Users-vito-.dsh-relay-mirrors--/session-edca4d6d-f3b6-4bad-a2c4-843b465bd3d0/session.jsonl.zstd	canonical	v0	session-edca4d6d-f3b6-4bad-a2c4-843b465bd3d0	671	1788581263	1186e3fd4b734996057ae87c47071659a83d1b11da584a45b154570e398f083a
--Users-vito-.dsh-relay-mirrors--/session-efa2d12e-5d00-4744-94b1-61f363f7ab54/session.jsonl.zstd	canonical	v0	session-efa2d12e-5d00-4744-94b1-61f363f7ab54	15267	1788493688	34f4c8aa815e775be0e5f3d40160d4791fce0af2c416f6837d1536b9b094edf7
--Users-vito-.dsh-relay-mirrors--/session-f01707fb-3173-4e93-b797-a25db7231fb2/session.jsonl.zstd	canonical	v0	session-f01707fb-3173-4e93-b797-a25db7231fb2	147758	1788450427	d3408d318b64ed3ca12b955b4349f06ff2cfcb3cd5f379a43ff7820e426202d5
--Users-vito-.dsh-relay-mirrors--/session-f05b968c-ec8f-49eb-bc88-904b1cab0e5d/session.jsonl.zstd	canonical	v0	session-f05b968c-ec8f-49eb-bc88-904b1cab0e5d	11522	1788451055	bf1b95341769c21d830af31915e493d3d458d03dc5c4cd9831f120e598b85acc
--Users-vito-.dsh-relay-mirrors--/session-f3a26b5c-559d-4e31-a964-b5ec2c629caa/session.jsonl.zstd	canonical	v0	session-f3a26b5c-559d-4e31-a964-b5ec2c629caa	497	1788245853	63eeca96170f269e570238ad591d22cb32b9d40ba18b5cc19acff94dc3a66708
--Users-vito-.dsh-relay-mirrors--/session-f3e9f028-90a3-4f25-ae00-7a088c0d1e04/session.jsonl.zstd	canonical	v0	session-f3e9f028-90a3-4f25-ae00-7a088c0d1e04	779	1788677425	e8090c120aa6cc953cdfa72cb555bfa48455d470fddb2edfc0c8fbc49d92d0f6
--Users-vito-.dsh-relay-mirrors--/session-f71ed82e-daa4-4324-8dcb-929a3960770d/session.jsonl.zstd	canonical	v0	session-f71ed82e-daa4-4324-8dcb-929a3960770d	182651	1788278083	eb136090c14134fb22de5fe2cb1ae7519e39d6064dbaa5d7c07e7be1adb58261
--Users-vito-.dsh-relay-mirrors--/session-f720828e-c8e4-4ad4-9d5f-db2f413c9adc/session.jsonl.zstd	canonical	v0	session-f720828e-c8e4-4ad4-9d5f-db2f413c9adc	319	1788307853	a49cbc118bb645dc935f29833ad903dec848c3b67a4e88dffac3f9de8e96d980
--Users-vito-.dsh-relay-mirrors--/session-f7be9b74-5bfc-4fe1-ac80-dee03317a397/session.jsonl.zstd	canonical	v0	session-f7be9b74-5bfc-4fe1-ac80-dee03317a397	663	1788594519	d99062c2d85e8a074c2c68f300be8df662aa0f2a473d5a89b38331c27985c3e2
--Users-vito-.dsh-relay-mirrors--/session-f7f6f48f-b785-4efc-889d-74d78c426bb4/session.jsonl.zstd	canonical	v0	session-f7f6f48f-b785-4efc-889d-74d78c426bb4	19649	1788443710	19efb774364fc950de7885921d045ad2a82a3caf5fc44fedd0708c8f85ea10bb
--Users-vito-.dsh-relay-mirrors--/session-fac61945-dbe1-49aa-969a-fd1c735aebaa/session.jsonl.zstd	canonical	v0	session-fac61945-dbe1-49aa-969a-fd1c735aebaa	634	1788246067	021183dc3e7986a50d84c41a1f3329d67da22c9bcab45ea7e0dd235a0294e61c
--Users-vito-.dsh-relay-mirrors--/session-feec4215-fafb-4699-ac76-dc89db2c00f1/session.jsonl.zstd	canonical	v0	session-feec4215-fafb-4699-ac76-dc89db2c00f1	499	1788318360	31990f1946dca89811409dec44fffd7ab63bcf0a49c1f0679d629a23e9185934
--Users-vito-.dsh-relay-mirrors--/session-ff3be5b5-ef73-4345-b335-517dfd688965/session.jsonl.zstd	canonical	v0	session-ff3be5b5-ef73-4345-b335-517dfd688965	622	1788188768	0192a230399c9302eac913dfeab3f94f472a835ed93d97b5360d90f9136590b9
--Users-vito-.dsh-relay-mirrors--/session-ffe1a9bc-ecd9-4618-b769-b722037a4321/session.jsonl.zstd	canonical	v0	session-ffe1a9bc-ecd9-4618-b769-b722037a4321	7729857	1788595532	1c2a188a695cf62e15e5cfb0b27732fd942d78f975f454fdbc27b197057d9549
--Users-vito-.dsh-relay-mirrors--/session-ffeb0c38-15fd-4c23-8bde-65057933c3a7/session.jsonl.zstd	canonical	v0	session-ffeb0c38-15fd-4c23-8bde-65057933c3a7	322	1788277570	a8316cd4068473b188e24f897a16959fa381735a538cc8dba10d4e1b5c94d22a
--Users-vito-.dsh-relay-mirrors--/session-ffff9cd3-6b77-4a94-9dfe-5a03671196fe/session.jsonl.zstd	canonical	v0	session-ffff9cd3-6b77-4a94-9dfe-5a03671196fe	321	1788443742	d5ccc5dac9c10d23733e19a959dbc1775db1232c403013e588a0f2e0c94935cf
--Users-vito-.dsh-sessions--/session-23e68471-db36-4237-a704-3aec2f98f9ee/session.jsonl.zstd	canonical	v0	session-23e68471-db36-4237-a704-3aec2f98f9ee	469	1788625819	59816b4c6f8d94d8e9722edcd6a4aa10cdbba021c15c91bfe388eb496fbddb85
--Users-vito-Downloads-abc--/session-c12fad77-63a1-4927-9cc7-00ef3a46dbad/session.lock	lock	-	session-c12fad77-63a1-4927-9cc7-00ef3a46dbad	0	1789793656	e3b0c44298fc1c149afbf4c8996fb92427ae41e4649b934ca495991b7852b855
--Users-vito-Downloads-abc--/session-c12fad77-63a1-4927-9cc7-00ef3a46dbad/session.v3.jsonl.zstd	canonical	v3	session-c12fad77-63a1-4927-9cc7-00ef3a46dbad	114951	1789793953	45265a34f99466ed1bf579f711fd50dee0502cf4400323f8b51f2dea95998b1e
--Users-vito-Downloads-typesafe.ai--/session-c9a1f541-bb1b-4980-a9bb-fb299bd60da5/session.lock	lock	-	session-c9a1f541-bb1b-4980-a9bb-fb299bd60da5	0	1789786714	e3b0c44298fc1c149afbf4c8996fb92427ae41e4649b934ca495991b7852b855
--Users-vito-Downloads-typesafe.ai--/session-c9a1f541-bb1b-4980-a9bb-fb299bd60da5/session.v3.jsonl.zstd	canonical	v3	session-c9a1f541-bb1b-4980-a9bb-fb299bd60da5	564089	1789789472	3ec3169835ec17a786a24f323fc815aabc8c185e0bc0a1e530de6d489866248c
--Users-vito-Mumu~0020Inbox-20260917-~6570~5B66-2025~20142026~5B66~5E74~7B2C~4E8C~5B66~671F~9AD8~4E8C~5E74~7EA7~5B66~4E1A~8D28~91CF~68C0~6D4B--/session-7af80b78-5e2b-4020-963a-af33c8c2afd3/session.lock	lock	-	session-7af80b78-5e2b-4020-963a-af33c8c2afd3	0	1790150412	e3b0c44298fc1c149afbf4c8996fb92427ae41e4649b934ca495991b7852b855
--Users-vito-Mumu~0020Inbox-20260917-~6570~5B66-2025~20142026~5B66~5E74~7B2C~4E8C~5B66~671F~9AD8~4E8C~5E74~7EA7~5B66~4E1A~8D28~91CF~68C0~6D4B--/session-7af80b78-5e2b-4020-963a-af33c8c2afd3/session.v3.jsonl.zstd	canonical	v3	session-7af80b78-5e2b-4020-963a-af33c8c2afd3	88508	1790150628	72f3a8dcc7c5510beca90b06a839b23a0eeb3167e63ebb070725a479d06c09c3
--Users-vito-Mumu~0020Inbox-20260917-~6570~5B66-2025~20142026~5B66~5E74~7B2C~4E8C~5B66~671F~9AD8~4E8C~5E74~7EA7~5B66~4E1A~8D28~91CF~68C0~6D4B--/session-8d1a7cb1-1903-4e5d-94c7-c5c79157d050/session.lock	lock	-	session-8d1a7cb1-1903-4e5d-94c7-c5c79157d050	0	1790150693	e3b0c44298fc1c149afbf4c8996fb92427ae41e4649b934ca495991b7852b855
--Users-vito-Mumu~0020Inbox-20260917-~6570~5B66-2025~20142026~5B66~5E74~7B2C~4E8C~5B66~671F~9AD8~4E8C~5E74~7EA7~5B66~4E1A~8D28~91CF~68C0~6D4B--/session-8d1a7cb1-1903-4e5d-94c7-c5c79157d050/session.v3.jsonl.zstd	canonical	v3	session-8d1a7cb1-1903-4e5d-94c7-c5c79157d050	458563	1790153079	241edefe1db193b6523afcade8c73e554c6a15b7745e446e3e7d4742995ff88d
--Users-vito-Mumu~0020Inbox-20260917-~6570~5B66-2025~20142026~5B66~5E74~7B2C~4E8C~5B66~671F~9AD8~4E8C~5E74~7EA7~5B66~4E1A~8D28~91CF~68C0~6D4B--/session-98d744e3-7247-4fda-a8d7-70095c892101/session.lock	lock	-	session-98d744e3-7247-4fda-a8d7-70095c892101	0	1790150369	e3b0c44298fc1c149afbf4c8996fb92427ae41e4649b934ca495991b7852b855
--Users-vito-Mumu~0020Inbox-20260917-~6570~5B66-2025~20142026~5B66~5E74~7B2C~4E8C~5B66~671F~9AD8~4E8C~5E74~7EA7~5B66~4E1A~8D28~91CF~68C0~6D4B--/session-98d744e3-7247-4fda-a8d7-70095c892101/session.v3.jsonl.zstd	canonical	v3	session-98d744e3-7247-4fda-a8d7-70095c892101	2181	1790150400	5a6c7572685ef29dc59cfeb3b98a9f460e3e39902e9febf0989f691559e0116b
--Users-vito-Mumu~0020Inbox-20260917-~6570~5B66-2025~20142026~5B66~5E74~7B2C~4E8C~5B66~671F~9AD8~4E8C~5E74~7EA7~5B66~4E1A~8D28~91CF~68C0~6D4B1--/session-6abb1a84-9cf5-47a4-9d9a-79225aca825c/session.lock	lock	-	session-6abb1a84-9cf5-47a4-9d9a-79225aca825c	0	1790153375	e3b0c44298fc1c149afbf4c8996fb92427ae41e4649b934ca495991b7852b855
--Users-vito-Mumu~0020Inbox-20260917-~6570~5B66-2025~20142026~5B66~5E74~7B2C~4E8C~5B66~671F~9AD8~4E8C~5E74~7EA7~5B66~4E1A~8D28~91CF~68C0~6D4B1--/session-6abb1a84-9cf5-47a4-9d9a-79225aca825c/session.v3.jsonl.zstd	canonical	v3	session-6abb1a84-9cf5-47a4-9d9a-79225aca825c	87311	1790153478	ec4a664e30c67dddfed50ae1bbccf39a5caf90b29fdb0144af33eb42368025e0
--Users-vito-Mumu~0020Inbox-20260917-~6570~5B66-2025~20142026~5B66~5E74~7B2C~4E8C~5B66~671F~9AD8~4E8C~5E74~7EA7~5B66~4E1A~8D28~91CF~68C0~6D4B2--/session-9cac91bd-f27d-42da-951e-2feabb5c8b34/session.lock	lock	-	session-9cac91bd-f27d-42da-951e-2feabb5c8b34	0	1790153538	e3b0c44298fc1c149afbf4c8996fb92427ae41e4649b934ca495991b7852b855
--Users-vito-Mumu~0020Inbox-20260917-~6570~5B66-2025~20142026~5B66~5E74~7B2C~4E8C~5B66~671F~9AD8~4E8C~5E74~7EA7~5B66~4E1A~8D28~91CF~68C0~6D4B2--/session-9cac91bd-f27d-42da-951e-2feabb5c8b34/session.v3.jsonl.zstd	canonical	v3	session-9cac91bd-f27d-42da-951e-2feabb5c8b34	753198	1790158894	25e553cf997780abd8bdbbe7e09eb52ebe17264654c08ef4704f5cf4d2fa0f7d
--Users-vito-data-dev-accept-matt-flow--/session-2f1d2982-8320-4ce4-a3a5-a219848105c2/session.jsonl.zstd	canonical	v0	session-2f1d2982-8320-4ce4-a3a5-a219848105c2	113398	1788778787	490fe587e1b2c1b88e8d4de65ad123e9abcfe5211c5c23fef076a4a06a20f931
--Users-vito-data-dev-accept-matt-flow--/session-322d9b64-2ad0-4e5b-9999-24cd03f4c5e2/session.jsonl.zstd	canonical	v0	session-322d9b64-2ad0-4e5b-9999-24cd03f4c5e2	210159	1788773640	0fc8cd00df2d364b61f4c91cdbaaf2e21021af499a2f1d3ccd0324072d7e8606
--Users-vito-data-dev-accept-matt-flow--/session-6be572c6-6d52-4974-a220-484f5a67758a/session.jsonl.zstd	canonical	v0	session-6be572c6-6d52-4974-a220-484f5a67758a	15287	1788770931	c93be6424fddf80b157b9bf44a7a678e86c587f3cb45f8199a2a98585b86824c
--Users-vito-data-dev-accept-matt-flow--/session-90a3bf3d-7058-4179-a1e2-b0a786882d19/session.jsonl.zstd	canonical	v0	session-90a3bf3d-7058-4179-a1e2-b0a786882d19	10450	1788774813	9640665fd6c85bd904ad641371a58737a2c7ee78505807a09f0924ac258ead33
--Users-vito-data-dev-accept-matt-flow--/session-e3b16c56-3bdc-4f7d-86f3-a7aa2d2e6ea7/session.jsonl.zstd	canonical	v0	session-e3b16c56-3bdc-4f7d-86f3-a7aa2d2e6ea7	2111	1788774072	18904110bc77bc15e8194f1ec605d8c19a1f196447f4db1008ad1d117c51c661
--Users-vito-data-dev-accept-matt-flow--/session-ed63e837-3fc7-4be2-8864-e2fadb757db5/session.jsonl.zstd	canonical	v0	session-ed63e837-3fc7-4be2-8864-e2fadb757db5	259233	1788774480	66a9dc672a02b0cd9bd5a39af4045ad94f60c5b5f34be99de20049809dd07a23
--Users-vito-data-dev-accept-matt-flow--/session-f0720a06-6059-4993-beb3-cc8aad0d57b6/session.jsonl.zstd	canonical	v0	session-f0720a06-6059-4993-beb3-cc8aad0d57b6	24319	1788770971	f73d534a818d13e36bf2c5fdd25358a1f00a98b1ff6a130ef7492f99b580237a
--Users-vito-data-dev-accept-matt-flow--/session-f1712618-bde1-4182-b57d-7489723f49a9/session.jsonl.zstd	canonical	v0	session-f1712618-bde1-4182-b57d-7489723f49a9	93101	1788774924	667893578ffdf08771fcb5cd25a9e958273e57e2881707fafcf8a61b8b6e9dc2
--Users-vito-data-dev-accept-matt-flow--/session-f29f7168-e06c-4780-b4f5-6130de7eb737/session.jsonl.zstd	canonical	v0	session-f29f7168-e06c-4780-b4f5-6130de7eb737	2061	1788770274	2f7f1871227c364cddaa096b83cedf89b5481844dbe9e5f08f4f25f90d237dc3
--Users-vito-data-dev-accept-matt-flow--/session-f745cd85-deba-40f6-a6f8-ea0f669fa8a0/session.jsonl.zstd	canonical	v0	session-f745cd85-deba-40f6-a6f8-ea0f669fa8a0	9826	1788773288	78446f71e1c532ebfa4b020034380453fcbd7b76bcf2ab5dc80258c03a75f353
--Users-vito-data-dev-aimesh3.0--/277e07c9-489d-49b8-b1ab-e968f409eb1d/session.lock	lock	-	277e07c9-489d-49b8-b1ab-e968f409eb1d	0	1789637171	e3b0c44298fc1c149afbf4c8996fb92427ae41e4649b934ca495991b7852b855
--Users-vito-data-dev-aimesh3.0--/277e07c9-489d-49b8-b1ab-e968f409eb1d/session.v3.jsonl.zstd	canonical	v3	277e07c9-489d-49b8-b1ab-e968f409eb1d	179422	1789637392	a917d93ee228862decb9567143df3e51303cf0e64d13b67a01fdebcaa8baf429
--Users-vito-data-dev-aimesh3.0--/session-3b83d25e-dd83-446e-9b6c-4d9e2fef328c/session.lock	lock	-	session-3b83d25e-dd83-446e-9b6c-4d9e2fef328c	0	1789636920	e3b0c44298fc1c149afbf4c8996fb92427ae41e4649b934ca495991b7852b855
--Users-vito-data-dev-aimesh3.0--/session-3b83d25e-dd83-446e-9b6c-4d9e2fef328c/session.v3.jsonl.zstd	canonical	v3	session-3b83d25e-dd83-446e-9b6c-4d9e2fef328c	438858	1789638694	0951dbdcb858a0080598f61a2d10bd6258915954e65c84ca5b5b1b6b9b3dc3b2
--Users-vito-data-dev-device-sim--/01f52e83-1b49-4995-be1f-3dd18e3f0afa/session.jsonl.zstd	canonical	v0	01f52e83-1b49-4995-be1f-3dd18e3f0afa	3874	1787127289	0d0dd39720d0b994e686d75b9c955380ed61e9d2f564f411e57fd111e419839d
--Users-vito-data-dev-device-sim--/063f2314-4dd9-4c2c-b6cf-8c9ce13ce0f7/session.jsonl.zstd	canonical	v0	063f2314-4dd9-4c2c-b6cf-8c9ce13ce0f7	4002	1787063553	f5df6625d8730a0add08145d5863653f68a970592d43a3e4598ec9d8e8ece84c
--Users-vito-data-dev-device-sim--/0ba391ca-4c88-4648-9b1d-cdb4a0bc2a12/session.jsonl.zstd	canonical	v0	0ba391ca-4c88-4648-9b1d-cdb4a0bc2a12	3986	1787126483	afbd8d283b7c66fd83756e4b99a05c6d17e81d7abcd6c326296cb9351ad8d3b4
--Users-vito-data-dev-device-sim--/0fc20397-9920-4aee-b93a-a410a568d161/session.jsonl.zstd	canonical	v0	0fc20397-9920-4aee-b93a-a410a568d161	3822	1787039758	4e36d97ddf114c006522f24e9a9702466f4bdbcfe72ee097312b77e8a1fca0a8
--Users-vito-data-dev-device-sim--/1e259ca1-b45c-493e-87a5-d906869419fe/session.jsonl.zstd	canonical	v0	1e259ca1-b45c-493e-87a5-d906869419fe	3824	1787036366	f0eac562c2c7faa2d135ef0eca14cac0048ca07018666c15b84d39ec41305d90
--Users-vito-data-dev-device-sim--/202354e3-bb80-4f19-9e77-8eca88b3d346/session.jsonl.zstd	canonical	v0	202354e3-bb80-4f19-9e77-8eca88b3d346	3961	1786980358	15b173b4829894125cbfd1ca6f3a9f808c9080248d9278dca9f0438631a0dd8e
--Users-vito-data-dev-device-sim--/2344bcf2-7331-4910-86c0-3f2008032768/session.jsonl.zstd	canonical	v0	2344bcf2-7331-4910-86c0-3f2008032768	4329827	1787126382	8c05bf94b733cb1576d008153926e95833d06706911a2fd64fd68ae812134229
--Users-vito-data-dev-device-sim--/2ea80c4d-f1b1-4169-b879-7677a40d5397/session.jsonl.zstd	canonical	v0	2ea80c4d-f1b1-4169-b879-7677a40d5397	3654	1787194660	2eb6c8a6ffacffd0d17c7cf0e50d2dff321c9615f6ef450478e59bda7c79bfbb
--Users-vito-data-dev-device-sim--/34ba9bb6-19b7-42f5-871c-e8fe396564a1/session.jsonl.zstd	canonical	v0	34ba9bb6-19b7-42f5-871c-e8fe396564a1	3236	1787301127	734f3e00ea4666d0cd6590b6ce560db89cb7fdd4c5a59682b9ed20a2e227ad92
--Users-vito-data-dev-device-sim--/35cd980b-01da-400e-822b-282a852063b2/session.jsonl.zstd	canonical	v0	35cd980b-01da-400e-822b-282a852063b2	5245271	1787305704	f3a038645ddda99b956ee896a3a50df98a1b26d7885447589150c85cf8a0f85f
--Users-vito-data-dev-device-sim--/3bf1cdd0-716e-463d-a77a-86758dce7f57/session.jsonl.zstd	canonical	v0	3bf1cdd0-716e-463d-a77a-86758dce7f57	4560896	1787286898	fbd76b4426e3672d71d72318a2b00a63d38eada3e59ef6d13e59c0203c21d09a
--Users-vito-data-dev-device-sim--/4cbc8fac-5a82-4f87-9fc0-25ebd7d57e71/session.jsonl.zstd	canonical	v0	4cbc8fac-5a82-4f87-9fc0-25ebd7d57e71	3627	1787286925	99b6b1e5339e0056e5ff8ebc026af232a1aa7a4001454ddb75ed3ad8425330bc
--Users-vito-data-dev-device-sim--/4da06353-1ec4-44dd-a6fa-b2771b04176c/session.jsonl.zstd	canonical	v0	4da06353-1ec4-44dd-a6fa-b2771b04176c	3986	1787126365	45188f8901fa6ac0be74bcc955e6458c369d4c36dc879a02f99aa0e71cee2542
--Users-vito-data-dev-device-sim--/51401fb4-84bb-4ec2-8839-3f8794a418e9/session.jsonl.zstd	canonical	v0	51401fb4-84bb-4ec2-8839-3f8794a418e9	3246571	1787111915	b1108eec9b12e9b1851593d517702d0bcc160088d96d4d1a3d80c5b9d8f7ff10
--Users-vito-data-dev-device-sim--/566720af-b28e-4059-a1b6-583b76f7f881/session.jsonl.zstd	canonical	v0	566720af-b28e-4059-a1b6-583b76f7f881	2699528	1787106436	21a889e7330c31880c60be741d0138f662123bf05403a6e94034ec075239c9aa
--Users-vito-data-dev-device-sim--/5f15bb88-1460-49a4-a737-d25efe2b9bda/session.jsonl.zstd	canonical	v0	5f15bb88-1460-49a4-a737-d25efe2b9bda	3825	1787036271	6e632861b3aa804945d90d2b6c08578cd140b00228f78f9d72e3fcb576cb93fe
--Users-vito-data-dev-device-sim--/66463f7b-b8e9-444e-9f84-bebeb24aa06a/session.jsonl.zstd	canonical	v0	66463f7b-b8e9-444e-9f84-bebeb24aa06a	4791282	1787223661	be2a7021e4c219da9b5ab099ccf36a95767747258aff75de22a77be6cfb3e9ac
--Users-vito-data-dev-device-sim--/6cfe842f-abc2-4226-839d-987106171074/session.jsonl.zstd	canonical	v0	6cfe842f-abc2-4226-839d-987106171074	5153467	1787297213	cce6756e4e1da208b8662f11b80baf90f015aea46e1f973d99255f6851009478
--Users-vito-data-dev-device-sim--/7426baa3-7df5-4df2-975d-8378c5541012/session.jsonl.zstd	canonical	v0	7426baa3-7df5-4df2-975d-8378c5541012	3822	1787039337	bd65c514d6ecd01d973db09f3a1e30bb6c0c8c95047f1f550c5018448e8558b4
--Users-vito-data-dev-device-sim--/7a326546-d094-4717-9d80-de6ca5b39d83/session.jsonl.zstd	canonical	v0	7a326546-d094-4717-9d80-de6ca5b39d83	85298	1787064613	496a91663f8965a8a2e7fd63be3a4390d8ba7b045dd022e17a222f635a5c357d
--Users-vito-data-dev-device-sim--/7adf3162-b45f-4afc-bb77-a0d89e4e7cfa/session.jsonl.zstd	canonical	v0	7adf3162-b45f-4afc-bb77-a0d89e4e7cfa	4152330	1787205978	2c747ab234bfd0790fb8bb4d84c096914038c5fee824dd77ebfa07af13b66ea0
--Users-vito-data-dev-device-sim--/7fcd498a-4646-4aee-81b0-9a1bd67d547f/session.jsonl.zstd	canonical	v0	7fcd498a-4646-4aee-81b0-9a1bd67d547f	4539863	1787220490	0c03afe9071be2fa8d9fb3505078b0d65f73b6900745e87dd307286bb1bcff61
--Users-vito-data-dev-device-sim--/847b116e-e20f-40b1-9335-0062bfa2c88a/session.jsonl.zstd	canonical	v0	847b116e-e20f-40b1-9335-0062bfa2c88a	694783	1787064671	8b80dcc06a4826135da662b9d3f5dc628d33b71e6a9965939038ef231d6c0da0
--Users-vito-data-dev-device-sim--/8658437f-3dc5-4fdc-8476-0da87f704a6e/session.jsonl.zstd	canonical	v0	8658437f-3dc5-4fdc-8476-0da87f704a6e	515968	1787064701	67169ea56fccf774e8a1c6359aa2c1f194157bd374c05cf7d28b3b6cc267542a
--Users-vito-data-dev-device-sim--/8802b605-8f65-4809-8f18-5183b0c58e3e/session.jsonl.zstd	canonical	v0	8802b605-8f65-4809-8f18-5183b0c58e3e	1360	1786768712	502a1169f2147815922935ce42532e3e4bb2c48f33aa983064b21c2c2593f893
--Users-vito-data-dev-device-sim--/8a07a328-e3cb-4192-b7e6-00ed7a338794/session.jsonl.zstd	canonical	v0	8a07a328-e3cb-4192-b7e6-00ed7a338794	3624	1787294535	1e652b0c73bf2a6914452962b4a038905da2d7a6ba4dd673e9932f32b1b09f8b
--Users-vito-data-dev-device-sim--/8d24e23f-8ef1-402d-b578-3c26e388cd88/session.jsonl.zstd	canonical	v0	8d24e23f-8ef1-402d-b578-3c26e388cd88	355943	1787296449	229f00eaf39e4f8f02dd82ced1b16d03bda1077bc29203fb58ca6a7292e0b8ee
--Users-vito-data-dev-device-sim--/8fea7414-a332-4e80-a5d6-1b17f888ab4d/session.jsonl.zstd	canonical	v0	8fea7414-a332-4e80-a5d6-1b17f888ab4d	4456066	1787216320	325f2cf13fca8b29448c493ca060c7272501891a761ac1703f5c64dbec76bb3b
--Users-vito-data-dev-device-sim--/925098a4-4cf2-4c3b-8125-05e2ce48641e/session.jsonl.zstd	canonical	v0	925098a4-4cf2-4c3b-8125-05e2ce48641e	3626	1787286881	b1c6bc99509bf5a3ad3ff7b8266fdb59e94493e530d1331b48afcf4521a69941
--Users-vito-data-dev-device-sim--/a524a1ce-84ae-4044-a5f6-4a3015e1e8ed/session.jsonl.zstd	canonical	v0	a524a1ce-84ae-4044-a5f6-4a3015e1e8ed	4801549	1787194831	f3fca7d39e0a35a6096c519176692a22c75bf51c3d7ea560b0fefe38b7bd1e16
--Users-vito-data-dev-device-sim--/a75e2970-2f78-4580-bf56-9bec2f9244ae/session.jsonl.zstd	canonical	v0	a75e2970-2f78-4580-bf56-9bec2f9244ae	3379	1787297272	3c0f0f1f8023d725201318453a92fbc0ac01cb6d4fe51258b8dcb990bc2d6d0d
--Users-vito-data-dev-device-sim--/b6b1010d-5840-489c-ad17-c5a9dfee56a4/session.jsonl.zstd	canonical	v0	b6b1010d-5840-489c-ad17-c5a9dfee56a4	3999	1787064521	b0246ff52a4336377f7c2ee1ae820b9ad6210ae288d9b02fa1bf0ac4a102d15c
--Users-vito-data-dev-device-sim--/b8bcee33-561e-4167-8232-61c0848854eb/session.jsonl.zstd	canonical	v0	b8bcee33-561e-4167-8232-61c0848854eb	3647909	1787126398	9c66b041953087597f20c0a7cd2e1c85a85c0f386f538e0cc91654ec4822b946
--Users-vito-data-dev-device-sim--/bcaa6935-1f6b-4c1f-99e9-8ff59dfd8390/session.jsonl.zstd	canonical	v0	bcaa6935-1f6b-4c1f-99e9-8ff59dfd8390	646034	1787064554	3934cbe4d6611c7332c2ca2b953451088e43e6cc4bdfbc2d9b0203feed9826d8
--Users-vito-data-dev-device-sim--/c8f32cb3-8c46-404d-817a-43379aca7d2d/session.jsonl.zstd	canonical	v0	c8f32cb3-8c46-404d-817a-43379aca7d2d	2703935	1787106270	5bf8113b2f75c5e6202c63a5db7c8e167d59170bb27158c18f7bd684c45a7994
--Users-vito-data-dev-device-sim--/cfd5fae4-35d1-4bee-a948-cd940891310a/session.jsonl.zstd	canonical	v0	cfd5fae4-35d1-4bee-a948-cd940891310a	4311361	1788179432	ba00336043f4b1af42d3c06e03770db925d46081695cb4b85297e3e220bc40b4
--Users-vito-data-dev-device-sim--/d873ae1d-b032-4f02-9c8c-a20b7434f09a/session.jsonl.zstd	canonical	v0	d873ae1d-b032-4f02-9c8c-a20b7434f09a	3864583	1787127311	ff3e8bb958a267cf30ed8428cb175a9bfb6a9151a2098b23b6de25160e037be5
--Users-vito-data-dev-device-sim--/d980895f-d5a7-4556-a9cf-6dab9ecaca0f/session.jsonl.zstd	canonical	v0	d980895f-d5a7-4556-a9cf-6dab9ecaca0f	1365	1786762475	64da497e46af8a0ec56388d9b6511c57ff87139335241cefbdaa680aea2d3388
--Users-vito-data-dev-device-sim--/db89fe43-0e19-45e9-b67d-d9f2e0097157/session.jsonl.zstd	canonical	v0	db89fe43-0e19-45e9-b67d-d9f2e0097157	4515585	1787286954	f834ccba0f16f40d62a2ce02da59a0adad0373ebc95602b113716848fc0a80c9
--Users-vito-data-dev-device-sim--/dcb69cb1-2418-420e-b300-cd21580efe48/session.jsonl.zstd	canonical	v0	dcb69cb1-2418-420e-b300-cd21580efe48	4015	1787062254	3cafdb01f4242b69d5af9b38787a8287aac82754bc82aa62c4a84ac408e168b5
--Users-vito-data-dev-device-sim--/dfd8940c-0bee-46d9-95c9-880f788292f4/session.jsonl.zstd	canonical	v0	dfd8940c-0bee-46d9-95c9-880f788292f4	3667214	1787126498	660e3b41155c2174c9a519ffb46092922eb416f1f00b60b5424afa7b49acadd8
--Users-vito-data-dev-device-sim--/ebc31151-f9fc-4121-b04f-675698cab033/session.jsonl.zstd	canonical	v0	ebc31151-f9fc-4121-b04f-675698cab033	3920756	1787111255	aa67ba368738ebe09330eb67dbf24011b24e20172c71fbad59080cf8662a45a2
--Users-vito-data-dev-device-sim--/f27e72a0-1945-4239-a754-b76615048add/session.jsonl.zstd	canonical	v0	f27e72a0-1945-4239-a754-b76615048add	2699466	1787106315	c862394b8ef64a9017e115c788b5800f1997633229e90d15dfee4c96a86c0c59
--Users-vito-data-dev-device-sim--/f321b338-1752-4b42-a89f-d51f9fb0533d/session.jsonl.zstd	canonical	v0	f321b338-1752-4b42-a89f-d51f9fb0533d	3973	1787126309	dd7b840dca24072ecc0cbbf3fbeaa8f9e0671712bfc548176c320be18e4879eb
--Users-vito-data-dev-device-sim--/session-2/session.jsonl.zstd	canonical	v0	session-2	478147	1787064671	6d131ed013d65b13acd8f8e92141190884ce5846c77b01e9d8f589b8a548e029
--Users-vito-data-dev-device-sim--/session-28797e98-032d-463b-a1c5-717afb0f4cf1/session.jsonl.zstd	canonical	v0	session-28797e98-032d-463b-a1c5-717afb0f4cf1	3558	1787615585	366478985b220a7fa4a423905f96479b3e5ed74a371b0d64d127b241fa8eefbc
--Users-vito-data-dev-device-sim--/session-3/session.jsonl.zstd	canonical	v0	session-3	4508760	1787223683	0f254405ed8242948959eaec0b93e2adbad1f09f91bdc7f42d554f4bef2fba4d
--Users-vito-data-dev-device-sim--/session-383c6667-710b-49e8-981b-187bacd6affd/session.jsonl.zstd	canonical	v0	session-383c6667-710b-49e8-981b-187bacd6affd	1961	1788170408	2801e9721ff135e6bdc84aee850a7213fb6b7cce720a2c566c5bad854072961b
--Users-vito-data-dev-device-sim--/session-3ac6a6ae-9a19-44d3-8899-c016e216c772/session.jsonl.zstd	canonical	v0	session-3ac6a6ae-9a19-44d3-8899-c016e216c772	395541	1788769469	3a7e1c574bc541d7a1761a4bc7f8b1b9e4894adfef4ffdf1575fd1b4a2c6c7bf
--Users-vito-data-dev-device-sim--/session-4/session.jsonl.zstd	canonical	v0	session-4	2695675	1787106306	c41ab3595584faa72db18a6908ba60f14e9240245445e2ab4d2dbb887811a676
--Users-vito-data-dev-device-sim--/session-5/session.jsonl.zstd	canonical	v0	session-5	2695737	1787106316	5b22eb31b6a65196dd6bc4a7da564282dd3e68839d282aca231369738fa09984
--Users-vito-data-dev-device-sim--/session-54f5f04d-775f-48ff-ae27-9274b7512bbf/session.jsonl.zstd	canonical	v0	session-54f5f04d-775f-48ff-ae27-9274b7512bbf	2542	1788768500	e23635c1201337b21361f38290019eb48927b04f50625a082d6abd64562d31de
--Users-vito-data-dev-device-sim--/session-6/session.jsonl.zstd	canonical	v0	session-6	2695796	1787106436	c5d79fe8884348024c4985d04184584ee8ba88aee67413eae3e9e11625c35b5f
--Users-vito-data-dev-device-sim--/session-7/session.jsonl.zstd	canonical	v0	session-7	3127152	1787111295	60c0493c982fb893b75bfd74f26cdc7ecad5c4547210e1431e30aeb02ec2cb34
--Users-vito-data-dev-device-sim--/session-8/session.jsonl.zstd	canonical	v0	session-8	3179738	1787112792	12d8bf128471bad2955f2e96efea5cd0fea5cc6fbad1aabc3013e0dfa82442aa
--Users-vito-data-dev-device-sim--/session-8b525585-fb18-4865-b878-e8b35b00dd39/session.jsonl.zstd	canonical	v0	session-8b525585-fb18-4865-b878-e8b35b00dd39	2477	1788453143	7e77e489b97a4f0bd6a67ea205c41430dd82bd0a42d78c7ec84f08d68e56ef93
--Users-vito-data-dev-device-sim--/session-9d02f026-fa3a-44a3-ba03-157946f25599/session.jsonl.zstd	canonical	v0	session-9d02f026-fa3a-44a3-ba03-157946f25599	1027	1786724832	058257cf8c4f05ddd738a0753783dba930364f7ef6d5be8fc322c779316654de
--Users-vito-data-dev-device-sim--/session-a34b447c-18fd-425c-8d92-832a50a545e9/session.jsonl.zstd	canonical	v0	session-a34b447c-18fd-425c-8d92-832a50a545e9	3779	1787544604	1fac6d1e3b55480dcc9aa05af2c37c09d4bbec9e25bb0854eee836fd2e98e603
--Users-vito-data-dev-device-sim--/session-a8c0d1fd-cb99-4153-9c72-31d439747518/session.jsonl.zstd	canonical	v0	session-a8c0d1fd-cb99-4153-9c72-31d439747518	6121964	1787106220	2f8551d9045b8138aa1820f1df708ec7ce43bc2af1bee4659edb22fec8e656eb
--Users-vito-data-dev-device-sim--/session-c51d9106-540e-4d7d-8ddc-619d7006dc68/session.jsonl.zstd	canonical	v0	session-c51d9106-540e-4d7d-8ddc-619d7006dc68	3336	1787646761	e5b9a19198e35beaa095f0f25cf965833eb78a15379ef4b6080815444571599f
--Users-vito-data-dev-device-sim--/session-d4f0ecf3-8a6b-4aaf-9505-27e9184907fc/session.jsonl.zstd	canonical	v0	session-d4f0ecf3-8a6b-4aaf-9505-27e9184907fc	3495	1787562615	237907e659a64704dfff1e813e2743569de3782eaba5e2e145472d37561819c7
--Users-vito-data-dev-device-sim--/session-e35f7c72-5076-4b81-8057-59805973aa9f/session.lock	lock	-	session-e35f7c72-5076-4b81-8057-59805973aa9f	0	1789871685	e3b0c44298fc1c149afbf4c8996fb92427ae41e4649b934ca495991b7852b855
--Users-vito-data-dev-device-sim--/session-e35f7c72-5076-4b81-8057-59805973aa9f/session.v3.jsonl.zstd	canonical	v3	session-e35f7c72-5076-4b81-8057-59805973aa9f	600471	1789875100	b0103241253e3806c4dc92e3aad40a8fdcc836e53d18487398bf389a089a1b80
--Users-vito-data-dev-device-sim--/session-ef24ca92-41a6-445a-9d4c-04e73a2a10ce/session.jsonl.zstd	canonical	v0	session-ef24ca92-41a6-445a-9d4c-04e73a2a10ce	3588	1787730951	7a4c14ebea7c8ab3a7b12cee9d7e755744c536dacf77ca0d46ff98a70ffa81dd
--Users-vito-data-dev-device-sim-docs--/204b6308-5fcd-4fed-b6ae-8b24cf1fe773/session.jsonl.zstd	canonical	v0	204b6308-5fcd-4fed-b6ae-8b24cf1fe773	1946	1787205961	8f0dba4632570c0d8262e24e8047ffa1db18e16e7204b37596efd284fc99d950
--Users-vito-data-dev-device-sim-docs--/32f5efc5-86b9-4b9f-a952-474316cec61b/session.jsonl.zstd	canonical	v0	32f5efc5-86b9-4b9f-a952-474316cec61b	1951	1787215042	b2060db963161eb3389311b5e1baf325a5cca781aaf50f6caf39ca242c67805b
--Users-vito-data-dev-device-sim-docs--/3b3ae26e-216b-4609-b7ef-ffade163f83f/session.jsonl.zstd	canonical	v0	3b3ae26e-216b-4609-b7ef-ffade163f83f	1948	1787223969	1551e4f20b98466ae52cebf51952e363a03eeabf6b5cb18468bde84dcd07a64d
--Users-vito-data-dev-device-sim-docs--/b89064ee-e1be-40da-959b-eb9c6d272359/session.jsonl.zstd	canonical	v0	b89064ee-e1be-40da-959b-eb9c6d272359	1942	1787211554	8443a35dd5fdc62a95fe8cf70e98335539841f015959f92f819279d91e2afb19
--Users-vito-data-dev-device-sim-docs--/c2ec71cd-03e9-4c14-8a5a-e142b858e0d5/session.jsonl.zstd	canonical	v0	c2ec71cd-03e9-4c14-8a5a-e142b858e0d5	1942	1787286866	fd3f7aa7a9110c68764e1158570147c0dfe040c07a445240d60f59a8f00e004d
--Users-vito-data-dev-device-sim-docs--/d00afe90-146d-491e-af52-cf406d47ff2d/session.jsonl.zstd	canonical	v0	d00afe90-146d-491e-af52-cf406d47ff2d	1942	1787194811	c46f18cc6950dcc219fa25881c088c470e088ba14c980f48b6b563ed5f464bdb
--Users-vito-data-dev-dsh-endless--/37d33135-67bb-4007-a969-7d62815f8b3b/session.lock	lock	-	37d33135-67bb-4007-a969-7d62815f8b3b	0	1789219566	e3b0c44298fc1c149afbf4c8996fb92427ae41e4649b934ca495991b7852b855
--Users-vito-data-dev-dsh-endless--/37d33135-67bb-4007-a969-7d62815f8b3b/session.v3.jsonl.zstd	canonical	v3	37d33135-67bb-4007-a969-7d62815f8b3b	13834	1789219582	3d0facde50ca71ba38385004f93fac07f7cfd9bb6c329dd2f71f77196f290952
--Users-vito-data-dev-dsh-endless--/session-0bb23e1f-4071-4b20-8e1f-0f9468a0429c/session.jsonl.zstd	canonical	v0	session-0bb23e1f-4071-4b20-8e1f-0f9468a0429c	7357	1788055092	2ed68d10c6344b977f701695a8f52d6f8fca9a92f3ded3222237659645c1f2de
--Users-vito-data-dev-dsh-endless--/session-151fb6ab-3b45-458a-a872-33ad83b7081c/session.jsonl.zstd	canonical	v0	session-151fb6ab-3b45-458a-a872-33ad83b7081c	7294	1788055164	7b7f37d868c4bf8e05e8c3f3b4673ff857f2caa75070abbdae80e0cc34f1f58e
--Users-vito-data-dev-dsh-endless--/session-2a760bf3-3241-4a28-bcff-cba3a0849c85/session.lock	lock	-	session-2a760bf3-3241-4a28-bcff-cba3a0849c85	0	1790156817	e3b0c44298fc1c149afbf4c8996fb92427ae41e4649b934ca495991b7852b855
--Users-vito-data-dev-dsh-endless--/session-2a760bf3-3241-4a28-bcff-cba3a0849c85/session.v3.jsonl.zstd	canonical	v3	session-2a760bf3-3241-4a28-bcff-cba3a0849c85	179704	1790157266	a5687def7d20909b57e4c712a857965347ded0a10f29d13de7f928945c442c4d
--Users-vito-data-dev-dsh-endless--/session-3c787487-7875-4106-9db8-3ae1adf90b78/session.jsonl.zstd	canonical	v0	session-3c787487-7875-4106-9db8-3ae1adf90b78	2293	1788015558	b4491d5438616e05f3f766c6e63257eb126abd1ebfbbe2c0f769597f1dc84651
--Users-vito-data-dev-dsh-endless--/session-56a3a127-a6d6-4575-b382-7da89bfd3e99/session.jsonl.zstd	canonical	v0	session-56a3a127-a6d6-4575-b382-7da89bfd3e99	1787300	1788017553	f9f06018b61e001ac940ffa3728f5655ec2c3d941d2cba1f9a1523ab564c5fc7
--Users-vito-data-dev-dsh-endless--/session-5dc296eb-d034-4222-90b6-80ad6c852aba/session.lock	lock	-	session-5dc296eb-d034-4222-90b6-80ad6c852aba	0	1789223977	e3b0c44298fc1c149afbf4c8996fb92427ae41e4649b934ca495991b7852b855
--Users-vito-data-dev-dsh-endless--/session-5dc296eb-d034-4222-90b6-80ad6c852aba/session.v3.jsonl.zstd	canonical	v3	session-5dc296eb-d034-4222-90b6-80ad6c852aba	1182891	1789275957	75f419712d2ca3513d12529479f737f7f3e535bb8ce4311f31aaa25bab68f52c
--Users-vito-data-dev-dsh-endless--/session-6b2ce46d-fbac-4b1c-9066-a113d3ed1a4f/session.lock	lock	-	session-6b2ce46d-fbac-4b1c-9066-a113d3ed1a4f	0	1789223082	e3b0c44298fc1c149afbf4c8996fb92427ae41e4649b934ca495991b7852b855
--Users-vito-data-dev-dsh-endless--/session-6b2ce46d-fbac-4b1c-9066-a113d3ed1a4f/session.v3.jsonl.zstd	canonical	v3	session-6b2ce46d-fbac-4b1c-9066-a113d3ed1a4f	1412376	1789223917	6e8f2361a483191e30d510790e1c134485d7641b18aa41e66b4f6e9d8ffb3542
--Users-vito-data-dev-dsh-endless--/session-7e521eb6-bd36-4028-97c4-6df121c7c32b/session.jsonl.zstd	canonical	v0	session-7e521eb6-bd36-4028-97c4-6df121c7c32b	156652	1788013499	7b33294d01179c652d142df9a67b07ac51594dd61e3bfc82c3041c377e6c1b3f
--Users-vito-data-dev-dsh-endless--/session-7ea5b657-4494-4039-b21e-65384ae65458/session.lock	lock	-	session-7ea5b657-4494-4039-b21e-65384ae65458	0	1789219775	e3b0c44298fc1c149afbf4c8996fb92427ae41e4649b934ca495991b7852b855
--Users-vito-data-dev-dsh-endless--/session-7ea5b657-4494-4039-b21e-65384ae65458/session.v3.jsonl.zstd	canonical	v3	session-7ea5b657-4494-4039-b21e-65384ae65458	2576	1789219775	55c416d1f46f4c2bc2e1f40ae838030c3657f41221400aafae3bdb4ddd2967a0
--Users-vito-data-dev-dsh-endless--/session-bdc08d64-0a3d-4519-bf01-c01aab1215f6/session.lock	lock	-	session-bdc08d64-0a3d-4519-bf01-c01aab1215f6	0	1789217584	e3b0c44298fc1c149afbf4c8996fb92427ae41e4649b934ca495991b7852b855
--Users-vito-data-dev-dsh-endless--/session-bdc08d64-0a3d-4519-bf01-c01aab1215f6/session.v3.jsonl.zstd	canonical	v3	session-bdc08d64-0a3d-4519-bf01-c01aab1215f6	2578	1789217584	4fa4447b167b59b4ffd306f46a37bb8a15e07637b08029165e2a7d66d25945ca
--Users-vito-data-dev-dsh-endless--/session-c09af248-7ca6-4173-91ed-076fd8c07fe8/session.jsonl.zstd	canonical	v0	session-c09af248-7ca6-4173-91ed-076fd8c07fe8	551701	1788018774	e27eef3abd4a3f2e3128e164f84384b37dcad2c70db3241e4073f5c3138605ef
--Users-vito-data-dev-dsh-endless--/session-d1b0b6ad-7dc5-4a86-b15e-364e5e6791dc/session.jsonl.zstd	canonical	v0	session-d1b0b6ad-7dc5-4a86-b15e-364e5e6791dc	3147345	1788019898	4c8bfdd4eec613a68bba136e9dd9b3a1a63aad50237faca8ea42879618e7b49f
--Users-vito-data-dev-dsh-endless--/session-f336058d-f0ac-4528-bcf0-4b655fca5692/session.lock	lock	-	session-f336058d-f0ac-4528-bcf0-4b655fca5692	0	1789260828	e3b0c44298fc1c149afbf4c8996fb92427ae41e4649b934ca495991b7852b855
--Users-vito-data-dev-dsh-endless--/session-f336058d-f0ac-4528-bcf0-4b655fca5692/session.v3.jsonl.zstd	canonical	v3	session-f336058d-f0ac-4528-bcf0-4b655fca5692	206931	1789260848	6d7294a28d6dfe66d9a42400257982511e7c635fbf0a0a7b397221efe6fe0ca0
--Users-vito-data-dev-dsh-endless--/session-fa4ca505-0aaf-4dfb-8fa8-89b9d32e33bc/session.jsonl.zstd	canonical	v0	session-fa4ca505-0aaf-4dfb-8fa8-89b9d32e33bc	312431	1788019144	444fcc4e347c0bd244080d7375318e53ce1f78452bf8d9ef16d62cc38e0cd485
--Users-vito-data-dev-dsh-plugins--/04b376cd-2e28-49dc-84e3-3536e9ca88d1/session.lock	lock	-	04b376cd-2e28-49dc-84e3-3536e9ca88d1	0	1790332210	e3b0c44298fc1c149afbf4c8996fb92427ae41e4649b934ca495991b7852b855
--Users-vito-data-dev-dsh-plugins--/04b376cd-2e28-49dc-84e3-3536e9ca88d1/session.v3.jsonl.zstd	canonical	v3	04b376cd-2e28-49dc-84e3-3536e9ca88d1	383674	1790332456	95d3f13bfdf384cadaf0706c01fc64f2835f057dbabd8140809fb0a50cf4eb24
--Users-vito-data-dev-dsh-plugins--/06bb5ecf-cf7b-4718-b2c1-08990d7a5a84/session.lock	lock	-	06bb5ecf-cf7b-4718-b2c1-08990d7a5a84	0	1790171654	e3b0c44298fc1c149afbf4c8996fb92427ae41e4649b934ca495991b7852b855
--Users-vito-data-dev-dsh-plugins--/06bb5ecf-cf7b-4718-b2c1-08990d7a5a84/session.v3.jsonl.zstd	canonical	v3	06bb5ecf-cf7b-4718-b2c1-08990d7a5a84	79608	1790171957	8baf246e9d024cbb5d1368356a44fda6ee8e10e1fe32ce4c1d2b91a134bd3790
--Users-vito-data-dev-dsh-plugins--/06d87d27-bc58-408b-9f42-6af1e5e44516/session.jsonl.zstd	canonical	v0	06d87d27-bc58-408b-9f42-6af1e5e44516	25461	1787452572	f95b9a9c9ce37deacd97b53b57881732d8a46c609d11432d71b1c6f45872f79a
--Users-vito-data-dev-dsh-plugins--/07802b12-169c-4190-a20b-6b5e98f912cd/session.jsonl.zstd	canonical	v0	07802b12-169c-4190-a20b-6b5e98f912cd	3682	1787392127	64c33994d5c0b19e8a580bae8b0dce80c3f19462da004477c6aaf3264720970d
--Users-vito-data-dev-dsh-plugins--/08f9c515-0538-468e-8357-2f9401e06b73/session.lock	lock	-	08f9c515-0538-468e-8357-2f9401e06b73	0	1790171551	e3b0c44298fc1c149afbf4c8996fb92427ae41e4649b934ca495991b7852b855
--Users-vito-data-dev-dsh-plugins--/08f9c515-0538-468e-8357-2f9401e06b73/session.v3.jsonl.zstd	canonical	v3	08f9c515-0538-468e-8357-2f9401e06b73	108024	1790172990	d44cff7fdd90893a6d09c430581fff3395e07984240c50df902fd50975c5de04
--Users-vito-data-dev-dsh-plugins--/0a6e60db-2bc5-47ef-9b64-eedcf7ece225/session.jsonl.zstd	canonical	v0	0a6e60db-2bc5-47ef-9b64-eedcf7ece225	829422	1788405734	8a8fac11e35150b76467932f4420529cfeb39763edb8543ccfdd9fd67b6a5d61
--Users-vito-data-dev-dsh-plugins--/0a6f8333-5554-4320-8f54-6afdf72de0a0/session.jsonl.zstd	canonical	v0	0a6f8333-5554-4320-8f54-6afdf72de0a0	11327	1788962293	14f7059a0f972ad7866ae5a3ffe32819cbe92d372627b067e670886480408c59
--Users-vito-data-dev-dsh-plugins--/0f5df655-5d0e-490c-b22e-08b22c7e63f6/session.jsonl.zstd	canonical	v0	0f5df655-5d0e-490c-b22e-08b22c7e63f6	24754	1787452992	789e70f18fe8f58566092f1ee5f79a2042e5646ff5056053a1e13be297db7e83
--Users-vito-data-dev-dsh-plugins--/1085d64b-5079-4803-ac24-f409a35b4d5c/session.lock	lock	-	1085d64b-5079-4803-ac24-f409a35b4d5c	0	1790236873	e3b0c44298fc1c149afbf4c8996fb92427ae41e4649b934ca495991b7852b855
--Users-vito-data-dev-dsh-plugins--/1085d64b-5079-4803-ac24-f409a35b4d5c/session.v3.jsonl.zstd	canonical	v3	1085d64b-5079-4803-ac24-f409a35b4d5c	222392	1790237017	6e88468c98331183769bfbf4290000eb6776a3df5e6e80693e91356b47d13401
--Users-vito-data-dev-dsh-plugins--/12743a7c-fb8f-48c1-9455-5a6b0ada380f/session.jsonl.zstd	canonical	v0	12743a7c-fb8f-48c1-9455-5a6b0ada380f	262528	1789119833	0b65bb4c1763d427b0ed295d8f4b4d3104fd53d99e4340ce6b109dd120991872
--Users-vito-data-dev-dsh-plugins--/14386b3d-fee7-45e0-8714-8a959c9d9b4c/session.jsonl.zstd	canonical	v0	14386b3d-fee7-45e0-8714-8a959c9d9b4c	685188	1789205396	055a282f9b0a7026a40f0e3381c3d490651514cc75446305cf773baab1f512b5
--Users-vito-data-dev-dsh-plugins--/177ef6ab-9371-4d74-9ca6-3559dcdc6c5c/session.jsonl.zstd	canonical	v0	177ef6ab-9371-4d74-9ca6-3559dcdc6c5c	11102	1788926813	8433704f0c42648b725fc8aacd5136f4c42a41df7fd09ba3af9ce377a9d1829a
--Users-vito-data-dev-dsh-plugins--/17ce7ef1-39fa-4922-b18e-52c7a36eb323/session.lock	lock	-	17ce7ef1-39fa-4922-b18e-52c7a36eb323	0	1790261634	e3b0c44298fc1c149afbf4c8996fb92427ae41e4649b934ca495991b7852b855
--Users-vito-data-dev-dsh-plugins--/17ce7ef1-39fa-4922-b18e-52c7a36eb323/session.v3.jsonl.zstd	canonical	v3	17ce7ef1-39fa-4922-b18e-52c7a36eb323	285105	1790261799	538de2b72de25937857b8c2b80091932bae23016c135ff612c7cb6a4cb77abfe
--Users-vito-data-dev-dsh-plugins--/18355d04-73aa-4929-8f6c-4646f15c0da9/session.jsonl.zstd	canonical	v0	18355d04-73aa-4929-8f6c-4646f15c0da9	26639	1787452995	d853a195cd44eedbe039263919a4d5ed29efbcbedc1a4cb8779e59e48c3445b2
--Users-vito-data-dev-dsh-plugins--/18ef8135-a939-451c-aaba-38d9055f03fd/session.jsonl.zstd	canonical	v0	18ef8135-a939-451c-aaba-38d9055f03fd	575838	1789205413	0b5b05e916b21334103ab576a8ca13f3993dba564e45f69f54a4ab9c3d183056
--Users-vito-data-dev-dsh-plugins--/1e2df621-45e3-49ff-bcd5-ff4b12156e1f/session.jsonl.zstd	canonical	v0	1e2df621-45e3-49ff-bcd5-ff4b12156e1f	26571	1787452995	6b7bce58d9110dbc3bd62f109867989cd664cbf31f7b4d7a509824e38543e8db
--Users-vito-data-dev-dsh-plugins--/20181627-c377-406a-b3e9-9a05b380b626/session.jsonl.zstd	canonical	v0	20181627-c377-406a-b3e9-9a05b380b626	11025	1788963704	45cd3f8c0b5c219a2f4689c4df0449b97f257cfc2351365bf77de064d5ffd1ce
--Users-vito-data-dev-dsh-plugins--/24c8a72e-819b-4403-8163-988cfd56261b/session.lock	lock	-	24c8a72e-819b-4403-8163-988cfd56261b	0	1790308093	e3b0c44298fc1c149afbf4c8996fb92427ae41e4649b934ca495991b7852b855
--Users-vito-data-dev-dsh-plugins--/24c8a72e-819b-4403-8163-988cfd56261b/session.v3.jsonl.zstd	canonical	v3	24c8a72e-819b-4403-8163-988cfd56261b	218367	1790308228	738e6f653894a3d555c0b732ca3605d5da2ad66fec79a7ef0b8b4dc6e6efcfa2
--Users-vito-data-dev-dsh-plugins--/2525bcf3-d7d5-4aa4-9e22-0596c9c17e5f/session.jsonl.zstd	canonical	v0	2525bcf3-d7d5-4aa4-9e22-0596c9c17e5f	26482	1787452223	1abede169c55596e5eeaf4be9d0738dac029ec6f0eab9b463545d4a011e4e5f6
--Users-vito-data-dev-dsh-plugins--/2b32657e-c69c-4723-936f-d40c09507e4e/session.jsonl.zstd	canonical	v0	2b32657e-c69c-4723-936f-d40c09507e4e	26333	1787452998	968a984b343dc1a7e47db7b3ac60b28b46731f69a1d9b49fbffac35df7002835
--Users-vito-data-dev-dsh-plugins--/2c96bf94-abf2-495a-a4b2-d77aeb2b45f2/session.jsonl.zstd	canonical	v0	2c96bf94-abf2-495a-a4b2-d77aeb2b45f2	24943	1787452994	26fe87d38d9a844c00104e3fa4322ce99c41cd5df392c25ff9c02e6d66fe88a9
--Users-vito-data-dev-dsh-plugins--/3080249d-3b0d-4996-9a4b-360e21f094c6/session.jsonl.zstd	canonical	v0	3080249d-3b0d-4996-9a4b-360e21f094c6	30585	1787452274	80df8d5f011592f6b9f9235dc3a40912b088be1815bbf2e0ece0d22f7c97b5ea
--Users-vito-data-dev-dsh-plugins--/32b5e777-c48f-423b-aea7-0e15d64da963/session.jsonl.zstd	canonical	v0	32b5e777-c48f-423b-aea7-0e15d64da963	772613	1787747787	434fabdf90c31f8605f08a838c9c2a560f974b673e41fea3f078b3c7e53db970
--Users-vito-data-dev-dsh-plugins--/3481a049-cc2f-481b-ab99-28d04a773897/session.lock	lock	-	3481a049-cc2f-481b-ab99-28d04a773897	0	1790337601	e3b0c44298fc1c149afbf4c8996fb92427ae41e4649b934ca495991b7852b855
--Users-vito-data-dev-dsh-plugins--/3481a049-cc2f-481b-ab99-28d04a773897/session.v3.jsonl.zstd	canonical	v3	3481a049-cc2f-481b-ab99-28d04a773897	295218	1790337786	7ca108e0502cbe1971c58c35f919d1c64b3e38b35725e1509883ee6ff9ea1742
--Users-vito-data-dev-dsh-plugins--/361c6c15-fa49-477e-bd2a-97dd42730fc5/session.jsonl.zstd	canonical	v0	361c6c15-fa49-477e-bd2a-97dd42730fc5	11369	1788962215	678b433fb7c31fce32d1f1fbef845ae4578bcdf9f4d641e205eb370d88a97df5
--Users-vito-data-dev-dsh-plugins--/370946af-39b0-4ec0-8220-cdb07eaf1c73/session.jsonl.zstd	canonical	v0	370946af-39b0-4ec0-8220-cdb07eaf1c73	25794	1787452994	37277e0980b5f88382be50c232be7ce006c3e06c75ce76de3f9baeb0a973ed05
--Users-vito-data-dev-dsh-plugins--/382b4b68-7ffc-4268-bcc1-5e5e92133bf5/session.jsonl.zstd	canonical	v0	382b4b68-7ffc-4268-bcc1-5e5e92133bf5	952284	1787748013	ff68784f856bfbd9bc938900881fd0a5827cfdcf3b92ba94d32ffb1d6a922b50
--Users-vito-data-dev-dsh-plugins--/3951059c-80ab-4811-866c-1f2a3def3e79/session.lock	lock	-	3951059c-80ab-4811-866c-1f2a3def3e79	0	1790172247	e3b0c44298fc1c149afbf4c8996fb92427ae41e4649b934ca495991b7852b855
--Users-vito-data-dev-dsh-plugins--/3951059c-80ab-4811-866c-1f2a3def3e79/session.v3.jsonl.zstd	canonical	v3	3951059c-80ab-4811-866c-1f2a3def3e79	34814	1790172254	38543ca712d87f2968fe37b2477219c8ec67a6045c73509724a46fa1f1d85db7
--Users-vito-data-dev-dsh-plugins--/3aacbce7-3804-4d61-9cb3-9c1065b85d98/session.lock	lock	-	3aacbce7-3804-4d61-9cb3-9c1065b85d98	0	1790335091	e3b0c44298fc1c149afbf4c8996fb92427ae41e4649b934ca495991b7852b855
--Users-vito-data-dev-dsh-plugins--/3aacbce7-3804-4d61-9cb3-9c1065b85d98/session.v3.jsonl.zstd	canonical	v3	3aacbce7-3804-4d61-9cb3-9c1065b85d98	308418	1790335349	9a879ceaa944812b2b2d077a6c119e7f47aa4c109c075b33d711b7badd8bafd5
--Users-vito-data-dev-dsh-plugins--/3d3f20a4-df7b-43cd-a3e9-1627b4450a24/session.lock	lock	-	3d3f20a4-df7b-43cd-a3e9-1627b4450a24	0	1790172795	e3b0c44298fc1c149afbf4c8996fb92427ae41e4649b934ca495991b7852b855
--Users-vito-data-dev-dsh-plugins--/3d3f20a4-df7b-43cd-a3e9-1627b4450a24/session.v3.jsonl.zstd	canonical	v3	3d3f20a4-df7b-43cd-a3e9-1627b4450a24	31425	1790172801	2ae6a4fd47af54eac09b30576f738ca3cfeb4d4f2326f7f6ecff67366e4a7411
--Users-vito-data-dev-dsh-plugins--/40a1a85d-bd4e-4b41-945c-dc6facd66676/session.lock	lock	-	40a1a85d-bd4e-4b41-945c-dc6facd66676	0	1790312905	e3b0c44298fc1c149afbf4c8996fb92427ae41e4649b934ca495991b7852b855
--Users-vito-data-dev-dsh-plugins--/40a1a85d-bd4e-4b41-945c-dc6facd66676/session.v3.jsonl.zstd	canonical	v3	40a1a85d-bd4e-4b41-945c-dc6facd66676	233447	1790313060	907dd64ce6a16dcb1c0d78eacd2eb919f7083a2a6181fc301fb5f2632ef20ecf
--Users-vito-data-dev-dsh-plugins--/4517e4ec-a237-4488-9d96-592ef6a69134/session.lock	lock	-	4517e4ec-a237-4488-9d96-592ef6a69134	0	1790312905	e3b0c44298fc1c149afbf4c8996fb92427ae41e4649b934ca495991b7852b855
--Users-vito-data-dev-dsh-plugins--/4517e4ec-a237-4488-9d96-592ef6a69134/session.v3.jsonl.zstd	canonical	v3	4517e4ec-a237-4488-9d96-592ef6a69134	136430	1790312961	03ec773e0da3c4ef57d77feb459aa10fbe6a42d04a96fbe1a432825f052bbed6
--Users-vito-data-dev-dsh-plugins--/4f6d050d-ade9-4ee8-b902-6396f5dfb7c6/session.lock	lock	-	4f6d050d-ade9-4ee8-b902-6396f5dfb7c6	0	1790172585	e3b0c44298fc1c149afbf4c8996fb92427ae41e4649b934ca495991b7852b855
--Users-vito-data-dev-dsh-plugins--/4f6d050d-ade9-4ee8-b902-6396f5dfb7c6/session.v3.jsonl.zstd	canonical	v3	4f6d050d-ade9-4ee8-b902-6396f5dfb7c6	34625	1790172595	995f3a18f5ce1e0da7d3f89131556f302219941acd4337bfc8fbdfd0086690bd
--Users-vito-data-dev-dsh-plugins--/4fbd151e-3fb6-4bca-b10e-4c2cb179a1a9/session.lock	lock	-	4fbd151e-3fb6-4bca-b10e-4c2cb179a1a9	0	1790171824	e3b0c44298fc1c149afbf4c8996fb92427ae41e4649b934ca495991b7852b855
--Users-vito-data-dev-dsh-plugins--/4fbd151e-3fb6-4bca-b10e-4c2cb179a1a9/session.v3.jsonl.zstd	canonical	v3	4fbd151e-3fb6-4bca-b10e-4c2cb179a1a9	59045	1790171858	b151ffeae062137feaf97b0d9abbf329c9ca4ae3d3beb789b754999b1708dc10
--Users-vito-data-dev-dsh-plugins--/503558df-f2f0-4467-bc62-d62c73c8e8df/session.jsonl.zstd	canonical	v0	503558df-f2f0-4467-bc62-d62c73c8e8df	26092	1787452995	b0e9a3202bbaaa86919a5dd4ef431936a9da40dffdf50aa3896a368e8c969591
--Users-vito-data-dev-dsh-plugins--/54bb6bfb-83d6-4f7c-99ad-5e5dd44bc4ce/session.jsonl.zstd	canonical	v0	54bb6bfb-83d6-4f7c-99ad-5e5dd44bc4ce	2799	1787322624	af57dcacbd8ab79cc6be5889958cac653546c7bea54ea9366b3238bec1810493
--Users-vito-data-dev-dsh-plugins--/54f91551-6b4c-47c9-ac6e-d31612063ac7/session.lock	lock	-	54f91551-6b4c-47c9-ac6e-d31612063ac7	0	1790171750	e3b0c44298fc1c149afbf4c8996fb92427ae41e4649b934ca495991b7852b855
--Users-vito-data-dev-dsh-plugins--/54f91551-6b4c-47c9-ac6e-d31612063ac7/session.v3.jsonl.zstd	canonical	v3	54f91551-6b4c-47c9-ac6e-d31612063ac7	33982	1790171762	b8acdd8ececb1fa867652f62f52d42d25b8fe0d20cfdfafd1a69dd81c78e1b97
--Users-vito-data-dev-dsh-plugins--/574bbad0-ca7b-4a57-9e13-00021c1cffdd/session.jsonl.zstd	canonical	v0	574bbad0-ca7b-4a57-9e13-00021c1cffdd	24944	1787452994	bcd35cc4e10bec070a3200da7f88b789eb96de0739be100c380eec2550a85b82
--Users-vito-data-dev-dsh-plugins--/5c423e2f-038a-4fa3-8440-9ebdd7d805f1/session.jsonl.zstd	canonical	v0	5c423e2f-038a-4fa3-8440-9ebdd7d805f1	559561	1789120741	75c584aed231a7a714a91a8cdd72da5c06615e02f4b9a334b85dfbbf9f013f96
--Users-vito-data-dev-dsh-plugins--/5e015386-8c31-4d1a-b450-2766fa0e7ff2/session.lock	lock	-	5e015386-8c31-4d1a-b450-2766fa0e7ff2	0	1790222030	e3b0c44298fc1c149afbf4c8996fb92427ae41e4649b934ca495991b7852b855
--Users-vito-data-dev-dsh-plugins--/5e015386-8c31-4d1a-b450-2766fa0e7ff2/session.v3.jsonl.zstd	canonical	v3	5e015386-8c31-4d1a-b450-2766fa0e7ff2	135330	1790222172	f5b320ca0cabd06020aa045697ddc95710c976e4bb4ce93609da713056aef472
--Users-vito-data-dev-dsh-plugins--/631eda94-7cf8-4bf5-a995-8a43d48dda68/session.jsonl.zstd	canonical	v0	631eda94-7cf8-4bf5-a995-8a43d48dda68	981204	1787748020	a90b144c36c9b08544a8b3d03c51dad47d0ae181a9b0f5f5639e256217702aac
--Users-vito-data-dev-dsh-plugins--/6599da30-a154-4b7f-9983-ebc93c72abdc/session.jsonl.zstd	canonical	v0	6599da30-a154-4b7f-9983-ebc93c72abdc	25926	1787452619	f0ca31382a6980ec58500bf84737d88e08e448c3813a413908aceaea835992a2
--Users-vito-data-dev-dsh-plugins--/66481862-b234-45fd-89f6-592910d0095d/session.lock	lock	-	66481862-b234-45fd-89f6-592910d0095d	0	1790171750	e3b0c44298fc1c149afbf4c8996fb92427ae41e4649b934ca495991b7852b855
--Users-vito-data-dev-dsh-plugins--/66481862-b234-45fd-89f6-592910d0095d/session.v3.jsonl.zstd	canonical	v3	66481862-b234-45fd-89f6-592910d0095d	29206	1790171756	06f321167a42794551302de1ad5d993baa5957727387537c5107f881a7170af2
--Users-vito-data-dev-dsh-plugins--/6881b07d-f5c5-41d9-88a5-623208fe96e6/session.jsonl.zstd	canonical	v0	6881b07d-f5c5-41d9-88a5-623208fe96e6	24730	1787452992	195816a0276dfa471de018461ecbfbc2ff6a8cc17ec5d0eda80f0fa05885676f
--Users-vito-data-dev-dsh-plugins--/6a8361ae-06ed-417a-af4f-db905acd52f5/session.jsonl.zstd	canonical	v0	6a8361ae-06ed-417a-af4f-db905acd52f5	823394	1788405706	03f0e3765eeade7b0038a6e8f0588e1eba116ab2a3620fa5a2fdd6d6043b66a1
--Users-vito-data-dev-dsh-plugins--/6d0202fa-f924-45a8-9e6b-9fb13b0fd3ed/session.lock	lock	-	6d0202fa-f924-45a8-9e6b-9fb13b0fd3ed	0	1790171588	e3b0c44298fc1c149afbf4c8996fb92427ae41e4649b934ca495991b7852b855
--Users-vito-data-dev-dsh-plugins--/6d0202fa-f924-45a8-9e6b-9fb13b0fd3ed/session.v3.jsonl.zstd	canonical	v3	6d0202fa-f924-45a8-9e6b-9fb13b0fd3ed	138248	1790171715	fa3455964f53e882727505a9c4a8dae581f1bf7861f4baef6141d110279d1370
--Users-vito-data-dev-dsh-plugins--/6dec32b3-266f-418c-b736-82ba5c94d130/session.jsonl.zstd	canonical	v0	6dec32b3-266f-418c-b736-82ba5c94d130	687500	1787747750	4c116d0e9ae7d94d8e20644fa33a7a39f8bbc3987522a4ecf0883805e07b25a8
--Users-vito-data-dev-dsh-plugins--/6f437619-a594-4e44-8185-d66ad96ff783/session.lock	lock	-	6f437619-a594-4e44-8185-d66ad96ff783	0	1790171764	e3b0c44298fc1c149afbf4c8996fb92427ae41e4649b934ca495991b7852b855
--Users-vito-data-dev-dsh-plugins--/6f437619-a594-4e44-8185-d66ad96ff783/session.v3.jsonl.zstd	canonical	v3	6f437619-a594-4e44-8185-d66ad96ff783	57099	1790171795	24e5668d55b9fdf6c0a06bb1855439494b534f2ad38f6be038685c6ac4c890f2
--Users-vito-data-dev-dsh-plugins--/7119c28e-86ce-4dcf-bd49-cf634bc43bad/session.lock	lock	-	7119c28e-86ce-4dcf-bd49-cf634bc43bad	0	1790171750	e3b0c44298fc1c149afbf4c8996fb92427ae41e4649b934ca495991b7852b855
--Users-vito-data-dev-dsh-plugins--/7119c28e-86ce-4dcf-bd49-cf634bc43bad/session.v3.jsonl.zstd	canonical	v3	7119c28e-86ce-4dcf-bd49-cf634bc43bad	31200	1790171757	86e964203a91f02d53951744fcecea315d95d3209a21e8d0e8fa1fa31e7dd3c3
--Users-vito-data-dev-dsh-plugins--/73bb4155-39dc-4975-ae27-47c2361206f3/session.lock	lock	-	73bb4155-39dc-4975-ae27-47c2361206f3	0	1790222030	e3b0c44298fc1c149afbf4c8996fb92427ae41e4649b934ca495991b7852b855
--Users-vito-data-dev-dsh-plugins--/73bb4155-39dc-4975-ae27-47c2361206f3/session.v3.jsonl.zstd	canonical	v3	73bb4155-39dc-4975-ae27-47c2361206f3	200372	1790222147	850b4e2af3d7df52ef544dd6d626be8c89de95a45fa154bfae52f09617921c5e
--Users-vito-data-dev-dsh-plugins--/74130b50-e1a5-4eec-a5bf-f0bb8cc97500/session.lock	lock	-	74130b50-e1a5-4eec-a5bf-f0bb8cc97500	0	1790332210	e3b0c44298fc1c149afbf4c8996fb92427ae41e4649b934ca495991b7852b855
--Users-vito-data-dev-dsh-plugins--/74130b50-e1a5-4eec-a5bf-f0bb8cc97500/session.v3.jsonl.zstd	canonical	v3	74130b50-e1a5-4eec-a5bf-f0bb8cc97500	231005	1790332386	c33e65df61ac95a44b5b4d5d88ebddf6deb738744450a56877db7d598381649e
--Users-vito-data-dev-dsh-plugins--/78b8b869-25a6-4054-bca7-b47cd25d388c/session.jsonl.zstd	canonical	v0	78b8b869-25a6-4054-bca7-b47cd25d388c	1400033	1787310141	97229b1f5e0c03757c5f7782ca2150f138fbf3b7ae356524ee4dcdf45f970b8b
--Users-vito-data-dev-dsh-plugins--/7cca68b5-f562-48e4-95b8-a68c2fdc44b9/session.lock	lock	-	7cca68b5-f562-48e4-95b8-a68c2fdc44b9	0	1790172813	e3b0c44298fc1c149afbf4c8996fb92427ae41e4649b934ca495991b7852b855
--Users-vito-data-dev-dsh-plugins--/7cca68b5-f562-48e4-95b8-a68c2fdc44b9/session.v3.jsonl.zstd	canonical	v3	7cca68b5-f562-48e4-95b8-a68c2fdc44b9	36374	1790172821	a011a1e22c7a4c69c86044ec147ea00481b781fc7d63427c245955f42038f9ad
--Users-vito-data-dev-dsh-plugins--/7d27227e-0339-47f8-8de3-e580ee473794/session.lock	lock	-	7d27227e-0339-47f8-8de3-e580ee473794	0	1790261634	e3b0c44298fc1c149afbf4c8996fb92427ae41e4649b934ca495991b7852b855
--Users-vito-data-dev-dsh-plugins--/7d27227e-0339-47f8-8de3-e580ee473794/session.v3.jsonl.zstd	canonical	v3	7d27227e-0339-47f8-8de3-e580ee473794	194041	1790261741	2b5e6960b384d7ef4ed9706c958ec8089f59fbd75fcbbbc48d9ab0f35a5f0408
--Users-vito-data-dev-dsh-plugins--/80bf1aac-8b1b-4abd-b87b-ab4f80f4ef5d/session.jsonl.zstd	canonical	v0	80bf1aac-8b1b-4abd-b87b-ab4f80f4ef5d	1155958	1789096684	4a5155884b7fcfbbf057cbddf5feeb7a66cb8b82ccd79c8a564ab5c434e57db9
--Users-vito-data-dev-dsh-plugins--/83361ab8-975c-4a50-a932-48737adce707/session.lock	lock	-	83361ab8-975c-4a50-a932-48737adce707	0	1790337601	e3b0c44298fc1c149afbf4c8996fb92427ae41e4649b934ca495991b7852b855
--Users-vito-data-dev-dsh-plugins--/83361ab8-975c-4a50-a932-48737adce707/session.v3.jsonl.zstd	canonical	v3	83361ab8-975c-4a50-a932-48737adce707	405400	1790337881	cab4a3fee4975faa73a9cc5e3f36f76d6ef37bd555fb99279d67b2e8fc8bf520
--Users-vito-data-dev-dsh-plugins--/89014f06-7ae5-422e-978f-1fc5b095c81f/session.jsonl.zstd	canonical	v0	89014f06-7ae5-422e-978f-1fc5b095c81f	804762	1787326119	34c3b64e066658c069d8f3d7893e77ed79d2b316c983a29029dcde5ea5086d42
--Users-vito-data-dev-dsh-plugins--/892cf344-89d3-4961-899a-f648912875ee/session.jsonl.zstd	canonical	v0	892cf344-89d3-4961-899a-f648912875ee	340533	1789205285	bf392c4500d61902e2d06bd531c5335a918092fe991adff6710876796f186f2f
--Users-vito-data-dev-dsh-plugins--/90e1d24d-dfaa-4868-aca3-9ca1e5d599a0/session.lock	lock	-	90e1d24d-dfaa-4868-aca3-9ca1e5d599a0	0	1790236873	e3b0c44298fc1c149afbf4c8996fb92427ae41e4649b934ca495991b7852b855
--Users-vito-data-dev-dsh-plugins--/90e1d24d-dfaa-4868-aca3-9ca1e5d599a0/session.v3.jsonl.zstd	canonical	v3	90e1d24d-dfaa-4868-aca3-9ca1e5d599a0	235202	1790237030	6a1cf7fbb749b455a619d0f90e547f3a28d778aec403d7581e2e63f5adda4ffe
--Users-vito-data-dev-dsh-plugins--/90f04668-9f3e-4d11-8a50-47afe8725a7a/session.lock	lock	-	90f04668-9f3e-4d11-8a50-47afe8725a7a	0	1790171909	e3b0c44298fc1c149afbf4c8996fb92427ae41e4649b934ca495991b7852b855
--Users-vito-data-dev-dsh-plugins--/90f04668-9f3e-4d11-8a50-47afe8725a7a/session.v3.jsonl.zstd	canonical	v3	90f04668-9f3e-4d11-8a50-47afe8725a7a	37324	1790171918	b5e26d7d1b80f94d03f9fafe1da2f9242b26d3b9364f1dc8a16c8ac255c5b928
--Users-vito-data-dev-dsh-plugins--/928ec3e4-c41e-45e8-ae0f-df710a4379bb/session.jsonl.zstd	canonical	v0	928ec3e4-c41e-45e8-ae0f-df710a4379bb	25230	1787452994	b00cb0426b3c791ae7d6c21580769a1f4140f8d9691f797e52ca3ad776305653
--Users-vito-data-dev-dsh-plugins--/92bb421b-418d-4e88-a4c7-ba16e6b1267d/session.lock	lock	-	92bb421b-418d-4e88-a4c7-ba16e6b1267d	0	1790171750	e3b0c44298fc1c149afbf4c8996fb92427ae41e4649b934ca495991b7852b855
--Users-vito-data-dev-dsh-plugins--/92bb421b-418d-4e88-a4c7-ba16e6b1267d/session.v3.jsonl.zstd	canonical	v3	92bb421b-418d-4e88-a4c7-ba16e6b1267d	41226	1790171762	97c652d4017633f8ac780453a918def57416e953ffaad023168f097ee1cdda63
--Users-vito-data-dev-dsh-plugins--/9560040c-d556-4fed-983f-93d1a4141a01/session.jsonl.zstd	canonical	v0	9560040c-d556-4fed-983f-93d1a4141a01	1533782	1787382793	eb22bbdc64bdbe3ce6a4651d0a0c470c050d579aed363e4b5216d8647503b591
--Users-vito-data-dev-dsh-plugins--/9a17b3a4-423b-474f-a58f-9dc8895aacb9/session.lock	lock	-	9a17b3a4-423b-474f-a58f-9dc8895aacb9	0	1790172539	e3b0c44298fc1c149afbf4c8996fb92427ae41e4649b934ca495991b7852b855
--Users-vito-data-dev-dsh-plugins--/9a17b3a4-423b-474f-a58f-9dc8895aacb9/session.v3.jsonl.zstd	canonical	v3	9a17b3a4-423b-474f-a58f-9dc8895aacb9	40713	1790172548	3f5a26fdc0d01cf9e9ec09543ef5735f97780a0339db32ef7b316be0171a16a6
--Users-vito-data-dev-dsh-plugins--/9a6f79d2-e055-40dd-80f0-652832604b0a/session.lock	lock	-	9a6f79d2-e055-40dd-80f0-652832604b0a	0	1790172834	e3b0c44298fc1c149afbf4c8996fb92427ae41e4649b934ca495991b7852b855
--Users-vito-data-dev-dsh-plugins--/9a6f79d2-e055-40dd-80f0-652832604b0a/session.v3.jsonl.zstd	canonical	v3	9a6f79d2-e055-40dd-80f0-652832604b0a	33152	1790172841	bc8c23871807e2886b9db4563d939c12d7f608c2713afe1fff5f2fb8407bd572
--Users-vito-data-dev-dsh-plugins--/9efe8897-a02c-4a81-9b0a-7122881304d8/session.lock	lock	-	9efe8897-a02c-4a81-9b0a-7122881304d8	0	1790332225	e3b0c44298fc1c149afbf4c8996fb92427ae41e4649b934ca495991b7852b855
--Users-vito-data-dev-dsh-plugins--/9efe8897-a02c-4a81-9b0a-7122881304d8/session.v3.jsonl.zstd	canonical	v3	9efe8897-a02c-4a81-9b0a-7122881304d8	231648	1790332355	05e25d9b4c611971ed5600ab8baaaeb239dd06f00bb17070b4bd790f8a247b5d
--Users-vito-data-dev-dsh-plugins--/9f681fd9-7862-4eaa-84a8-ca779d24f7e1/session.jsonl.zstd	canonical	v0	9f681fd9-7862-4eaa-84a8-ca779d24f7e1	3979	1787367322	ffb6bff934f92ec1735df85aaf6212507d7474205ca56c86234138f19d5bb3b8
--Users-vito-data-dev-dsh-plugins--/a110b226-8131-41a5-a2fc-4cdd7240e7f0/session.jsonl.zstd	canonical	v0	a110b226-8131-41a5-a2fc-4cdd7240e7f0	3045	1787326259	15af46256ece0c52967719c63017fad56d6307cfbc5e2852d2772342b277e642
--Users-vito-data-dev-dsh-plugins--/a1be8928-7e81-406e-a839-70ef77d5b2c9/session.jsonl.zstd	canonical	v0	a1be8928-7e81-406e-a839-70ef77d5b2c9	24643	1787452992	0667840c369b7b63ed8230bda9c4a0a4d7f80ca2387560cefc8d039e3cd0fb6c
--Users-vito-data-dev-dsh-plugins--/afa269ed-66ff-4b17-89fe-7d84f304fa9e/session.lock	lock	-	afa269ed-66ff-4b17-89fe-7d84f304fa9e	0	1790172275	e3b0c44298fc1c149afbf4c8996fb92427ae41e4649b934ca495991b7852b855
--Users-vito-data-dev-dsh-plugins--/afa269ed-66ff-4b17-89fe-7d84f304fa9e/session.v3.jsonl.zstd	canonical	v3	afa269ed-66ff-4b17-89fe-7d84f304fa9e	34024	1790172282	d9ccd565e9e4536b28aeee995e39490afc64d65320fc9271209d5046b5bd4efa
--Users-vito-data-dev-dsh-plugins--/b15352d7-bc25-4082-97f0-6ca2c43f3f46/session.jsonl.zstd	canonical	v0	b15352d7-bc25-4082-97f0-6ca2c43f3f46	25076	1787452992	9f03b1d224caebdf077e993eb5d7a32f38aa992168d7e5d7ce9effcb432aaa60
--Users-vito-data-dev-dsh-plugins--/b424f25c-369b-47ef-b33b-cb319fcb3dd4/session.lock	lock	-	b424f25c-369b-47ef-b33b-cb319fcb3dd4	0	1790171690	e3b0c44298fc1c149afbf4c8996fb92427ae41e4649b934ca495991b7852b855
--Users-vito-data-dev-dsh-plugins--/b424f25c-369b-47ef-b33b-cb319fcb3dd4/session.v3.jsonl.zstd	canonical	v3	b424f25c-369b-47ef-b33b-cb319fcb3dd4	149635	1790171940	a9976a140dd734d6b3dc6e757b202e331fcff5d40c1cc0e55459c4822e3f586c
--Users-vito-data-dev-dsh-plugins--/b4cfcbf7-cd3b-4fdb-97a3-72aa746a4504/session.jsonl.zstd	canonical	v0	b4cfcbf7-cd3b-4fdb-97a3-72aa746a4504	10828	1788926820	25a0a0c11acbc6b5cee48581c3018af5b6a0127ff7e629b339fc0ec91b1b1190
--Users-vito-data-dev-dsh-plugins--/ba732533-9e8a-4fa7-ac29-d1c83a1505e7/session.jsonl.zstd	canonical	v0	ba732533-9e8a-4fa7-ac29-d1c83a1505e7	679827	1788405546	4396f177ddbdaeec9c545b3f1a33baddc75c771298d971b5ca75d2335324ba47
--Users-vito-data-dev-dsh-plugins--/bb73220c-e4c8-4682-b68b-4b94f2ed1e10/session.jsonl.zstd	canonical	v0	bb73220c-e4c8-4682-b68b-4b94f2ed1e10	1667765	1787368257	def0f1337a545ff54085b06438cab978844822505e41782e365795fb0c1f19ca
--Users-vito-data-dev-dsh-plugins--/c0ae4c73-bd09-4497-849c-ead76ceb768d/session.jsonl.zstd	canonical	v0	c0ae4c73-bd09-4497-849c-ead76ceb768d	11144	1788925608	a8d156b2784c2a94c09daeed70ae44036333a9c35cddd46bc7e5cddaeea9fda1
--Users-vito-data-dev-dsh-plugins--/c116f889-4a04-4b53-961e-c579f1983661/session.jsonl.zstd	canonical	v0	c116f889-4a04-4b53-961e-c579f1983661	25190	1787452994	5a98dbffdce110224ee8ac8d182cbb6edbc6f5eb62d79669a20d8e6f94f7f168
--Users-vito-data-dev-dsh-plugins--/c1a9d3c3-fceb-41e5-bc68-218ad837e513/session.jsonl.zstd	canonical	v0	c1a9d3c3-fceb-41e5-bc68-218ad837e513	1507121	1787728905	34f46d97b4e099518dfa25c0f1a19a2d6fb1bff97ac864343f8e46cbd40ac19a
--Users-vito-data-dev-dsh-plugins--/c36a2dad-45fc-4215-9151-cea5f61c19d3/session.lock	lock	-	c36a2dad-45fc-4215-9151-cea5f61c19d3	0	1790171874	e3b0c44298fc1c149afbf4c8996fb92427ae41e4649b934ca495991b7852b855
--Users-vito-data-dev-dsh-plugins--/c36a2dad-45fc-4215-9151-cea5f61c19d3/session.v3.jsonl.zstd	canonical	v3	c36a2dad-45fc-4215-9151-cea5f61c19d3	48988	1790171896	12ca2bce9bb06507f75b0d3e9b0407caecafa811a7078ffe0812a6136b31e91b
--Users-vito-data-dev-dsh-plugins--/c395d083-e064-4e95-8507-219530ee1b6a/session.lock	lock	-	c395d083-e064-4e95-8507-219530ee1b6a	0	1790308093	e3b0c44298fc1c149afbf4c8996fb92427ae41e4649b934ca495991b7852b855
--Users-vito-data-dev-dsh-plugins--/c395d083-e064-4e95-8507-219530ee1b6a/session.v3.jsonl.zstd	canonical	v3	c395d083-e064-4e95-8507-219530ee1b6a	199670	1790308217	31b029b56c149c39eae172b0d0d76792ef8985bb9de7c476448bfb494c1b6a6a
--Users-vito-data-dev-dsh-plugins--/c707e26b-4e16-4e55-b33c-3d09c293ad30/session.jsonl.zstd	canonical	v0	c707e26b-4e16-4e55-b33c-3d09c293ad30	3980	1787367485	1ee538f09cd790c504f10a3066217d06ed063d9d95366d6d0b4ee7e6e7c77656
--Users-vito-data-dev-dsh-plugins--/c8ecdb76-53dc-470c-84f8-0fa08886577b/session.jsonl.zstd	canonical	v0	c8ecdb76-53dc-470c-84f8-0fa08886577b	3609	1787382480	0463e7749bd91761c409e484a5cc314d5f5f5f0ced0cda2e990ea3f709052fcc
--Users-vito-data-dev-dsh-plugins--/ca38f0db-0c41-4408-8176-1cd433109729/session.jsonl.zstd	canonical	v0	ca38f0db-0c41-4408-8176-1cd433109729	1824	1787302053	986063ba6622441b7f9918408dd5bdfc892410e874aa016243a1c4021a67dcc2
--Users-vito-data-dev-dsh-plugins--/ce7c073d-8e80-4439-a5df-49fc0714239d/session.jsonl.zstd	canonical	v0	ce7c073d-8e80-4439-a5df-49fc0714239d	3210	1787368245	ea932bb57472867e31aef81ed6f7096ac02a22463a4e921a748049b1c5e53512
--Users-vito-data-dev-dsh-plugins--/d2172b0d-3c07-4aed-9f67-e5c40940b20a/session.jsonl.zstd	canonical	v0	d2172b0d-3c07-4aed-9f67-e5c40940b20a	871238	1789123014	49c0921e9991ec69ff4424bd984843d9ea004421b7ee6dd429f0bf573a17774c
--Users-vito-data-dev-dsh-plugins--/d89789fa-0e48-484f-8104-72bc2c19d9a1/session.jsonl.zstd	canonical	v0	d89789fa-0e48-484f-8104-72bc2c19d9a1	26042	1787452996	9446ae1e91f18abef1c4da6017072b82ad641afaad6ef2e150d1007385c7bc9b
--Users-vito-data-dev-dsh-plugins--/dbdacf9c-00a9-48be-b53c-690aa13b4506/session.lock	lock	-	dbdacf9c-00a9-48be-b53c-690aa13b4506	0	1790329493	e3b0c44298fc1c149afbf4c8996fb92427ae41e4649b934ca495991b7852b855
--Users-vito-data-dev-dsh-plugins--/dbdacf9c-00a9-48be-b53c-690aa13b4506/session.v3.jsonl.zstd	canonical	v3	dbdacf9c-00a9-48be-b53c-690aa13b4506	398790	1790329783	954a1d673fa8a1a2d53374a4be19a994570f4db0852c3ff9e122d50d47188076
--Users-vito-data-dev-dsh-plugins--/e818c39d-3fdd-4211-afdd-b2f79215cabb/session.jsonl.zstd	canonical	v0	e818c39d-3fdd-4211-afdd-b2f79215cabb	25686	1787452591	f4ee0d9327fa45f06f16a131f2f9fdc87790c43c5114ab3dba532492c9fa63b3
--Users-vito-data-dev-dsh-plugins--/e94d41bd-f557-4f8f-92a0-854bb5f27a79/session.jsonl.zstd	canonical	v0	e94d41bd-f557-4f8f-92a0-854bb5f27a79	559466	1789205474	0c001bb6497602233b45fc10984bc4c929f8a3019b5c49b24e3c7d8aefd17dfc
--Users-vito-data-dev-dsh-plugins--/e9ddf3dc-f0cb-423d-9bc1-4d8b61bae43d/session.jsonl.zstd	canonical	v0	e9ddf3dc-f0cb-423d-9bc1-4d8b61bae43d	25173	1787452992	ff5cd5031e4d2ffabe16f00beb0bf2f78683da4698c4466b3227fd2a64886676
--Users-vito-data-dev-dsh-plugins--/e9f7fec9-9849-4197-b171-bb6103c88671/session.lock	lock	-	e9f7fec9-9849-4197-b171-bb6103c88671	0	1790335091	e3b0c44298fc1c149afbf4c8996fb92427ae41e4649b934ca495991b7852b855
--Users-vito-data-dev-dsh-plugins--/e9f7fec9-9849-4197-b171-bb6103c88671/session.v3.jsonl.zstd	canonical	v3	e9f7fec9-9849-4197-b171-bb6103c88671	208718	1790335196	17bece7fdf90b7c0590c784fd739d0f7f836e0213988a9e1c7b81a6d1a326c66
--Users-vito-data-dev-dsh-plugins--/f43b3956-eb00-4f1a-9bc5-ce97f6f98610/session.lock	lock	-	f43b3956-eb00-4f1a-9bc5-ce97f6f98610	0	1790172612	e3b0c44298fc1c149afbf4c8996fb92427ae41e4649b934ca495991b7852b855
--Users-vito-data-dev-dsh-plugins--/f43b3956-eb00-4f1a-9bc5-ce97f6f98610/session.v3.jsonl.zstd	canonical	v3	f43b3956-eb00-4f1a-9bc5-ce97f6f98610	35197	1790172622	ed78f8e17f3676d333a096b30e2723c3171453fb0d3a5f48605d9c014815733f
--Users-vito-data-dev-dsh-plugins--/f447774f-135f-40e8-b880-9a2aed457737/session.lock	lock	-	f447774f-135f-40e8-b880-9a2aed457737	0	1790329493	e3b0c44298fc1c149afbf4c8996fb92427ae41e4649b934ca495991b7852b855
--Users-vito-data-dev-dsh-plugins--/f447774f-135f-40e8-b880-9a2aed457737/session.v3.jsonl.zstd	canonical	v3	f447774f-135f-40e8-b880-9a2aed457737	178102	1790329607	69b4da363ef2bd023c33bc3908f2a94a6f1dd6acabecdea8a5500c862a1568d1
--Users-vito-data-dev-dsh-plugins--/f927e209-7d8e-4063-a578-4bbd762e4308/session.jsonl.zstd	canonical	v0	f927e209-7d8e-4063-a578-4bbd762e4308	803394	1788405736	11bc07cf66d8ba8802948854018eecbe6c89e755f87b12f6576fdb5178b9110c
--Users-vito-data-dev-dsh-plugins--/fb698fcf-57eb-45c2-af1c-73e7508b1897/session.jsonl.zstd	canonical	v0	fb698fcf-57eb-45c2-af1c-73e7508b1897	376735	1789096279	61c8cb2fd228b2552bb9c1304d257c3fce83a6198233d8abbd2744d7ef85bb18
--Users-vito-data-dev-dsh-plugins--/fbb33252-32b2-4852-bc1c-432babb3f9d3/session.jsonl.zstd	canonical	v0	fbb33252-32b2-4852-bc1c-432babb3f9d3	1825	1787302040	1f2516e97eb271b796c8b4871c78abc8c9c67ec543668c0eed3f83b223f35b05
--Users-vito-data-dev-dsh-plugins--/fe9bd398-f8d9-4361-b818-d380440cbb7c/session.jsonl.zstd	canonical	v0	fe9bd398-f8d9-4361-b818-d380440cbb7c	3681	1787386114	cd79572aa427025e855e3b1b96e9e8282808dac91727b0aadc765a211a29ebac
--Users-vito-data-dev-dsh-plugins--/ff4492dc-3904-4931-8eff-02a99ac81d3f/session.jsonl.zstd	canonical	v0	ff4492dc-3904-4931-8eff-02a99ac81d3f	940945	1787747905	75b223bc1ea95778551bb226c1ce602a08bb123de3a1f38359681e3b5b1c2dea
--Users-vito-data-dev-dsh-plugins--/mac-dev-default/session.jsonl.zstd	canonical	v0	mac-dev-default	358	1788070579	e9d5ee536a0593a794bb780ab5e124625cb4f7e3e4080e59cc9cde3464f3786d
--Users-vito-data-dev-dsh-plugins--/session-00d3598d-2540-4ae7-84a1-6b089ab5c779/session.jsonl.zstd	canonical	v0	session-00d3598d-2540-4ae7-84a1-6b089ab5c779	3428	1787410732	9dd086926a88d0b0203864bf3ef753ac1ed45d7d267ec12996f730fe94f6cc10
--Users-vito-data-dev-dsh-plugins--/session-01d30eae-f464-40d0-b937-b0677368ba8b/session.jsonl.zstd	canonical	v0	session-01d30eae-f464-40d0-b937-b0677368ba8b	1953347	1787758493	420174b43cae0eff2740b4b9974ac7857acf6547aa3e5e73510faab7d3a79a29
--Users-vito-data-dev-dsh-plugins--/session-04b11029-51b9-4ee7-b051-a0f3e4fc5eb4/session.jsonl.zstd	canonical	v0	session-04b11029-51b9-4ee7-b051-a0f3e4fc5eb4	2054	1787461608	cab1b5e04a30a17c4399870c061c9a4d359935d475cac42e32b64bd9584c64fa
--Users-vito-data-dev-dsh-plugins--/session-06524b14-a2fc-4309-ae4e-14a5ab573f00/session.jsonl.zstd	canonical	v0	session-06524b14-a2fc-4309-ae4e-14a5ab573f00	2074	1787488990	f5e609376a4032139c3e91fb3cb1790460aac661583dacabb0e73702e7f4df41
--Users-vito-data-dev-dsh-plugins--/session-07985ad1-2f25-4c7b-b511-74a39882fa99/session.jsonl.zstd	canonical	v0	session-07985ad1-2f25-4c7b-b511-74a39882fa99	2069	1787582525	3e0e3c7ba18745f3482e9084da39d1df0434f206c74cede41031e599f1140923
--Users-vito-data-dev-dsh-plugins--/session-0a6b4304-4d65-41a9-a0ef-8921cf0f2b38/session.jsonl.zstd	canonical	v0	session-0a6b4304-4d65-41a9-a0ef-8921cf0f2b38	7990	1787499872	86a45e1fce342d2fb75632753916e340f932e1a95fd692bd960af51661929ac4
--Users-vito-data-dev-dsh-plugins--/session-0ac05ba9-5ac3-4004-b743-537b66308426/session.jsonl.zstd	canonical	v0	session-0ac05ba9-5ac3-4004-b743-537b66308426	3957	1787367448	dd8188e5815f421a9cf4589808fe9dda1e7ed450f85918b178fbe62cbf796acd
--Users-vito-data-dev-dsh-plugins--/session-0b32369d-c275-4fab-9456-7933cd1a28dc/session.jsonl.zstd	canonical	v0	session-0b32369d-c275-4fab-9456-7933cd1a28dc	4094	1787498120	517ca26000676f460d7fd49f3ea1f359652152e2feadfc16aa20d342d4bb365d
--Users-vito-data-dev-dsh-plugins--/session-0de2d227-13bc-4050-8da6-da1d75c621c3/session.jsonl.zstd	canonical	v0	session-0de2d227-13bc-4050-8da6-da1d75c621c3	2194	1787711004	e4d27a7ecee0311d8b4b8f23215f1beba0dbad5fff5bb68bf2e8a8d35861f4c0
--Users-vito-data-dev-dsh-plugins--/session-0e0f0bee-6b70-4ce7-8735-9b7332340c2e/session.jsonl.zstd	canonical	v0	session-0e0f0bee-6b70-4ce7-8735-9b7332340c2e	1929	1787582541	05d6f9c836637a53ddd77a5cee32eb7653d8ba3eda9f79a4b7b2e3dc6af47f3e
--Users-vito-data-dev-dsh-plugins--/session-11886cd5-31cd-44d9-8657-47c219cee746/session.jsonl.zstd	canonical	v0	session-11886cd5-31cd-44d9-8657-47c219cee746	2206	1787480271	a85f885eaf3deabc8396bfd1ceb8682de97aedf9b1dee76c28c2df02eeabdce5
--Users-vito-data-dev-dsh-plugins--/session-13370fde-53c3-4ea7-ba0c-28ff5d066aa4/session.jsonl.zstd	canonical	v0	session-13370fde-53c3-4ea7-ba0c-28ff5d066aa4	2461	1787758165	54d06e81562fac9045290a058502776b792e2cbc64a563af588a8124e25b160d
--Users-vito-data-dev-dsh-plugins--/session-13a7ab4d-3861-487c-8763-83e22a2115f7/session.jsonl.zstd	canonical	v0	session-13a7ab4d-3861-487c-8763-83e22a2115f7	2592	1787937132	4bff95c705f6ddc2f1e7cc439e6a9ff2bc20adcb50027e60676bd8106f8a5369
--Users-vito-data-dev-dsh-plugins--/session-13d73bba-cb88-4f3e-87f5-11bc7c6030fa/session.jsonl.zstd	canonical	v0	session-13d73bba-cb88-4f3e-87f5-11bc7c6030fa	2208	1787480678	e189395479a821f14fc653ea18131c06df7222a13629ec3cc00903dbdf5df32a
--Users-vito-data-dev-dsh-plugins--/session-1902d4ac-aa65-4ade-a6bd-c58e299a3f8f/session.jsonl.zstd	canonical	v0	session-1902d4ac-aa65-4ade-a6bd-c58e299a3f8f	2482	1787718201	55ffb304b387c4c6b5508b8b99151320ba1201ef5fe0f4796cfd8c708ba89556
--Users-vito-data-dev-dsh-plugins--/session-1a043886-0ed2-4da2-87cf-0dc7e96c309e/session.jsonl.zstd	canonical	v0	session-1a043886-0ed2-4da2-87cf-0dc7e96c309e	2209	1787472944	b1e45dab333166bac8087cf4e874799b45a0c05f44a6a04aabd07c2a69484553
--Users-vito-data-dev-dsh-plugins--/session-1c23ff8f-e3fb-4842-b882-2af23e508177/session.jsonl.zstd	canonical	v0	session-1c23ff8f-e3fb-4842-b882-2af23e508177	727929	1789049059	673d9cab50ea69eaa87c6ce021a0a191b99c4061b0526c16642ae3f832308d2f
--Users-vito-data-dev-dsh-plugins--/session-1dd6a00f-1fce-4358-b624-fcf670bb00bb/session.jsonl.zstd	canonical	v0	session-1dd6a00f-1fce-4358-b624-fcf670bb00bb	2397	1787631675	3450ac735851e08b269248b54232c4562e373febb59c7da204c5f2e195085d95
--Users-vito-data-dev-dsh-plugins--/session-1fa6fc2f-651b-4df2-8132-ad208529ac5c/session.lock	lock	-	session-1fa6fc2f-651b-4df2-8132-ad208529ac5c	0	1789039850	e3b0c44298fc1c149afbf4c8996fb92427ae41e4649b934ca495991b7852b855
--Users-vito-data-dev-dsh-plugins--/session-1fa6fc2f-651b-4df2-8132-ad208529ac5c/session.v3.jsonl.zstd	canonical	v3	session-1fa6fc2f-651b-4df2-8132-ad208529ac5c	15131	1789039854	e90e3e667c568afaf7bc008976b9bae142a14964326424ff7e91f05a3cf4a0b8
--Users-vito-data-dev-dsh-plugins--/session-21520192-5264-418d-a1d6-0584fa01499f/session.jsonl.zstd	canonical	v0	session-21520192-5264-418d-a1d6-0584fa01499f	1929	1787580884	66cdefccdbd6d36e3911ae1d02a550bb0692f0e2e911da84ac27aecef0bcc8ea
--Users-vito-data-dev-dsh-plugins--/session-234eed86-ab5b-4882-8e46-046f92d466ed/session.jsonl.zstd	canonical	v0	session-234eed86-ab5b-4882-8e46-046f92d466ed	2211	1787480657	1f86efc2221c194326fed3d57a58f9270741db5ac802082b435b3499b23362a4
--Users-vito-data-dev-dsh-plugins--/session-271c64b7-6e35-4dff-aedf-70e861939c4e/session.jsonl.zstd	canonical	v0	session-271c64b7-6e35-4dff-aedf-70e861939c4e	1932	1787531139	d42d885771f727c9f8557aee90e6930aa20e51d57ae4fcfeadcf60154e14de9f
--Users-vito-data-dev-dsh-plugins--/session-27c638b5-fabb-4147-9f65-26861cc951b7/session.jsonl.zstd	canonical	v0	session-27c638b5-fabb-4147-9f65-26861cc951b7	2397	1787633823	61eb9ba6c24b191c921914b8e1384665cf19694f91d52833ca8fd5c72616b546
--Users-vito-data-dev-dsh-plugins--/session-28d43d5b-af19-45fe-9d47-cd1a56761462/session.jsonl.zstd	canonical	v0	session-28d43d5b-af19-45fe-9d47-cd1a56761462	7780	1789023730	bbeab86012cc5a1c602c26e2f501c160f323ad63a6d5fd5b63f8b4b798be3bfc
--Users-vito-data-dev-dsh-plugins--/session-291c37fa-4974-4b6d-951b-ee86d596fb83/session.lock	lock	-	session-291c37fa-4974-4b6d-951b-ee86d596fb83	0	1790143681	e3b0c44298fc1c149afbf4c8996fb92427ae41e4649b934ca495991b7852b855
--Users-vito-data-dev-dsh-plugins--/session-291c37fa-4974-4b6d-951b-ee86d596fb83/session.v3.jsonl.zstd	canonical	v3	session-291c37fa-4974-4b6d-951b-ee86d596fb83	1505257	1790164271	9950369acfe7ca2554555a6e3f97a83a74cd19fe456b4773a3de645082854612
--Users-vito-data-dev-dsh-plugins--/session-296c9f42-846e-452e-a043-c779555b3fde/session.jsonl.zstd	canonical	v0	session-296c9f42-846e-452e-a043-c779555b3fde	18405322	1788575360	c9b9364bf1b78adab8d3eb9c7f47eaa9b8df726ad292734e879ce918354577b5
--Users-vito-data-dev-dsh-plugins--/session-30f8931f-4fbb-402a-a2ba-84926553e95d/session.jsonl.zstd	canonical	v0	session-30f8931f-4fbb-402a-a2ba-84926553e95d	2430	1787721085	190f020c003b995c0b8b07996c901177aeabacc7daf093ef0bff92aa008e7ec4
--Users-vito-data-dev-dsh-plugins--/session-310315d3-b0ae-4bbc-b1d1-aed2641294c2/session.jsonl.zstd	canonical	v0	session-310315d3-b0ae-4bbc-b1d1-aed2641294c2	209024	1787716844	7260b2cb3a77345b69fb8309af8bc3bf7252daf3f2c5d663a2c41283f8550815
--Users-vito-data-dev-dsh-plugins--/session-32c61738-46e0-4f35-ba92-9e0a624fb8c8/session.jsonl.zstd	canonical	v0	session-32c61738-46e0-4f35-ba92-9e0a624fb8c8	6274107	1789024861	916512ce2910b2375d11967536e61457c4817e48b2da73db56161a7a18d7d76a
--Users-vito-data-dev-dsh-plugins--/session-3a682613-9945-49aa-9b62-9f334f489cee/session.jsonl.zstd	canonical	v0	session-3a682613-9945-49aa-9b62-9f334f489cee	1174200	1789127494	2d8871d684c48e84aa7cd319e257d0846d2d7b8d526ae213ecc9ea803a063772
--Users-vito-data-dev-dsh-plugins--/session-3ae71769-4410-4e0d-873c-96c9a4bc5497/session.jsonl.zstd	canonical	v0	session-3ae71769-4410-4e0d-873c-96c9a4bc5497	3823	1787367453	ddeb393cdd9ebcbfc0940a138b88c2b20d3ccf4ef0f5a662d9bb0e513dee8fb1
--Users-vito-data-dev-dsh-plugins--/session-3c6237b4-4dd3-40dd-8102-89a920d911a8/session.jsonl.zstd	canonical	v0	session-3c6237b4-4dd3-40dd-8102-89a920d911a8	1377234	1789026636	09a122f43079283fd1b2f613f26bd497ce2b4e7898d1e0bbcb67000aa825b79a
--Users-vito-data-dev-dsh-plugins--/session-3c8fc6c1-58a2-4834-adf4-43819540af0f/session.jsonl.zstd	canonical	v0	session-3c8fc6c1-58a2-4834-adf4-43819540af0f	1911631	1789051668	0e6415f4ba0d3c1d2387439afa16ffbc67516e6fca57282cf4e77bb6a59bade6
--Users-vito-data-dev-dsh-plugins--/session-3d32cadb-b666-428e-a7cc-63995c061297/session.jsonl.zstd	canonical	v0	session-3d32cadb-b666-428e-a7cc-63995c061297	2292	1787725967	096a02be5b0ffa040ebc9fa9b60edf6e2eea8007a10d9b216476d603c1c4411c
--Users-vito-data-dev-dsh-plugins--/session-3e25d2b3-0040-4185-b0be-ae3e8d09b7f4/session.jsonl.zstd	canonical	v0	session-3e25d2b3-0040-4185-b0be-ae3e8d09b7f4	4077	1787487411	ae16fff0c75696929ff8e284c9ad969b87191dedfcb8096f454aff76f8af17d5
--Users-vito-data-dev-dsh-plugins--/session-3f349b2d-42ad-4bac-803a-01a942de7ab9/session.jsonl.zstd	canonical	v0	session-3f349b2d-42ad-4bac-803a-01a942de7ab9	3840	1787442712	763c31c7551c1850d1557bd54640d54af1242da1b784c384b1edae2ffe817645
--Users-vito-data-dev-dsh-plugins--/session-461bbb1e-d8a0-4d94-803a-b186e0c64f9e/session.lock	lock	-	session-461bbb1e-d8a0-4d94-803a-b186e0c64f9e	0	1790071270	e3b0c44298fc1c149afbf4c8996fb92427ae41e4649b934ca495991b7852b855
--Users-vito-data-dev-dsh-plugins--/session-461bbb1e-d8a0-4d94-803a-b186e0c64f9e/session.v3.jsonl.zstd	canonical	v3	session-461bbb1e-d8a0-4d94-803a-b186e0c64f9e	2883	1790071330	7cb643817ea4dcb9b759dc8f1210f6c3838832ed5fcafab06457b6312c2934e9
--Users-vito-data-dev-dsh-plugins--/session-48e859a6-a7ce-4899-aeb1-b8bde20e30b7/session.jsonl.zstd	canonical	v0	session-48e859a6-a7ce-4899-aeb1-b8bde20e30b7	2290	1787726013	a029f740aa702df4a19d04ff8b5272bf0469273bdc78c8b889ba71bba1e42d72
--Users-vito-data-dev-dsh-plugins--/session-4ac740fa-47e2-41db-b8d3-1b791b237a7f/session.jsonl.zstd	canonical	v0	session-4ac740fa-47e2-41db-b8d3-1b791b237a7f	2073	1787475352	0c027a79b4b2e849a7cd0af60f2feb5167d3717f884b7f37396e7e3968dffcec
--Users-vito-data-dev-dsh-plugins--/session-4c8694ba-0412-4b5e-bb8e-92f4e085f29f/session.lock	lock	-	session-4c8694ba-0412-4b5e-bb8e-92f4e085f29f	0	1790173553	e3b0c44298fc1c149afbf4c8996fb92427ae41e4649b934ca495991b7852b855
--Users-vito-data-dev-dsh-plugins--/session-4c8694ba-0412-4b5e-bb8e-92f4e085f29f/session.v3.jsonl.zstd	canonical	v3	session-4c8694ba-0412-4b5e-bb8e-92f4e085f29f	2225	1790173553	5659e3683b6ae3a9a277f798d77ef963d7b0c7b96c2f6e6d07894b0f4b080477
--Users-vito-data-dev-dsh-plugins--/session-4e82ff6f-8c3d-4e07-9c6e-458c46aa342d/session.jsonl.zstd	canonical	v0	session-4e82ff6f-8c3d-4e07-9c6e-458c46aa342d	1004867	1789128196	5a609745fd36a928c5aa67e75101ce85f790ee8e947cf81de3cd538c547a5757
--Users-vito-data-dev-dsh-plugins--/session-4eecf98c-ccc1-42dd-822a-3a96199aa62c/session.lock	lock	-	session-4eecf98c-ccc1-42dd-822a-3a96199aa62c	0	1790318207	e3b0c44298fc1c149afbf4c8996fb92427ae41e4649b934ca495991b7852b855
--Users-vito-data-dev-dsh-plugins--/session-4eecf98c-ccc1-42dd-822a-3a96199aa62c/session.v3.jsonl.zstd	canonical	v3	session-4eecf98c-ccc1-42dd-822a-3a96199aa62c	1761148	1790327502	ed0cf838b58edf0624290abaf0a29fb0a9238f7bfeeeabc7905af3de94a5dc5b
--Users-vito-data-dev-dsh-plugins--/session-52afaa72-2011-4deb-b66f-6a3f5327a15c/session.jsonl.zstd	canonical	v0	session-52afaa72-2011-4deb-b66f-6a3f5327a15c	2459	1787997981	2a3a4d0ca093c148f866fbd7161ee4f000570e48bbcf71c982d7a6bf70516616
--Users-vito-data-dev-dsh-plugins--/session-532a7a7a-8f04-4b07-acf4-d9b783b9d81b/session.jsonl.zstd	canonical	v0	session-532a7a7a-8f04-4b07-acf4-d9b783b9d81b	3427	1787408412	67f6c41f529da60a145f3c33242865e83b963ede7348b8e68f674718608c6713
--Users-vito-data-dev-dsh-plugins--/session-53b13519-9350-4a0c-aa3d-6da0ef1dc930/session.jsonl.zstd	canonical	v0	session-53b13519-9350-4a0c-aa3d-6da0ef1dc930	3188	1787368228	b7e82644fdc9976166974d25683ce34f0e834bde8756eb70509af9af9bc98f83
--Users-vito-data-dev-dsh-plugins--/session-5467dcc6-7d5f-41fe-a35e-c7a51f018465/session.jsonl.zstd	canonical	v0	session-5467dcc6-7d5f-41fe-a35e-c7a51f018465	2333	1787673793	21e44e9b0ca4570b6d250fbf8172f5c27c4d000d58f5093ebd828bc767dfb203
--Users-vito-data-dev-dsh-plugins--/session-54a63231-5dd0-471b-825d-093182c635e3/session.jsonl.zstd	canonical	v0	session-54a63231-5dd0-471b-825d-093182c635e3	2071	1787470658	b33e613dc198c4fbde6d03523ea6fc2cf29ae79c080ef63a2903582cb80c71dc
--Users-vito-data-dev-dsh-plugins--/session-5816c0de-4ebe-401c-ac25-6af12ef413dc/session.jsonl.zstd	canonical	v0	session-5816c0de-4ebe-401c-ac25-6af12ef413dc	3961	1787499893	ddf7569d96f55d7eb2b0d82181f0359f73a0e91837b28777e138aae41a979373
--Users-vito-data-dev-dsh-plugins--/session-583a5762-e46e-47d1-b877-95d0231c58d6/session.jsonl.zstd	canonical	v0	session-583a5762-e46e-47d1-b877-95d0231c58d6	33536	1787746468	7f48816d51a9ebb59ee26937064adeb2763317ff4f3a61e7fe16b8c80f9af3eb
--Users-vito-data-dev-dsh-plugins--/session-58d510b4-837e-4872-b6c1-00dd2fa11a07/session.jsonl.zstd	canonical	v0	session-58d510b4-837e-4872-b6c1-00dd2fa11a07	13211267	1787746726	3ae08e294e0f5f2879041d44bd3d17c166a5a74e35dbd6cd0e8998dc0a14b44a
--Users-vito-data-dev-dsh-plugins--/session-5b75c16f-0995-4a27-bbf9-176d071e2747/session.jsonl.zstd	canonical	v0	session-5b75c16f-0995-4a27-bbf9-176d071e2747	1198027	1788752681	4832f19b185654d9b852c1bcc744b686bd9ef611d296d3e5b6e46cedb92a3453
--Users-vito-data-dev-dsh-plugins--/session-5c15b3bb-6800-492a-b518-03771fac0aac/session.jsonl.zstd	canonical	v0	session-5c15b3bb-6800-492a-b518-03771fac0aac	2209	1787473617	5d05f42a72b5fae0b50ad251322d21089e3050930800e7a69dd0c5dadc33a780
--Users-vito-data-dev-dsh-plugins--/session-5c1c2582-012b-401b-8fec-12b97a14e53a/session.jsonl.zstd	canonical	v0	session-5c1c2582-012b-401b-8fec-12b97a14e53a	20405	1788069325	e8b8c4a7ad23b90b9339e262a8e7c8df79533f12f6f388d864d384cc6ec2fc91
--Users-vito-data-dev-dsh-plugins--/session-5c4ba88f-b20d-41ea-b39a-56284c9e7b5e/session.jsonl.zstd	canonical	v0	session-5c4ba88f-b20d-41ea-b39a-56284c9e7b5e	3451	1787383076	4ec66903c1e3e63978b0d07024535f3b3a493c35432b68bc74b7d5592ce2f28c
--Users-vito-data-dev-dsh-plugins--/session-5d0a2539-e937-497e-8b39-836b7ae3b312/session.jsonl.zstd	canonical	v0	session-5d0a2539-e937-497e-8b39-836b7ae3b312	2575	1788956062	d09e44374879b6a21535e784eb7644b1a6e09edb03f47edb15700475a57c4f3d
--Users-vito-data-dev-dsh-plugins--/session-63474dc8-99c0-488b-be86-c3d4003b6478/session.jsonl.zstd	canonical	v0	session-63474dc8-99c0-488b-be86-c3d4003b6478	2291	1787459946	215f843e6b6faeb5b50c0e33adfab143d8e46c41ea756987ada12f13f4f97010
--Users-vito-data-dev-dsh-plugins--/session-638f4bdf-7228-499b-b9c1-8947e2b4fb2c/session.jsonl.zstd	canonical	v0	session-638f4bdf-7228-499b-b9c1-8947e2b4fb2c	1909385	1789212769	7e52e587933f25256662c8b7d1b6d3e48c4f7b5e4b87b10edd5d6efeb662a62f
--Users-vito-data-dev-dsh-plugins--/session-64674fa5-d3e5-49d7-88ba-6a1abff21a82/session.jsonl.zstd	canonical	v0	session-64674fa5-d3e5-49d7-88ba-6a1abff21a82	7866	1787499769	0a117f966e1325c13acf60e3160fc357ac08b7b0dfab9bdc6eb0d64f7ef5166b
--Users-vito-data-dev-dsh-plugins--/session-64b6da93-9f8a-4392-867b-0381ca095b7d/session.jsonl.zstd	canonical	v0	session-64b6da93-9f8a-4392-867b-0381ca095b7d	344486	1787501710	6607c58577f2512e756e580c10ad8c3e85998dbb97e8fd800801dfbc72574cb9
--Users-vito-data-dev-dsh-plugins--/session-66e1fe6c-e993-4cb3-bc0e-2c5c6aef2ba4/session.lock	lock	-	session-66e1fe6c-e993-4cb3-bc0e-2c5c6aef2ba4	0	1790265492	e3b0c44298fc1c149afbf4c8996fb92427ae41e4649b934ca495991b7852b855
--Users-vito-data-dev-dsh-plugins--/session-66e1fe6c-e993-4cb3-bc0e-2c5c6aef2ba4/session.v3.jsonl.zstd	canonical	v3	session-66e1fe6c-e993-4cb3-bc0e-2c5c6aef2ba4	1062301	1790309623	e3f139f6a6395be9ce4fa12a9292fc963f5b7f45278fb0451acf01fc5db95fb1
--Users-vito-data-dev-dsh-plugins--/session-67622ebe-b8a5-498e-b23d-d5e473e2ec84/session.jsonl.zstd	canonical	v0	session-67622ebe-b8a5-498e-b23d-d5e473e2ec84	3078001	1789111258	b6398d318f4bae675a1754f8f8b07aeb93d04c63954e1e023d1cb961068aa582
--Users-vito-data-dev-dsh-plugins--/session-68850f94-5a91-47fb-8ab7-e70c6a4b5e74/session.jsonl.zstd	canonical	v0	session-68850f94-5a91-47fb-8ab7-e70c6a4b5e74	2212	1787474797	3847e2cf7424b7491639a21f5fde8a6335530d9a8f1be6e85d457aa1995cc9aa
--Users-vito-data-dev-dsh-plugins--/session-68be9ba1-7d30-4d4d-ab71-f48b8f6c85ff/session.lock	lock	-	session-68be9ba1-7d30-4d4d-ab71-f48b8f6c85ff	0	1789033262	e3b0c44298fc1c149afbf4c8996fb92427ae41e4649b934ca495991b7852b855
--Users-vito-data-dev-dsh-plugins--/session-68be9ba1-7d30-4d4d-ab71-f48b8f6c85ff/session.v3.jsonl.zstd	canonical	v3	session-68be9ba1-7d30-4d4d-ab71-f48b8f6c85ff	11244	1789033285	556d6500f84701666d201ab428f8afbf9634cb795317af637bd64f0e1d9a1516
--Users-vito-data-dev-dsh-plugins--/session-69708546-6b48-4602-b75f-5c8237643e80/session.jsonl.zstd	canonical	v0	session-69708546-6b48-4602-b75f-5c8237643e80	2074	1787473410	1931f4d7a59ee5b8e676d0e6bf9362c907c5c3f1d5ef97ce448f0b05da73cc73
--Users-vito-data-dev-dsh-plugins--/session-6a0999d6-3627-49b1-b52f-faa27a49eb9a/session.jsonl.zstd	canonical	v0	session-6a0999d6-3627-49b1-b52f-faa27a49eb9a	3524	1787385997	d9b7ae9ade22e4bc28331d0cf5bd541e2a102c71bd22243df5d3f6387a82d9c1
--Users-vito-data-dev-dsh-plugins--/session-6ae4d1ee-92a0-4ecd-bdd9-978a70cc51d1/session.lock	lock	-	session-6ae4d1ee-92a0-4ecd-bdd9-978a70cc51d1	0	1790074615	e3b0c44298fc1c149afbf4c8996fb92427ae41e4649b934ca495991b7852b855
--Users-vito-data-dev-dsh-plugins--/session-6ae4d1ee-92a0-4ecd-bdd9-978a70cc51d1/session.v3.jsonl.zstd	canonical	v3	session-6ae4d1ee-92a0-4ecd-bdd9-978a70cc51d1	1254115	1790078951	a16d322876f5c17f659c2ad8ed5899f7aa4c5583305b947052366a4978dfd160
--Users-vito-data-dev-dsh-plugins--/session-6b3d0588-2b9a-490c-9ce4-9091abc85c27/session.jsonl.zstd	canonical	v0	session-6b3d0588-2b9a-490c-9ce4-9091abc85c27	2291	1787734668	cf73c9cd4b2bd8c42341a5df62b423e2507017f85f67cf3559bb4dfa68491c80
--Users-vito-data-dev-dsh-plugins--/session-6cc0d773-153e-459a-8b5c-0f3c002603da/session.lock	lock	-	session-6cc0d773-153e-459a-8b5c-0f3c002603da	0	1790261055	e3b0c44298fc1c149afbf4c8996fb92427ae41e4649b934ca495991b7852b855
--Users-vito-data-dev-dsh-plugins--/session-6cc0d773-153e-459a-8b5c-0f3c002603da/session.v3.jsonl.zstd	canonical	v3	session-6cc0d773-153e-459a-8b5c-0f3c002603da	925794	1790265464	523ed866dcec8b4efb9dda98730ab310a40b1153d336913abad0761cbdac58e8
--Users-vito-data-dev-dsh-plugins--/session-6d3c8b1a-f252-4572-babf-84c2075cf86c/session.lock	lock	-	session-6d3c8b1a-f252-4572-babf-84c2075cf86c	0	1789032632	e3b0c44298fc1c149afbf4c8996fb92427ae41e4649b934ca495991b7852b855
--Users-vito-data-dev-dsh-plugins--/session-6d3c8b1a-f252-4572-babf-84c2075cf86c/session.v3.jsonl.zstd	canonical	v3	session-6d3c8b1a-f252-4572-babf-84c2075cf86c	2252	1789032632	e9be090b62c8bd1ed65a4828e7f5c271ebafce8a8f1c60990783182595dfd3dc
--Users-vito-data-dev-dsh-plugins--/session-6d401c22-06b7-42b0-a6fe-b8764cd584d6/session.jsonl.zstd	canonical	v0	session-6d401c22-06b7-42b0-a6fe-b8764cd584d6	1732556	1789143236	9b7ec904a33b86894d7022dd9c81429c83563141248d164d9a133c7f8a463b6b
--Users-vito-data-dev-dsh-plugins--/session-6e75a36e-8819-4d9c-9861-c3815edf3b33/session.lock	lock	-	session-6e75a36e-8819-4d9c-9861-c3815edf3b33	0	1790234335	e3b0c44298fc1c149afbf4c8996fb92427ae41e4649b934ca495991b7852b855
--Users-vito-data-dev-dsh-plugins--/session-6e75a36e-8819-4d9c-9861-c3815edf3b33/session.v3.jsonl.zstd	canonical	v3	session-6e75a36e-8819-4d9c-9861-c3815edf3b33	1475564	1790260896	aae41c8cdbadf78c2281251f8fb81579fbc743840f17db0a65c6893144ab995b
--Users-vito-data-dev-dsh-plugins--/session-6f1c2310-018a-44e9-a1b1-ea80785c81e9/session.jsonl.zstd	canonical	v0	session-6f1c2310-018a-44e9-a1b1-ea80785c81e9	2291	1787726522	f59eda932f8a71df0e7ba939b9f750f82b1357cbe8abd287a293dc6a5301ed56
--Users-vito-data-dev-dsh-plugins--/session-710fec27-082b-4604-8eac-17f8b923f650/session.jsonl.zstd	canonical	v0	session-710fec27-082b-4604-8eac-17f8b923f650	1497192	1789055553	208826f04f9517d76df43357f36329da83311f62e28fa13c6896af26fc7c5170
--Users-vito-data-dev-dsh-plugins--/session-71308363-401b-4113-9c56-c76912a4b64e/session.jsonl.zstd	canonical	v0	session-71308363-401b-4113-9c56-c76912a4b64e	2071	1787487339	2443ba770393e7620e23d1ae5b3cae408efd55b8c3a2059a4ffe0518bed05082
--Users-vito-data-dev-dsh-plugins--/session-713fa72a-193f-4978-a193-392403ad79cf/session.jsonl.zstd	canonical	v0	session-713fa72a-193f-4978-a193-392403ad79cf	2290	1787728950	7f643970f7987ef93c93d57ea5a7d921a3e6c0419bb2225ede02521fa5f38dc2
--Users-vito-data-dev-dsh-plugins--/session-71a24e85-a40d-44a9-934f-e64968ec085d/session.jsonl.zstd	canonical	v0	session-71a24e85-a40d-44a9-934f-e64968ec085d	1020647	1788862506	4bde9df697fda39a06c763b5bb80214e0a61b05dd4a786d4b94ffa8ecd095b33
--Users-vito-data-dev-dsh-plugins--/session-72a90c35-cfe6-401c-ab6d-dd11ec628248/session.jsonl.zstd	canonical	v0	session-72a90c35-cfe6-401c-ab6d-dd11ec628248	3751	1787413021	5656f72902ad38482e33d6d9d4f286e447b3f6675a6b9307d4c26eaac9cac85f
--Users-vito-data-dev-dsh-plugins--/session-73cc3c87-51cd-4dbc-9703-01d0d6e5bedb/session.jsonl.zstd	canonical	v0	session-73cc3c87-51cd-4dbc-9703-01d0d6e5bedb	2073	1787474868	cd16e78906147d71849a60c44e78937bb8e6182b0ea23f0a1f8786ee0bca6e37
--Users-vito-data-dev-dsh-plugins--/session-73dfaa4b-b6c2-40ec-a804-81ca1470202d/session.jsonl.zstd	canonical	v0	session-73dfaa4b-b6c2-40ec-a804-81ca1470202d	1138895	1787760803	5d1df5f6087712a74315b6094c3f23f3ce27192e9648ad252dea1bba44a4e6b5
--Users-vito-data-dev-dsh-plugins--/session-73e5667d-40c1-4fb7-ab8c-d6fd3065d4bf/session.jsonl.zstd	canonical	v0	session-73e5667d-40c1-4fb7-ab8c-d6fd3065d4bf	720235	1788404810	0237138df240762e02c88597754cad5406e13ed2f006bc59302012d19f4e2ead
--Users-vito-data-dev-dsh-plugins--/session-76129283-665b-4c1d-97d8-1b5f6b2703bb/session.jsonl.zstd	canonical	v0	session-76129283-665b-4c1d-97d8-1b5f6b2703bb	2889319	1789181273	453e7ca8b8c41ad43a8368b3000f4a35f08f6ad513512557bf285fc284b56362
--Users-vito-data-dev-dsh-plugins--/session-775e6f5e-75a2-494c-afc7-69b31a4fca23/session.jsonl.zstd	canonical	v0	session-775e6f5e-75a2-494c-afc7-69b31a4fca23	1346081	1788785637	31ee924f8108e457456e54618240841905a8f7b3e4bf4e34c8236f7c418c21de
--Users-vito-data-dev-dsh-plugins--/session-78be8236-7079-4a85-9d0f-79283e8100ea/session.jsonl.zstd	canonical	v0	session-78be8236-7079-4a85-9d0f-79283e8100ea	2619929	1789119552	ad72e6204f9b1d9e913bfc7444f2a9a209d676c3704ee012518ccb9b5f5f3918
--Users-vito-data-dev-dsh-plugins--/session-790011e0-d59a-4d7a-a384-cfb89498bcca/session.jsonl.zstd	canonical	v0	session-790011e0-d59a-4d7a-a384-cfb89498bcca	2208	1787487411	732818b90b4c09f83e1f2310b496ab95f53091b35806bfa9054338a5fb584c68
--Users-vito-data-dev-dsh-plugins--/session-790de343-3a12-4c7b-9f46-b013411e7a09/session.jsonl.zstd	canonical	v0	session-790de343-3a12-4c7b-9f46-b013411e7a09	3428	1787394611	afc6a97b13dd6b09f2f96fc29257a2004949f2dc316fcc03d326a513fd11dfd2
--Users-vito-data-dev-dsh-plugins--/session-7b15b289-e926-4650-8b69-bbaa896fe0a7/session.jsonl.zstd	canonical	v0	session-7b15b289-e926-4650-8b69-bbaa896fe0a7	3519	1787392900	418ff0ed20287306eaf07687a5d4d4ff37deee2dc4b562f4882c630260770aa1
--Users-vito-data-dev-dsh-plugins--/session-7b39322b-7384-40e0-be69-22b8f0648f74/session.lock	lock	-	session-7b39322b-7384-40e0-be69-22b8f0648f74	0	1789213672	e3b0c44298fc1c149afbf4c8996fb92427ae41e4649b934ca495991b7852b855
--Users-vito-data-dev-dsh-plugins--/session-7b39322b-7384-40e0-be69-22b8f0648f74/session.v3.jsonl.zstd	canonical	v3	session-7b39322b-7384-40e0-be69-22b8f0648f74	2417	1789213898	3c25e6e60821ee6b07881c80083c624c77bd26d0c9b87b2dbb6401350f780933
--Users-vito-data-dev-dsh-plugins--/session-7d76372c-53b2-4c0f-a362-63889bdcf5cc/session.jsonl.zstd	canonical	v0	session-7d76372c-53b2-4c0f-a362-63889bdcf5cc	4101	1787499872	50a3bb17c239a300b42679f3e214c446048408dbf03d27ca36e8a163247d71c2
--Users-vito-data-dev-dsh-plugins--/session-7e585e04-b284-4bfb-ada0-e6524b799597/session.jsonl.zstd	canonical	v0	session-7e585e04-b284-4bfb-ada0-e6524b799597	3452	1787382394	3b42a4c19a4ea73d71019b65eb838d2bdaa86ba2f5ba09d0b6ef20d5df968ac3
--Users-vito-data-dev-dsh-plugins--/session-7e9cc877-f2ce-4226-9261-5032c63a88be/session.jsonl.zstd	canonical	v0	session-7e9cc877-f2ce-4226-9261-5032c63a88be	1071833	1787758413	778375399eb20626f82120cc278eaa5c62498a08783f2ebc3f7066ff21fafbf8
--Users-vito-data-dev-dsh-plugins--/session-7fa21836-abb9-4f52-94e3-93f4cc4e1d4a/session.jsonl.zstd	canonical	v0	session-7fa21836-abb9-4f52-94e3-93f4cc4e1d4a	4103	1787501722	77b3e0f57271e5503e4341a9028390bcf7bc3565e964012269650ff370bc8f67
--Users-vito-data-dev-dsh-plugins--/session-8011949b-8319-4bb7-b625-7dc81cd27d37/session.lock	lock	-	session-8011949b-8319-4bb7-b625-7dc81cd27d37	0	1789033190	e3b0c44298fc1c149afbf4c8996fb92427ae41e4649b934ca495991b7852b855
--Users-vito-data-dev-dsh-plugins--/session-8011949b-8319-4bb7-b625-7dc81cd27d37/session.v3.jsonl.zstd	canonical	v3	session-8011949b-8319-4bb7-b625-7dc81cd27d37	7505	1789033196	47f351186b4bf97c42dd9ec62218f23c1a7ad7947a0973ca255846a33e8db1bc
--Users-vito-data-dev-dsh-plugins--/session-820076af-7bbc-4ef8-9a77-3f3ce140eee7/session.jsonl.zstd	canonical	v0	session-820076af-7bbc-4ef8-9a77-3f3ce140eee7	3841	1787444654	d29672faa084c18cd1dbd1e1f85db05d19b8f82d4b186d7ebe7158d300090135
--Users-vito-data-dev-dsh-plugins--/session-830d3cae-178e-48ea-b9b3-311df18a6245/session.jsonl.zstd	canonical	v0	session-830d3cae-178e-48ea-b9b3-311df18a6245	4099	1787499769	ff5c55f4539081c3f94a9cdeb029ab238c81d842c65f6b645341e8ffac918983
--Users-vito-data-dev-dsh-plugins--/session-875f6950-6b78-4081-844b-12d0821a8be5/session.jsonl.zstd	canonical	v0	session-875f6950-6b78-4081-844b-12d0821a8be5	4102	1787496827	8532c3c4d441d60d20b1a94b270f81cd51a5b6dff1e6f14333c070da4342cc8c
--Users-vito-data-dev-dsh-plugins--/session-8837008a-2b3a-470b-9d28-8cbd79523b45/session.jsonl.zstd	canonical	v0	session-8837008a-2b3a-470b-9d28-8cbd79523b45	2317	1789213251	014d385534ba340102de96f80723f62373fc374a667e20c9a29b236ae9598cf9
--Users-vito-data-dev-dsh-plugins--/session-8b01bc27-c136-48de-ac76-ed4b97e11d49/session.jsonl.zstd	canonical	v0	session-8b01bc27-c136-48de-ac76-ed4b97e11d49	3264	1787372597	87aad5463f379043282dc4d8127b483d56f1cae000818fd7d0c907cb100040d7
--Users-vito-data-dev-dsh-plugins--/session-8b034bd9-3a5e-4b5d-b14f-788f8b4b764f/session.jsonl.zstd	canonical	v0	session-8b034bd9-3a5e-4b5d-b14f-788f8b4b764f	2458	1787969999	6c22d509bd119ac42a5a0c082b0bd3a7e82979f4264fe45a6589f575a9159cd3
--Users-vito-data-dev-dsh-plugins--/session-8d176fac-6498-4316-9386-223dd57fb627/session.jsonl.zstd	canonical	v0	session-8d176fac-6498-4316-9386-223dd57fb627	3190	1787368219	68fe84806c307bc30b029147e826e335d2f88405ed4df0bec71602a370e4e4d5
--Users-vito-data-dev-dsh-plugins--/session-8dc14f0d-467d-4f3f-abcc-5258ebf342f5/session.lock	lock	-	session-8dc14f0d-467d-4f3f-abcc-5258ebf342f5	0	1789213480	e3b0c44298fc1c149afbf4c8996fb92427ae41e4649b934ca495991b7852b855
--Users-vito-data-dev-dsh-plugins--/session-8dc14f0d-467d-4f3f-abcc-5258ebf342f5/session.v3.jsonl.zstd	canonical	v3	session-8dc14f0d-467d-4f3f-abcc-5258ebf342f5	2420	1789213661	8110484cb2577dd3a703549c6aa47bdb780b714d00a3d4a5b4df7985fb8972cf
--Users-vito-data-dev-dsh-plugins--/session-8ecaac15-204e-4700-9926-be5c7c05b0aa/session.jsonl.zstd	canonical	v0	session-8ecaac15-204e-4700-9926-be5c7c05b0aa	3536099	1787754639	5951147abfe1d3508dcb4e70ea9785f1ca8ad759d052d768bf895316ba814267
--Users-vito-data-dev-dsh-plugins--/session-910fe7af-82f2-4498-9996-8a06f0bad841/session.jsonl.zstd	canonical	v0	session-910fe7af-82f2-4498-9996-8a06f0bad841	401374	1787725984	2aee87d75dc7b534be25ff1ff4ac87ef05cce7ef87f71135b8ee5ace02b8a2e3
--Users-vito-data-dev-dsh-plugins--/session-91c428e2-b6b5-4f11-acea-14143312fccb/session.jsonl.zstd	canonical	v0	session-91c428e2-b6b5-4f11-acea-14143312fccb	476	1788576785	5f7a31392c35a46c934bd2c73073cbdcfbe3809bfafe5a99dffcc8799559c6a8
--Users-vito-data-dev-dsh-plugins--/session-93a540e9-de72-4653-800b-0e7036dff775/session.lock	lock	-	session-93a540e9-de72-4653-800b-0e7036dff775	0	1790071491	e3b0c44298fc1c149afbf4c8996fb92427ae41e4649b934ca495991b7852b855
--Users-vito-data-dev-dsh-plugins--/session-93a540e9-de72-4653-800b-0e7036dff775/session.v3.jsonl.zstd	canonical	v3	session-93a540e9-de72-4653-800b-0e7036dff775	2924	1790071529	9a0f1894a91756c06a3cf25c90fdf95dad34e74d9298a4d364a56d139e6e13ce
--Users-vito-data-dev-dsh-plugins--/session-973c37e0-3cb1-4810-849b-424cfed8874d/session.jsonl.zstd	canonical	v0	session-973c37e0-3cb1-4810-849b-424cfed8874d	1177617	1789126084	340a5bdb3c424fa27b5cd425f413fa20c7bf69fdc03d41584ad69d38fd987ee4
--Users-vito-data-dev-dsh-plugins--/session-98b3510b-e22f-4916-a776-ab5f83cdd2dc/session.jsonl.zstd	canonical	v0	session-98b3510b-e22f-4916-a776-ab5f83cdd2dc	4104	1787497236	68c7d84a4b44294bebafdab7403133d1731a5dbdaaf8750a2fb7608fcb4e4500
--Users-vito-data-dev-dsh-plugins--/session-9a1b8a3e-5711-419c-a401-c5dfd82c0c30/session.jsonl.zstd	canonical	v0	session-9a1b8a3e-5711-419c-a401-c5dfd82c0c30	3590	1787382375	417d7b27adc1631b6923e14ad4d0827b1f02ad7c12242d333d3b3ecebb6a663e
--Users-vito-data-dev-dsh-plugins--/session-9a2c8064-ecae-400f-b8fc-e53c5c97331b/session.jsonl.zstd	canonical	v0	session-9a2c8064-ecae-400f-b8fc-e53c5c97331b	2067	1787558709	3356683d069f7782df3f50e2bc04eb579f06188244149b1fc08d7feb69cbc4ee
--Users-vito-data-dev-dsh-plugins--/session-9a857a07-2ee8-4cfc-be3a-a51eb6f020d8/session.jsonl.zstd	canonical	v0	session-9a857a07-2ee8-4cfc-be3a-a51eb6f020d8	1246233	1789139671	0c5786886383cd41bac2bc71386a9ff6646efddbbe40ee5519c4ff5c0a1a8b8d
--Users-vito-data-dev-dsh-plugins--/session-9ac69249-4345-415a-b7dc-6bc019d388dd/session.jsonl.zstd	canonical	v0	session-9ac69249-4345-415a-b7dc-6bc019d388dd	1842937	1789033297	50e0f440973c15f61dba6537d8ffd1a133f33eba26f173759a28869b51642366
--Users-vito-data-dev-dsh-plugins--/session-9adee2ee-1314-4fc4-874f-560f358bf1f5/session.jsonl.zstd	canonical	v0	session-9adee2ee-1314-4fc4-874f-560f358bf1f5	2209	1787477262	a83a92a3bf098af347573028bf3ec7a5114399a3301ee72a70b05378c9928241
--Users-vito-data-dev-dsh-plugins--/session-9ae79a18-8d26-4b77-bcc0-11bd873afa3e/session.jsonl.zstd	canonical	v0	session-9ae79a18-8d26-4b77-bcc0-11bd873afa3e	2428	1787754731	ef5c3a65e8d7744ef3db0ce64e805c022996fb552cc836c128787bf31c5e5799
--Users-vito-data-dev-dsh-plugins--/session-9c91a0c2-4565-4e03-b45f-018a3dd93675/session.jsonl.zstd	canonical	v0	session-9c91a0c2-4565-4e03-b45f-018a3dd93675	2212	1787479956	c22c370325ab06dec65ac62dbe5b5033bdc92d947107820dc6b761b97a6a49f5
--Users-vito-data-dev-dsh-plugins--/session-9cc8cb20-1e6c-4983-95b9-bc4826db2abe/session.jsonl.zstd	canonical	v0	session-9cc8cb20-1e6c-4983-95b9-bc4826db2abe	2354	1789024766	372821772408955e1ae5f799f47a3fd0aabba942368a761c454408c077d2ee2a
--Users-vito-data-dev-dsh-plugins--/session-9ea19c18-e640-42e5-b127-b4b1b5c3dcac/session.jsonl.zstd	canonical	v0	session-9ea19c18-e640-42e5-b127-b4b1b5c3dcac	2651786	1789041649	787c923bee6a821d368070f27cb043ae9776e93975fb981626c480f7975c716a
--Users-vito-data-dev-dsh-plugins--/session-a2b11bec-81d0-4b1c-8500-bd67f00ed391/session.lock	lock	-	session-a2b11bec-81d0-4b1c-8500-bd67f00ed391	0	1790318192	e3b0c44298fc1c149afbf4c8996fb92427ae41e4649b934ca495991b7852b855
--Users-vito-data-dev-dsh-plugins--/session-a2b11bec-81d0-4b1c-8500-bd67f00ed391/session.v3.jsonl.zstd	canonical	v3	session-a2b11bec-81d0-4b1c-8500-bd67f00ed391	2364	1790318192	b6985cb1e17e5b57fe5ad03a4bcb243ac37394c46e280ab0651989e4f274db68
--Users-vito-data-dev-dsh-plugins--/session-a4204635-0f55-4168-b50b-b8c783587dbb/session.jsonl.zstd	canonical	v0	session-a4204635-0f55-4168-b50b-b8c783587dbb	7867	1787499872	3bccf4511a5d421f8e3761b83bf27569663b6bc57fc4970e247a257d1f9502ac
--Users-vito-data-dev-dsh-plugins--/session-a437804e-fe7c-441b-991e-e2586a345fb9/session.jsonl.zstd	canonical	v0	session-a437804e-fe7c-441b-991e-e2586a345fb9	3845	1787494016	73acc1bff24add6129a63df116f1e6d8a9a69c3846cdd9f80af9c5500e1ae1f1
--Users-vito-data-dev-dsh-plugins--/session-a484aa0b-4e0f-431b-9200-8f9c705d85d0/session.jsonl.zstd	canonical	v0	session-a484aa0b-4e0f-431b-9200-8f9c705d85d0	2071	1787487415	50b8cca53c025f53f6129d9fcc812e406f0fed8acf7814141129b3ebd96d21a5
--Users-vito-data-dev-dsh-plugins--/session-a4b7298f-797f-49d8-80c1-eee1499db074/session.jsonl.zstd	canonical	v0	session-a4b7298f-797f-49d8-80c1-eee1499db074	2068	1787489228	0d69da43111aaf1a95f24bf16782ca3043607403be1df00fe0b4fe3f2245c281
--Users-vito-data-dev-dsh-plugins--/session-a544cc8d-c93e-49d0-b6bb-efa476258a5f/session.jsonl.zstd	canonical	v0	session-a544cc8d-c93e-49d0-b6bb-efa476258a5f	2293	1787721209	3a2ecaa8b1f845ba8ba0930d7a1ee34210a490ef152632cebd361734d6476c47
--Users-vito-data-dev-dsh-plugins--/session-a6382b87-4044-4742-8ce8-c04dbf7360ba/session.jsonl.zstd	canonical	v0	session-a6382b87-4044-4742-8ce8-c04dbf7360ba	2208	1787478814	8b09456deae7d4f80f4f8ba51221c3c653e38d5ad49f82b3ff246e8e1e53ccfc
--Users-vito-data-dev-dsh-plugins--/session-a68a4d5b-dd61-4967-a7f4-099c3db47cb9/session.jsonl.zstd	canonical	v0	session-a68a4d5b-dd61-4967-a7f4-099c3db47cb9	2291	1787728866	27d659c619f5edd986ed12b9340672dd1b1890bcb1bef0bb613afce74d85ffee
--Users-vito-data-dev-dsh-plugins--/session-a69e6d65-1d1b-49e7-b65d-b4e42737e082/session.jsonl.zstd	canonical	v0	session-a69e6d65-1d1b-49e7-b65d-b4e42737e082	956213	1789194116	6ce8f3ca0de46efc0a7fc7cff14d25babb7e7cdf9291c28e274719dbe15f104f
--Users-vito-data-dev-dsh-plugins--/session-a6e28012-9d1a-45e1-bcb9-3b24cda9b240/session.jsonl.zstd	canonical	v0	session-a6e28012-9d1a-45e1-bcb9-3b24cda9b240	2518	1787758175	fc5ea098f9610fd09c45cec8653d9684af9bbad56270be9842d86807b30335f9
--Users-vito-data-dev-dsh-plugins--/session-a7639dd0-36cb-41bc-95f5-110d65ac0375/session.lock	lock	-	session-a7639dd0-36cb-41bc-95f5-110d65ac0375	0	1790074165	e3b0c44298fc1c149afbf4c8996fb92427ae41e4649b934ca495991b7852b855
--Users-vito-data-dev-dsh-plugins--/session-a7639dd0-36cb-41bc-95f5-110d65ac0375/session.v3.jsonl.zstd	canonical	v3	session-a7639dd0-36cb-41bc-95f5-110d65ac0375	1263331	1790074545	9686c2dbcb0cd1316a51c6d85b725de94edec6e04c15fe9833abaf8b1102200d
--Users-vito-data-dev-dsh-plugins--/session-a7ac260b-30c4-4b01-8f75-3bf6be713edc/session.jsonl.zstd	canonical	v0	session-a7ac260b-30c4-4b01-8f75-3bf6be713edc	2294	1787721088	51c56ff16f04664412092224d6fdd3421114d8116ee3d8fbbdbffb86f5212910
--Users-vito-data-dev-dsh-plugins--/session-a7ea1335-8e18-4c3b-942f-22484abc5456/session.jsonl.zstd	canonical	v0	session-a7ea1335-8e18-4c3b-942f-22484abc5456	2293	1787718205	b22db3436ed82a0e8085b56e6e7734fe21ce0fc27e352d5400c14c7c0bf4c5c8
--Users-vito-data-dev-dsh-plugins--/session-a7f18435-b59c-4441-9db9-565792416f8e/session.lock	lock	-	session-a7f18435-b59c-4441-9db9-565792416f8e	0	1789033681	e3b0c44298fc1c149afbf4c8996fb92427ae41e4649b934ca495991b7852b855
--Users-vito-data-dev-dsh-plugins--/session-a7f18435-b59c-4441-9db9-565792416f8e/session.v3.jsonl.zstd	canonical	v3	session-a7f18435-b59c-4441-9db9-565792416f8e	2253	1789033689	6069932459b9a48c9b7f04435cd551bcba070a0147fbc88fe6fb11b9d5963cf1
--Users-vito-data-dev-dsh-plugins--/session-a87fed6f-e166-4f7a-9a86-df7447ec22c6/session.lock	lock	-	session-a87fed6f-e166-4f7a-9a86-df7447ec22c6	0	1789032888	e3b0c44298fc1c149afbf4c8996fb92427ae41e4649b934ca495991b7852b855
--Users-vito-data-dev-dsh-plugins--/session-a87fed6f-e166-4f7a-9a86-df7447ec22c6/session.v3.jsonl.zstd	canonical	v3	session-a87fed6f-e166-4f7a-9a86-df7447ec22c6	2623	1789032891	65dd624144952f1be0561c614cb29291949de499570b8d248269a12bb84481e2
--Users-vito-data-dev-dsh-plugins--/session-a89c8d34-9bd2-46c6-8986-1da0e7cefca8/session.jsonl.zstd	canonical	v0	session-a89c8d34-9bd2-46c6-8986-1da0e7cefca8	3525	1787385871	c522939aef598ca37007a3912b834c211da0183b1423800ad4cf735c13659730
--Users-vito-data-dev-dsh-plugins--/session-aae53343-f3fa-47e3-8abc-68da403e12a5/session.jsonl.zstd	canonical	v0	session-aae53343-f3fa-47e3-8abc-68da403e12a5	2608	1787831715	55c214dd475a27200e5916a5703ed29572a0d692be0905fba29d8e0bcc8aabc6
--Users-vito-data-dev-dsh-plugins--/session-ac14e890-2713-4e69-b225-d9af3ec34251/session.jsonl.zstd	canonical	v0	session-ac14e890-2713-4e69-b225-d9af3ec34251	1195979	1787385868	8e54ccf37c63dcf95903cbfb50141fb98223a94f13732a0ef7ace672623e9375
--Users-vito-data-dev-dsh-plugins--/session-ac1c578f-73fa-4c50-b323-d12808fe22f2/session.lock	lock	-	session-ac1c578f-73fa-4c50-b323-d12808fe22f2	0	1790327513	e3b0c44298fc1c149afbf4c8996fb92427ae41e4649b934ca495991b7852b855
--Users-vito-data-dev-dsh-plugins--/session-ac1c578f-73fa-4c50-b323-d12808fe22f2/session.v3.jsonl.zstd	canonical	v3	session-ac1c578f-73fa-4c50-b323-d12808fe22f2	1613568	1790330334	49db546f299351de4778b1fc14cd9a324c7a3c5b244445e03ae6d081c9fb0ebd
--Users-vito-data-dev-dsh-plugins--/session-acf971e9-8d4a-4c18-a488-cc90f7b52b2d/session.jsonl.zstd	canonical	v0	session-acf971e9-8d4a-4c18-a488-cc90f7b52b2d	1994981	1789138459	118f32a14c7a9ca1c6ac94e1ded6f1eb5e0f20387359598e2269eba1f1ac8003
--Users-vito-data-dev-dsh-plugins--/session-ad44082b-05b4-47c6-9480-0f9daef9e523/session.lock	lock	-	session-ad44082b-05b4-47c6-9480-0f9daef9e523	0	1790338298	e3b0c44298fc1c149afbf4c8996fb92427ae41e4649b934ca495991b7852b855
--Users-vito-data-dev-dsh-plugins--/session-ad44082b-05b4-47c6-9480-0f9daef9e523/session.v3.jsonl.zstd	canonical	v3	session-ad44082b-05b4-47c6-9480-0f9daef9e523	462972	1790338930	d4fa46a26ab983a98298ee7990454cf3abe9d8cec3ab7f4e1aefe35c12b24642
--Users-vito-data-dev-dsh-plugins--/session-ae28c74f-8005-47d8-a58f-c56dd19a04d8/session.jsonl.zstd	canonical	v0	session-ae28c74f-8005-47d8-a58f-c56dd19a04d8	3426	1787403531	eae1299d1365e17260a0f762b8b53cb0654335843d8dea57d01143674b6173fd
--Users-vito-data-dev-dsh-plugins--/session-aec20a92-8d5d-4acb-9ec2-c6761e4de054/session.jsonl.zstd	canonical	v0	session-aec20a92-8d5d-4acb-9ec2-c6761e4de054	902311	1789034049	3f1e9b17b4dfbb1d88d962cbd478aec28230c2b02dc16e511c48b621aa46094f
--Users-vito-data-dev-dsh-plugins--/session-af93d98c-154e-40a3-b354-3ad586ae7dbd/session.jsonl.zstd	canonical	v0	session-af93d98c-154e-40a3-b354-3ad586ae7dbd	959160	1787384551	e66f72d393feb27a5aafad6172bcc4b466bd927b8ce8ee1088147f45bcefc146
--Users-vito-data-dev-dsh-plugins--/session-b1f40bac-f0b0-4ebe-9923-3e8d8b7f71e8/session.jsonl.zstd	canonical	v0	session-b1f40bac-f0b0-4ebe-9923-3e8d8b7f71e8	3526	1787391995	9a47e7ec9c585cfe3034d2349b352eeb2682a0026c651d5e5fef0b40ef4fa832
--Users-vito-data-dev-dsh-plugins--/session-b27f76c5-8d34-4add-a750-31a67b205b99/session.jsonl.zstd	canonical	v0	session-b27f76c5-8d34-4add-a750-31a67b205b99	2074	1787490438	143e5f0a207e7140808a81c8f86315cadd5bc88f1061ac85560ac77f5e62587d
--Users-vito-data-dev-dsh-plugins--/session-b3798e72-27e2-4aed-821f-de22f18919f3/session.jsonl.zstd	canonical	v0	session-b3798e72-27e2-4aed-821f-de22f18919f3	2004	1787663238	e4b0c79831f57daf552a725b0bf808d5430ea4f4c8a19df0e2efe8940203ba40
--Users-vito-data-dev-dsh-plugins--/session-b4165a45-bccf-4a99-85f4-9ae21fd34041/session.jsonl.zstd	canonical	v0	session-b4165a45-bccf-4a99-85f4-9ae21fd34041	2070562	1788779166	6ccae37a56e89e1db60c5225ad8a186695625f5fdbb637a35c2c5e22701a64ed
--Users-vito-data-dev-dsh-plugins--/session-b4f40e36-a0f4-43b5-92ad-99724d44ad60/session.jsonl.zstd	canonical	v0	session-b4f40e36-a0f4-43b5-92ad-99724d44ad60	3426	1787399451	51de5700c73bd0be2a55b1faf38d7c7a424b3c99b36b733fb9e674287d65d079
--Users-vito-data-dev-dsh-plugins--/session-b4f90ace-921e-4654-9843-c4c8948c3623/session.jsonl.zstd	canonical	v0	session-b4f90ace-921e-4654-9843-c4c8948c3623	1998	1787668078	f7f5f28f33bb2ebf48a0cf8cfcaadb691bea075a8d9798e143367b4b90cd90a9
--Users-vito-data-dev-dsh-plugins--/session-b6060d03-8b47-43d7-8a87-c67dcd1ab93d/session.jsonl.zstd	canonical	v0	session-b6060d03-8b47-43d7-8a87-c67dcd1ab93d	338048	1787715204	348bbb63fc1903d676a3fb97d8bfb1ee551802df4308f91607cf879c029deefb
--Users-vito-data-dev-dsh-plugins--/session-b60c3b60-78f1-4a02-9b2e-7552f056a009/session.jsonl.zstd	canonical	v0	session-b60c3b60-78f1-4a02-9b2e-7552f056a009	1933	1787544545	97624bbedc3b15ddbe4c2a22a5acea80175eab8eb72791f6aca72ca2619b3d63
--Users-vito-data-dev-dsh-plugins--/session-b6275d64-102e-40ca-921d-1243a228d51f/session.lock	lock	-	session-b6275d64-102e-40ca-921d-1243a228d51f	0	1790330346	e3b0c44298fc1c149afbf4c8996fb92427ae41e4649b934ca495991b7852b855
--Users-vito-data-dev-dsh-plugins--/session-b6275d64-102e-40ca-921d-1243a228d51f/session.v3.jsonl.zstd	canonical	v3	session-b6275d64-102e-40ca-921d-1243a228d51f	1852793	1790333570	ddacf40a94bd17008f6b81ea86998f3a9d7d7958606cf7cc4389d063432c4635
--Users-vito-data-dev-dsh-plugins--/session-b6555d93-fffa-4b4b-89aa-ae277d5adda3/session.lock	lock	-	session-b6555d93-fffa-4b4b-89aa-ae277d5adda3	0	1790336453	e3b0c44298fc1c149afbf4c8996fb92427ae41e4649b934ca495991b7852b855
--Users-vito-data-dev-dsh-plugins--/session-b6555d93-fffa-4b4b-89aa-ae277d5adda3/session.v3.jsonl.zstd	canonical	v3	session-b6555d93-fffa-4b4b-89aa-ae277d5adda3	1237821	1790338287	36bc6ed3a35d6c478b8f37430bfd043f2af40191d62bd962da0b430c957ff7aa
--Users-vito-data-dev-dsh-plugins--/session-b817d5eb-be0e-407c-9ad3-b6f7010aaed5/session.jsonl.zstd	canonical	v0	session-b817d5eb-be0e-407c-9ad3-b6f7010aaed5	2210	1787479920	7a5617a62d15acd08e83e584255fd376462cb3bf0ca428140e4685c77c64683a
--Users-vito-data-dev-dsh-plugins--/session-b9049a00-d47b-4864-b997-bd8691070c00/session.jsonl.zstd	canonical	v0	session-b9049a00-d47b-4864-b997-bd8691070c00	2067	1787544344	5b4c8a8af756180b576f9b77a7baed248be6c46163f208f0922e8ed60be57b1c
--Users-vito-data-dev-dsh-plugins--/session-b9a6719e-a859-4dd1-8c20-c9d5044990ea/session.lock	lock	-	session-b9a6719e-a859-4dd1-8c20-c9d5044990ea	0	1790221745	e3b0c44298fc1c149afbf4c8996fb92427ae41e4649b934ca495991b7852b855
--Users-vito-data-dev-dsh-plugins--/session-b9a6719e-a859-4dd1-8c20-c9d5044990ea/session.v3.jsonl.zstd	canonical	v3	session-b9a6719e-a859-4dd1-8c20-c9d5044990ea	1103318	1790234120	2d19cf86e5f613e43fb0aeeba9b86e0143f4cf42e5bd1ca989e09f89d9d2e784
--Users-vito-data-dev-dsh-plugins--/session-ba1aed88-b181-46de-8a8e-4e1be083a539/session.lock	lock	-	session-ba1aed88-b181-46de-8a8e-4e1be083a539	0	1790173572	e3b0c44298fc1c149afbf4c8996fb92427ae41e4649b934ca495991b7852b855
--Users-vito-data-dev-dsh-plugins--/session-ba1aed88-b181-46de-8a8e-4e1be083a539/session.v3.jsonl.zstd	canonical	v3	session-ba1aed88-b181-46de-8a8e-4e1be083a539	1618056	1790221076	18cd7e3f92b7eb38a108a51d7f635015b0539dee8b795581af92c7fa8ef8c56c
--Users-vito-data-dev-dsh-plugins--/session-bb7b5fb6-76a5-47c0-88f7-5122503df879/session.jsonl.zstd	canonical	v0	session-bb7b5fb6-76a5-47c0-88f7-5122503df879	1727708	1788432997	eb573a691d57d0f27722ad489d9372b13f345e700a2c18a685680327066e526b
--Users-vito-data-dev-dsh-plugins--/session-be26e8f7-b92e-4b31-a310-935b93c1723a/session.jsonl.zstd	canonical	v0	session-be26e8f7-b92e-4b31-a310-935b93c1723a	838501	1788520886	da38d179ed95da319b2605fe46f6f2047033cab141509831cfd788810bb76225
--Users-vito-data-dev-dsh-plugins--/session-bf413258-2cf9-4e62-ab0f-1fd348730a96/session.jsonl.zstd	canonical	v0	session-bf413258-2cf9-4e62-ab0f-1fd348730a96	1212275	1787728881	47d57577ec1f6eb62cfd53a97f4b03fc709ba7c128db4a6551ce35038599938f
--Users-vito-data-dev-dsh-plugins--/session-c08aed0f-9601-4b75-a278-6c58c2b5f00d/session.jsonl.zstd	canonical	v0	session-c08aed0f-9601-4b75-a278-6c58c2b5f00d	2070	1787503603	15f8c705c17858c5d5ac623515383abe54de9475d8922804052029e6daf755a4
--Users-vito-data-dev-dsh-plugins--/session-c0af93b8-1cc1-41c0-9be1-f602f7194339/session.jsonl.zstd	canonical	v0	session-c0af93b8-1cc1-41c0-9be1-f602f7194339	3451	1787384557	d641d606d563ea9c642399a7a3c3db7b2266b69532944aeb589d9b6ad1a01cb3
--Users-vito-data-dev-dsh-plugins--/session-c123d415-8954-4866-a190-75e37308b139/session.lock	lock	-	session-c123d415-8954-4866-a190-75e37308b139	0	1790266108	e3b0c44298fc1c149afbf4c8996fb92427ae41e4649b934ca495991b7852b855
--Users-vito-data-dev-dsh-plugins--/session-c123d415-8954-4866-a190-75e37308b139/session.v3.jsonl.zstd	canonical	v3	session-c123d415-8954-4866-a190-75e37308b139	495287	1790305899	bb9059fe608cbeec4d96da07a02492cc5eecf5db7de33eb0dead66f18e09cc6f
--Users-vito-data-dev-dsh-plugins--/session-c2dc3e36-8a75-439d-af4c-a961b9e61bbe/session.jsonl.zstd	canonical	v0	session-c2dc3e36-8a75-439d-af4c-a961b9e61bbe	254498	1787614251	61a4e626916a59e79f6d43a1e9b1bbe2f5faff299e6e342bbf3be07a5cdafccf
--Users-vito-data-dev-dsh-plugins--/session-c42dab25-1de7-40bf-829c-448870e21f92/session.jsonl.zstd	canonical	v0	session-c42dab25-1de7-40bf-829c-448870e21f92	334089	1787472877	59766173f24ef4273a051e5b025785461de191c027d8f1e368078f86b8788dc8
--Users-vito-data-dev-dsh-plugins--/session-c436977c-a696-4ae0-b06f-17d798c04d4d/session.jsonl.zstd	canonical	v0	session-c436977c-a696-4ae0-b06f-17d798c04d4d	2292	1787461603	85d8082ebb981073a4f0cd16061d5be3c607aae86863e6835bf62dcc1f619f66
--Users-vito-data-dev-dsh-plugins--/session-c48ba137-3bce-4e2a-9858-ce074430e432/session.jsonl.zstd	canonical	v0	session-c48ba137-3bce-4e2a-9858-ce074430e432	3972	1787447859	ff5845d0555e9c63e4a7499496f41a3c122a8d07f1e775c3f7fef6bbbb188562
--Users-vito-data-dev-dsh-plugins--/session-c4ef4da2-7dca-4a1b-8208-c73d6261f14a/session.jsonl.zstd	canonical	v0	session-c4ef4da2-7dca-4a1b-8208-c73d6261f14a	3841	1787416926	ba24bd8ed5211aad618036dc5276614436ab35c3d2cd493ff871a389101c26c6
--Users-vito-data-dev-dsh-plugins--/session-c8b972a9-c632-4f1a-8900-16132c4609b3/session.jsonl.zstd	canonical	v0	session-c8b972a9-c632-4f1a-8900-16132c4609b3	2376	1789050380	378b3d8b9cb70d0b6a05f9c33daf366a26518191fe8172ddb758100d91497c8e
--Users-vito-data-dev-dsh-plugins--/session-c8cd0aa9-c089-4a3c-b595-543d159109db/session.jsonl.zstd	canonical	v0	session-c8cd0aa9-c089-4a3c-b595-543d159109db	3450	1787382799	d7784d9e9f6557a81c590c26111e5c176f623716eee20250f3be387a52635f13
--Users-vito-data-dev-dsh-plugins--/session-c9fc8789-e4d7-4cbb-86aa-2ef219832a76/session.jsonl.zstd	canonical	v0	session-c9fc8789-e4d7-4cbb-86aa-2ef219832a76	2314	1787471825	b1d6864d65d677e7aad200aa19f8b03b5d2f3a121ed1cc9ed23628026d3be9aa
--Users-vito-data-dev-dsh-plugins--/session-ce470dbc-6bcb-400d-b743-bcfdc75af1ca/session.jsonl.zstd	canonical	v0	session-ce470dbc-6bcb-400d-b743-bcfdc75af1ca	2065	1787572457	f8ec5ff6103fe6835a0a0304527a50acc5634224a534e233930912e819adb1ad
--Users-vito-data-dev-dsh-plugins--/session-ce4cc8b0-555b-44e1-a0d2-de3b555e35d9/session.jsonl.zstd	canonical	v0	session-ce4cc8b0-555b-44e1-a0d2-de3b555e35d9	4099	1787496024	61c86676d27804ecd664de04355b2c918e8c815dd329e885283163a6756e5222
--Users-vito-data-dev-dsh-plugins--/session-d24f326d-d424-4194-8588-c49dd49d652c/session.jsonl.zstd	canonical	v0	session-d24f326d-d424-4194-8588-c49dd49d652c	973819	1789093780	a16d0141f24d1ccb8706c815ab5a56b4bef4e8c528214808842621b2c040b380
--Users-vito-data-dev-dsh-plugins--/session-d424bd3c-e40b-4cf8-b090-70f086c98abb/session.jsonl.zstd	canonical	v0	session-d424bd3c-e40b-4cf8-b090-70f086c98abb	4586980	1787830203	1b0d7f71742dcd3ec14ccffca9ae6c5fff34e1e468ca4559de4453d71e786609
--Users-vito-data-dev-dsh-plugins--/session-d6d6d6b1-49df-4f3b-9148-856a9ed9c9e7/session.jsonl.zstd	canonical	v0	session-d6d6d6b1-49df-4f3b-9148-856a9ed9c9e7	310233	1787936497	db4f453dac709a3412fed23ddd2758e50d5b2f36089b31dcb0fba75a9a5936d4
--Users-vito-data-dev-dsh-plugins--/session-d7d06347-db32-41ba-9ba5-31d0fc04881a/session.jsonl.zstd	canonical	v0	session-d7d06347-db32-41ba-9ba5-31d0fc04881a	2211	1787480296	41885e12ab7d2e4d12999f597d0e0bd2d20eed0af6a6b2de27273d20f0241256
--Users-vito-data-dev-dsh-plugins--/session-d8a06885-f507-4805-8d6e-e5194c7a4b92/session.jsonl.zstd	canonical	v0	session-d8a06885-f507-4805-8d6e-e5194c7a4b92	2474	1787758353	85ca6819de9676a00a648868515fc1ba833161d4542831c475b643982d6dba65
--Users-vito-data-dev-dsh-plugins--/session-d8c0e6cd-1c0b-42d6-852d-aacedeb9a1b6/session.jsonl.zstd	canonical	v0	session-d8c0e6cd-1c0b-42d6-852d-aacedeb9a1b6	1699832	1787494389	9007786b35bfa8441937925d243c10d789ee262560cb1307da28a2efbcf031d2
--Users-vito-data-dev-dsh-plugins--/session-d982d9f7-8b22-42ba-a873-23dc08dada06/session.jsonl.zstd	canonical	v0	session-d982d9f7-8b22-42ba-a873-23dc08dada06	3447	1787385022	33709de6f26b32654120959119a285281b57af9b7bb23a9edc0b066bf5e9ee8f
--Users-vito-data-dev-dsh-plugins--/session-dbe098c9-531d-4887-a6e2-aaa0ac66953e/session.lock	lock	-	session-dbe098c9-531d-4887-a6e2-aaa0ac66953e	0	1790074568	e3b0c44298fc1c149afbf4c8996fb92427ae41e4649b934ca495991b7852b855
--Users-vito-data-dev-dsh-plugins--/session-dbe098c9-531d-4887-a6e2-aaa0ac66953e/session.v3.jsonl.zstd	canonical	v3	session-dbe098c9-531d-4887-a6e2-aaa0ac66953e	2328	1790074602	ec6d3f5cf3bd0ec13762d9954f1960eaf0a2bbad41dd00dba4172f3eb5262ae2
--Users-vito-data-dev-dsh-plugins--/session-dc812240-b957-4782-bad7-c1452067b9b3/session.jsonl.zstd	canonical	v0	session-dc812240-b957-4782-bad7-c1452067b9b3	1901159	1789176667	f6498dd155e0eeeb02ce9d02956fba7fb3101627e236bef75a49f37c0423eb75
--Users-vito-data-dev-dsh-plugins--/session-de0b3892-d1fa-4cad-b65a-f6427f661f9a/session.jsonl.zstd	canonical	v0	session-de0b3892-d1fa-4cad-b65a-f6427f661f9a	2475	1787758417	0351cbf6ab185b45d6cad35cd67fc56e07fa60473e37813caac8ccee2f11bdf4
--Users-vito-data-dev-dsh-plugins--/session-e050910e-f56b-4c22-a8e1-5d816479fbaa/session.jsonl.zstd	canonical	v0	session-e050910e-f56b-4c22-a8e1-5d816479fbaa	233675	1788862411	a7bcf01c48877039485cc7fe7cd828eb354f9d5083f3a6fa95dcd9a53e4b3828
--Users-vito-data-dev-dsh-plugins--/session-e0867e30-7429-4144-9248-ccf3a2f93ccf/session.jsonl.zstd	canonical	v0	session-e0867e30-7429-4144-9248-ccf3a2f93ccf	4100	1787499474	209dd0e5c00ebb4387f1fee9e307b46cddf740c56342ad2266a5bcdd66609c31
--Users-vito-data-dev-dsh-plugins--/session-e3556010-6d2a-4ab6-bdfc-661071dc627d/session.jsonl.zstd	canonical	v0	session-e3556010-6d2a-4ab6-bdfc-661071dc627d	2088236	1789124775	a3c9e1d5a8090d7e52a03641098ae805f32cbbb59a3889c5f0f0b7a5e7da319e
--Users-vito-data-dev-dsh-plugins--/session-e3b4f4b6-4b0e-45aa-89f2-7c7c63833783/session.jsonl.zstd	canonical	v0	session-e3b4f4b6-4b0e-45aa-89f2-7c7c63833783	3846	1787492867	27a4d3987230526fad7bcd8ae3375b238e5d33632e66c9ae36e63adee68c046e
--Users-vito-data-dev-dsh-plugins--/session-e6f0c448-d081-4c34-b741-8ee358fa7685/session.jsonl.zstd	canonical	v0	session-e6f0c448-d081-4c34-b741-8ee358fa7685	2213	1787479653	0601e339e524b37aa7d75291ef93f456ccab7ac506617af306f9ad8c6331d3c6
--Users-vito-data-dev-dsh-plugins--/session-e6f8a53d-1e6d-438d-9dd1-da5866d33c88/session.jsonl.zstd	canonical	v0	session-e6f8a53d-1e6d-438d-9dd1-da5866d33c88	2316	1789213223	f949e42c5aed0323503744210456f0c4e4c4d66ae867ebf4aacee61d31df4644
--Users-vito-data-dev-dsh-plugins--/session-e7d57732-3dbb-48c1-8f68-60a49dcf0565/session.jsonl.zstd	canonical	v0	session-e7d57732-3dbb-48c1-8f68-60a49dcf0565	6923727	1787747629	677b494a967fca49bda27c741bb957dac55aebbbea1dd33c9c785c9023b32baf
--Users-vito-data-dev-dsh-plugins--/session-e7ef2cec-5124-4796-91a8-71180f78b4af/session.lock	lock	-	session-e7ef2cec-5124-4796-91a8-71180f78b4af	0	1790173001	e3b0c44298fc1c149afbf4c8996fb92427ae41e4649b934ca495991b7852b855
--Users-vito-data-dev-dsh-plugins--/session-e7ef2cec-5124-4796-91a8-71180f78b4af/session.v3.jsonl.zstd	canonical	v3	session-e7ef2cec-5124-4796-91a8-71180f78b4af	210195	1790173423	3f33710d1d246da3944ed92bd9575dbfeae934a3d2684323f020583712445794
--Users-vito-data-dev-dsh-plugins--/session-ea13ff30-55b4-4b7e-952c-d5fa6721c22e/session.jsonl.zstd	canonical	v0	session-ea13ff30-55b4-4b7e-952c-d5fa6721c22e	2214	1787479413	72c3ebb4dd31607382d178979bfc52f5b08e2bf9b5cb8bc4175934a534f7e5f9
--Users-vito-data-dev-dsh-plugins--/session-ea287a6f-49f3-42ea-82e2-5025c5598fc4/session.jsonl.zstd	canonical	v0	session-ea287a6f-49f3-42ea-82e2-5025c5598fc4	21860	1788069484	3f6a24d2e020279a0ba3732d47f8f389a5266ba9fbc34f7ad25356fc3665d4e1
--Users-vito-data-dev-dsh-plugins--/session-ebb8a4ae-17d1-4754-a350-77a1f91206ec/session.jsonl.zstd	canonical	v0	session-ebb8a4ae-17d1-4754-a350-77a1f91206ec	124036	1787627201	45a3f77c5a9827b7f8531248f4aabc50ead2a11f12b59606d0eda69214affc60
--Users-vito-data-dev-dsh-plugins--/session-ecb55d3a-86ce-4034-9d90-8f2642c48645/session.jsonl.zstd	canonical	v0	session-ecb55d3a-86ce-4034-9d90-8f2642c48645	1052486	1789043130	f4fb2dbdccb9d3202662acca90a221f1ba71f1c2fde4420d48f8c22580d5082e
--Users-vito-data-dev-dsh-plugins--/session-f1ebe849-2460-48cc-96bb-b2e9063a658b/session.jsonl.zstd	canonical	v0	session-f1ebe849-2460-48cc-96bb-b2e9063a658b	1019251	1787713338	d34f0a5d73ac7ec66a1b3a09120ad312187bed458dcfd067627b3199ea63a87b
--Users-vito-data-dev-dsh-plugins--/session-f1fde978-d8ad-4ab7-9d3e-9c8a855f0f59/session.lock	lock	-	session-f1fde978-d8ad-4ab7-9d3e-9c8a855f0f59	0	1790333585	e3b0c44298fc1c149afbf4c8996fb92427ae41e4649b934ca495991b7852b855
--Users-vito-data-dev-dsh-plugins--/session-f1fde978-d8ad-4ab7-9d3e-9c8a855f0f59/session.v3.jsonl.zstd	canonical	v3	session-f1fde978-d8ad-4ab7-9d3e-9c8a855f0f59	1584439	1790335940	1b99a32e9ada7db11d6475d41fd6d08aa5e38f56f586ac98c41daa1306b07260
--Users-vito-data-dev-dsh-plugins--/session-f61be217-6316-49cd-b179-98515785ab74/session.jsonl.zstd	canonical	v0	session-f61be217-6316-49cd-b179-98515785ab74	4099	1787499669	5fc19e92c237f71b210fcc50e0f54e679bd2b795346eb8ed9d5656a90847aae1
--Users-vito-data-dev-dsh-plugins--/session-f9c1b3b6-5817-43ac-b009-7b03f6f43f33/session.lock	lock	-	session-f9c1b3b6-5817-43ac-b009-7b03f6f43f33	0	1790171252	e3b0c44298fc1c149afbf4c8996fb92427ae41e4649b934ca495991b7852b855
--Users-vito-data-dev-dsh-plugins--/session-f9c1b3b6-5817-43ac-b009-7b03f6f43f33/session.v3.jsonl.zstd	canonical	v3	session-f9c1b3b6-5817-43ac-b009-7b03f6f43f33	756331	1790172861	81dfef7177c4618ed087df697abf1d18003bd1208184e6c471636a63fdb12b5f
--Users-vito-data-dev-dsh-plugins--/session-faf4ab52-0469-40ad-8ee4-db54fa312bfe/session.jsonl.zstd	canonical	v0	session-faf4ab52-0469-40ad-8ee4-db54fa312bfe	7929	1787499872	5903a9a5e3d7e6c387b8cb186442b8a90f463e5cd9de933391018bc6ad94fe7d
--Users-vito-data-dev-dsh-plugins--/session-fc74fa78-e769-43b7-b3b1-f88464d2338e/session.jsonl.zstd	canonical	v0	session-fc74fa78-e769-43b7-b3b1-f88464d2338e	4135	1787487411	b1d3fb5b1057ea7b420df426d33e7a39036475625c89682ead8079002956491c
--Users-vito-data-dev-dsh-plugins--/session-fd6403f0-55ab-4b29-8f07-1616b71b0a73/session.lock	lock	-	session-fd6403f0-55ab-4b29-8f07-1616b71b0a73	0	1790071447	e3b0c44298fc1c149afbf4c8996fb92427ae41e4649b934ca495991b7852b855
--Users-vito-data-dev-dsh-plugins--/session-fd6403f0-55ab-4b29-8f07-1616b71b0a73/session.v3.jsonl.zstd	canonical	v3	session-fd6403f0-55ab-4b29-8f07-1616b71b0a73	2193	1790071447	d47ab45219f02b078304de6b1bb721d23d395f678e27ace9dba78e6e9bc433d9
--Users-vito-data-dev-dsh-plugins--/session-fe4079c6-c4e7-44e3-bd63-006e931b8ede/session.jsonl.zstd	canonical	v0	session-fe4079c6-c4e7-44e3-bd63-006e931b8ede	2071	1787471073	a0458b9b5e259dc4f39617994f2441b5fc3835735582cbd95f2c78457d9e1e8b
--Users-vito-data-dev-dsh-plugins--/session-fe6474d2-c2a6-480b-8063-3a0c09f9fb67/session.jsonl.zstd	canonical	v0	session-fe6474d2-c2a6-480b-8063-3a0c09f9fb67	1411257	1789144554	74172283ad8a15d376896bb33c81992bac1044d349eb6f2c6ecabd30627d1ef3
--Users-vito-data-dev-dsh-plugins--/session-fecb1951-08af-430e-8b9e-eea322068238/session.jsonl.zstd	canonical	v0	session-fecb1951-08af-430e-8b9e-eea322068238	2572	1788955941	603c7d5f26dacb58a2bc986a59d15337cf73efaeb88a321bfa7fc70db4acf91e
--Users-vito-data-dev-dsh-relay--/0baae72a-43ed-4596-b24f-8b0346ac332f/session.jsonl.zstd	canonical	v0	0baae72a-43ed-4596-b24f-8b0346ac332f	3601	1786923630	6b773ca8922c2f1d82696ff0f2d84eff438f0617b6140ac9abb4d3e9a7311890
--Users-vito-data-dev-dsh-relay--/1bfe8a90-af22-4bfd-9a00-397bd0f9db86/session.jsonl.zstd	canonical	v0	1bfe8a90-af22-4bfd-9a00-397bd0f9db86	2338	1786892573	431ce7f72e0b3ce06bd5655e58b357fdbe1c0878a4eb25fe34774336d143d140
--Users-vito-data-dev-dsh-relay--/25fefda6-31df-4970-a3d2-5267f6a7a82c/session.jsonl.zstd	canonical	v0	25fefda6-31df-4970-a3d2-5267f6a7a82c	3848	1786952089	17e3766e55735ab594c85f2b3d58b60e1e195902c377dd06a70ed0a0515ea0cd
--Users-vito-data-dev-dsh-relay--/2edaf61e-9099-49a5-b706-2adf089fb868/session.jsonl.zstd	canonical	v0	2edaf61e-9099-49a5-b706-2adf089fb868	535041	1788401956	67ebe292b54dbcf7dd20cd6d2e7c7a88861d0fd8f7aad67e6b7954c9586f0d3f
--Users-vito-data-dev-dsh-relay--/2fcd30b1-cb32-460a-b2d1-80e0fe2237fa/session.jsonl.zstd	canonical	v0	2fcd30b1-cb32-460a-b2d1-80e0fe2237fa	11354279	1787021883	82835acef7b4df02c8da3090d814c67cb5bf63d642da3d9dceecfe51434a724f
--Users-vito-data-dev-dsh-relay--/47c4c29b-7f72-4496-a6b7-ff1b7dd88c3c/session.jsonl.zstd	canonical	v0	47c4c29b-7f72-4496-a6b7-ff1b7dd88c3c	3880	1786925991	8a5c423133624ccfafad200e98deede1f727835227468d89a378f3eab95b99bc
--Users-vito-data-dev-dsh-relay--/52c8a349-d4ca-4792-b4a2-a9f349aa3bba/session.jsonl.zstd	canonical	v0	52c8a349-d4ca-4792-b4a2-a9f349aa3bba	3878	1786938432	28c17d5772af6854cdfcecc0b5a2cf1c2167171d72a8404c5b9b574ef66ab504
--Users-vito-data-dev-dsh-relay--/7193945a-b74a-44f9-9b96-fe69dcfc8d21/session.jsonl.zstd	canonical	v0	7193945a-b74a-44f9-9b96-fe69dcfc8d21	481333	1788401921	6ce6f170ed33cfadd2504816910c0c32f29dfb3fc3b1cc7490f51e258c8ec8b0
--Users-vito-data-dev-dsh-relay--/7d6382f4-b589-47fd-b054-a080579697fa/session.jsonl.zstd	canonical	v0	7d6382f4-b589-47fd-b054-a080579697fa	3849	1786950258	76c01298269b8ebf2ae768f36f11df31035a3022603c939aaa857b4dba399ad3
--Users-vito-data-dev-dsh-relay--/a0927aeb-a760-4980-8f8c-a42a2f547e43/session.jsonl.zstd	canonical	v0	a0927aeb-a760-4980-8f8c-a42a2f547e43	445184	1788402254	9e57beb068a6612050447fb3594129cfcd03ded533f5f8b7931afcf154de1335
--Users-vito-data-dev-dsh-relay--/aaf35831-32ac-490a-8d83-51c11fce32bf/session.jsonl.zstd	canonical	v0	aaf35831-32ac-490a-8d83-51c11fce32bf	527487	1788402130	189150ef2b9e866dbc5649a018e26f1c211178e37f78192c97e2515fa20c1080
--Users-vito-data-dev-dsh-relay--/ebfca50a-2233-4e77-9f2f-9a9bf14bb912/session.jsonl.zstd	canonical	v0	ebfca50a-2233-4e77-9f2f-9a9bf14bb912	3850	1786952066	d443f1acae775565208e0a94248d07f0d17b0b028c3dd275b6c0346b1197f00a
--Users-vito-data-dev-dsh-relay--/f1c26c91-c517-4634-bd4b-62518218d381/session.jsonl.zstd	canonical	v0	f1c26c91-c517-4634-bd4b-62518218d381	621909	1788402448	575452cd468f340acdd486c6883466a528180fb1ea1d2b25bbedfeeb175092d2
--Users-vito-data-dev-dsh-relay--/fc95ce51-4f65-446a-9626-44f4e863c616/session.jsonl.zstd	canonical	v0	fc95ce51-4f65-446a-9626-44f4e863c616	3177	1786983685	07cbf2d401dbf672f24afed2811b1a97b0d396f5847b3971128cc1e503f2cd15
--Users-vito-data-dev-dsh-relay--/session-02def51a-27bc-4a99-8302-59470978ef79/session.jsonl.zstd	canonical	v0	session-02def51a-27bc-4a99-8302-59470978ef79	474	1788514684	6b149d65647598d621a9621fe3e42330f3a1096efa33dd0dac16e04b9dac7327
--Users-vito-data-dev-dsh-relay--/session-0635b798-7c96-4845-8e2c-926faf23d7ac/session.jsonl.zstd	canonical	v0	session-0635b798-7c96-4845-8e2c-926faf23d7ac	475	1788362051	7323383861013876d3a00c666405a697b85be940d83572a075acf141f8c97597
--Users-vito-data-dev-dsh-relay--/session-0e2f67c6-a4b1-4a3d-b3e6-6b0ed5dfbf20/session.jsonl.zstd	canonical	v0	session-0e2f67c6-a4b1-4a3d-b3e6-6b0ed5dfbf20	2410	1788443934	88281f4bf482ebca2e2daa08b9dbd14b9761ffe5b2801ced6e4df116a33b4ce1
--Users-vito-data-dev-dsh-relay--/session-16a193a1-a155-4671-af58-4f69102adedb/session.jsonl.zstd	canonical	v0	session-16a193a1-a155-4671-af58-4f69102adedb	471	1788510367	f4b029de663c5df838ddd01246b34aca11c0d16d5302be831aed9a5af686bfc0
--Users-vito-data-dev-dsh-relay--/session-1cdb8068-d3da-4cdd-a37d-db92197c62d4/session.jsonl.zstd	canonical	v0	session-1cdb8068-d3da-4cdd-a37d-db92197c62d4	473	1788509452	05bf3afc1b32b891a7511157ff1e6bc03b2bf6064c4c51b425ea94728c99c1e9
--Users-vito-data-dev-dsh-relay--/session-1e44f584-f7bf-45b7-9679-a76788ed3437/session.jsonl.zstd	canonical	v0	session-1e44f584-f7bf-45b7-9679-a76788ed3437	474	1788510178	58d5d57d7e243daa60d2afd105e5eb70f2515db1e84caf9035e1358578de7d28
--Users-vito-data-dev-dsh-relay--/session-260ff422-c1d5-4486-8dce-bb97c7255d3f/session.jsonl.zstd	canonical	v0	session-260ff422-c1d5-4486-8dce-bb97c7255d3f	1686971	1788076542	bfe245c6c87829745c4d2a09b22b4065122607b17de518fa57eeea4bef61efb7
--Users-vito-data-dev-dsh-relay--/session-27ea95f2-079a-4613-b16e-a8825b56a211/session.jsonl.zstd	canonical	v0	session-27ea95f2-079a-4613-b16e-a8825b56a211	470	1788510107	50954125a80dd9da38bcde1a6c758e72cd43905e6f811b5d7e0f5215b89b789a
--Users-vito-data-dev-dsh-relay--/session-28778f0b-e251-4eda-aeef-70df07f4edc3/session.jsonl.zstd	canonical	v0	session-28778f0b-e251-4eda-aeef-70df07f4edc3	472	1788493528	b27a6be6af472a911d9bfaa56c16d2a1ef3fa0d6b5a5719a0bb5dcf1bf408172
--Users-vito-data-dev-dsh-relay--/session-362a23b6-1afe-476c-9c2a-8e08d9331549/session.jsonl.zstd	canonical	v0	session-362a23b6-1afe-476c-9c2a-8e08d9331549	316552	1788159983	72b867f53b52cee78fd9c89b2d5bf2dc506bbb5b8801f2ba2422e0ce71f7db99
--Users-vito-data-dev-dsh-relay--/session-3a76d78d-1621-4d53-9ce2-2475f618c895/session.jsonl.zstd	canonical	v0	session-3a76d78d-1621-4d53-9ce2-2475f618c895	2407	1788443803	c5062d1d0b4dcc231ab2b7497e9bbce0ef539a9325a9ebd3adc60f8da93bf459
--Users-vito-data-dev-dsh-relay--/session-3b15c409-0fdd-43cf-b099-d9ba2744b803/session.jsonl.zstd	canonical	v0	session-3b15c409-0fdd-43cf-b099-d9ba2744b803	320	1788360855	cea321a9cefdd9ee3d090130f55e1833a2188c38395025d0ea5dc20062970e65
--Users-vito-data-dev-dsh-relay--/session-3e57e965-a4b4-4d1f-9f06-082ec1a8e251/session.jsonl.zstd	canonical	v0	session-3e57e965-a4b4-4d1f-9f06-082ec1a8e251	473	1788492371	a98a115f4be9fb457a9a10f7f4c4c1791b0426a5b44028eec628e7da2c6579fa
--Users-vito-data-dev-dsh-relay--/session-3f99aad7-4423-4330-9cfc-98cf619990c1/session.jsonl.zstd	canonical	v0	session-3f99aad7-4423-4330-9cfc-98cf619990c1	431494	1788786785	b223a516c8acfbf6de385e64d5b1bef5ea6860049b1b8248b5b32f0be1e306e0
--Users-vito-data-dev-dsh-relay--/session-49ece592-47ff-4fa1-8e53-77030ac62e40/session.jsonl.zstd	canonical	v0	session-49ece592-47ff-4fa1-8e53-77030ac62e40	470	1788624751	de436dfef1d460b01df3e8504e26498eee5f584df1c8bb7c4622881505c3185f
--Users-vito-data-dev-dsh-relay--/session-50cd3602-e8b2-474d-8fa3-c2cf7fee9859/session.jsonl.zstd	canonical	v0	session-50cd3602-e8b2-474d-8fa3-c2cf7fee9859	337214	1788516281	97efd19ccd2f8b20ee9d23fe2905d929af5ee1b590338042c3bdc076675d62ba
--Users-vito-data-dev-dsh-relay--/session-56050234-0723-405e-9395-026ca0349d35/session.jsonl.zstd	canonical	v0	session-56050234-0723-405e-9395-026ca0349d35	319	1788085095	467ab670c38276e7d6dff35c8672c1fe5ee3b5f7f1b0a4e553a37b7c7ebf061b
--Users-vito-data-dev-dsh-relay--/session-5b40495e-9899-4191-a91b-4f06f7f99b61/session.jsonl.zstd	canonical	v0	session-5b40495e-9899-4191-a91b-4f06f7f99b61	472	1788509923	1d154ea304bce8de2d85fb94c806aca8f77368e6fb125a6262adb12a33666bf6
--Users-vito-data-dev-dsh-relay--/session-5bb90c26-28c2-4156-aa0f-81fc8f7bb804/session.jsonl.zstd	canonical	v0	session-5bb90c26-28c2-4156-aa0f-81fc8f7bb804	471	1788747526	8e4b21c7c5cd30ba18b9c693639231b689882e04b9aec5d7a0f669dac3062709
--Users-vito-data-dev-dsh-relay--/session-669a73ef-a0da-443f-bb38-6e119c213bce/session.jsonl.zstd	canonical	v0	session-669a73ef-a0da-443f-bb38-6e119c213bce	2650	1788750226	59c852a36277e99effa2ddd8dcb7f168ab1f76f9c4a4045c58ebfabb29e77c72
--Users-vito-data-dev-dsh-relay--/session-692bc462-b29b-4fb6-bb5a-f738ed911086/session.jsonl.zstd	canonical	v0	session-692bc462-b29b-4fb6-bb5a-f738ed911086	473	1788492817	102de056f62eed259922a45e35b8439ba2eeb539fc3c88aba664f2da1df51807
--Users-vito-data-dev-dsh-relay--/session-6fb3e228-9d99-49f3-8edd-e3891a589aa0/session.jsonl.zstd	canonical	v0	session-6fb3e228-9d99-49f3-8edd-e3891a589aa0	3343	1787849364	64e7250f9128d1b74ad96647d720a9a5ee3ec95e810cc84a81c55c125c8001cb
--Users-vito-data-dev-dsh-relay--/session-733f93bf-4f2c-44bd-91f3-fba3bbf1503d/session.jsonl.zstd	canonical	v0	session-733f93bf-4f2c-44bd-91f3-fba3bbf1503d	319	1788084411	a870115d511eba379fde02f332557c341806cbe8f2cd925a5be7819f8506bfaf
--Users-vito-data-dev-dsh-relay--/session-74c377af-2c43-4e20-935b-5a5799473e77/session.jsonl.zstd	canonical	v0	session-74c377af-2c43-4e20-935b-5a5799473e77	471	1788149138	cdf6db56d1d36a8971d8ec49f96fe078d4fcaaec197d4387b0cb1782b10ed2a9
--Users-vito-data-dev-dsh-relay--/session-84df430f-27ac-427c-8ef1-d93a39825997/session.jsonl.zstd	canonical	v0	session-84df430f-27ac-427c-8ef1-d93a39825997	468	1788747418	a6a6e213ccfb9b40f4f78fc7b11955909c09f7a0109a26b72f0a71e1cf9d4a5b
--Users-vito-data-dev-dsh-relay--/session-8bff1f86-f429-445c-88bb-1e8ffce85e50/session.jsonl.zstd	canonical	v0	session-8bff1f86-f429-445c-88bb-1e8ffce85e50	2203	1788481168	783ec73d1f3b51558ea7e6222b1ca1a79ed3b573e170f6c9a2f549069981bc66
--Users-vito-data-dev-dsh-relay--/session-961d1b86-4629-4a1e-8467-d2815e3aaaa1/session.jsonl.zstd	canonical	v0	session-961d1b86-4629-4a1e-8467-d2815e3aaaa1	2406	1788444697	499886d7600b7895d331784bad3ecd244dfc1332067a3e161f5f90740a08f4ca
--Users-vito-data-dev-dsh-relay--/session-98933c40-803e-4734-9f08-4992a7c12e25/session.jsonl.zstd	canonical	v0	session-98933c40-803e-4734-9f08-4992a7c12e25	986742	1787849357	b17b481f91ce6b0ba7fc5a3d4e197e2a44d9e82442625792b951e2e20a1e280f
--Users-vito-data-dev-dsh-relay--/session-9a7c59c4-be67-43f5-a4af-37dc59d716c1/session.jsonl.zstd	canonical	v0	session-9a7c59c4-be67-43f5-a4af-37dc59d716c1	467	1788579514	431f4e7daf8560b447ce3835de49c9d9a87ec2ba43b11ed9eee00948ce4c2b08
--Users-vito-data-dev-dsh-relay--/session-9c5ab6ca-1788-4f17-b268-e85b4820dc4a/session.jsonl.zstd	canonical	v0	session-9c5ab6ca-1788-4f17-b268-e85b4820dc4a	319	1788360997	d7459a7162e0a20d6360d6e6fb66dbf071dd88251a3da2b9237f8e22ce7e3651
--Users-vito-data-dev-dsh-relay--/session-a6b1775f-d75b-4f38-93eb-d0ef01fb5ffa/session.jsonl.zstd	canonical	v0	session-a6b1775f-d75b-4f38-93eb-d0ef01fb5ffa	626	1788148719	1d9ede556d262084fd96de82da2df94e894cf5b6cd2ad2a88795cdca3a152359
--Users-vito-data-dev-dsh-relay--/session-af0ceb6a-6472-4896-9d39-3d480abb5103/session.jsonl.zstd	canonical	v0	session-af0ceb6a-6472-4896-9d39-3d480abb5103	7416749	1787969969	d34b12a633d83c2d1d8001a2494726e2164a908b0918a3672f0047ec6040d974
--Users-vito-data-dev-dsh-relay--/session-b034a131-d3ab-4ebf-9f08-8263fdbcc76a/session.jsonl.zstd	canonical	v0	session-b034a131-d3ab-4ebf-9f08-8263fdbcc76a	5947	1788072609	2d717e0b85eca35053c8f4a65a71267243162fa8d807461db3919b3d0047f858
--Users-vito-data-dev-dsh-relay--/session-b2d76681-51f5-4a7e-96ca-f9c5afbae98d/session.jsonl.zstd	canonical	v0	session-b2d76681-51f5-4a7e-96ca-f9c5afbae98d	1609038	1788435643	3d49f09c1af09a3c748514223ffd238129b7fd8f436991867d5172e2947824c1
--Users-vito-data-dev-dsh-relay--/session-ba1060f3-3cba-410f-8369-6130cb859b58/session.jsonl.zstd	canonical	v0	session-ba1060f3-3cba-410f-8369-6130cb859b58	473	1788594470	15b672affb2f21712dfc974aa5ab0b2f234127124b7329d06134d9014066cf83
--Users-vito-data-dev-dsh-relay--/session-ba92942c-b611-4b70-81ea-3d48e332df71/session.jsonl.zstd	canonical	v0	session-ba92942c-b611-4b70-81ea-3d48e332df71	473	1788595193	6efa163ede08f5f972d11170da83e963acfb77a55fc806eb8f772cdfd8beb616
--Users-vito-data-dev-dsh-relay--/session-bc8abfc9-e288-4bde-9014-ed4c5f7ddf79/session.jsonl.zstd	canonical	v0	session-bc8abfc9-e288-4bde-9014-ed4c5f7ddf79	467	1788610986	65a5078d2e93579d5555666f08672ddac74dba90c56a0c3849904f047b8ff0e9
--Users-vito-data-dev-dsh-relay--/session-c503bfcd-196a-4eb2-89de-6791bf73e204/session.jsonl.zstd	canonical	v0	session-c503bfcd-196a-4eb2-89de-6791bf73e204	1229616	1788490444	34ecc3b0496705a4d5f6963f0c5eae0bc3611ba1a6cbaf02f5ba48908f3d1682
--Users-vito-data-dev-dsh-relay--/session-cf373dd1-f957-4a3f-847f-3a3e02230ef9/session.jsonl.zstd	canonical	v0	session-cf373dd1-f957-4a3f-847f-3a3e02230ef9	479	1788361863	4b0713f7e10de886d743d7ed57ffc04c66262b0cae4953efd09a581df894bb93
--Users-vito-data-dev-dsh-relay--/session-ddd2c6e5-49a7-4b58-9ac7-a6ba376745d9/session.jsonl.zstd	canonical	v0	session-ddd2c6e5-49a7-4b58-9ac7-a6ba376745d9	45362424	1788603977	84f5b72d142b49d6880ac4ce9596cc5388d720336aea86223e57fa3a2067a36f
--Users-vito-data-dev-dsh-relay--/session-e1bd1c25-594b-4d96-88e2-127eac560628/session.jsonl.zstd	canonical	v0	session-e1bd1c25-594b-4d96-88e2-127eac560628	337596	1788749850	076b99a188c7dccffacc29e0eaab40c62ea384d77119bf4ebfe631c02e3bbe84
--Users-vito-data-dev-dsh-relay--/tui-probe-sess/session.jsonl.zstd	canonical	v0	tui-probe-sess	276	1788072502	60f9f84668a68777cfd528f966cf8ad4c9b1704dedc6e14213492fc383c8f916
--Users-vito-data-dev-dsh-relay--/verify-iso-1788098263910/session.jsonl.zstd	canonical	v0	verify-iso-1788098263910	304	1788098264	9f309f0186e8a9081fcbb28782309dea0318c84c33b27ff6fdb475e116f83915
--Users-vito-data-dev-dsh-relay--/verify-macdev/session.jsonl.zstd	canonical	v0	verify-macdev	277	1788085050	431cfee3c897b3640f2cb70abfc2b929e873b6ff0059074925fe41b612fb394d
--Users-vito-data-dev-dsh-relay--/verify-preset-1788096984174/session.jsonl.zstd	canonical	v0	verify-preset-1788096984174	381	1788098201	14abc567e40bb55c3f3a25892482687072f5ad5c02d95dc978b886c661309df9
--Users-vito-data-dev-dsh-tui--/039fa5e7-60a1-4036-a58e-83bbbc462fb4/session.jsonl.zstd	canonical	v0	039fa5e7-60a1-4036-a58e-83bbbc462fb4	61450	1787236822	f68ca05c2cd92655a161b1528746116f4e36306bbd7dac710785be440382331f
--Users-vito-data-dev-dsh-tui--/0bc202d6-d55d-418e-936c-e9b4100d35b4/session.jsonl.zstd	canonical	v0	0bc202d6-d55d-418e-936c-e9b4100d35b4	3219	1787300245	2b4824d1693531a09caf083e2e45b20b46ecb2c766fcc01f2742834e3b87a4ad
--Users-vito-data-dev-dsh-tui--/0fb1db55-b791-44ba-ad4d-2ab40d03e34b/session.jsonl.zstd	canonical	v0	0fb1db55-b791-44ba-ad4d-2ab40d03e34b	1963	1786768594	7fc21c74cea4e4dd9a09dcebdf76c1ebb166739b467b4ab7a9d03c6d25e64815
--Users-vito-data-dev-dsh-tui--/19445d8a-a41a-4a98-9021-e6e623c8168e/session.jsonl.zstd	canonical	v0	19445d8a-a41a-4a98-9021-e6e623c8168e	3399	1787237954	84722151a4ae154cb72a717c6772e0b0c228198d1a18f642167a13f0d04bfb7b
--Users-vito-data-dev-dsh-tui--/1ad38197-8992-4ed1-a77c-713b55efc6bd/session.jsonl.zstd	canonical	v0	1ad38197-8992-4ed1-a77c-713b55efc6bd	3649	1787153303	8f6be09aa67f482639812902f975905f752a7a8541f1ad341b719744babed8bf
--Users-vito-data-dev-dsh-tui--/1d9a85f5-288f-4d49-9105-651e4ea86583/session.jsonl.zstd	canonical	v0	1d9a85f5-288f-4d49-9105-651e4ea86583	3606	1787229216	9f5d958fad14b9c350b791b818c04751624aa7295d79e7646141e3b9163b638f
--Users-vito-data-dev-dsh-tui--/208de6a4-7820-4020-a174-ba55ff4e7520/session.jsonl.zstd	canonical	v0	208de6a4-7820-4020-a174-ba55ff4e7520	17205	1786764814	948019193cbfaccb7a50495226549254f5999d3a7ee253b671339ac552997ab9
--Users-vito-data-dev-dsh-tui--/284f8824-e44b-4c39-9c1c-027bcabd5c1a/session.jsonl.zstd	canonical	v0	284f8824-e44b-4c39-9c1c-027bcabd5c1a	172099	1787153580	c7c53fe5f936f1ceab7d9fd06878d519b3ef54ad51f39fd97fa55bcc3af8543a
--Users-vito-data-dev-dsh-tui--/2dfc0e0f-119b-45b3-a3fd-8f3f150cbed3/session.jsonl.zstd	canonical	v0	2dfc0e0f-119b-45b3-a3fd-8f3f150cbed3	3215	1787300120	f7e21f458354062b62854f8b41a3a38f1eb63ee252be77f20b156f1fc34863e3
--Users-vito-data-dev-dsh-tui--/34706c42-6374-41e9-91bf-bde6fee4c005/session.jsonl.zstd	canonical	v0	34706c42-6374-41e9-91bf-bde6fee4c005	69948	1787227706	a8653169cfed2d5dd599a5befced6200fee7f9e111dbb36a67bbc58afb904b6f
--Users-vito-data-dev-dsh-tui--/356a040e-2f93-4089-9ec0-9ef6e124a17d/session.jsonl.zstd	canonical	v0	356a040e-2f93-4089-9ec0-9ef6e124a17d	693968	1787224300	f2be541c893a1cfeff011c80b577cf30f443e48f383f38cb5804fffe403668ed
--Users-vito-data-dev-dsh-tui--/3d3f8e6b-e4e9-4b6a-912e-7a08bd06fc0e/session.jsonl.zstd	canonical	v0	3d3f8e6b-e4e9-4b6a-912e-7a08bd06fc0e	3105	1787296495	635f97803e4d34633d4e5276bfc01c3057a7cb31e12bb16f6abe8c4744da2ab4
--Users-vito-data-dev-dsh-tui--/43ef5c6d-94bf-4b37-b037-1954abd7c96e/session.jsonl.zstd	canonical	v0	43ef5c6d-94bf-4b37-b037-1954abd7c96e	117941	1787153349	ff7cb3f9f3b64d95f5430364edcd3ebade8945dbf2e6134b48d3eccf9cf289de
--Users-vito-data-dev-dsh-tui--/4db95d22-4a13-44fc-848b-4c73dfaddb19/session.jsonl.zstd	canonical	v0	4db95d22-4a13-44fc-848b-4c73dfaddb19	2968	1787296380	dda0b94801ce7b15f210b183b8f51647261193da6953f978de32c85d7bde59cb
--Users-vito-data-dev-dsh-tui--/4e48909b-ab4e-4001-9721-e9c2185f0322/session.jsonl.zstd	canonical	v0	4e48909b-ab4e-4001-9721-e9c2185f0322	684838	1787223787	16d60c87ce1d87eb77a34cd7a94766aad6ed04d5cab0e99ba1d416c5f278f531
--Users-vito-data-dev-dsh-tui--/53504eac-ad12-433c-b801-1597b22e1dd2/session.jsonl.zstd	canonical	v0	53504eac-ad12-433c-b801-1597b22e1dd2	1264208	1786803456	f2ee9a869dcb062133c330addee3d3042a360c5c2e46aa33f6a71559777d17c9
--Users-vito-data-dev-dsh-tui--/53504eac-ad12-433c-b801-1597b22e1dd2/session.jsonl.zstd.bak	variant	-	53504eac-ad12-433c-b801-1597b22e1dd2	1054437	1786766374	c828f250ffa84653352db55492c66f2160bf794039574caa906ea1f42f77ef56
--Users-vito-data-dev-dsh-tui--/53504eac-ad12-433c-b801-1597b22e1dd2/session.jsonl.zstd.bak2	variant	-	53504eac-ad12-433c-b801-1597b22e1dd2	472929	1786768047	7fe7dc09c111968fc2eeedd7767f9073d42965b670607306b63e6293727a4276
--Users-vito-data-dev-dsh-tui--/53504eac-ad12-433c-b801-1597b22e1dd2/session.jsonl.zstd.bak3	variant	-	53504eac-ad12-433c-b801-1597b22e1dd2	1016944	1786768519	2ef6e326b44cd2f88f5753e7797c02a95b1a7436ecc1b6df264e39cf4e1296e5
--Users-vito-data-dev-dsh-tui--/551cef94-a623-49bf-8349-832738bee553/session.jsonl.zstd	canonical	v0	551cef94-a623-49bf-8349-832738bee553	31817	1787237280	8555341c8006e734d5915133c3d997e1413f97d1bf0563893088364b4da7b2a5
--Users-vito-data-dev-dsh-tui--/59fa11bf-c351-44a4-b97d-e9a3d066ab08/session.jsonl.zstd	canonical	v0	59fa11bf-c351-44a4-b97d-e9a3d066ab08	49436	1787227054	6b54cd32abb08a55b2c6922b73e330770ee01e7722bf9fb980534ddb3f0dd376
--Users-vito-data-dev-dsh-tui--/646fbf25-85fa-4e86-87db-ec88fcac6321/session.jsonl.zstd	canonical	v0	646fbf25-85fa-4e86-87db-ec88fcac6321	3222	1787297067	f46d210e79439a55c38d2388e212bbab71a59943e1a4cdee6664cfe250cc79ca
--Users-vito-data-dev-dsh-tui--/6ccfa922-327f-4734-9e48-07b24020496f/session.jsonl.zstd	canonical	v0	6ccfa922-327f-4734-9e48-07b24020496f	1876	1786766455	97bcdc2ba23b2f1cd914e2d1e4e093fcda28d5d0a6e9f535b763c11825408700
--Users-vito-data-dev-dsh-tui--/6df94e3c-ef81-41aa-951b-8f49219d6ddf/session.jsonl.zstd	canonical	v0	6df94e3c-ef81-41aa-951b-8f49219d6ddf	939079	1787220275	34153a0e239c5368888597f548abb3b2321fd0eb3e73b33cb3540935ff441016
--Users-vito-data-dev-dsh-tui--/765424c4-620e-4c1e-862a-a00fe7256cbe/session.jsonl.zstd	canonical	v0	765424c4-620e-4c1e-862a-a00fe7256cbe	735639	1787297045	436bfe087bc215fd9a2fc791c84b2d16334960895ea821b7713d450b346ed847
--Users-vito-data-dev-dsh-tui--/799c937e-97e8-4f36-b342-1e8d79786340/session.jsonl.zstd	canonical	v0	799c937e-97e8-4f36-b342-1e8d79786340	6974	1787153310	7318172ca63561501192a3e391337ef277693621805b09c179ba95c4f007505b
--Users-vito-data-dev-dsh-tui--/7a3a2fb2-ae41-4672-bd48-d1ad11ff0a7d/session.jsonl.zstd	canonical	v0	7a3a2fb2-ae41-4672-bd48-d1ad11ff0a7d	3631	1787294185	98436dcab14bae049c982a7f1a1e2d58c4819334d5115dca7df6227542753f38
--Users-vito-data-dev-dsh-tui--/8add0707-3c22-4fc2-93ff-9751427941c6/session.jsonl.zstd	canonical	v0	8add0707-3c22-4fc2-93ff-9751427941c6	3569	1787229997	bf92c69ecee25477919513a61a16c7c0fae7cf77b14fc86f598dfed5fdc71133
--Users-vito-data-dev-dsh-tui--/9c089044-b631-4370-81e2-fb813efbad22/session.jsonl.zstd	canonical	v0	9c089044-b631-4370-81e2-fb813efbad22	1980	1786763780	f84ebf951af247fdb46ba286fb5a3b62dcf7d217b80cd0efd8dd41214bd65e09
--Users-vito-data-dev-dsh-tui--/9d4af12f-da4b-4017-a460-e6a6ade51868/session.jsonl.zstd	canonical	v0	9d4af12f-da4b-4017-a460-e6a6ade51868	1485755	1787218487	726067387a8dbf514a5568d5be7d2bd592930a535e330b333acf9989821da7c6
--Users-vito-data-dev-dsh-tui--/a29b07ab-cc21-46a1-9235-09fb2c6c9eb1/session.jsonl.zstd	canonical	v0	a29b07ab-cc21-46a1-9235-09fb2c6c9eb1	86055	1787229593	f01b89c8ef66d0e26336e13eb5da0d837724cfcb2112006434ab5c288a982999
--Users-vito-data-dev-dsh-tui--/ae655a75-98e9-40db-8ad9-617f854433cb/session.jsonl.zstd	canonical	v0	ae655a75-98e9-40db-8ad9-617f854433cb	2258546	1787300268	5a3a2ff992d9f6f91c2783f6f4cb7effc8f0c14f94064239a3376bcae2931059
--Users-vito-data-dev-dsh-tui--/ae655a75-98e9-40db-8ad9-617f854433cb/session.jsonl.zstd.bak-20260821-1451	variant	-	ae655a75-98e9-40db-8ad9-617f854433cb	3887125	1787295137	21c2ab9995031df695739406389f4164e554427352dcbf75fbbeff93bcfa759a
--Users-vito-data-dev-dsh-tui--/ae655a75-98e9-40db-8ad9-617f854433cb/session.jsonl.zstd.corrupt-oro-20260821-1520	variant	-	ae655a75-98e9-40db-8ad9-617f854433cb	3887125	1787297015	21c2ab9995031df695739406389f4164e554427352dcbf75fbbeff93bcfa759a
--Users-vito-data-dev-dsh-tui--/b3c43a05-031a-4f2c-aa53-99d876c77bec/session.jsonl.zstd	canonical	v0	b3c43a05-031a-4f2c-aa53-99d876c77bec	3704	1787216888	420321fccaf8092a304e034be390d74f1beda5550b0ffc86ec1deb621804dfe7
--Users-vito-data-dev-dsh-tui--/b40d564b-5c10-46fd-80c8-4eca76e9e65d/session.jsonl.zstd	canonical	v0	b40d564b-5c10-46fd-80c8-4eca76e9e65d	3569	1787231327	c8975e80220574b1e53593f36d13e3ced2482bb59c4e7e58c27e399fd349c19a
--Users-vito-data-dev-dsh-tui--/bc7a795d-36a9-4936-b3be-d8d436767e30/session.jsonl.zstd	canonical	v0	bc7a795d-36a9-4936-b3be-d8d436767e30	67353	1787238123	533dc1755c03ee0cd1c96548ca7afbdebe0ef2436c2617776a79327d58a4cae0
--Users-vito-data-dev-dsh-tui--/bf1eb3c5-cdfd-4ed5-86eb-abed30907e2f/session.jsonl.zstd	canonical	v0	bf1eb3c5-cdfd-4ed5-86eb-abed30907e2f	1411272	1787158858	6071411b365ea8901c84d7ef3dcd692c1e2f2f0563b5bc5473ae632f8eba86d5
--Users-vito-data-dev-dsh-tui--/bf501e46-ec50-4c02-902d-e0e0cd7c844f/session.jsonl.zstd	canonical	v0	bf501e46-ec50-4c02-902d-e0e0cd7c844f	3222	1787299977	6e904fc4405540b1942fca8f2c983521a182dcc2d1875d1ef51f36a06ca064c8
--Users-vito-data-dev-dsh-tui--/c7de3a43-3f33-4278-864f-da32aca6d4a1/session.jsonl.zstd	canonical	v0	c7de3a43-3f33-4278-864f-da32aca6d4a1	1870	1786766440	9636a606032ee3d4d90a9a1c2b719d8cdda3f8ca72ab971be1686eacf16ac29e
--Users-vito-data-dev-dsh-tui--/c9d3119e-ccdb-40a0-8dc2-31f046487168/session.jsonl.zstd	canonical	v0	c9d3119e-ccdb-40a0-8dc2-31f046487168	1800	1786768226	5813c3898e105637c6eb5a2923ac0b530151bc52fdf6c277e005861dd5d50002
--Users-vito-data-dev-dsh-tui--/cc832f2b-d366-4710-8c51-f1c6a3ff0e90/session.jsonl.zstd	canonical	v0	cc832f2b-d366-4710-8c51-f1c6a3ff0e90	1865238	1786771954	8e96debc4b6ca47b05426bf4bba5c97b9d909067acb63bfdc3aceebbe1bdc559
--Users-vito-data-dev-dsh-tui--/cf043a49-7a7d-4f4d-993f-4dededdbfc5c/session.jsonl.zstd	canonical	v0	cf043a49-7a7d-4f4d-993f-4dededdbfc5c	67608	1787296528	ad49be19ec9d9036c3e5180cb1dd10b303c9b479064c693c94e23127d30e5fe8
--Users-vito-data-dev-dsh-tui--/d8435065-f9f7-484d-acac-2cf07779c8db/session.jsonl.zstd	canonical	v0	d8435065-f9f7-484d-acac-2cf07779c8db	1876	1786766499	5fefcd78481df3ba81c9cbffb4162c9a3ae298ded27bbf461f5ad8aababf9fb5
--Users-vito-data-dev-dsh-tui--/dd08fed4-57e9-44c5-9778-38de24604a87/session.jsonl.zstd	canonical	v0	dd08fed4-57e9-44c5-9778-38de24604a87	723583	1787224259	4cd00db6e6779fedcd3fd7e9e565da13f0680ab342aa2d763822b46d7e801665
--Users-vito-data-dev-dsh-tui--/e4bee577-da0b-4aaf-9526-23a40709e76f/session.jsonl.zstd	canonical	v0	e4bee577-da0b-4aaf-9526-23a40709e76f	3650	1787154791	7547d9aef87019d045e8e8c121b71e6d675ab7e35ce7ace8bf3677f94046d516
--Users-vito-data-dev-dsh-tui--/f12323f1-0892-4acc-88b8-f3caab80863f/session.jsonl.zstd	canonical	v0	f12323f1-0892-4acc-88b8-f3caab80863f	17211	1786763895	dc5d6d49b7c640b17348ec07ac046995bf28bf02a5f96ad8832b36ade3ff02fe
--Users-vito-data-dev-dsh-tui--/f9edfd2c-351d-45c3-b69e-b8f6dd91abfa/session.jsonl.zstd	canonical	v0	f9edfd2c-351d-45c3-b69e-b8f6dd91abfa	3569	1787231304	1f4e9eb7810b33ff297724ab72cb875cd7e815bd1700454576b59cca7a40bbc2
--Users-vito-data-dev-dsh-tui--/fbd66346-78b7-491a-a8c1-3ebfdf598cc8/session.jsonl.zstd	canonical	v0	fbd66346-78b7-491a-a8c1-3ebfdf598cc8	3400	1787237206	3b473ee9477531fa47b99e70a08cfdffa59a47bd62844d5d250ce973105a737c
--Users-vito-data-dev-dsh-tui--/fbf273b4-5b5a-4557-8ace-256ca554c3b3/session.jsonl.zstd	canonical	v0	fbf273b4-5b5a-4557-8ace-256ca554c3b3	3701	1787152857	e02f15bd158f218fc9a6368d17bb1dcab90ab951dabc6f6789b55b65792a4b34
--Users-vito-data-dev-dsh-tui--/session-live-5620a94b-4b16-4b21-9f0a-775065e35b1a/session.jsonl.zstd	canonical	v0	session-live-5620a94b-4b16-4b21-9f0a-775065e35b1a	35607	1787229030	556efbcf66504af33a7f03175962bf112a5f223f64326e48ee6c5a68e8c2fac8
--Users-vito-data-dev-dsh-tui--/session-live-7ad337f0-a500-4e78-92c7-6659c7bdb97f/session.jsonl.zstd	canonical	v0	session-live-7ad337f0-a500-4e78-92c7-6659c7bdb97f	35381	1787228692	ea4080c39c096adf299d2e13f7048ddd663b1df6a79d4158dbd61a102f2398a5
--Users-vito-data-dev-dsh-tui--/session-live-7fbd6a9d-e439-4693-8095-f1a624c41e56/session.jsonl.zstd	canonical	v0	session-live-7fbd6a9d-e439-4693-8095-f1a624c41e56	33461	1787237129	09daecf44fa518ad61549b769857a0b76b265f4cd32e3c7f14d703838f580eb8
--Users-vito-data-dev-dsh-tui--/session-live-ca401d65-ae39-4624-9838-ee068cd4e570/session.jsonl.zstd	canonical	v0	session-live-ca401d65-ae39-4624-9838-ee068cd4e570	36278	1787228936	1d1305e48e1a8f909a64fcede0b7955b1dd97afcfb2e84674b4d3fb3fbd210ed
--Users-vito-data-dev-dsh-tui--/session-smoke-016747b3-1654-4a0d-8237-47a86f6b1c52/session.jsonl.zstd	canonical	v0	session-smoke-016747b3-1654-4a0d-8237-47a86f6b1c52	413	1787226046	afd3794e8b48c3e0fb7c30dc023c4b83147d66682fa29bfdfc83a6166504298f
--Users-vito-data-dev-dsh-tui--/session-smoke-46e4375a-fbf1-4782-a5d6-cd09e9d6f31f/session.jsonl.zstd	canonical	v0	session-smoke-46e4375a-fbf1-4782-a5d6-cd09e9d6f31f	410	1787225277	df2f51ddf14c87d78294f833f4592d3f2c23db0af460e58c6a3af7bd4bcee415
--Users-vito-data-dev-dsh-tui--/session-smoke-b6c3e73a-39a3-4973-9b86-bb46038e96f3/session.jsonl.zstd	canonical	v0	session-smoke-b6c3e73a-39a3-4973-9b86-bb46038e96f3	411	1787225623	fd01026cf0a00bd431b8294640539193d00f6c201eff10706a99c190010c3373
--Users-vito-data-dev-dsh-tui--/session-smoke-c8ca0d15-929d-41d0-9a6b-ef59c76a14c3/session.jsonl.zstd	canonical	v0	session-smoke-c8ca0d15-929d-41d0-9a6b-ef59c76a14c3	407	1787225721	f0e4e065f96727604fb2dd8c3c61bcbb8b53bcdc435ccbcb07bb22006fd23835
--Users-vito-data-dev-dsh-tui--/session-smoke-e8b8a07e-1782-4eb7-b2c7-acfd88dfd204/session.jsonl.zstd	canonical	v0	session-smoke-e8b8a07e-1782-4eb7-b2c7-acfd88dfd204	407	1787225343	2e658eafaa04c2166695b4528a7ff3b450e72dd535e0ada3bb30a843e2ca4b73
--Users-vito-data-dev-dsh-tui--/session-smoke-ee41bb64-22bf-47e9-bc68-671a26e75629/session.jsonl.zstd	canonical	v0	session-smoke-ee41bb64-22bf-47e9-bc68-671a26e75629	410	1787237850	74a8337fc39bdea4bee32549c82af88f290d83731d294f9f0369761c418ac6d0
--Users-vito-data-dev-dsh-tui--/xxx.sh	stray	-	-	2756	1786767974	436ad27ae61dfe976299eeeb1e12673416dc247ba1bb4d331cf0ad65521fe613
--Users-vito-data-dev-endless-dsh--/3dadfc78-a4dc-48e8-8b48-b31d6a29637d/session.jsonl.zstd	canonical	v0	3dadfc78-a4dc-48e8-8b48-b31d6a29637d	1677191	1787590453	176d060a1cb594222b7acd2c839b61a012c9a18c2dfebaae339a2445ec54df17
--Users-vito-data-dev-endless-dsh--/4b98b277-0484-46c2-b15f-677a7cc8d978/session.jsonl.zstd	canonical	v0	4b98b277-0484-46c2-b15f-677a7cc8d978	3797	1787063507	0649c941fe7d6010e15427c095591f395416d1aa462793c0136822368fdb8963
--Users-vito-data-dev-endless-dsh--/526b895e-5d8e-4ef5-a737-d68bf2853679/session.jsonl.zstd	canonical	v0	526b895e-5d8e-4ef5-a737-d68bf2853679	3713	1787021951	a3e3d0f65aa08f9dbd2aef4e010a06ea4e1a79a21ae43807004e63e17febf48e
--Users-vito-data-dev-endless-dsh--/a03c9f00-5091-4cae-94f0-ba6b696ef849/session.jsonl.zstd	canonical	v0	a03c9f00-5091-4cae-94f0-ba6b696ef849	3711	1786978732	2a292eee689144b5a3d243c60d091822474048a2e99a1207948bdb771baca626
--Users-vito-data-dev-endless-dsh--/c62bc362-cfa5-4636-a50d-d39e5f50b632/session.jsonl.zstd	canonical	v0	c62bc362-cfa5-4636-a50d-d39e5f50b632	1511	1786762667	27e79f3148b45a4935e00a8b75cdca573913d7552f1d4914dc282de001d76114
--Users-vito-data-dev-endless-dsh--/e24d311d-07c4-45f7-854a-477cd06ad7d2/session.jsonl.zstd	canonical	v0	e24d311d-07c4-45f7-854a-477cd06ad7d2	4184	1786774063	f741a1d73aac27734c89f7e1eaecadde74e46b294dd1bbf8bb3673147c135dde
--Users-vito-data-dev-endless-dsh--/session-0c9d5be2-944a-4978-b839-2eeff639198b/session.jsonl.zstd	canonical	v0	session-0c9d5be2-944a-4978-b839-2eeff639198b	3728	1787585130	bcaa8a474908c0a69396b3cb4ea58ade623559a9ff43369b5af758e9e1c8ff10
--Users-vito-data-dev-endless-dsh--/session-0e9ee499-8cf7-4c22-9394-feb62ac1598d/session.jsonl.zstd	canonical	v0	session-0e9ee499-8cf7-4c22-9394-feb62ac1598d	3966	1787589965	b5e4e6ba436fb9be1674ced82b2ae3f2343ddbace20b6fe75d5e5161c9161f6f
--Users-vito-data-dev-endless-dsh--/session-36e3a9c5-1e8d-44ae-9b26-654f24cd425a/session.jsonl.zstd	canonical	v0	session-36e3a9c5-1e8d-44ae-9b26-654f24cd425a	14469347	1786978800	fa0fecb24733cfd702038da40ddc96a7088e831ca63b45f50e0220bfa70a5978
--Users-vito-data-dev-endless-dsh--/session-52ff5cf6-0495-4910-be45-c43ddc4cfd2b/session.jsonl.zstd	canonical	v0	session-52ff5cf6-0495-4910-be45-c43ddc4cfd2b	1946181	1787590419	6091e8dc3ef1c3628bf01260d1bca12c9e09be8127973a11ad225659ae4c745f
--Users-vito-data-dev-endless-dsh--/session-6c568d34-c449-402c-9e1b-e599c2285f70/session.jsonl.zstd	canonical	v0	session-6c568d34-c449-402c-9e1b-e599c2285f70	546	1786720475	0626b76b1ad614222086b3572919174a50f8c92837723b31019f5ab28f5e6d74
--Users-vito-data-dev-endless-dsh--/session-9a7e9be4-0ab7-4106-9814-34771cffd40f/session.jsonl.zstd	canonical	v0	session-9a7e9be4-0ab7-4106-9814-34771cffd40f	3725	1787585048	cf9c44be617cfeb211be4bba8a84d75c84662af9a5a3d4c7d8f3b45c53a10b4e
--Users-vito-data-dev-endless-dsh--/session-b037abf1-e65e-4319-962f-9ad09c16465c/session.jsonl.zstd	canonical	v0	session-b037abf1-e65e-4319-962f-9ad09c16465c	305827	1787903116	52fad07e2124cfa25ccfd74bea8a7964ba876555eafc5163afc0faed9c72231a
--Users-vito-data-dev-endless-dsh--/session-cf7b53a9-7509-48fe-bb4e-39773bb6ed46/session.jsonl.zstd	canonical	v0	session-cf7b53a9-7509-48fe-bb4e-39773bb6ed46	7591	1787589965	e1bf5eeb968475efbcf6a17e86a294f92e1ecd5d2a6661f12e905262f843de4b
--Users-vito-data-dev-endless-dsh--/session-d8100d6e-fa7c-487a-aac8-8dbd50e7f60d/session.jsonl.zstd	canonical	v0	session-d8100d6e-fa7c-487a-aac8-8dbd50e7f60d	1018175	1787589629	628b6581c0400d0f099e2560ebb6786a398d30ddb149c9de12ba403108238337
--Users-vito-data-dev-llm-proxy--/session-ab4c9552-8938-4cba-9f1a-24b9a8ada830/session.jsonl.zstd	canonical	v0	session-ab4c9552-8938-4cba-9f1a-24b9a8ada830	90308	1786640043	b7cbfc8b1f91c9e1f1ac97b90706dea80e77a0a266055faf6b98a8cb98de03d6
--Users-vito-data-dev-llm-proxy--/session-ab4c9552-8938-4cba-9f1a-24b9a8ada830/session.lock	lock	-	session-ab4c9552-8938-4cba-9f1a-24b9a8ada830	0	1789211955	e3b0c44298fc1c149afbf4c8996fb92427ae41e4649b934ca495991b7852b855
--Users-vito-data-dev-llm-proxy--/session-ab4c9552-8938-4cba-9f1a-24b9a8ada830/session.v3.jsonl.zstd	canonical	v3	session-ab4c9552-8938-4cba-9f1a-24b9a8ada830	78660	1789211955	95380ffcb9cbb5e76d49046ee6b12a2c5f7b3a7d2fdb3390c69c0b692550cdc3
--Users-vito-data-dev-mumu--/008062d2-c364-4100-8331-4eb56f945560/session.lock	lock	-	008062d2-c364-4100-8331-4eb56f945560	0	1790066521	e3b0c44298fc1c149afbf4c8996fb92427ae41e4649b934ca495991b7852b855
--Users-vito-data-dev-mumu--/008062d2-c364-4100-8331-4eb56f945560/session.v3.jsonl.zstd	canonical	v3	008062d2-c364-4100-8331-4eb56f945560	171069	1790066650	09f7bcc4cdbd58883f5cdd360018a304c76b6438595441b1787e757d0574c9c6
--Users-vito-data-dev-mumu--/00cab8ab-56a0-4654-b12c-b9902e8669d3/session.lock	lock	-	00cab8ab-56a0-4654-b12c-b9902e8669d3	0	1790011730	e3b0c44298fc1c149afbf4c8996fb92427ae41e4649b934ca495991b7852b855
--Users-vito-data-dev-mumu--/00cab8ab-56a0-4654-b12c-b9902e8669d3/session.v3.jsonl.zstd	canonical	v3	00cab8ab-56a0-4654-b12c-b9902e8669d3	241917	1790011916	ee0dfa3ec104873b87dfac905bdc945d7f552f74467721f60b0ba5e834eafa85
--Users-vito-data-dev-mumu--/019d709b-90bd-406c-9e00-6d4c2de533f4/session.lock	lock	-	019d709b-90bd-406c-9e00-6d4c2de533f4	0	1790065980	e3b0c44298fc1c149afbf4c8996fb92427ae41e4649b934ca495991b7852b855
--Users-vito-data-dev-mumu--/019d709b-90bd-406c-9e00-6d4c2de533f4/session.v3.jsonl.zstd	canonical	v3	019d709b-90bd-406c-9e00-6d4c2de533f4	374097	1790066388	43faf80a31870fd7d3e74f3b5c97f56d333d179c62a7a1641cb6d38ef79e4597
--Users-vito-data-dev-mumu--/02cec53d-f9cf-41c3-b7af-b3dded5382d7/session.lock	lock	-	02cec53d-f9cf-41c3-b7af-b3dded5382d7	0	1790065917	e3b0c44298fc1c149afbf4c8996fb92427ae41e4649b934ca495991b7852b855
--Users-vito-data-dev-mumu--/02cec53d-f9cf-41c3-b7af-b3dded5382d7/session.v3.jsonl.zstd	canonical	v3	02cec53d-f9cf-41c3-b7af-b3dded5382d7	39666	1790065957	bb1471380754906761d4b3c015344513adf47baef90ef14826a55d85a3398d0b
--Users-vito-data-dev-mumu--/04242ae0-0f72-4ebe-9b13-755074325abf/session.lock	lock	-	04242ae0-0f72-4ebe-9b13-755074325abf	0	1789958632	e3b0c44298fc1c149afbf4c8996fb92427ae41e4649b934ca495991b7852b855
--Users-vito-data-dev-mumu--/04242ae0-0f72-4ebe-9b13-755074325abf/session.v3.jsonl.zstd	canonical	v3	04242ae0-0f72-4ebe-9b13-755074325abf	449168	1789959284	c8708e2a0772e15848f5741afaf0d5d5a427d00d0b8159776ee455265e53bf88
--Users-vito-data-dev-mumu--/042cdd1b-ced6-4b06-b329-b28a63949bcb/session.lock	lock	-	042cdd1b-ced6-4b06-b329-b28a63949bcb	0	1789719296	e3b0c44298fc1c149afbf4c8996fb92427ae41e4649b934ca495991b7852b855
--Users-vito-data-dev-mumu--/042cdd1b-ced6-4b06-b329-b28a63949bcb/session.v3.jsonl.zstd	canonical	v3	042cdd1b-ced6-4b06-b329-b28a63949bcb	325910	1789722725	4c1decd8d5f17d1e81e11daf0c5c9d428b75e063ad171539773f5937eaaf8659
--Users-vito-data-dev-mumu--/048858af-1d64-4e8b-8d92-796a9a72972c/session.lock	lock	-	048858af-1d64-4e8b-8d92-796a9a72972c	0	1789964184	e3b0c44298fc1c149afbf4c8996fb92427ae41e4649b934ca495991b7852b855
--Users-vito-data-dev-mumu--/048858af-1d64-4e8b-8d92-796a9a72972c/session.v3.jsonl.zstd	canonical	v3	048858af-1d64-4e8b-8d92-796a9a72972c	268453	1789964442	f1d105b5211578b4a41d71971cdf248130367f6df3227c1e08ccf27ef4e626ca
--Users-vito-data-dev-mumu--/049e9fc0-cc37-42a2-a9d1-26bfe13db808/session.lock	lock	-	049e9fc0-cc37-42a2-a9d1-26bfe13db808	0	1790164711	e3b0c44298fc1c149afbf4c8996fb92427ae41e4649b934ca495991b7852b855
--Users-vito-data-dev-mumu--/049e9fc0-cc37-42a2-a9d1-26bfe13db808/session.v3.jsonl.zstd	canonical	v3	049e9fc0-cc37-42a2-a9d1-26bfe13db808	66140	1790164758	f6bf444715dce556bb02ef04b1875044402ffa33aa70d482cbb2344629282d43
--Users-vito-data-dev-mumu--/04af5fd6-6473-448e-9b96-4beb5b93a005/session.lock	lock	-	04af5fd6-6473-448e-9b96-4beb5b93a005	0	1789717379	e3b0c44298fc1c149afbf4c8996fb92427ae41e4649b934ca495991b7852b855
--Users-vito-data-dev-mumu--/04af5fd6-6473-448e-9b96-4beb5b93a005/session.v3.jsonl.zstd	canonical	v3	04af5fd6-6473-448e-9b96-4beb5b93a005	458868	1789718942	c79a4df2800377ff0fbad5e66dc6ea33abe2c1bb5155e30542bf5d8a9e0907e6
--Users-vito-data-dev-mumu--/059aa722-fc57-4eb9-8733-7f20a9ed005d/session.lock	lock	-	059aa722-fc57-4eb9-8733-7f20a9ed005d	0	1790172368	e3b0c44298fc1c149afbf4c8996fb92427ae41e4649b934ca495991b7852b855
--Users-vito-data-dev-mumu--/059aa722-fc57-4eb9-8733-7f20a9ed005d/session.v3.jsonl.zstd	canonical	v3	059aa722-fc57-4eb9-8733-7f20a9ed005d	39220	1790172376	9c35392d39a3d1a23760da97d46fe7c30c255154f7347cda60d584fcc1527dae
--Users-vito-data-dev-mumu--/05a26542-157e-45b8-aea9-9b2455d2ca27/session.lock	lock	-	05a26542-157e-45b8-aea9-9b2455d2ca27	0	1789995451	e3b0c44298fc1c149afbf4c8996fb92427ae41e4649b934ca495991b7852b855
--Users-vito-data-dev-mumu--/05a26542-157e-45b8-aea9-9b2455d2ca27/session.v3.jsonl.zstd	canonical	v3	05a26542-157e-45b8-aea9-9b2455d2ca27	13246	1789996392	f0f1c6cfa40f27ed0367ecb55f574f411bd220af5388f7936fd7ccde17196aab
--Users-vito-data-dev-mumu--/05f9c619-97db-40a0-b919-a51508463c5b/session.lock	lock	-	05f9c619-97db-40a0-b919-a51508463c5b	0	1790182704	e3b0c44298fc1c149afbf4c8996fb92427ae41e4649b934ca495991b7852b855
--Users-vito-data-dev-mumu--/05f9c619-97db-40a0-b919-a51508463c5b/session.v3.jsonl.zstd	canonical	v3	05f9c619-97db-40a0-b919-a51508463c5b	40535	1790182790	2a285da14d2c7d57798ad71d6c9877d0f030c2a49260057f42603f2cec56e915
--Users-vito-data-dev-mumu--/073a2ece-02a7-46ba-8016-b0380c9c43d0/session.lock	lock	-	073a2ece-02a7-46ba-8016-b0380c9c43d0	0	1790001057	e3b0c44298fc1c149afbf4c8996fb92427ae41e4649b934ca495991b7852b855
--Users-vito-data-dev-mumu--/073a2ece-02a7-46ba-8016-b0380c9c43d0/session.v3.jsonl.zstd	canonical	v3	073a2ece-02a7-46ba-8016-b0380c9c43d0	832386	1790002322	c1535bbc20c186c065fbcf08d5ee200f631930bda25b7812bcdab1a48c0875bd
--Users-vito-data-dev-mumu--/07409ae6-d18c-40a1-ba30-6a6b901d770e/session.lock	lock	-	07409ae6-d18c-40a1-ba30-6a6b901d770e	0	1790221834	e3b0c44298fc1c149afbf4c8996fb92427ae41e4649b934ca495991b7852b855
--Users-vito-data-dev-mumu--/07409ae6-d18c-40a1-ba30-6a6b901d770e/session.v3.jsonl.zstd	canonical	v3	07409ae6-d18c-40a1-ba30-6a6b901d770e	43379	1790221850	8bcbd53dfee63272e4ee53090194d02d9482c0e941fba1c7ab1e41c52ee80615
--Users-vito-data-dev-mumu--/0782b84f-c881-4212-9fef-24ea48f87ad0/session.lock	lock	-	0782b84f-c881-4212-9fef-24ea48f87ad0	0	1790182265	e3b0c44298fc1c149afbf4c8996fb92427ae41e4649b934ca495991b7852b855
--Users-vito-data-dev-mumu--/0782b84f-c881-4212-9fef-24ea48f87ad0/session.v3.jsonl.zstd	canonical	v3	0782b84f-c881-4212-9fef-24ea48f87ad0	1177481	1790183277	322c7a02d8969ec474b4533d9be20eb232fd42616888ed99328231fea39dce2d
--Users-vito-data-dev-mumu--/085a3a00-4cac-47ee-b7ce-9650947e672b/session.lock	lock	-	085a3a00-4cac-47ee-b7ce-9650947e672b	0	1790067812	e3b0c44298fc1c149afbf4c8996fb92427ae41e4649b934ca495991b7852b855
--Users-vito-data-dev-mumu--/085a3a00-4cac-47ee-b7ce-9650947e672b/session.v3.jsonl.zstd	canonical	v3	085a3a00-4cac-47ee-b7ce-9650947e672b	175005	1790067937	4b37cf15e5f9d5852f242b35afca5bac4f4c7fa5bdf1b26a33d0f8cbfcef7350
--Users-vito-data-dev-mumu--/089ce6ea-c4ee-4ec5-8032-d3648e6197aa/session.lock	lock	-	089ce6ea-c4ee-4ec5-8032-d3648e6197aa	0	1789660078	e3b0c44298fc1c149afbf4c8996fb92427ae41e4649b934ca495991b7852b855
--Users-vito-data-dev-mumu--/089ce6ea-c4ee-4ec5-8032-d3648e6197aa/session.v3.jsonl.zstd	canonical	v3	089ce6ea-c4ee-4ec5-8032-d3648e6197aa	178384	1789660190	d8cfff8a6ceb8cea117f21203426cc012a95391246355748016de68d1b6fc364
--Users-vito-data-dev-mumu--/08aa5857-a1bb-4a64-973a-fb16e48821f6/session.lock	lock	-	08aa5857-a1bb-4a64-973a-fb16e48821f6	0	1790173593	e3b0c44298fc1c149afbf4c8996fb92427ae41e4649b934ca495991b7852b855
--Users-vito-data-dev-mumu--/08aa5857-a1bb-4a64-973a-fb16e48821f6/session.v3.jsonl.zstd	canonical	v3	08aa5857-a1bb-4a64-973a-fb16e48821f6	38130	1790173602	35fe67a1d986f357178ef2cde33b6574cc4e36b421bd5ed1c2fdf500f03dc375
--Users-vito-data-dev-mumu--/09995022-3025-4de6-bf60-017e8f09bf64/session.lock	lock	-	09995022-3025-4de6-bf60-017e8f09bf64	0	1790266970	e3b0c44298fc1c149afbf4c8996fb92427ae41e4649b934ca495991b7852b855
--Users-vito-data-dev-mumu--/09995022-3025-4de6-bf60-017e8f09bf64/session.v3.jsonl.zstd	canonical	v3	09995022-3025-4de6-bf60-017e8f09bf64	525694	1790267725	7c0e89edbf0a42b0e444751aed99699cffae50a99d342e16a029ee6d02c86e6c
--Users-vito-data-dev-mumu--/0a7b146a-b411-42b3-82b9-245e4500e7af/session.lock	lock	-	0a7b146a-b411-42b3-82b9-245e4500e7af	0	1789963469	e3b0c44298fc1c149afbf4c8996fb92427ae41e4649b934ca495991b7852b855
--Users-vito-data-dev-mumu--/0a7b146a-b411-42b3-82b9-245e4500e7af/session.v3.jsonl.zstd	canonical	v3	0a7b146a-b411-42b3-82b9-245e4500e7af	526325	1789964022	c90523eee79dabc5aa1ac36e0d287116f8bbf544b7b681b7fa94474dc7bed952
--Users-vito-data-dev-mumu--/0aea22c9-ed16-4399-bc21-18c445039ae3/session.lock	lock	-	0aea22c9-ed16-4399-bc21-18c445039ae3	0	1789716584	e3b0c44298fc1c149afbf4c8996fb92427ae41e4649b934ca495991b7852b855
--Users-vito-data-dev-mumu--/0aea22c9-ed16-4399-bc21-18c445039ae3/session.v3.jsonl.zstd	canonical	v3	0aea22c9-ed16-4399-bc21-18c445039ae3	686791	1789717964	9a5c5363d3ebaa1cdaafd9ab2ea294d5180447d929cf098b1d3049134a391014
--Users-vito-data-dev-mumu--/0b284519-5d38-41ba-86ee-8988f175c0ff/session.lock	lock	-	0b284519-5d38-41ba-86ee-8988f175c0ff	0	1789640816	e3b0c44298fc1c149afbf4c8996fb92427ae41e4649b934ca495991b7852b855
--Users-vito-data-dev-mumu--/0b284519-5d38-41ba-86ee-8988f175c0ff/session.v3.jsonl.zstd	canonical	v3	0b284519-5d38-41ba-86ee-8988f175c0ff	184223	1789640913	4110adf119e01817657e6e60513e1fe83d1d57e07728008d12707efb06f134ee
--Users-vito-data-dev-mumu--/0badaea2-3266-4678-9961-8f412dd2d20b/session.lock	lock	-	0badaea2-3266-4678-9961-8f412dd2d20b	0	1789755568	e3b0c44298fc1c149afbf4c8996fb92427ae41e4649b934ca495991b7852b855
--Users-vito-data-dev-mumu--/0badaea2-3266-4678-9961-8f412dd2d20b/session.v3.jsonl.zstd	canonical	v3	0badaea2-3266-4678-9961-8f412dd2d20b	469683	1789756100	89989a856eb0aa1d06a254a8c85f05e6c13e63303bf890ac1f3468d8b407f855
--Users-vito-data-dev-mumu--/0c97ab4b-3c3e-4507-bbd0-7c0448551af2/session.lock	lock	-	0c97ab4b-3c3e-4507-bbd0-7c0448551af2	0	1789958654	e3b0c44298fc1c149afbf4c8996fb92427ae41e4649b934ca495991b7852b855
--Users-vito-data-dev-mumu--/0c97ab4b-3c3e-4507-bbd0-7c0448551af2/session.v3.jsonl.zstd	canonical	v3	0c97ab4b-3c3e-4507-bbd0-7c0448551af2	635300	1789959704	f21085796aeeb535c3187a0069c5d7fc1a73594be1a9a8e22d554e21258b1685
--Users-vito-data-dev-mumu--/0cd7f7d0-1c25-472e-9f8f-9e4351afbeae/session.lock	lock	-	0cd7f7d0-1c25-472e-9f8f-9e4351afbeae	0	1789961911	e3b0c44298fc1c149afbf4c8996fb92427ae41e4649b934ca495991b7852b855
--Users-vito-data-dev-mumu--/0cd7f7d0-1c25-472e-9f8f-9e4351afbeae/session.v3.jsonl.zstd	canonical	v3	0cd7f7d0-1c25-472e-9f8f-9e4351afbeae	399443	1789962273	fddc22e3f1fb94c27e3eab96178bd5fa693b007cbc2f2ea6bff4a5a7b145ee51
--Users-vito-data-dev-mumu--/0d9bd771-2b2f-44be-9678-e860447cb4fe/session.lock	lock	-	0d9bd771-2b2f-44be-9678-e860447cb4fe	0	1790012666	e3b0c44298fc1c149afbf4c8996fb92427ae41e4649b934ca495991b7852b855
--Users-vito-data-dev-mumu--/0d9bd771-2b2f-44be-9678-e860447cb4fe/session.v3.jsonl.zstd	canonical	v3	0d9bd771-2b2f-44be-9678-e860447cb4fe	192447	1790012810	016fc7ab72c563d14905359dfef1c7d85366d72c79d0e3ca115f30f92f80f8f0
--Users-vito-data-dev-mumu--/0e0f7081-1989-4cf3-a8f8-4cce48a721ba/session.lock	lock	-	0e0f7081-1989-4cf3-a8f8-4cce48a721ba	0	1789751920	e3b0c44298fc1c149afbf4c8996fb92427ae41e4649b934ca495991b7852b855
--Users-vito-data-dev-mumu--/0e0f7081-1989-4cf3-a8f8-4cce48a721ba/session.v3.jsonl.zstd	canonical	v3	0e0f7081-1989-4cf3-a8f8-4cce48a721ba	887057	1789752976	78ef9db8d3ff74eee9581ab1c8d1f9d75eb72580100291b5c74145d2913ca467
--Users-vito-data-dev-mumu--/0e26ef51-a1ad-4e3b-8da0-6cc7ef0382c4/session.lock	lock	-	0e26ef51-a1ad-4e3b-8da0-6cc7ef0382c4	0	1789960027	e3b0c44298fc1c149afbf4c8996fb92427ae41e4649b934ca495991b7852b855
--Users-vito-data-dev-mumu--/0e26ef51-a1ad-4e3b-8da0-6cc7ef0382c4/session.v3.jsonl.zstd	canonical	v3	0e26ef51-a1ad-4e3b-8da0-6cc7ef0382c4	687329	1789961081	a44bbb401367a6a9261fda3d6280ccbd3b134b59f8b26aaff1f064b2caa1276d
--Users-vito-data-dev-mumu--/0ef170cd-521b-4c85-afc5-e3378b3cc3ed/session.lock	lock	-	0ef170cd-521b-4c85-afc5-e3378b3cc3ed	0	1790268623	e3b0c44298fc1c149afbf4c8996fb92427ae41e4649b934ca495991b7852b855
--Users-vito-data-dev-mumu--/0ef170cd-521b-4c85-afc5-e3378b3cc3ed/session.v3.jsonl.zstd	canonical	v3	0ef170cd-521b-4c85-afc5-e3378b3cc3ed	585186	1790268706	234151b8ced55e655d7f35119a3eb157ba756346cbda68a749005018c51ea948
--Users-vito-data-dev-mumu--/0f25f714-c281-4ac9-9a41-0c967e53ddab/session.lock	lock	-	0f25f714-c281-4ac9-9a41-0c967e53ddab	0	1789627100	e3b0c44298fc1c149afbf4c8996fb92427ae41e4649b934ca495991b7852b855
--Users-vito-data-dev-mumu--/0f25f714-c281-4ac9-9a41-0c967e53ddab/session.v3.jsonl.zstd	canonical	v3	0f25f714-c281-4ac9-9a41-0c967e53ddab	161290	1789627235	53c33659ca54359b6712c9e0f9de5a3664a776533d0f7db6609b2d4ea4f62946
--Users-vito-data-dev-mumu--/0fe9b089-a5ca-4301-8fc5-753cb1743647/session.lock	lock	-	0fe9b089-a5ca-4301-8fc5-753cb1743647	0	1790269883	e3b0c44298fc1c149afbf4c8996fb92427ae41e4649b934ca495991b7852b855
--Users-vito-data-dev-mumu--/0fe9b089-a5ca-4301-8fc5-753cb1743647/session.v3.jsonl.zstd	canonical	v3	0fe9b089-a5ca-4301-8fc5-753cb1743647	313925	1790270171	c2ef054b4e6ccd982df05c57367616bcf9d5ed77c87d9be44fc80182b168e39e
--Users-vito-data-dev-mumu--/0fecefbb-b596-4d07-8131-71249f7107d5/session.lock	lock	-	0fecefbb-b596-4d07-8131-71249f7107d5	0	1789960496	e3b0c44298fc1c149afbf4c8996fb92427ae41e4649b934ca495991b7852b855
--Users-vito-data-dev-mumu--/0fecefbb-b596-4d07-8131-71249f7107d5/session.v3.jsonl.zstd	canonical	v3	0fecefbb-b596-4d07-8131-71249f7107d5	653596	1789961391	5df21d699dd04e4edced8f5480dae7f9ff8f0f4c412024e2f534a3d895258c78
--Users-vito-data-dev-mumu--/1028be0c-d79e-46b0-bb80-3cc3ac19d601/session.lock	lock	-	1028be0c-d79e-46b0-bb80-3cc3ac19d601	0	1790013715	e3b0c44298fc1c149afbf4c8996fb92427ae41e4649b934ca495991b7852b855
--Users-vito-data-dev-mumu--/1028be0c-d79e-46b0-bb80-3cc3ac19d601/session.v3.jsonl.zstd	canonical	v3	1028be0c-d79e-46b0-bb80-3cc3ac19d601	330594	1790013947	044ee9058c8efd3cc1c472be137e55e3e55003a4a231fbbbc4c0c70a0393f050
--Users-vito-data-dev-mumu--/110cb5e8-2754-4843-aa6e-6b06c2c497c2/session.lock	lock	-	110cb5e8-2754-4843-aa6e-6b06c2c497c2	0	1790061283	e3b0c44298fc1c149afbf4c8996fb92427ae41e4649b934ca495991b7852b855
--Users-vito-data-dev-mumu--/110cb5e8-2754-4843-aa6e-6b06c2c497c2/session.v3.jsonl.zstd	canonical	v3	110cb5e8-2754-4843-aa6e-6b06c2c497c2	30329	1790061313	8ef24df7c72556596288cb38a40e1803f2b7f3847b6b7b0ca57181b73fe13390
--Users-vito-data-dev-mumu--/118f4446-6bbf-46a2-8033-54cc7f2c061d/session.lock	lock	-	118f4446-6bbf-46a2-8033-54cc7f2c061d	0	1790006499	e3b0c44298fc1c149afbf4c8996fb92427ae41e4649b934ca495991b7852b855
--Users-vito-data-dev-mumu--/118f4446-6bbf-46a2-8033-54cc7f2c061d/session.v3.jsonl.zstd	canonical	v3	118f4446-6bbf-46a2-8033-54cc7f2c061d	703116	1790010172	493679a5de6a78afdf2f66c688e62e08973b7a3e9f2414f731e09a855e37d54d
--Users-vito-data-dev-mumu--/12dbabb5-af7e-4b6d-aeed-1f34d8fca577/session.lock	lock	-	12dbabb5-af7e-4b6d-aeed-1f34d8fca577	0	1789995451	e3b0c44298fc1c149afbf4c8996fb92427ae41e4649b934ca495991b7852b855
--Users-vito-data-dev-mumu--/12dbabb5-af7e-4b6d-aeed-1f34d8fca577/session.v3.jsonl.zstd	canonical	v3	12dbabb5-af7e-4b6d-aeed-1f34d8fca577	13263	1789996392	37b636672f01d1d7b317889d33110a6ef8e963a63a028bfc7d2d3867deebc2f0
--Users-vito-data-dev-mumu--/1367eb79-fc9d-4e22-bb5a-0234d627400c/session.lock	lock	-	1367eb79-fc9d-4e22-bb5a-0234d627400c	0	1790334404	e3b0c44298fc1c149afbf4c8996fb92427ae41e4649b934ca495991b7852b855
--Users-vito-data-dev-mumu--/1367eb79-fc9d-4e22-bb5a-0234d627400c/session.v3.jsonl.zstd	canonical	v3	1367eb79-fc9d-4e22-bb5a-0234d627400c	283118	1790334726	a858b53ac99cbcb7b1969f5cce3a470f9a145461d16b5189744c84de3528d392
--Users-vito-data-dev-mumu--/13a128de-2c90-4d27-aae3-a06e1f4b09cc/session.lock	lock	-	13a128de-2c90-4d27-aae3-a06e1f4b09cc	0	1789730191	e3b0c44298fc1c149afbf4c8996fb92427ae41e4649b934ca495991b7852b855
--Users-vito-data-dev-mumu--/13a128de-2c90-4d27-aae3-a06e1f4b09cc/session.v3.jsonl.zstd	canonical	v3	13a128de-2c90-4d27-aae3-a06e1f4b09cc	458950	1789730972	4b6675935e2a3b4a327846cb5fd85feb6b1a5acd13bf7c970f52a2ac19a3e8b2
--Users-vito-data-dev-mumu--/14aa49c9-0b57-467b-a28d-430cf259912a/session.lock	lock	-	14aa49c9-0b57-467b-a28d-430cf259912a	0	1789959660	e3b0c44298fc1c149afbf4c8996fb92427ae41e4649b934ca495991b7852b855
--Users-vito-data-dev-mumu--/14aa49c9-0b57-467b-a28d-430cf259912a/session.v3.jsonl.zstd	canonical	v3	14aa49c9-0b57-467b-a28d-430cf259912a	846871	1789959904	49f16d2f1903c4144c333952a119f57dc407024b502c014e92b6ab8e95a3e005
--Users-vito-data-dev-mumu--/15ca1f8a-510f-49a3-86ee-d61684421c7d/session.lock	lock	-	15ca1f8a-510f-49a3-86ee-d61684421c7d	0	1789749242	e3b0c44298fc1c149afbf4c8996fb92427ae41e4649b934ca495991b7852b855
--Users-vito-data-dev-mumu--/15ca1f8a-510f-49a3-86ee-d61684421c7d/session.v3.jsonl.zstd	canonical	v3	15ca1f8a-510f-49a3-86ee-d61684421c7d	449626	1789749863	a9c8357010aba7301bbad3cfe74d465d04618a944d27939e752dcbf7a6797ba7
--Users-vito-data-dev-mumu--/16578786-a62c-46f1-85b8-f0fbcefe47db/session.lock	lock	-	16578786-a62c-46f1-85b8-f0fbcefe47db	0	1789888537	e3b0c44298fc1c149afbf4c8996fb92427ae41e4649b934ca495991b7852b855
--Users-vito-data-dev-mumu--/16578786-a62c-46f1-85b8-f0fbcefe47db/session.v3.jsonl.zstd	canonical	v3	16578786-a62c-46f1-85b8-f0fbcefe47db	406207	1789888907	8d0c8cd41cff37e8236c71f92c859057ad1038b7101ce0f3d7798d8d41e7c973
--Users-vito-data-dev-mumu--/17a8c702-e6cc-4c0b-a168-ac16a1c5c421/session.lock	lock	-	17a8c702-e6cc-4c0b-a168-ac16a1c5c421	0	1790011451	e3b0c44298fc1c149afbf4c8996fb92427ae41e4649b934ca495991b7852b855
--Users-vito-data-dev-mumu--/17a8c702-e6cc-4c0b-a168-ac16a1c5c421/session.v3.jsonl.zstd	canonical	v3	17a8c702-e6cc-4c0b-a168-ac16a1c5c421	254843	1790011655	2eb27c5d03b6870969da2209a097a4f89154908ff380e3680a93944a95b460a2
--Users-vito-data-dev-mumu--/183ca6db-8f65-497a-8505-eec03c670ae6/session.lock	lock	-	183ca6db-8f65-497a-8505-eec03c670ae6	0	1790011630	e3b0c44298fc1c149afbf4c8996fb92427ae41e4649b934ca495991b7852b855
--Users-vito-data-dev-mumu--/183ca6db-8f65-497a-8505-eec03c670ae6/session.v3.jsonl.zstd	canonical	v3	183ca6db-8f65-497a-8505-eec03c670ae6	150179	1790011718	0e9b97f5a644881ebc0facc0cc55810da2b5eb357229ca6e21d4a63f8396f527
--Users-vito-data-dev-mumu--/18e98395-f37b-484b-8796-86d7b0a8fe26/session.lock	lock	-	18e98395-f37b-484b-8796-86d7b0a8fe26	0	1789998915	e3b0c44298fc1c149afbf4c8996fb92427ae41e4649b934ca495991b7852b855
--Users-vito-data-dev-mumu--/18e98395-f37b-484b-8796-86d7b0a8fe26/session.v3.jsonl.zstd	canonical	v3	18e98395-f37b-484b-8796-86d7b0a8fe26	823927	1790000091	4b5ac42ade001c434edfcbc38e230617957df0710e14c04ed11d26a01c77cfaa
--Users-vito-data-dev-mumu--/192e94d6-2caf-43a7-9f31-246942ca74b8/session.lock	lock	-	192e94d6-2caf-43a7-9f31-246942ca74b8	0	1790065505	e3b0c44298fc1c149afbf4c8996fb92427ae41e4649b934ca495991b7852b855
--Users-vito-data-dev-mumu--/192e94d6-2caf-43a7-9f31-246942ca74b8/session.v3.jsonl.zstd	canonical	v3	192e94d6-2caf-43a7-9f31-246942ca74b8	20213	1790065520	4c50f143fa4e47fa00c174709e8adeb4d46662d64c6b762feb2098244770db0b
--Users-vito-data-dev-mumu--/1951a289-939b-43a0-a699-3141d9ba3246/session.lock	lock	-	1951a289-939b-43a0-a699-3141d9ba3246	0	1789958910	e3b0c44298fc1c149afbf4c8996fb92427ae41e4649b934ca495991b7852b855
--Users-vito-data-dev-mumu--/1951a289-939b-43a0-a699-3141d9ba3246/session.v3.jsonl.zstd	canonical	v3	1951a289-939b-43a0-a699-3141d9ba3246	459969	1789959812	b84162deda9dacf17aa1df057f7ea55c4e579608db8722f45e1c9f2fa37af60f
--Users-vito-data-dev-mumu--/195db80b-9c67-4311-ac60-21f142d5c664/session.lock	lock	-	195db80b-9c67-4311-ac60-21f142d5c664	0	1789960051	e3b0c44298fc1c149afbf4c8996fb92427ae41e4649b934ca495991b7852b855
--Users-vito-data-dev-mumu--/195db80b-9c67-4311-ac60-21f142d5c664/session.v3.jsonl.zstd	canonical	v3	195db80b-9c67-4311-ac60-21f142d5c664	275488	1789960308	08bb724fb642c9ce0a6cad4bf76b92d3d3749d67149fb519538db56f6aaa9cc4
--Users-vito-data-dev-mumu--/1a45dbee-345d-4829-a598-f5649b07335f/session.lock	lock	-	1a45dbee-345d-4829-a598-f5649b07335f	0	1789982179	e3b0c44298fc1c149afbf4c8996fb92427ae41e4649b934ca495991b7852b855
--Users-vito-data-dev-mumu--/1a45dbee-345d-4829-a598-f5649b07335f/session.v3.jsonl.zstd	canonical	v3	1a45dbee-345d-4829-a598-f5649b07335f	260967	1789982352	4b89f5dbbcf92985e7c9b983c46d363d264d9e658de91152efbf3188f7aec3e0
--Users-vito-data-dev-mumu--/1add1d39-d6ec-4300-97a3-86cf75ba81de/session.lock	lock	-	1add1d39-d6ec-4300-97a3-86cf75ba81de	0	1789716346	e3b0c44298fc1c149afbf4c8996fb92427ae41e4649b934ca495991b7852b855
--Users-vito-data-dev-mumu--/1add1d39-d6ec-4300-97a3-86cf75ba81de/session.v3.jsonl.zstd	canonical	v3	1add1d39-d6ec-4300-97a3-86cf75ba81de	825094	1789719064	75d7d3d14c094e5bd9c8c8782f25717bc78d29d24a0de74393509f4388a08c23
--Users-vito-data-dev-mumu--/1b37e016-06fd-46ed-90d9-88701e7a2a21/session.lock	lock	-	1b37e016-06fd-46ed-90d9-88701e7a2a21	0	1790066431	e3b0c44298fc1c149afbf4c8996fb92427ae41e4649b934ca495991b7852b855
--Users-vito-data-dev-mumu--/1b37e016-06fd-46ed-90d9-88701e7a2a21/session.v3.jsonl.zstd	canonical	v3	1b37e016-06fd-46ed-90d9-88701e7a2a21	213947	1790066634	e5b171df46f85bc624032675d051cf570bbd54b286547b1fbf9c73ac14570a53
--Users-vito-data-dev-mumu--/1b628d77-a91b-4f35-829e-3771b50e87df/session.lock	lock	-	1b628d77-a91b-4f35-829e-3771b50e87df	0	1789662128	e3b0c44298fc1c149afbf4c8996fb92427ae41e4649b934ca495991b7852b855
--Users-vito-data-dev-mumu--/1b628d77-a91b-4f35-829e-3771b50e87df/session.v3.jsonl.zstd	canonical	v3	1b628d77-a91b-4f35-829e-3771b50e87df	218209	1789662277	37b293f8dcb78165ed61850bcb45477e13b9908fb4a7bd741ef69c5f2b0904ad
--Users-vito-data-dev-mumu--/1bbe6ad3-3f19-46df-ab11-feb0ca6bd7c7/session.lock	lock	-	1bbe6ad3-3f19-46df-ab11-feb0ca6bd7c7	0	1790066721	e3b0c44298fc1c149afbf4c8996fb92427ae41e4649b934ca495991b7852b855
--Users-vito-data-dev-mumu--/1bbe6ad3-3f19-46df-ab11-feb0ca6bd7c7/session.v3.jsonl.zstd	canonical	v3	1bbe6ad3-3f19-46df-ab11-feb0ca6bd7c7	265961	1790067011	0ed6ac4b4290d29d97f03742fb3bd879b9a905b3096000cc7d908796a651b214
--Users-vito-data-dev-mumu--/1c8dc6b6-f594-4b4f-bd19-5fd604610f85/session.lock	lock	-	1c8dc6b6-f594-4b4f-bd19-5fd604610f85	0	1790066512	e3b0c44298fc1c149afbf4c8996fb92427ae41e4649b934ca495991b7852b855
--Users-vito-data-dev-mumu--/1c8dc6b6-f594-4b4f-bd19-5fd604610f85/session.v3.jsonl.zstd	canonical	v3	1c8dc6b6-f594-4b4f-bd19-5fd604610f85	125499	1790066541	3a48765bb89f7834bfa561b47b5516dd3bce2be8d2908c660d84c4c4d4bf24e0
--Users-vito-data-dev-mumu--/1cbf9fef-510a-466d-b6ba-a1d98ba8ddb6/session.lock	lock	-	1cbf9fef-510a-466d-b6ba-a1d98ba8ddb6	0	1789958654	e3b0c44298fc1c149afbf4c8996fb92427ae41e4649b934ca495991b7852b855
--Users-vito-data-dev-mumu--/1cbf9fef-510a-466d-b6ba-a1d98ba8ddb6/session.v3.jsonl.zstd	canonical	v3	1cbf9fef-510a-466d-b6ba-a1d98ba8ddb6	530311	1789959346	cea0858bf9119e23402f9fe611d33d43a861fe74a970636277f8d3687e0d2764
--Users-vito-data-dev-mumu--/1d55af17-5d3b-4e12-a99d-916601d9fba9/session.lock	lock	-	1d55af17-5d3b-4e12-a99d-916601d9fba9	0	1790264970	e3b0c44298fc1c149afbf4c8996fb92427ae41e4649b934ca495991b7852b855
--Users-vito-data-dev-mumu--/1d55af17-5d3b-4e12-a99d-916601d9fba9/session.v3.jsonl.zstd	canonical	v3	1d55af17-5d3b-4e12-a99d-916601d9fba9	776942	1790265399	cfce709a71cd14e91ad768aaeab459c2a1219678eee99bf62ade77f1bd6d2fe9
--Users-vito-data-dev-mumu--/2042e45f-6295-42a5-8271-37548a3efc0d/session.lock	lock	-	2042e45f-6295-42a5-8271-37548a3efc0d	0	1790181437	e3b0c44298fc1c149afbf4c8996fb92427ae41e4649b934ca495991b7852b855
--Users-vito-data-dev-mumu--/2042e45f-6295-42a5-8271-37548a3efc0d/session.v3.jsonl.zstd	canonical	v3	2042e45f-6295-42a5-8271-37548a3efc0d	39337	1790181475	a6e680adcee9d5fb63ffb65ed21a1902fe492d9dc62e77ebdf005715864f4615
--Users-vito-data-dev-mumu--/209b03cd-de0d-4bc8-adf8-a9944f993ebf/session.lock	lock	-	209b03cd-de0d-4bc8-adf8-a9944f993ebf	0	1789913681	e3b0c44298fc1c149afbf4c8996fb92427ae41e4649b934ca495991b7852b855
--Users-vito-data-dev-mumu--/209b03cd-de0d-4bc8-adf8-a9944f993ebf/session.v3.jsonl.zstd	canonical	v3	209b03cd-de0d-4bc8-adf8-a9944f993ebf	187615	1789913844	f6bb4d4244c3ab670476bee64925865a757375050e070efd77daeef70493c88e
--Users-vito-data-dev-mumu--/21349637-cb66-42fd-82bb-7595f2e3da49/session.lock	lock	-	21349637-cb66-42fd-82bb-7595f2e3da49	0	1790177904	e3b0c44298fc1c149afbf4c8996fb92427ae41e4649b934ca495991b7852b855
--Users-vito-data-dev-mumu--/21349637-cb66-42fd-82bb-7595f2e3da49/session.v3.jsonl.zstd	canonical	v3	21349637-cb66-42fd-82bb-7595f2e3da49	50711	1790177954	4d51848b627917d05f67b06cbc87bc4525ae2747f6631ab1b9e44e44bf6db601
--Users-vito-data-dev-mumu--/217b8001-3efc-44bc-9695-711275785150/session.lock	lock	-	217b8001-3efc-44bc-9695-711275785150	0	1789958654	e3b0c44298fc1c149afbf4c8996fb92427ae41e4649b934ca495991b7852b855
--Users-vito-data-dev-mumu--/217b8001-3efc-44bc-9695-711275785150/session.v3.jsonl.zstd	canonical	v3	217b8001-3efc-44bc-9695-711275785150	1003817	1789960484	d3fb26832e656bd0c43a5040c28d512c4b2061802604766eb4e19cc769a229e2
--Users-vito-data-dev-mumu--/224f90bd-a523-4b34-8173-6212fb7662cd/session.lock	lock	-	224f90bd-a523-4b34-8173-6212fb7662cd	0	1790313681	e3b0c44298fc1c149afbf4c8996fb92427ae41e4649b934ca495991b7852b855
--Users-vito-data-dev-mumu--/224f90bd-a523-4b34-8173-6212fb7662cd/session.v3.jsonl.zstd	canonical	v3	224f90bd-a523-4b34-8173-6212fb7662cd	454256	1790314113	5e059d0f87828d834fdf16e5fad69d7934bb43062ea2f015ad4020189e270e93
--Users-vito-data-dev-mumu--/22bb742f-a38c-47f2-99a7-cd30c54ea722/session.lock	lock	-	22bb742f-a38c-47f2-99a7-cd30c54ea722	0	1790066487	e3b0c44298fc1c149afbf4c8996fb92427ae41e4649b934ca495991b7852b855
--Users-vito-data-dev-mumu--/22bb742f-a38c-47f2-99a7-cd30c54ea722/session.v3.jsonl.zstd	canonical	v3	22bb742f-a38c-47f2-99a7-cd30c54ea722	88754	1790066518	ad530c5fc92c14e39670f69dd3d64658cf292bf561920b9f47be7c5bb75b68b0
--Users-vito-data-dev-mumu--/22c67805-de4d-430d-89df-8469fe2d6926/session.lock	lock	-	22c67805-de4d-430d-89df-8469fe2d6926	0	1790067240	e3b0c44298fc1c149afbf4c8996fb92427ae41e4649b934ca495991b7852b855
--Users-vito-data-dev-mumu--/22c67805-de4d-430d-89df-8469fe2d6926/session.v3.jsonl.zstd	canonical	v3	22c67805-de4d-430d-89df-8469fe2d6926	69459	1790067292	646d3798128605e9d8f3836498c172b67cda990c6aef9d977a137a2a2c221662
--Users-vito-data-dev-mumu--/22e0c1da-3ec0-4f7e-ba7a-06af7dbd0bdf/session.lock	lock	-	22e0c1da-3ec0-4f7e-ba7a-06af7dbd0bdf	0	1790335167	e3b0c44298fc1c149afbf4c8996fb92427ae41e4649b934ca495991b7852b855
--Users-vito-data-dev-mumu--/22e0c1da-3ec0-4f7e-ba7a-06af7dbd0bdf/session.v3.jsonl.zstd	canonical	v3	22e0c1da-3ec0-4f7e-ba7a-06af7dbd0bdf	280525	1790335475	b603e8e89786018c9dfa13243dc77bb49a4b1ca4cc5a5a39e5e194015da3025c
--Users-vito-data-dev-mumu--/23078d87-cbd6-437d-b0f0-0dadb8c2e22d/session.lock	lock	-	23078d87-cbd6-437d-b0f0-0dadb8c2e22d	0	1790045992	e3b0c44298fc1c149afbf4c8996fb92427ae41e4649b934ca495991b7852b855
--Users-vito-data-dev-mumu--/23078d87-cbd6-437d-b0f0-0dadb8c2e22d/session.v3.jsonl.zstd	canonical	v3	23078d87-cbd6-437d-b0f0-0dadb8c2e22d	426129	1790046404	004585f195ae5ee1af4a12b2c84afe2041fa13f3283dd489d8734b852c2a7a2b
--Users-vito-data-dev-mumu--/24f32221-add0-4bf3-a7de-fa62882aaf8f/session.lock	lock	-	24f32221-add0-4bf3-a7de-fa62882aaf8f	0	1790013066	e3b0c44298fc1c149afbf4c8996fb92427ae41e4649b934ca495991b7852b855
--Users-vito-data-dev-mumu--/24f32221-add0-4bf3-a7de-fa62882aaf8f/session.v3.jsonl.zstd	canonical	v3	24f32221-add0-4bf3-a7de-fa62882aaf8f	418466	1790013456	e43dcde8ec207d7ab28f6bb0e9f4c87d2062afe9a29a3f740fbbb2f47f7373f3
--Users-vito-data-dev-mumu--/25c43d10-6d5f-4265-9271-701db7a03d9c/session.lock	lock	-	25c43d10-6d5f-4265-9271-701db7a03d9c	0	1790070173	e3b0c44298fc1c149afbf4c8996fb92427ae41e4649b934ca495991b7852b855
--Users-vito-data-dev-mumu--/25c43d10-6d5f-4265-9271-701db7a03d9c/session.v3.jsonl.zstd	canonical	v3	25c43d10-6d5f-4265-9271-701db7a03d9c	270555	1790070412	9e36b99ae15086a1fb5e6811f0b3f66b950c64466931931450a0a47edb4e4f0a
--Users-vito-data-dev-mumu--/26014df4-1f14-464f-8660-a48246880248/session.lock	lock	-	26014df4-1f14-464f-8660-a48246880248	0	1790265319	e3b0c44298fc1c149afbf4c8996fb92427ae41e4649b934ca495991b7852b855
--Users-vito-data-dev-mumu--/26014df4-1f14-464f-8660-a48246880248/session.v3.jsonl.zstd	canonical	v3	26014df4-1f14-464f-8660-a48246880248	218904	1790265653	dab584e529e62c17fc7c4c3a03a72f86c8a3abaad0f765173fb49d1ce34c13c2
--Users-vito-data-dev-mumu--/263b1939-7df7-41bb-8126-e2daa451741d/session.lock	lock	-	263b1939-7df7-41bb-8126-e2daa451741d	0	1790173689	e3b0c44298fc1c149afbf4c8996fb92427ae41e4649b934ca495991b7852b855
--Users-vito-data-dev-mumu--/263b1939-7df7-41bb-8126-e2daa451741d/session.v3.jsonl.zstd	canonical	v3	263b1939-7df7-41bb-8126-e2daa451741d	39502	1790173698	ef993d2f9606eff3810adcec98afee1f1be5b810f876d95443d26370efa351fb
--Users-vito-data-dev-mumu--/2688c668-f81f-4215-a754-0f324131a79d/session.lock	lock	-	2688c668-f81f-4215-a754-0f324131a79d	0	1789732425	e3b0c44298fc1c149afbf4c8996fb92427ae41e4649b934ca495991b7852b855
--Users-vito-data-dev-mumu--/2688c668-f81f-4215-a754-0f324131a79d/session.v3.jsonl.zstd	canonical	v3	2688c668-f81f-4215-a754-0f324131a79d	539963	1789733495	7d8fa530ff205e1dd5edf63d242028ff008cd4cb48748ce7e1abad53e4adfeb3
--Users-vito-data-dev-mumu--/268b16e6-2c90-47a7-bf6d-207c7b728a83/session.lock	lock	-	268b16e6-2c90-47a7-bf6d-207c7b728a83	0	1789730191	e3b0c44298fc1c149afbf4c8996fb92427ae41e4649b934ca495991b7852b855
--Users-vito-data-dev-mumu--/268b16e6-2c90-47a7-bf6d-207c7b728a83/session.v3.jsonl.zstd	canonical	v3	268b16e6-2c90-47a7-bf6d-207c7b728a83	997336	1789732042	3369a511c90165569b38507d567ac613b22768c43a1648e1ac060b0325c5bffd
--Users-vito-data-dev-mumu--/26bfd205-5932-4cbd-a464-5ff3177346bc/session.lock	lock	-	26bfd205-5932-4cbd-a464-5ff3177346bc	0	1790174618	e3b0c44298fc1c149afbf4c8996fb92427ae41e4649b934ca495991b7852b855
--Users-vito-data-dev-mumu--/26bfd205-5932-4cbd-a464-5ff3177346bc/session.v3.jsonl.zstd	canonical	v3	26bfd205-5932-4cbd-a464-5ff3177346bc	41213	1790174930	8cbc30622ee68fcbc40dec674a0f473135284aabae65f624da2a0c0effaa9bae
--Users-vito-data-dev-mumu--/27293859-06a6-4ac7-a343-54bb17159191/session.lock	lock	-	27293859-06a6-4ac7-a343-54bb17159191	0	1789647520	e3b0c44298fc1c149afbf4c8996fb92427ae41e4649b934ca495991b7852b855
--Users-vito-data-dev-mumu--/27293859-06a6-4ac7-a343-54bb17159191/session.v3.jsonl.zstd	canonical	v3	27293859-06a6-4ac7-a343-54bb17159191	201220	1789647669	3bfac054ec3a6561160f4bb2094996b887563672370f358ecca5af7e5aa8472a
--Users-vito-data-dev-mumu--/28ac6507-f9e9-4f88-abb4-40cd6374737b/session.lock	lock	-	28ac6507-f9e9-4f88-abb4-40cd6374737b	0	1789964774	e3b0c44298fc1c149afbf4c8996fb92427ae41e4649b934ca495991b7852b855
--Users-vito-data-dev-mumu--/28ac6507-f9e9-4f88-abb4-40cd6374737b/session.v3.jsonl.zstd	canonical	v3	28ac6507-f9e9-4f88-abb4-40cd6374737b	272936	1789964944	6583f0b7a7788af0e1e09d28c88f7a76e747b64a67176f450d1ea610d9dbe96f
--Users-vito-data-dev-mumu--/28fec3cc-f626-4a44-9b5a-cfedfa8c7e7c/session.lock	lock	-	28fec3cc-f626-4a44-9b5a-cfedfa8c7e7c	0	1790059826	e3b0c44298fc1c149afbf4c8996fb92427ae41e4649b934ca495991b7852b855
--Users-vito-data-dev-mumu--/28fec3cc-f626-4a44-9b5a-cfedfa8c7e7c/session.v3.jsonl.zstd	canonical	v3	28fec3cc-f626-4a44-9b5a-cfedfa8c7e7c	146274	1790060032	1d9a6cea23a0b195de3341c6dc9f1d8cc3c685eabc11627ed61f3bf79e820a1f
--Users-vito-data-dev-mumu--/2998c760-4137-4605-8981-f5035d80532f/session.lock	lock	-	2998c760-4137-4605-8981-f5035d80532f	0	1790002953	e3b0c44298fc1c149afbf4c8996fb92427ae41e4649b934ca495991b7852b855
--Users-vito-data-dev-mumu--/2998c760-4137-4605-8981-f5035d80532f/session.v3.jsonl.zstd	canonical	v3	2998c760-4137-4605-8981-f5035d80532f	842350	1790004136	b3188487fe859f6e9d8f9eda16b5e6fecbd5ef572c24940d3133fb3b1f241963
--Users-vito-data-dev-mumu--/29e971fb-6f72-46eb-83fc-ecd5ce6464bd/session.lock	lock	-	29e971fb-6f72-46eb-83fc-ecd5ce6464bd	0	1790182509	e3b0c44298fc1c149afbf4c8996fb92427ae41e4649b934ca495991b7852b855
--Users-vito-data-dev-mumu--/29e971fb-6f72-46eb-83fc-ecd5ce6464bd/session.v3.jsonl.zstd	canonical	v3	29e971fb-6f72-46eb-83fc-ecd5ce6464bd	38055	1790182521	8a9973d0b5a670d35c00f8c92969c2579503bbebdf2c246fc8a3dcedb39deb16
--Users-vito-data-dev-mumu--/2a01a8bd-8a2d-4405-8814-8b4ba8a14f31/session.lock	lock	-	2a01a8bd-8a2d-4405-8814-8b4ba8a14f31	0	1790006499	e3b0c44298fc1c149afbf4c8996fb92427ae41e4649b934ca495991b7852b855
--Users-vito-data-dev-mumu--/2a01a8bd-8a2d-4405-8814-8b4ba8a14f31/session.v3.jsonl.zstd	canonical	v3	2a01a8bd-8a2d-4405-8814-8b4ba8a14f31	498894	1790007048	78161429189d42bdf87b07d3c57df829f92550771b10bd4461fa3ce2eb4ea95e
--Users-vito-data-dev-mumu--/2a80e589-75ef-4c0c-aeda-554e0f64f2a5/session.lock	lock	-	2a80e589-75ef-4c0c-aeda-554e0f64f2a5	0	1790238138	e3b0c44298fc1c149afbf4c8996fb92427ae41e4649b934ca495991b7852b855
--Users-vito-data-dev-mumu--/2a80e589-75ef-4c0c-aeda-554e0f64f2a5/session.v3.jsonl.zstd	canonical	v3	2a80e589-75ef-4c0c-aeda-554e0f64f2a5	88463	1790238192	6af9420b7c5f71c94c80e0a0ecd55146580f4413a7cde047ad888cd32c284a4e
--Users-vito-data-dev-mumu--/2c2c0740-2158-45ff-95da-f1fd8c7dbc02/session.lock	lock	-	2c2c0740-2158-45ff-95da-f1fd8c7dbc02	0	1790067240	e3b0c44298fc1c149afbf4c8996fb92427ae41e4649b934ca495991b7852b855
--Users-vito-data-dev-mumu--/2c2c0740-2158-45ff-95da-f1fd8c7dbc02/session.v3.jsonl.zstd	canonical	v3	2c2c0740-2158-45ff-95da-f1fd8c7dbc02	14831	1790067249	82bdd7f1a0414b985da70aa7e35704ccb3d6dcf82207c862b291a7cca5fab024
--Users-vito-data-dev-mumu--/2c49ebbc-f6ee-4857-8995-e22380760b52/session.lock	lock	-	2c49ebbc-f6ee-4857-8995-e22380760b52	0	1790061701	e3b0c44298fc1c149afbf4c8996fb92427ae41e4649b934ca495991b7852b855
--Users-vito-data-dev-mumu--/2c49ebbc-f6ee-4857-8995-e22380760b52/session.v3.jsonl.zstd	canonical	v3	2c49ebbc-f6ee-4857-8995-e22380760b52	380733	1790062265	10476c58ba3b6631cf8cb60ede2aa11b2befc1be1617af02c3f79f56d98b4d9d
--Users-vito-data-dev-mumu--/2c66d1e2-2c48-4dad-b955-43404a0d993c/session.lock	lock	-	2c66d1e2-2c48-4dad-b955-43404a0d993c	0	1790220060	e3b0c44298fc1c149afbf4c8996fb92427ae41e4649b934ca495991b7852b855
--Users-vito-data-dev-mumu--/2c66d1e2-2c48-4dad-b955-43404a0d993c/session.v3.jsonl.zstd	canonical	v3	2c66d1e2-2c48-4dad-b955-43404a0d993c	49549	1790220379	575d47caad186cae95cb92ef8084b3d475b13f04ab892e1573409b1e744feb78
--Users-vito-data-dev-mumu--/2c7a5e87-a803-40e4-b117-64f29d5a084f/session.lock	lock	-	2c7a5e87-a803-40e4-b117-64f29d5a084f	0	1789957134	e3b0c44298fc1c149afbf4c8996fb92427ae41e4649b934ca495991b7852b855
--Users-vito-data-dev-mumu--/2c7a5e87-a803-40e4-b117-64f29d5a084f/session.v3.jsonl.zstd	canonical	v3	2c7a5e87-a803-40e4-b117-64f29d5a084f	47352	1789957153	0b8496a3db7b6f39728695162623ef89895cc1c2cab5bd23e07cbde222d47195
--Users-vito-data-dev-mumu--/2d779e5e-1923-4fc9-b835-4bc01c8df63a/session.lock	lock	-	2d779e5e-1923-4fc9-b835-4bc01c8df63a	0	1790316256	e3b0c44298fc1c149afbf4c8996fb92427ae41e4649b934ca495991b7852b855
--Users-vito-data-dev-mumu--/2d779e5e-1923-4fc9-b835-4bc01c8df63a/session.v3.jsonl.zstd	canonical	v3	2d779e5e-1923-4fc9-b835-4bc01c8df63a	899683	1790316469	e3d7bdcf55db4717d9ad67b8272e40db1c1f0a5938fc879cb2ab452bb54bb590
--Users-vito-data-dev-mumu--/2e095d8d-9690-4fae-a470-d70398dbfa1c/session.lock	lock	-	2e095d8d-9690-4fae-a470-d70398dbfa1c	0	1790265415	e3b0c44298fc1c149afbf4c8996fb92427ae41e4649b934ca495991b7852b855
--Users-vito-data-dev-mumu--/2e095d8d-9690-4fae-a470-d70398dbfa1c/session.v3.jsonl.zstd	canonical	v3	2e095d8d-9690-4fae-a470-d70398dbfa1c	406079	1790266046	126366803031741e5df509ea20d6eefa3b65d5fdb331fcf26e16326770912cd8
--Users-vito-data-dev-mumu--/2e2c9aed-5f90-4d3b-8ecb-8430d50beed6/session.lock	lock	-	2e2c9aed-5f90-4d3b-8ecb-8430d50beed6	0	1790171621	e3b0c44298fc1c149afbf4c8996fb92427ae41e4649b934ca495991b7852b855
--Users-vito-data-dev-mumu--/2e2c9aed-5f90-4d3b-8ecb-8430d50beed6/session.v3.jsonl.zstd	canonical	v3	2e2c9aed-5f90-4d3b-8ecb-8430d50beed6	42978	1790171640	c98c4e6c3ffa843845c5aeb1a8a43bc33d6ae5935b9b77afbd8d4bbbf108c970
--Users-vito-data-dev-mumu--/2ee6da21-dc9b-4285-ad6b-f5cc0c1a04dd/session.lock	lock	-	2ee6da21-dc9b-4285-ad6b-f5cc0c1a04dd	0	1790182975	e3b0c44298fc1c149afbf4c8996fb92427ae41e4649b934ca495991b7852b855
--Users-vito-data-dev-mumu--/2ee6da21-dc9b-4285-ad6b-f5cc0c1a04dd/session.v3.jsonl.zstd	canonical	v3	2ee6da21-dc9b-4285-ad6b-f5cc0c1a04dd	37498	1790183044	8755f55b6d127166f26e39b081469fd7cab8584205e285bbaceef5f51b2acde8
--Users-vito-data-dev-mumu--/2f9e657e-6f76-43ff-97e7-47ee7fe1792a/session.lock	lock	-	2f9e657e-6f76-43ff-97e7-47ee7fe1792a	0	1789995450	e3b0c44298fc1c149afbf4c8996fb92427ae41e4649b934ca495991b7852b855
--Users-vito-data-dev-mumu--/2f9e657e-6f76-43ff-97e7-47ee7fe1792a/session.v3.jsonl.zstd	canonical	v3	2f9e657e-6f76-43ff-97e7-47ee7fe1792a	13178	1789995467	7e216f5a50afc977c3e11dc8a0aeb4878660c6a3d8dbf26ec64cd84afac9d468
--Users-vito-data-dev-mumu--/2fec02f5-f146-4966-ad02-40c1f6798728/session.lock	lock	-	2fec02f5-f146-4966-ad02-40c1f6798728	0	1789718823	e3b0c44298fc1c149afbf4c8996fb92427ae41e4649b934ca495991b7852b855
--Users-vito-data-dev-mumu--/2fec02f5-f146-4966-ad02-40c1f6798728/session.v3.jsonl.zstd	canonical	v3	2fec02f5-f146-4966-ad02-40c1f6798728	379364	1789722725	f8b5411db9b799508c44e6877feae25aab229e440c2d6232ddb20011c8d1ce13
--Users-vito-data-dev-mumu--/30b3325e-dc02-46b0-8403-fddb4e2ce712/session.lock	lock	-	30b3325e-dc02-46b0-8403-fddb4e2ce712	0	1790012666	e3b0c44298fc1c149afbf4c8996fb92427ae41e4649b934ca495991b7852b855
--Users-vito-data-dev-mumu--/30b3325e-dc02-46b0-8403-fddb4e2ce712/session.v3.jsonl.zstd	canonical	v3	30b3325e-dc02-46b0-8403-fddb4e2ce712	212171	1790012822	ff490838cfd8b42860c483f58e234cf63ab06bb2344474939ee3dd5e8465ff32
--Users-vito-data-dev-mumu--/31e294d8-8566-451e-b34c-a38ed02ae4f4/session.lock	lock	-	31e294d8-8566-451e-b34c-a38ed02ae4f4	0	1789627100	e3b0c44298fc1c149afbf4c8996fb92427ae41e4649b934ca495991b7852b855
--Users-vito-data-dev-mumu--/31e294d8-8566-451e-b34c-a38ed02ae4f4/session.v3.jsonl.zstd	canonical	v3	31e294d8-8566-451e-b34c-a38ed02ae4f4	278905	1789627345	d442fa7447bb3293fc4cb9e2fbe1711775dbd627f7c30ce4874dffa35a12ac4f
--Users-vito-data-dev-mumu--/32012729-a81e-415b-bba0-1f18b7214090/session.lock	lock	-	32012729-a81e-415b-bba0-1f18b7214090	0	1789993427	e3b0c44298fc1c149afbf4c8996fb92427ae41e4649b934ca495991b7852b855
--Users-vito-data-dev-mumu--/32012729-a81e-415b-bba0-1f18b7214090/session.v3.jsonl.zstd	canonical	v3	32012729-a81e-415b-bba0-1f18b7214090	603838	1789995446	738867e81a5462401892fc2f0deea99c244cdb9ae8244d6d8be952387c72708f
--Users-vito-data-dev-mumu--/32e4fcd2-ae40-40f5-841d-56a8d84d39c5/session.lock	lock	-	32e4fcd2-ae40-40f5-841d-56a8d84d39c5	0	1789984387	e3b0c44298fc1c149afbf4c8996fb92427ae41e4649b934ca495991b7852b855
--Users-vito-data-dev-mumu--/32e4fcd2-ae40-40f5-841d-56a8d84d39c5/session.v3.jsonl.zstd	canonical	v3	32e4fcd2-ae40-40f5-841d-56a8d84d39c5	142850	1789984471	021ccd137d9fbded9821f4d66a355baf857504a40602f822b4800efb5bd2a6ff
--Users-vito-data-dev-mumu--/330b96e0-5f7c-424c-86e1-fdcc423838ae/session.lock	lock	-	330b96e0-5f7c-424c-86e1-fdcc423838ae	0	1790177989	e3b0c44298fc1c149afbf4c8996fb92427ae41e4649b934ca495991b7852b855
--Users-vito-data-dev-mumu--/330b96e0-5f7c-424c-86e1-fdcc423838ae/session.v3.jsonl.zstd	canonical	v3	330b96e0-5f7c-424c-86e1-fdcc423838ae	42943	1790178036	540412f5be4717d677f0cc83a638c3d3ecb3b531732207f03c40cd65608a8f4b
--Users-vito-data-dev-mumu--/348982d2-d1c5-4295-8e53-17e25faf01b0/session.lock	lock	-	348982d2-d1c5-4295-8e53-17e25faf01b0	0	1789662128	e3b0c44298fc1c149afbf4c8996fb92427ae41e4649b934ca495991b7852b855
--Users-vito-data-dev-mumu--/348982d2-d1c5-4295-8e53-17e25faf01b0/session.v3.jsonl.zstd	canonical	v3	348982d2-d1c5-4295-8e53-17e25faf01b0	190667	1789662221	40c0fa321a66351fee4ebe248c8dfbf65a561aa884db09bd7d4e56b096fc1243
--Users-vito-data-dev-mumu--/351b50ab-b2ce-4c69-a32c-5ad2960da260/session.lock	lock	-	351b50ab-b2ce-4c69-a32c-5ad2960da260	0	1790065980	e3b0c44298fc1c149afbf4c8996fb92427ae41e4649b934ca495991b7852b855
--Users-vito-data-dev-mumu--/351b50ab-b2ce-4c69-a32c-5ad2960da260/session.v3.jsonl.zstd	canonical	v3	351b50ab-b2ce-4c69-a32c-5ad2960da260	247578	1790066189	6ace928471fc92a7e51e87899445598b3a317d8ca68191606c9aeee41b154631
--Users-vito-data-dev-mumu--/35715862-20a3-4103-8b37-433c474052ba/session.lock	lock	-	35715862-20a3-4103-8b37-433c474052ba	0	1790065848	e3b0c44298fc1c149afbf4c8996fb92427ae41e4649b934ca495991b7852b855
--Users-vito-data-dev-mumu--/35715862-20a3-4103-8b37-433c474052ba/session.v3.jsonl.zstd	canonical	v3	35715862-20a3-4103-8b37-433c474052ba	40909	1790065890	55f42005a06aa2008014d51a5a6198dcbd9f020bcc85ac3ec4f8ca1216b5b0d0
--Users-vito-data-dev-mumu--/357d1535-962b-494e-a72e-a6c26e89eeb2/session.lock	lock	-	357d1535-962b-494e-a72e-a6c26e89eeb2	0	1790169845	e3b0c44298fc1c149afbf4c8996fb92427ae41e4649b934ca495991b7852b855
--Users-vito-data-dev-mumu--/357d1535-962b-494e-a72e-a6c26e89eeb2/session.v3.jsonl.zstd	canonical	v3	357d1535-962b-494e-a72e-a6c26e89eeb2	50142	1790169864	3941f019162dc8c74ec895c2e0d7a485062d4c2c86ff5e38ca9380da92392fc0
--Users-vito-data-dev-mumu--/3591d19a-71bc-4a19-a2d7-e03b71e8d6f4/session.lock	lock	-	3591d19a-71bc-4a19-a2d7-e03b71e8d6f4	0	1790170551	e3b0c44298fc1c149afbf4c8996fb92427ae41e4649b934ca495991b7852b855
--Users-vito-data-dev-mumu--/3591d19a-71bc-4a19-a2d7-e03b71e8d6f4/session.v3.jsonl.zstd	canonical	v3	3591d19a-71bc-4a19-a2d7-e03b71e8d6f4	362987	1790170680	50fc4546157797a2eb9ca1b4876ec43230478b5786490dc9802ed3dd402c084a
--Users-vito-data-dev-mumu--/35bc6ebe-24aa-4ac0-9468-7adaf3b22166/session.lock	lock	-	35bc6ebe-24aa-4ac0-9468-7adaf3b22166	0	1790064877	e3b0c44298fc1c149afbf4c8996fb92427ae41e4649b934ca495991b7852b855
--Users-vito-data-dev-mumu--/35bc6ebe-24aa-4ac0-9468-7adaf3b22166/session.v3.jsonl.zstd	canonical	v3	35bc6ebe-24aa-4ac0-9468-7adaf3b22166	163026	1790065010	2d6bc284d51975412d3866d10e6851995a5737db4ef7bf0a07d42b3cbd3a715b
--Users-vito-data-dev-mumu--/36d7278c-fd3c-4af3-ad84-389e51a5ebc7/session.lock	lock	-	36d7278c-fd3c-4af3-ad84-389e51a5ebc7	0	1790266180	e3b0c44298fc1c149afbf4c8996fb92427ae41e4649b934ca495991b7852b855
--Users-vito-data-dev-mumu--/36d7278c-fd3c-4af3-ad84-389e51a5ebc7/session.v3.jsonl.zstd	canonical	v3	36d7278c-fd3c-4af3-ad84-389e51a5ebc7	270751	1790266456	ba0e14c11555b51c6144837bee5fded39eee775a97081c020f8f383925a93271
--Users-vito-data-dev-mumu--/3716366c-ddb5-4718-b402-dc380a171aa0/session.lock	lock	-	3716366c-ddb5-4718-b402-dc380a171aa0	0	1789960519	e3b0c44298fc1c149afbf4c8996fb92427ae41e4649b934ca495991b7852b855
--Users-vito-data-dev-mumu--/3716366c-ddb5-4718-b402-dc380a171aa0/session.v3.jsonl.zstd	canonical	v3	3716366c-ddb5-4718-b402-dc380a171aa0	435247	1789961101	fe2083dd325e1bc5aa664fb8a2be42486e86388977fd6addfe15de833eb0adf2
--Users-vito-data-dev-mumu--/386e2ef0-8a53-4f88-b387-42b6f0baa41d/session.lock	lock	-	386e2ef0-8a53-4f88-b387-42b6f0baa41d	0	1790065470	e3b0c44298fc1c149afbf4c8996fb92427ae41e4649b934ca495991b7852b855
--Users-vito-data-dev-mumu--/386e2ef0-8a53-4f88-b387-42b6f0baa41d/session.v3.jsonl.zstd	canonical	v3	386e2ef0-8a53-4f88-b387-42b6f0baa41d	132092	1790065575	09803e7d2619b60d4061199b886c4ddc7e9c4343ddb40bfd0b6d6cf12592fc4b
--Users-vito-data-dev-mumu--/389f9986-fe14-4b9b-b1e2-96533c148e3c/session.lock	lock	-	389f9986-fe14-4b9b-b1e2-96533c148e3c	0	1789753244	e3b0c44298fc1c149afbf4c8996fb92427ae41e4649b934ca495991b7852b855
--Users-vito-data-dev-mumu--/389f9986-fe14-4b9b-b1e2-96533c148e3c/session.v3.jsonl.zstd	canonical	v3	389f9986-fe14-4b9b-b1e2-96533c148e3c	718808	1789754300	ea34b0c7c4bceb0de170442a07ece6735449e0eb8e915b3652c3c69c63d73eb4
--Users-vito-data-dev-mumu--/390fb46d-70b5-4cc8-ad46-f4ba20f158f6/session.lock	lock	-	390fb46d-70b5-4cc8-ad46-f4ba20f158f6	0	1789749877	e3b0c44298fc1c149afbf4c8996fb92427ae41e4649b934ca495991b7852b855
--Users-vito-data-dev-mumu--/390fb46d-70b5-4cc8-ad46-f4ba20f158f6/session.v3.jsonl.zstd	canonical	v3	390fb46d-70b5-4cc8-ad46-f4ba20f158f6	414480	1789750539	6dfa51a58a98d46029d6dfde9505cea0421fad7039c0d2afc64c03b7d9a74d9a
--Users-vito-data-dev-mumu--/391ca673-dfd1-458a-b6bc-200d50f37341/session.lock	lock	-	391ca673-dfd1-458a-b6bc-200d50f37341	0	1790265436	e3b0c44298fc1c149afbf4c8996fb92427ae41e4649b934ca495991b7852b855
--Users-vito-data-dev-mumu--/391ca673-dfd1-458a-b6bc-200d50f37341/session.v3.jsonl.zstd	canonical	v3	391ca673-dfd1-458a-b6bc-200d50f37341	144619	1790265805	fbdd1478b6f14a909cbdba41753f1fc2a1051f7eb503d6ae487ebc31a397b2bd
--Users-vito-data-dev-mumu--/3999cced-494d-4845-90ea-185ed9363c2a/session.lock	lock	-	3999cced-494d-4845-90ea-185ed9363c2a	0	1790265449	e3b0c44298fc1c149afbf4c8996fb92427ae41e4649b934ca495991b7852b855
--Users-vito-data-dev-mumu--/3999cced-494d-4845-90ea-185ed9363c2a/session.v3.jsonl.zstd	canonical	v3	3999cced-494d-4845-90ea-185ed9363c2a	9096	1790265455	149d2f628c832599d1260a28846ba0c0bcf832b18a5de21a0443f3364fc5fc4c
--Users-vito-data-dev-mumu--/399be4a6-bb7b-42ff-bd22-5cd24d4831d2/session.lock	lock	-	399be4a6-bb7b-42ff-bd22-5cd24d4831d2	0	1790310241	e3b0c44298fc1c149afbf4c8996fb92427ae41e4649b934ca495991b7852b855
--Users-vito-data-dev-mumu--/399be4a6-bb7b-42ff-bd22-5cd24d4831d2/session.v3.jsonl.zstd	canonical	v3	399be4a6-bb7b-42ff-bd22-5cd24d4831d2	792063	1790311948	e634ed4cbb4e770032c9f001c4ad6a3f66184ffd19d646ffc1c72ffb7af29929
--Users-vito-data-dev-mumu--/3a205f9e-c8bc-4ddd-91ea-42eea0564066/session.lock	lock	-	3a205f9e-c8bc-4ddd-91ea-42eea0564066	0	1790316684	e3b0c44298fc1c149afbf4c8996fb92427ae41e4649b934ca495991b7852b855
--Users-vito-data-dev-mumu--/3a205f9e-c8bc-4ddd-91ea-42eea0564066/session.v3.jsonl.zstd	canonical	v3	3a205f9e-c8bc-4ddd-91ea-42eea0564066	274768	1790320164	28e720ee25e1e4de8b9f74002f64bdfbd962aef908b73ddbbfad8f0dd66becb9
--Users-vito-data-dev-mumu--/3a2b4ace-8a64-4018-9ceb-2063472e41ae/session.lock	lock	-	3a2b4ace-8a64-4018-9ceb-2063472e41ae	0	1790066431	e3b0c44298fc1c149afbf4c8996fb92427ae41e4649b934ca495991b7852b855
--Users-vito-data-dev-mumu--/3a2b4ace-8a64-4018-9ceb-2063472e41ae/session.v3.jsonl.zstd	canonical	v3	3a2b4ace-8a64-4018-9ceb-2063472e41ae	26221	1790066456	56ec19dd4fbd9154418f477ae2bd82ad9293cf6ca88b70cbe5dc243c5aac09e0
--Users-vito-data-dev-mumu--/3b0fd34d-1bb3-4623-9ed3-450b6463a54b/session.lock	lock	-	3b0fd34d-1bb3-4623-9ed3-450b6463a54b	0	1790321632	e3b0c44298fc1c149afbf4c8996fb92427ae41e4649b934ca495991b7852b855
--Users-vito-data-dev-mumu--/3b0fd34d-1bb3-4623-9ed3-450b6463a54b/session.v3.jsonl.zstd	canonical	v3	3b0fd34d-1bb3-4623-9ed3-450b6463a54b	625873	1790321715	ab6cf71be27617e3a2df221115a29524e69b88006f918aef5d726c508b4d95f6
--Users-vito-data-dev-mumu--/3b98b2a1-a582-4ed2-84ae-a302b856a6f6/session.lock	lock	-	3b98b2a1-a582-4ed2-84ae-a302b856a6f6	0	1790067029	e3b0c44298fc1c149afbf4c8996fb92427ae41e4649b934ca495991b7852b855
--Users-vito-data-dev-mumu--/3b98b2a1-a582-4ed2-84ae-a302b856a6f6/session.v3.jsonl.zstd	canonical	v3	3b98b2a1-a582-4ed2-84ae-a302b856a6f6	80545	1790067059	37caa749e93de5ebcfe5bb7e5be4b35acb113d9aea297dc29103f47ba78181af
--Users-vito-data-dev-mumu--/3c083db1-7875-44e5-978d-4adac93c020e/session.lock	lock	-	3c083db1-7875-44e5-978d-4adac93c020e	0	1790173427	e3b0c44298fc1c149afbf4c8996fb92427ae41e4649b934ca495991b7852b855
--Users-vito-data-dev-mumu--/3c083db1-7875-44e5-978d-4adac93c020e/session.v3.jsonl.zstd	canonical	v3	3c083db1-7875-44e5-978d-4adac93c020e	42271	1790173437	aa3686e813595062d1dae613471dc047c68b103eacad15c2be2737c4b15acc3b
--Users-vito-data-dev-mumu--/3cb7b157-1f14-44a7-b7cc-d3e90c18f982/session.lock	lock	-	3cb7b157-1f14-44a7-b7cc-d3e90c18f982	0	1790002953	e3b0c44298fc1c149afbf4c8996fb92427ae41e4649b934ca495991b7852b855
--Users-vito-data-dev-mumu--/3cb7b157-1f14-44a7-b7cc-d3e90c18f982/session.v3.jsonl.zstd	canonical	v3	3cb7b157-1f14-44a7-b7cc-d3e90c18f982	727202	1790004420	bd7108ddda5a245964d5a8c152381b27517a2ef4b56fc928b0e4fbaba6e8079b
--Users-vito-data-dev-mumu--/3d5b31b5-e6ce-42f8-97f5-888373c2c892/session.lock	lock	-	3d5b31b5-e6ce-42f8-97f5-888373c2c892	0	1790065966	e3b0c44298fc1c149afbf4c8996fb92427ae41e4649b934ca495991b7852b855
--Users-vito-data-dev-mumu--/3d5b31b5-e6ce-42f8-97f5-888373c2c892/session.v3.jsonl.zstd	canonical	v3	3d5b31b5-e6ce-42f8-97f5-888373c2c892	16515	1790065978	1713841cb1f23371cd358424f1e83467da8f3ceaefa4b6cfddfea55674ba99b0
--Users-vito-data-dev-mumu--/3e271966-5c4e-4d38-bd38-8d47cd58a236/session.lock	lock	-	3e271966-5c4e-4d38-bd38-8d47cd58a236	0	1789960519	e3b0c44298fc1c149afbf4c8996fb92427ae41e4649b934ca495991b7852b855
--Users-vito-data-dev-mumu--/3e271966-5c4e-4d38-bd38-8d47cd58a236/session.v3.jsonl.zstd	canonical	v3	3e271966-5c4e-4d38-bd38-8d47cd58a236	341945	1789960911	020924c23942be37b26f78b1b5d8ac679c734af890680e42439a43574cb4acbc
--Users-vito-data-dev-mumu--/3e82bacc-0732-4fd0-94f1-c27bce8b6b4b/session.lock	lock	-	3e82bacc-0732-4fd0-94f1-c27bce8b6b4b	0	1790066721	e3b0c44298fc1c149afbf4c8996fb92427ae41e4649b934ca495991b7852b855
--Users-vito-data-dev-mumu--/3e82bacc-0732-4fd0-94f1-c27bce8b6b4b/session.v3.jsonl.zstd	canonical	v3	3e82bacc-0732-4fd0-94f1-c27bce8b6b4b	96931	1790066760	b54510d3a48e131386614d9671422a35ff84e5aa2650168b5128d496e5167ff8
--Users-vito-data-dev-mumu--/3f2560e5-56f2-4ffd-9935-28f45e3e0b6e/session.lock	lock	-	3f2560e5-56f2-4ffd-9935-28f45e3e0b6e	0	1790067060	e3b0c44298fc1c149afbf4c8996fb92427ae41e4649b934ca495991b7852b855
--Users-vito-data-dev-mumu--/3f2560e5-56f2-4ffd-9935-28f45e3e0b6e/session.v3.jsonl.zstd	canonical	v3	3f2560e5-56f2-4ffd-9935-28f45e3e0b6e	21938	1790067077	751c5f66a25b870bcabb50cdcb46e8fbc7c95b7fe909bf15f7417ba1824711b7
--Users-vito-data-dev-mumu--/3f4defdb-6d2f-4cf4-8050-e2e4a38da928/session.lock	lock	-	3f4defdb-6d2f-4cf4-8050-e2e4a38da928	0	1789715745	e3b0c44298fc1c149afbf4c8996fb92427ae41e4649b934ca495991b7852b855
--Users-vito-data-dev-mumu--/3f4defdb-6d2f-4cf4-8050-e2e4a38da928/session.v3.jsonl.zstd	canonical	v3	3f4defdb-6d2f-4cf4-8050-e2e4a38da928	384722	1789716343	9432e1a036b33e01f3535f2ddd5bd51859fad5e3624511e5c8e77c375d9a8f6a
--Users-vito-data-dev-mumu--/3fa1202a-5f40-4fc4-a9cd-1910642e63ef/session.lock	lock	-	3fa1202a-5f40-4fc4-a9cd-1910642e63ef	0	1790066431	e3b0c44298fc1c149afbf4c8996fb92427ae41e4649b934ca495991b7852b855
--Users-vito-data-dev-mumu--/3fa1202a-5f40-4fc4-a9cd-1910642e63ef/session.v3.jsonl.zstd	canonical	v3	3fa1202a-5f40-4fc4-a9cd-1910642e63ef	111869	1790066484	a0660bb1a773948332356a3bea3941c06189d8433e59cba02c34cfd65a3fcea1
--Users-vito-data-dev-mumu--/401d8075-42e8-4e3b-8a9d-038b7ac7238b/session.lock	lock	-	401d8075-42e8-4e3b-8a9d-038b7ac7238b	0	1790004724	e3b0c44298fc1c149afbf4c8996fb92427ae41e4649b934ca495991b7852b855
--Users-vito-data-dev-mumu--/401d8075-42e8-4e3b-8a9d-038b7ac7238b/session.v3.jsonl.zstd	canonical	v3	401d8075-42e8-4e3b-8a9d-038b7ac7238b	1037802	1790006448	fdfab739d7da92feff5035ac8d1b9942eca23ab49ed1556b89d54a0ebaab1442
--Users-vito-data-dev-mumu--/407b5061-dc84-4a83-8863-31e81aa8553e/session.lock	lock	-	407b5061-dc84-4a83-8863-31e81aa8553e	0	1789460932	e3b0c44298fc1c149afbf4c8996fb92427ae41e4649b934ca495991b7852b855
--Users-vito-data-dev-mumu--/407b5061-dc84-4a83-8863-31e81aa8553e/session.v3.jsonl.zstd	canonical	v3	407b5061-dc84-4a83-8863-31e81aa8553e	273706	1789461305	0f2d4cb28f2306900cf855e9ac44ee41f7ff4f80084ab287e5f03d0863dfedf0
--Users-vito-data-dev-mumu--/412567a8-f042-4d73-8f8f-3274d5a850ef/session.lock	lock	-	412567a8-f042-4d73-8f8f-3274d5a850ef	0	1790269038	e3b0c44298fc1c149afbf4c8996fb92427ae41e4649b934ca495991b7852b855
--Users-vito-data-dev-mumu--/412567a8-f042-4d73-8f8f-3274d5a850ef/session.v3.jsonl.zstd	canonical	v3	412567a8-f042-4d73-8f8f-3274d5a850ef	882981	1790269161	8f42c827c7620982df056958d4bf3681b90f2397b8a45d29fbed4e75e3238a31
--Users-vito-data-dev-mumu--/412e23ef-44bf-423d-9305-9162c871978a/session.lock	lock	-	412e23ef-44bf-423d-9305-9162c871978a	0	1790266605	e3b0c44298fc1c149afbf4c8996fb92427ae41e4649b934ca495991b7852b855
--Users-vito-data-dev-mumu--/412e23ef-44bf-423d-9305-9162c871978a/session.v3.jsonl.zstd	canonical	v3	412e23ef-44bf-423d-9305-9162c871978a	262113	1790266988	5c8e57fc3475879c0f3f9eab2ce5142fca86ba552c0bb65bd6bfdbc83deb84c9
--Users-vito-data-dev-mumu--/41ea5fed-6e96-46e0-bf33-d220099dce0e/session.lock	lock	-	41ea5fed-6e96-46e0-bf33-d220099dce0e	0	1789627100	e3b0c44298fc1c149afbf4c8996fb92427ae41e4649b934ca495991b7852b855
--Users-vito-data-dev-mumu--/41ea5fed-6e96-46e0-bf33-d220099dce0e/session.v3.jsonl.zstd	canonical	v3	41ea5fed-6e96-46e0-bf33-d220099dce0e	517377	1789627539	dff11f3559805fe88ea98444cf897aaf9280609deceb795d40ee1cea443ca07b
--Users-vito-data-dev-mumu--/4243eb66-e046-4361-b49c-24de3a4c5d9f/session.lock	lock	-	4243eb66-e046-4361-b49c-24de3a4c5d9f	0	1790066763	e3b0c44298fc1c149afbf4c8996fb92427ae41e4649b934ca495991b7852b855
--Users-vito-data-dev-mumu--/4243eb66-e046-4361-b49c-24de3a4c5d9f/session.v3.jsonl.zstd	canonical	v3	4243eb66-e046-4361-b49c-24de3a4c5d9f	80014	1790066786	c621337e5ebac7ac91ae085a9ce9284addfc0b07d73300645d535e32ada35531
--Users-vito-data-dev-mumu--/43936ca5-69ce-4da1-b607-7b7248672456/session.lock	lock	-	43936ca5-69ce-4da1-b607-7b7248672456	0	1790013715	e3b0c44298fc1c149afbf4c8996fb92427ae41e4649b934ca495991b7852b855
--Users-vito-data-dev-mumu--/43936ca5-69ce-4da1-b607-7b7248672456/session.v3.jsonl.zstd	canonical	v3	43936ca5-69ce-4da1-b607-7b7248672456	217348	1790013829	a716dbfb31b59ddfe9ac373e37f15090363c199ebed148f703a7231a7e086410
--Users-vito-data-dev-mumu--/44b43f3d-29e0-4593-aaf3-38c2c3bf00f5/session.lock	lock	-	44b43f3d-29e0-4593-aaf3-38c2c3bf00f5	0	1789994628	e3b0c44298fc1c149afbf4c8996fb92427ae41e4649b934ca495991b7852b855
--Users-vito-data-dev-mumu--/44b43f3d-29e0-4593-aaf3-38c2c3bf00f5/session.v3.jsonl.zstd	canonical	v3	44b43f3d-29e0-4593-aaf3-38c2c3bf00f5	233384	1789995447	7f49b0524f2a4e2865920e1efb07cec09efb3bc024ad00d645f9b0c7a181fc55
--Users-vito-data-dev-mumu--/44d6c6f5-4085-4d7d-bc40-06a2587f6192/session.lock	lock	-	44d6c6f5-4085-4d7d-bc40-06a2587f6192	0	1789998915	e3b0c44298fc1c149afbf4c8996fb92427ae41e4649b934ca495991b7852b855
--Users-vito-data-dev-mumu--/44d6c6f5-4085-4d7d-bc40-06a2587f6192/session.v3.jsonl.zstd	canonical	v3	44d6c6f5-4085-4d7d-bc40-06a2587f6192	410805	1789999565	8742339903d91b620377af606d452ba8bd9b0300375776666de6dcd906e2cd2f
--Users-vito-data-dev-mumu--/44f873e0-5f42-456f-b297-5d239067de21/session.lock	lock	-	44f873e0-5f42-456f-b297-5d239067de21	0	1790182550	e3b0c44298fc1c149afbf4c8996fb92427ae41e4649b934ca495991b7852b855
--Users-vito-data-dev-mumu--/44f873e0-5f42-456f-b297-5d239067de21/session.v3.jsonl.zstd	canonical	v3	44f873e0-5f42-456f-b297-5d239067de21	38053	1790182635	579e62bde81f3443317db6c593d86c14ea0ef2a8ace7b44eab94b41be3fd6ca6
--Users-vito-data-dev-mumu--/451d7954-185f-41bf-b3cd-5b3c4fac953e/session.lock	lock	-	451d7954-185f-41bf-b3cd-5b3c4fac953e	0	1790013066	e3b0c44298fc1c149afbf4c8996fb92427ae41e4649b934ca495991b7852b855
--Users-vito-data-dev-mumu--/451d7954-185f-41bf-b3cd-5b3c4fac953e/session.v3.jsonl.zstd	canonical	v3	451d7954-185f-41bf-b3cd-5b3c4fac953e	414372	1790013448	b9210503e8f2cf4db5acb4020f61637326d72811f6860ab96104c593234ca29c
--Users-vito-data-dev-mumu--/45a47c4a-4976-4759-86fd-41b1200b053d/session.lock	lock	-	45a47c4a-4976-4759-86fd-41b1200b053d	0	1789958654	e3b0c44298fc1c149afbf4c8996fb92427ae41e4649b934ca495991b7852b855
--Users-vito-data-dev-mumu--/45a47c4a-4976-4759-86fd-41b1200b053d/session.v3.jsonl.zstd	canonical	v3	45a47c4a-4976-4759-86fd-41b1200b053d	541252	1789959533	3eb357a741cd452cf92614c0c931064e324397842595463f98bf094a4470e045
--Users-vito-data-dev-mumu--/467f0628-6f55-449f-b758-e409795e780d/session.lock	lock	-	467f0628-6f55-449f-b758-e409795e780d	0	1789962235	e3b0c44298fc1c149afbf4c8996fb92427ae41e4649b934ca495991b7852b855
--Users-vito-data-dev-mumu--/467f0628-6f55-449f-b758-e409795e780d/session.v3.jsonl.zstd	canonical	v3	467f0628-6f55-449f-b758-e409795e780d	487862	1789962850	89c8183c58b01973137a3a90a801063c328139a342b7ec830f8a74b877f48469
--Users-vito-data-dev-mumu--/47901e04-ff7d-489c-b2bc-351c99acb81b/session.lock	lock	-	47901e04-ff7d-489c-b2bc-351c99acb81b	0	1790066129	e3b0c44298fc1c149afbf4c8996fb92427ae41e4649b934ca495991b7852b855
--Users-vito-data-dev-mumu--/47901e04-ff7d-489c-b2bc-351c99acb81b/session.v3.jsonl.zstd	canonical	v3	47901e04-ff7d-489c-b2bc-351c99acb81b	98204	1790066177	417b032869dd37b898262fec9e8b172091ae43241c6f70fcc15eb4d2ca55011a
--Users-vito-data-dev-mumu--/48ca4b20-3802-45e6-8887-f1a90b9d9ee9/session.lock	lock	-	48ca4b20-3802-45e6-8887-f1a90b9d9ee9	0	1790262749	e3b0c44298fc1c149afbf4c8996fb92427ae41e4649b934ca495991b7852b855
--Users-vito-data-dev-mumu--/48ca4b20-3802-45e6-8887-f1a90b9d9ee9/session.v3.jsonl.zstd	canonical	v3	48ca4b20-3802-45e6-8887-f1a90b9d9ee9	576546	1790264929	d88070f02f40ce1a1f20f3598960fcba3f0ff1b43dfa12c761473c503e7f9bac
--Users-vito-data-dev-mumu--/48f6c7c4-ce8b-4d62-b390-efc9c428608f/session.lock	lock	-	48f6c7c4-ce8b-4d62-b390-efc9c428608f	0	1790001057	e3b0c44298fc1c149afbf4c8996fb92427ae41e4649b934ca495991b7852b855
--Users-vito-data-dev-mumu--/48f6c7c4-ce8b-4d62-b390-efc9c428608f/session.v3.jsonl.zstd	canonical	v3	48f6c7c4-ce8b-4d62-b390-efc9c428608f	801377	1790002401	4b4f274322c37077499eca011a56fd2eaccf01e89c1cf6b2dc3f52610278c195
--Users-vito-data-dev-mumu--/495fd235-5788-47e9-adef-81dd842dcc68/session.lock	lock	-	495fd235-5788-47e9-adef-81dd842dcc68	0	1790066465	e3b0c44298fc1c149afbf4c8996fb92427ae41e4649b934ca495991b7852b855
--Users-vito-data-dev-mumu--/495fd235-5788-47e9-adef-81dd842dcc68/session.v3.jsonl.zstd	canonical	v3	495fd235-5788-47e9-adef-81dd842dcc68	45633	1790066512	2c1a5f9d22cd5fc9c38a795fc8bf869f4b877b36a1c5bf490a8eb1a8794ab1a2
--Users-vito-data-dev-mumu--/4adc9606-ab18-4230-9e9a-155725a781b6/session.lock	lock	-	4adc9606-ab18-4230-9e9a-155725a781b6	0	1789730191	e3b0c44298fc1c149afbf4c8996fb92427ae41e4649b934ca495991b7852b855
--Users-vito-data-dev-mumu--/4adc9606-ab18-4230-9e9a-155725a781b6/session.v3.jsonl.zstd	canonical	v3	4adc9606-ab18-4230-9e9a-155725a781b6	780948	1789731693	6ca8f00e0a42de8a6d2b4a8df3a0023ff8fc4d6763172eb8225c401d8bb02bbc
--Users-vito-data-dev-mumu--/4af0011e-68cd-41cd-8c5f-67b97a353e21/session.lock	lock	-	4af0011e-68cd-41cd-8c5f-67b97a353e21	0	1790012136	e3b0c44298fc1c149afbf4c8996fb92427ae41e4649b934ca495991b7852b855
--Users-vito-data-dev-mumu--/4af0011e-68cd-41cd-8c5f-67b97a353e21/session.v3.jsonl.zstd	canonical	v3	4af0011e-68cd-41cd-8c5f-67b97a353e21	304089	1790012448	3a6c787e088cba252d5b7b5259ffd6f103c061c19b1ab6aa1204b0ad7189ec0d
--Users-vito-data-dev-mumu--/4bc12a09-660c-49e1-b2ab-9366d8509862/session.lock	lock	-	4bc12a09-660c-49e1-b2ab-9366d8509862	0	1790237835	e3b0c44298fc1c149afbf4c8996fb92427ae41e4649b934ca495991b7852b855
--Users-vito-data-dev-mumu--/4bc12a09-660c-49e1-b2ab-9366d8509862/session.v3.jsonl.zstd	canonical	v3	4bc12a09-660c-49e1-b2ab-9366d8509862	218606	1790238064	8242696cc64abe2094b95b2b0e95f470da284b3d5ca3afd3d00b85ef720faa8d
--Users-vito-data-dev-mumu--/4c3485b1-d807-4d19-9dc6-a28c949a726a/session.lock	lock	-	4c3485b1-d807-4d19-9dc6-a28c949a726a	0	1790067029	e3b0c44298fc1c149afbf4c8996fb92427ae41e4649b934ca495991b7852b855
--Users-vito-data-dev-mumu--/4c3485b1-d807-4d19-9dc6-a28c949a726a/session.v3.jsonl.zstd	canonical	v3	4c3485b1-d807-4d19-9dc6-a28c949a726a	152560	1790067202	4318fcaf903580b8ad8aef3f8e8b9e3487d658cef9b7c0f1ba9213c1f4b525f4
--Users-vito-data-dev-mumu--/5031048c-d073-41db-8527-e3e4a15ea2e9/session.lock	lock	-	5031048c-d073-41db-8527-e3e4a15ea2e9	0	1789909441	e3b0c44298fc1c149afbf4c8996fb92427ae41e4649b934ca495991b7852b855
--Users-vito-data-dev-mumu--/5031048c-d073-41db-8527-e3e4a15ea2e9/session.v3.jsonl.zstd	canonical	v3	5031048c-d073-41db-8527-e3e4a15ea2e9	13713	1789909446	9e3bb5f0332184d35034d7015077cb2f14d2cd8e6965d8354ab3347c4a7daa8e
--Users-vito-data-dev-mumu--/51b60523-d196-4a84-84ea-57221aeadc90/session.lock	lock	-	51b60523-d196-4a84-84ea-57221aeadc90	0	1790066721	e3b0c44298fc1c149afbf4c8996fb92427ae41e4649b934ca495991b7852b855
--Users-vito-data-dev-mumu--/51b60523-d196-4a84-84ea-57221aeadc90/session.v3.jsonl.zstd	canonical	v3	51b60523-d196-4a84-84ea-57221aeadc90	153477	1790066842	083b70ed42586a6a4d904e5b829b3ba2cfa009e2662a88f7ea75614adc42a4ef
--Users-vito-data-dev-mumu--/52b0c255-8b06-4203-986b-28f32cf512da/session.lock	lock	-	52b0c255-8b06-4203-986b-28f32cf512da	0	1789982179	e3b0c44298fc1c149afbf4c8996fb92427ae41e4649b934ca495991b7852b855
--Users-vito-data-dev-mumu--/52b0c255-8b06-4203-986b-28f32cf512da/session.v3.jsonl.zstd	canonical	v3	52b0c255-8b06-4203-986b-28f32cf512da	191523	1789982303	126aba6d660b817728b9c7f6346361eb3572eb1c7738f4032d01a50958098c63
--Users-vito-data-dev-mumu--/52e8e3cd-6526-441a-82bd-0a393a521df1/session.lock	lock	-	52e8e3cd-6526-441a-82bd-0a393a521df1	0	1790169360	e3b0c44298fc1c149afbf4c8996fb92427ae41e4649b934ca495991b7852b855
--Users-vito-data-dev-mumu--/52e8e3cd-6526-441a-82bd-0a393a521df1/session.v3.jsonl.zstd	canonical	v3	52e8e3cd-6526-441a-82bd-0a393a521df1	46673	1790169377	ec3129c65e2b292075c9b70594a8d61969007aec7ee949f7668cb5b80173674a
--Users-vito-data-dev-mumu--/534ea64e-7c1d-40a6-b129-4cf3a326eebd/session.lock	lock	-	534ea64e-7c1d-40a6-b129-4cf3a326eebd	0	1790171353	e3b0c44298fc1c149afbf4c8996fb92427ae41e4649b934ca495991b7852b855
--Users-vito-data-dev-mumu--/534ea64e-7c1d-40a6-b129-4cf3a326eebd/session.v3.jsonl.zstd	canonical	v3	534ea64e-7c1d-40a6-b129-4cf3a326eebd	41021	1790171364	b384b7b6caba909d848df77fcb78efbee0628b84edf6615184f9594c19d57250
--Users-vito-data-dev-mumu--/537de7bf-6085-420d-af2d-462876b4996a/session.lock	lock	-	537de7bf-6085-420d-af2d-462876b4996a	0	1790177768	e3b0c44298fc1c149afbf4c8996fb92427ae41e4649b934ca495991b7852b855
--Users-vito-data-dev-mumu--/537de7bf-6085-420d-af2d-462876b4996a/session.v3.jsonl.zstd	canonical	v3	537de7bf-6085-420d-af2d-462876b4996a	37872	1790177776	9f5993d7d048444f90c7bceec2141b722fc8820ac4b3f466d24fe9e015b8eaf7
--Users-vito-data-dev-mumu--/538459cd-2971-4adb-aaa8-5a59b25c8daa/session.lock	lock	-	538459cd-2971-4adb-aaa8-5a59b25c8daa	0	1789837856	e3b0c44298fc1c149afbf4c8996fb92427ae41e4649b934ca495991b7852b855
--Users-vito-data-dev-mumu--/538459cd-2971-4adb-aaa8-5a59b25c8daa/session.v3.jsonl.zstd	canonical	v3	538459cd-2971-4adb-aaa8-5a59b25c8daa	447910	1789838182	3e0f4184e744e47e7ee4dafc9c9fd6a6b94f09eb3defe45d9f11eaf32883f6b0
--Users-vito-data-dev-mumu--/539ecb4f-a028-4017-b0fb-5cb08bce684a/session.lock	lock	-	539ecb4f-a028-4017-b0fb-5cb08bce684a	0	1789649741	e3b0c44298fc1c149afbf4c8996fb92427ae41e4649b934ca495991b7852b855
--Users-vito-data-dev-mumu--/539ecb4f-a028-4017-b0fb-5cb08bce684a/session.v3.jsonl.zstd	canonical	v3	539ecb4f-a028-4017-b0fb-5cb08bce684a	204683	1789649891	db84a93bcb9e47921a287f613d04c956156a3a9fae90e4f1577067fd46f9b0d3
--Users-vito-data-dev-mumu--/54665e5e-2a67-4b92-9e9e-36bf84891523/session.lock	lock	-	54665e5e-2a67-4b92-9e9e-36bf84891523	0	1790067069	e3b0c44298fc1c149afbf4c8996fb92427ae41e4649b934ca495991b7852b855
--Users-vito-data-dev-mumu--/54665e5e-2a67-4b92-9e9e-36bf84891523/session.v3.jsonl.zstd	canonical	v3	54665e5e-2a67-4b92-9e9e-36bf84891523	196367	1790067211	8d51c811c8cc7acb7207a5262b47d04c9e5f738385f8f4d09f0f8603d5c79d37
--Users-vito-data-dev-mumu--/5671d4ec-27f7-4e31-b56e-d1bd50ff76df/session.lock	lock	-	5671d4ec-27f7-4e31-b56e-d1bd50ff76df	0	1789906358	e3b0c44298fc1c149afbf4c8996fb92427ae41e4649b934ca495991b7852b855
--Users-vito-data-dev-mumu--/5671d4ec-27f7-4e31-b56e-d1bd50ff76df/session.v3.jsonl.zstd	canonical	v3	5671d4ec-27f7-4e31-b56e-d1bd50ff76df	1172087	1789909427	3198b79529352ff6f2236cb821d7f9c6a2607766143c1e66254cd9ba9572a961
--Users-vito-data-dev-mumu--/56a88be7-23f1-44f4-993a-dd51515412e9/session.lock	lock	-	56a88be7-23f1-44f4-993a-dd51515412e9	0	1789747078	e3b0c44298fc1c149afbf4c8996fb92427ae41e4649b934ca495991b7852b855
--Users-vito-data-dev-mumu--/56a88be7-23f1-44f4-993a-dd51515412e9/session.v3.jsonl.zstd	canonical	v3	56a88be7-23f1-44f4-993a-dd51515412e9	555779	1789748319	4cd10619b97df6a7cb00aca9cf8263180431330e5363c3a328bf6a7b1da486e5
--Users-vito-data-dev-mumu--/574f0da2-5c22-4505-beb4-3ed912bead03/session.lock	lock	-	574f0da2-5c22-4505-beb4-3ed912bead03	0	1790002953	e3b0c44298fc1c149afbf4c8996fb92427ae41e4649b934ca495991b7852b855
--Users-vito-data-dev-mumu--/574f0da2-5c22-4505-beb4-3ed912bead03/session.v3.jsonl.zstd	canonical	v3	574f0da2-5c22-4505-beb4-3ed912bead03	812067	1790004507	d7e80f3de710b7a2d5427dfa1b733e537e47bf1ca33ab2aadb679c7a09424fe4
--Users-vito-data-dev-mumu--/57890f66-adbf-4235-9ddb-2ec37ddf8922/session.lock	lock	-	57890f66-adbf-4235-9ddb-2ec37ddf8922	0	1790177686	e3b0c44298fc1c149afbf4c8996fb92427ae41e4649b934ca495991b7852b855
--Users-vito-data-dev-mumu--/57890f66-adbf-4235-9ddb-2ec37ddf8922/session.v3.jsonl.zstd	canonical	v3	57890f66-adbf-4235-9ddb-2ec37ddf8922	43619	1790177697	192fb8e2aaa1e69c0c1d7de556304401d1de03a3b9fd5f4874c60073a38ac849
--Users-vito-data-dev-mumu--/57af16b1-aa87-49dc-89e7-675a9decba07/session.lock	lock	-	57af16b1-aa87-49dc-89e7-675a9decba07	0	1790164819	e3b0c44298fc1c149afbf4c8996fb92427ae41e4649b934ca495991b7852b855
--Users-vito-data-dev-mumu--/57af16b1-aa87-49dc-89e7-675a9decba07/session.v3.jsonl.zstd	canonical	v3	57af16b1-aa87-49dc-89e7-675a9decba07	36685	1790164827	bc3d2fc345e5395efac8bd1af35695c6f28f02da045323a3d3cad83a95c9cabb
--Users-vito-data-dev-mumu--/587bb24e-251b-4561-9ff3-2239a18449f6/session.lock	lock	-	587bb24e-251b-4561-9ff3-2239a18449f6	0	1790269833	e3b0c44298fc1c149afbf4c8996fb92427ae41e4649b934ca495991b7852b855
--Users-vito-data-dev-mumu--/587bb24e-251b-4561-9ff3-2239a18449f6/session.v3.jsonl.zstd	canonical	v3	587bb24e-251b-4561-9ff3-2239a18449f6	515320	1790270529	f89b322dffec115f33c72ab6cc1a0c4cac1360ee152428dadf593da3b2ab4b10
--Users-vito-data-dev-mumu--/5977ffde-8a05-47d5-98d4-0bfe497de0a2/session.lock	lock	-	5977ffde-8a05-47d5-98d4-0bfe497de0a2	0	1790066431	e3b0c44298fc1c149afbf4c8996fb92427ae41e4649b934ca495991b7852b855
--Users-vito-data-dev-mumu--/5977ffde-8a05-47d5-98d4-0bfe497de0a2/session.v3.jsonl.zstd	canonical	v3	5977ffde-8a05-47d5-98d4-0bfe497de0a2	137662	1790066533	81bae6fbc7ad555f78d4f5908f1258c95a4907bb186e4b555cb736a5600f6e94
--Users-vito-data-dev-mumu--/597e1c77-51ed-4088-a1b8-a32bccbacd78/session.lock	lock	-	597e1c77-51ed-4088-a1b8-a32bccbacd78	0	1789984591	e3b0c44298fc1c149afbf4c8996fb92427ae41e4649b934ca495991b7852b855
--Users-vito-data-dev-mumu--/597e1c77-51ed-4088-a1b8-a32bccbacd78/session.v3.jsonl.zstd	canonical	v3	597e1c77-51ed-4088-a1b8-a32bccbacd78	242264	1789984770	2e9834f1c1ad45cd812a4d79a427e173f63d9412b2e08ac1858c9fa681030c19
--Users-vito-data-dev-mumu--/59b9fc71-a443-4850-b737-83dbe7378b92/session.lock	lock	-	59b9fc71-a443-4850-b737-83dbe7378b92	0	1790170815	e3b0c44298fc1c149afbf4c8996fb92427ae41e4649b934ca495991b7852b855
--Users-vito-data-dev-mumu--/59b9fc71-a443-4850-b737-83dbe7378b92/session.v3.jsonl.zstd	canonical	v3	59b9fc71-a443-4850-b737-83dbe7378b92	520760	1790170902	dca5ae1d8bbcc670c62a8feba3e4f05a5e45bc5dfa0ad54cce100e879d324e6b
--Users-vito-data-dev-mumu--/59d8fdaf-8e22-4eae-ba04-c6fe3de84e0c/session.lock	lock	-	59d8fdaf-8e22-4eae-ba04-c6fe3de84e0c	0	1790165749	e3b0c44298fc1c149afbf4c8996fb92427ae41e4649b934ca495991b7852b855
--Users-vito-data-dev-mumu--/59d8fdaf-8e22-4eae-ba04-c6fe3de84e0c/session.v3.jsonl.zstd	canonical	v3	59d8fdaf-8e22-4eae-ba04-c6fe3de84e0c	48675	1790165937	fdfcdf3671e67b2639f965bd3387405a3a027867c23ba797aa277180233be64b
--Users-vito-data-dev-mumu--/59f16d4a-4eab-4ac9-9c77-c4f2c1619414/session.lock	lock	-	59f16d4a-4eab-4ac9-9c77-c4f2c1619414	0	1790065980	e3b0c44298fc1c149afbf4c8996fb92427ae41e4649b934ca495991b7852b855
--Users-vito-data-dev-mumu--/59f16d4a-4eab-4ac9-9c77-c4f2c1619414/session.v3.jsonl.zstd	canonical	v3	59f16d4a-4eab-4ac9-9c77-c4f2c1619414	54538	1790066041	16fe0ad2405cffcbec23f6da07a47d892ddc0f49ba5e0db00fff1c3506f267ab
--Users-vito-data-dev-mumu--/5a27ed65-954c-4ba5-9eb2-35a9f7f57fec/session.lock	lock	-	5a27ed65-954c-4ba5-9eb2-35a9f7f57fec	0	1790221714	e3b0c44298fc1c149afbf4c8996fb92427ae41e4649b934ca495991b7852b855
--Users-vito-data-dev-mumu--/5a27ed65-954c-4ba5-9eb2-35a9f7f57fec/session.v3.jsonl.zstd	canonical	v3	5a27ed65-954c-4ba5-9eb2-35a9f7f57fec	66828	1790221774	da24cf5833f826345d1655de3941bf2678fa82d5feae9d896349c6cef5651330
--Users-vito-data-dev-mumu--/5a7bd767-658c-43db-8333-8fdf84d1322a/session.lock	lock	-	5a7bd767-658c-43db-8333-8fdf84d1322a	0	1789637296	e3b0c44298fc1c149afbf4c8996fb92427ae41e4649b934ca495991b7852b855
--Users-vito-data-dev-mumu--/5a7bd767-658c-43db-8333-8fdf84d1322a/session.v3.jsonl.zstd	canonical	v3	5a7bd767-658c-43db-8333-8fdf84d1322a	200318	1789637478	e42de12a1b71ee727a73ccdc2cc151e88b26107c78342c0ebb18b16f8fc030e4
--Users-vito-data-dev-mumu--/5b368389-2b0b-4229-9204-19cf1cf556ce/session.lock	lock	-	5b368389-2b0b-4229-9204-19cf1cf556ce	0	1790220030	e3b0c44298fc1c149afbf4c8996fb92427ae41e4649b934ca495991b7852b855
--Users-vito-data-dev-mumu--/5b368389-2b0b-4229-9204-19cf1cf556ce/session.v3.jsonl.zstd	canonical	v3	5b368389-2b0b-4229-9204-19cf1cf556ce	43160	1790220042	ad5cc71e4789087f75ffc3f8706d157e68c7cc79d1fc2653038d28008948b636
--Users-vito-data-dev-mumu--/5bf29bb8-8fec-4de4-91c5-8111542d67f2/session.lock	lock	-	5bf29bb8-8fec-4de4-91c5-8111542d67f2	0	1789702955	e3b0c44298fc1c149afbf4c8996fb92427ae41e4649b934ca495991b7852b855
--Users-vito-data-dev-mumu--/5bf29bb8-8fec-4de4-91c5-8111542d67f2/session.v3.jsonl.zstd	canonical	v3	5bf29bb8-8fec-4de4-91c5-8111542d67f2	124738	1789703011	b76f2d09cb64eed5ae8b5168c93f9a846f6b29042f0ea80459dc3eec394e122a
--Users-vito-data-dev-mumu--/5cd178c6-d536-4af0-a509-6e027921ae0a/session.lock	lock	-	5cd178c6-d536-4af0-a509-6e027921ae0a	0	1790013066	e3b0c44298fc1c149afbf4c8996fb92427ae41e4649b934ca495991b7852b855
--Users-vito-data-dev-mumu--/5cd178c6-d536-4af0-a509-6e027921ae0a/session.v3.jsonl.zstd	canonical	v3	5cd178c6-d536-4af0-a509-6e027921ae0a	328205	1790013332	8b2a27aeea9887099c000fdf79532539c61b523d0bc99a36cd77f755af4592c7
--Users-vito-data-dev-mumu--/5cdedb3b-36f0-45dd-8c0d-a1f1ba9fdbdc/session.lock	lock	-	5cdedb3b-36f0-45dd-8c0d-a1f1ba9fdbdc	0	1790171481	e3b0c44298fc1c149afbf4c8996fb92427ae41e4649b934ca495991b7852b855
--Users-vito-data-dev-mumu--/5cdedb3b-36f0-45dd-8c0d-a1f1ba9fdbdc/session.v3.jsonl.zstd	canonical	v3	5cdedb3b-36f0-45dd-8c0d-a1f1ba9fdbdc	39028	1790171610	3a2573f0905c529e8b942bc034c16e54cd850f77056413104935fd349479031c
--Users-vito-data-dev-mumu--/5d2ffefc-7d34-43f9-b504-cf2c20aa6ac1/session.lock	lock	-	5d2ffefc-7d34-43f9-b504-cf2c20aa6ac1	0	1790012813	e3b0c44298fc1c149afbf4c8996fb92427ae41e4649b934ca495991b7852b855
--Users-vito-data-dev-mumu--/5d2ffefc-7d34-43f9-b504-cf2c20aa6ac1/session.v3.jsonl.zstd	canonical	v3	5d2ffefc-7d34-43f9-b504-cf2c20aa6ac1	194381	1790012961	d5202a94d3fe38b9993c47cc1857f4cc0f232fda4aab728bb8071010e888d019
--Users-vito-data-dev-mumu--/5e9400ec-eb0a-4bcd-ace9-95785824ecca/session.lock	lock	-	5e9400ec-eb0a-4bcd-ace9-95785824ecca	0	1790066752	e3b0c44298fc1c149afbf4c8996fb92427ae41e4649b934ca495991b7852b855
--Users-vito-data-dev-mumu--/5e9400ec-eb0a-4bcd-ace9-95785824ecca/session.v3.jsonl.zstd	canonical	v3	5e9400ec-eb0a-4bcd-ace9-95785824ecca	54669	1790066809	c7c7c16e23f8dc207f5368ff39d8143f9d08d25bd58fc42dfe7ccec242e440b0
--Users-vito-data-dev-mumu--/5edac383-8c6b-4661-9808-4a9dddb2f967/session.lock	lock	-	5edac383-8c6b-4661-9808-4a9dddb2f967	0	1790012370	e3b0c44298fc1c149afbf4c8996fb92427ae41e4649b934ca495991b7852b855
--Users-vito-data-dev-mumu--/5edac383-8c6b-4661-9808-4a9dddb2f967/session.v3.jsonl.zstd	canonical	v3	5edac383-8c6b-4661-9808-4a9dddb2f967	152348	1790012472	067a54e81553e13e58c0ebc6c56c429dcd5b672d6f4cbcada0e45b6b552b5e00
--Users-vito-data-dev-mumu--/5efc7f2c-5c2c-4675-99f6-46dbae5737ca/session.lock	lock	-	5efc7f2c-5c2c-4675-99f6-46dbae5737ca	0	1789995464	e3b0c44298fc1c149afbf4c8996fb92427ae41e4649b934ca495991b7852b855
--Users-vito-data-dev-mumu--/5efc7f2c-5c2c-4675-99f6-46dbae5737ca/session.v3.jsonl.zstd	canonical	v3	5efc7f2c-5c2c-4675-99f6-46dbae5737ca	13250	1789997308	138a326569faef0bb0951a7da6d2521629b8e4f13537a28ea360d33c91138f69
--Users-vito-data-dev-mumu--/5f96559a-62ed-462c-8229-b7fa917e88ce/session.lock	lock	-	5f96559a-62ed-462c-8229-b7fa917e88ce	0	1790179491	e3b0c44298fc1c149afbf4c8996fb92427ae41e4649b934ca495991b7852b855
--Users-vito-data-dev-mumu--/5f96559a-62ed-462c-8229-b7fa917e88ce/session.v3.jsonl.zstd	canonical	v3	5f96559a-62ed-462c-8229-b7fa917e88ce	58312	1790179519	a86f4dbffc71521829d7faea31682b352413a932aad234312d9b89299912ebb0
--Users-vito-data-dev-mumu--/5fdaf9e5-f2f1-4169-a431-e0a4f0e0f8ef/session.lock	lock	-	5fdaf9e5-f2f1-4169-a431-e0a4f0e0f8ef	0	1790264971	e3b0c44298fc1c149afbf4c8996fb92427ae41e4649b934ca495991b7852b855
--Users-vito-data-dev-mumu--/5fdaf9e5-f2f1-4169-a431-e0a4f0e0f8ef/session.v3.jsonl.zstd	canonical	v3	5fdaf9e5-f2f1-4169-a431-e0a4f0e0f8ef	957127	1790265233	ffb8651f3b06e2135fca9c809691bb0cf721c23889aea01563dd499269fc7f16
--Users-vito-data-dev-mumu--/6096c12d-8efb-4e52-a53e-cf078143ed4a/session.lock	lock	-	6096c12d-8efb-4e52-a53e-cf078143ed4a	0	1790310241	e3b0c44298fc1c149afbf4c8996fb92427ae41e4649b934ca495991b7852b855
--Users-vito-data-dev-mumu--/6096c12d-8efb-4e52-a53e-cf078143ed4a/session.v3.jsonl.zstd	canonical	v3	6096c12d-8efb-4e52-a53e-cf078143ed4a	815290	1790312677	dd0e6e0154a0ce475b34d1cb8bd9e1722ec7c9f0e9bd119bdc2fa56adc4e0806
--Users-vito-data-dev-mumu--/60df8a1f-a1a4-42d4-b6e8-f44b51b5b07d/session.lock	lock	-	60df8a1f-a1a4-42d4-b6e8-f44b51b5b07d	0	1790066721	e3b0c44298fc1c149afbf4c8996fb92427ae41e4649b934ca495991b7852b855
--Users-vito-data-dev-mumu--/60df8a1f-a1a4-42d4-b6e8-f44b51b5b07d/session.v3.jsonl.zstd	canonical	v3	60df8a1f-a1a4-42d4-b6e8-f44b51b5b07d	165197	1790066856	a5758da063051c13e8652ec052df22c8edf350d4c319d20443b0d6319a50291f
--Users-vito-data-dev-mumu--/61a16bdd-01ab-404e-ab97-953fc56eed35/session.lock	lock	-	61a16bdd-01ab-404e-ab97-953fc56eed35	0	1789757197	e3b0c44298fc1c149afbf4c8996fb92427ae41e4649b934ca495991b7852b855
--Users-vito-data-dev-mumu--/61a16bdd-01ab-404e-ab97-953fc56eed35/session.v3.jsonl.zstd	canonical	v3	61a16bdd-01ab-404e-ab97-953fc56eed35	664282	1789758077	43d751383478001172d8c4204e7323b6ebbf3d3f8062850b4c58dedd36cbf336
--Users-vito-data-dev-mumu--/621bf711-a818-427e-b02a-bfefea212aef/session.lock	lock	-	621bf711-a818-427e-b02a-bfefea212aef	0	1790238875	e3b0c44298fc1c149afbf4c8996fb92427ae41e4649b934ca495991b7852b855
--Users-vito-data-dev-mumu--/621bf711-a818-427e-b02a-bfefea212aef/session.v3.jsonl.zstd	canonical	v3	621bf711-a818-427e-b02a-bfefea212aef	66968	1790242373	fa370222826e98741d21a4726c4f88caf474c82ca3360c8eddf9a50d204a1d2a
--Users-vito-data-dev-mumu--/628a04de-4fd3-4a89-bd39-1b640c5331a0/session.lock	lock	-	628a04de-4fd3-4a89-bd39-1b640c5331a0	0	1790231283	e3b0c44298fc1c149afbf4c8996fb92427ae41e4649b934ca495991b7852b855
--Users-vito-data-dev-mumu--/628a04de-4fd3-4a89-bd39-1b640c5331a0/session.v3.jsonl.zstd	canonical	v3	628a04de-4fd3-4a89-bd39-1b640c5331a0	37702	1790231321	520d950645e2a6908d1cd2fb2f55fa0e13e501940b6a30e9f4084b24317c5e3c
--Users-vito-data-dev-mumu--/631d9506-1826-4641-b06a-f54a0aafaf98/session.lock	lock	-	631d9506-1826-4641-b06a-f54a0aafaf98	0	1789637296	e3b0c44298fc1c149afbf4c8996fb92427ae41e4649b934ca495991b7852b855
--Users-vito-data-dev-mumu--/631d9506-1826-4641-b06a-f54a0aafaf98/session.v3.jsonl.zstd	canonical	v3	631d9506-1826-4641-b06a-f54a0aafaf98	249094	1789637530	08ecfb9e35b4ff45dd81c9047a08213f5f7c836e5502c5c0f15de64bc2a956d1
--Users-vito-data-dev-mumu--/63534785-aaac-4f25-8c2d-3525008ff2d2/session.lock	lock	-	63534785-aaac-4f25-8c2d-3525008ff2d2	0	1790010182	e3b0c44298fc1c149afbf4c8996fb92427ae41e4649b934ca495991b7852b855
--Users-vito-data-dev-mumu--/63534785-aaac-4f25-8c2d-3525008ff2d2/session.v3.jsonl.zstd	canonical	v3	63534785-aaac-4f25-8c2d-3525008ff2d2	708907	1790011024	a4efbc36f2faae96233c607e251a13063ec17d470d81e9eb6fc77263eda89da2
--Users-vito-data-dev-mumu--/63543b1e-4cf5-41eb-abb7-bd4b8a4f695d/session.lock	lock	-	63543b1e-4cf5-41eb-abb7-bd4b8a4f695d	0	1790067029	e3b0c44298fc1c149afbf4c8996fb92427ae41e4649b934ca495991b7852b855
--Users-vito-data-dev-mumu--/63543b1e-4cf5-41eb-abb7-bd4b8a4f695d/session.v3.jsonl.zstd	canonical	v3	63543b1e-4cf5-41eb-abb7-bd4b8a4f695d	81303	1790067056	b87c8c915e228f47e4db5532cd4e52fdfa301216dfa9240fe0466bd4f53eee2d
--Users-vito-data-dev-mumu--/6397ec4c-321f-4301-97e6-ff4c7d188a02/session.lock	lock	-	6397ec4c-321f-4301-97e6-ff4c7d188a02	0	1790181024	e3b0c44298fc1c149afbf4c8996fb92427ae41e4649b934ca495991b7852b855
--Users-vito-data-dev-mumu--/6397ec4c-321f-4301-97e6-ff4c7d188a02/session.v3.jsonl.zstd	canonical	v3	6397ec4c-321f-4301-97e6-ff4c7d188a02	44668	1790181338	04b94b95f9d7bc855f86e079ea5dce0a37d637ffdfc8f790dafe2a2b574ecd30
--Users-vito-data-dev-mumu--/64f527df-f032-457e-9ab8-874218363d73/session.lock	lock	-	64f527df-f032-457e-9ab8-874218363d73	0	1790001057	e3b0c44298fc1c149afbf4c8996fb92427ae41e4649b934ca495991b7852b855
--Users-vito-data-dev-mumu--/64f527df-f032-457e-9ab8-874218363d73/session.v3.jsonl.zstd	canonical	v3	64f527df-f032-457e-9ab8-874218363d73	818924	1790002289	43a3f84a2a7489fa4e7085a1ebbe3983838c769eaad6dfed50951d9b8997d3ec
--Users-vito-data-dev-mumu--/64f6577a-9eb7-4495-a8a0-87a7bdb1eab6/session.lock	lock	-	64f6577a-9eb7-4495-a8a0-87a7bdb1eab6	0	1790066018	e3b0c44298fc1c149afbf4c8996fb92427ae41e4649b934ca495991b7852b855
--Users-vito-data-dev-mumu--/64f6577a-9eb7-4495-a8a0-87a7bdb1eab6/session.v3.jsonl.zstd	canonical	v3	64f6577a-9eb7-4495-a8a0-87a7bdb1eab6	150640	1790066126	2016121f6455b69e324450d5b07591e1af9d815bc00e1ab7657b6292bcfe3891
--Users-vito-data-dev-mumu--/65968390-3872-49a8-8268-8be3fbac4c17/session.lock	lock	-	65968390-3872-49a8-8268-8be3fbac4c17	0	1790012424	e3b0c44298fc1c149afbf4c8996fb92427ae41e4649b934ca495991b7852b855
--Users-vito-data-dev-mumu--/65968390-3872-49a8-8268-8be3fbac4c17/session.v3.jsonl.zstd	canonical	v3	65968390-3872-49a8-8268-8be3fbac4c17	274584	1790012638	52a06efc89064cbb4eef52ef0439b8ced13cce1e25fd266e92cf50a362830c5b
--Users-vito-data-dev-mumu--/679a7755-4c89-425f-b0cc-b1394d145ee2/session.lock	lock	-	679a7755-4c89-425f-b0cc-b1394d145ee2	0	1790164615	e3b0c44298fc1c149afbf4c8996fb92427ae41e4649b934ca495991b7852b855
--Users-vito-data-dev-mumu--/679a7755-4c89-425f-b0cc-b1394d145ee2/session.v3.jsonl.zstd	canonical	v3	679a7755-4c89-425f-b0cc-b1394d145ee2	61680	1790164658	2ecfd8225188704242572c45061e937addc3bec2880c72d2e5712443dbe0e916
--Users-vito-data-dev-mumu--/68000d79-de0c-467c-b6b4-6e309895e073/session.lock	lock	-	68000d79-de0c-467c-b6b4-6e309895e073	0	1789640816	e3b0c44298fc1c149afbf4c8996fb92427ae41e4649b934ca495991b7852b855
--Users-vito-data-dev-mumu--/68000d79-de0c-467c-b6b4-6e309895e073/session.v3.jsonl.zstd	canonical	v3	68000d79-de0c-467c-b6b4-6e309895e073	353449	1789641046	2da3faff9c2b672c7c29cc61ffe276bed2fdb2d24171a92e3335a12238dce346
--Users-vito-data-dev-mumu--/68366071-b4f9-4b8c-bd38-4643b8cd4f80/session.lock	lock	-	68366071-b4f9-4b8c-bd38-4643b8cd4f80	0	1790012136	e3b0c44298fc1c149afbf4c8996fb92427ae41e4649b934ca495991b7852b855
--Users-vito-data-dev-mumu--/68366071-b4f9-4b8c-bd38-4643b8cd4f80/session.v3.jsonl.zstd	canonical	v3	68366071-b4f9-4b8c-bd38-4643b8cd4f80	203748	1790012297	be244ea003a86ed7111ea5e2dc9bb78e5272a4a28e6e2e32ee2de1e6c8e127d2
--Users-vito-data-dev-mumu--/6995cd51-5c13-42d3-93ed-89eb2f46409f/session.lock	lock	-	6995cd51-5c13-42d3-93ed-89eb2f46409f	0	1789961230	e3b0c44298fc1c149afbf4c8996fb92427ae41e4649b934ca495991b7852b855
--Users-vito-data-dev-mumu--/6995cd51-5c13-42d3-93ed-89eb2f46409f/session.v3.jsonl.zstd	canonical	v3	6995cd51-5c13-42d3-93ed-89eb2f46409f	316677	1789961560	49d733e13986b4081ebd07dcf7992c49f7c7fd0658db92fc0b3838b7d131ce0d
--Users-vito-data-dev-mumu--/6a68a498-e68f-4970-9eaf-af88a37e3ea0/session.lock	lock	-	6a68a498-e68f-4970-9eaf-af88a37e3ea0	0	1790011451	e3b0c44298fc1c149afbf4c8996fb92427ae41e4649b934ca495991b7852b855
--Users-vito-data-dev-mumu--/6a68a498-e68f-4970-9eaf-af88a37e3ea0/session.v3.jsonl.zstd	canonical	v3	6a68a498-e68f-4970-9eaf-af88a37e3ea0	255048	1790011639	35d1e12fb85d2dcc8a905dae196642fa51fb4405df4af7ee9cb3465bff681b91
--Users-vito-data-dev-mumu--/6a849473-56ef-40d0-b4cc-f5267489503e/session.lock	lock	-	6a849473-56ef-40d0-b4cc-f5267489503e	0	1790170618	e3b0c44298fc1c149afbf4c8996fb92427ae41e4649b934ca495991b7852b855
--Users-vito-data-dev-mumu--/6a849473-56ef-40d0-b4cc-f5267489503e/session.v3.jsonl.zstd	canonical	v3	6a849473-56ef-40d0-b4cc-f5267489503e	39564	1790170625	9ba962a060ff82d60b987dcdfb0024bb6a5f521286fe503e4e3cc0b78bb5d193
--Users-vito-data-dev-mumu--/6ab59d12-3200-4dca-8ccc-15c4caeec450/session.lock	lock	-	6ab59d12-3200-4dca-8ccc-15c4caeec450	0	1790183224	e3b0c44298fc1c149afbf4c8996fb92427ae41e4649b934ca495991b7852b855
--Users-vito-data-dev-mumu--/6ab59d12-3200-4dca-8ccc-15c4caeec450/session.v3.jsonl.zstd	canonical	v3	6ab59d12-3200-4dca-8ccc-15c4caeec450	42671	1790183240	4248a67f99703585c316d58a0689f4bb06d8c2f86d81b5600d2e59dd51bd3c0e
--Users-vito-data-dev-mumu--/6ad5cbb8-b948-4533-bad4-9adb581114c2/session.lock	lock	-	6ad5cbb8-b948-4533-bad4-9adb581114c2	0	1790220396	e3b0c44298fc1c149afbf4c8996fb92427ae41e4649b934ca495991b7852b855
--Users-vito-data-dev-mumu--/6ad5cbb8-b948-4533-bad4-9adb581114c2/session.v3.jsonl.zstd	canonical	v3	6ad5cbb8-b948-4533-bad4-9adb581114c2	50860	1790220416	4d3b9b9b4daa78053665a39788d32906f5f2b105dd4d3447565e05315bc91bf6
--Users-vito-data-dev-mumu--/6adc6640-5359-433d-a105-aae153e1dc41/session.lock	lock	-	6adc6640-5359-433d-a105-aae153e1dc41	0	1789962235	e3b0c44298fc1c149afbf4c8996fb92427ae41e4649b934ca495991b7852b855
--Users-vito-data-dev-mumu--/6adc6640-5359-433d-a105-aae153e1dc41/session.v3.jsonl.zstd	canonical	v3	6adc6640-5359-433d-a105-aae153e1dc41	300084	1789962504	a34d9bc5b7e82b39be713ad3b253232ef3b816c3e53ba68a2c5e4f129112c761
--Users-vito-data-dev-mumu--/6ba927a9-7c2f-4b79-8387-71c7929b7e55/session.lock	lock	-	6ba927a9-7c2f-4b79-8387-71c7929b7e55	0	1790221652	e3b0c44298fc1c149afbf4c8996fb92427ae41e4649b934ca495991b7852b855
--Users-vito-data-dev-mumu--/6ba927a9-7c2f-4b79-8387-71c7929b7e55/session.v3.jsonl.zstd	canonical	v3	6ba927a9-7c2f-4b79-8387-71c7929b7e55	48748	1790221667	87c9bfcff8bd0989fdb4f49362e5c9d60a4f4ad70bdb9948f626ed3cf0e97dc4
--Users-vito-data-dev-mumu--/6d2b3e09-841b-4305-aa9a-a0a6209a9cba/session.lock	lock	-	6d2b3e09-841b-4305-aa9a-a0a6209a9cba	0	1790012666	e3b0c44298fc1c149afbf4c8996fb92427ae41e4649b934ca495991b7852b855
--Users-vito-data-dev-mumu--/6d2b3e09-841b-4305-aa9a-a0a6209a9cba/session.v3.jsonl.zstd	canonical	v3	6d2b3e09-841b-4305-aa9a-a0a6209a9cba	186540	1790012835	a141066be6e2e20834d4003eaeff04efa7f5981b72d49792dfd9b9e708613ea1
--Users-vito-data-dev-mumu--/6d4bc58f-8665-4572-a12d-be3d09db0410/session.lock	lock	-	6d4bc58f-8665-4572-a12d-be3d09db0410	0	1789914192	e3b0c44298fc1c149afbf4c8996fb92427ae41e4649b934ca495991b7852b855
--Users-vito-data-dev-mumu--/6d4bc58f-8665-4572-a12d-be3d09db0410/session.v3.jsonl.zstd	canonical	v3	6d4bc58f-8665-4572-a12d-be3d09db0410	1091835	1789916062	f4d7df9b5005797d299fa4ac7068fd29952f13551af24664fcf27227f105afb9
--Users-vito-data-dev-mumu--/6de00f6d-3596-479b-a990-f8af3b4ddda5/session.lock	lock	-	6de00f6d-3596-479b-a990-f8af3b4ddda5	0	1790065520	e3b0c44298fc1c149afbf4c8996fb92427ae41e4649b934ca495991b7852b855
--Users-vito-data-dev-mumu--/6de00f6d-3596-479b-a990-f8af3b4ddda5/session.v3.jsonl.zstd	canonical	v3	6de00f6d-3596-479b-a990-f8af3b4ddda5	287761	1790065833	50e2edcfe54e22929454cff3bab7b4a9cdf3d3d4588454090bdf918c9b513707
--Users-vito-data-dev-mumu--/6e85c535-ee44-4a4d-983e-f0875a4cce1c/session.lock	lock	-	6e85c535-ee44-4a4d-983e-f0875a4cce1c	0	1790067240	e3b0c44298fc1c149afbf4c8996fb92427ae41e4649b934ca495991b7852b855
--Users-vito-data-dev-mumu--/6e85c535-ee44-4a4d-983e-f0875a4cce1c/session.v3.jsonl.zstd	canonical	v3	6e85c535-ee44-4a4d-983e-f0875a4cce1c	77637	1790067269	d4589628651a94440ab85abb3cf9ae0e4e03205ec0755b79dacb18ed9f2fdc4e
--Users-vito-data-dev-mumu--/6e87d4af-dbf0-4d81-b47c-c21bf9bada09/session.lock	lock	-	6e87d4af-dbf0-4d81-b47c-c21bf9bada09	0	1790221621	e3b0c44298fc1c149afbf4c8996fb92427ae41e4649b934ca495991b7852b855
--Users-vito-data-dev-mumu--/6e87d4af-dbf0-4d81-b47c-c21bf9bada09/session.v3.jsonl.zstd	canonical	v3	6e87d4af-dbf0-4d81-b47c-c21bf9bada09	43999	1790221634	852684859c3a668bf60e54a9c76b4517794c25137e09a96adb4b6bc3bc9a496f
--Users-vito-data-dev-mumu--/6ee23a1a-23c8-4b3e-b1cf-065bd2694d47/session.lock	lock	-	6ee23a1a-23c8-4b3e-b1cf-065bd2694d47	0	1789714296	e3b0c44298fc1c149afbf4c8996fb92427ae41e4649b934ca495991b7852b855
--Users-vito-data-dev-mumu--/6ee23a1a-23c8-4b3e-b1cf-065bd2694d47/session.v3.jsonl.zstd	canonical	v3	6ee23a1a-23c8-4b3e-b1cf-065bd2694d47	764399	1789715678	360f74eab6267470b051c7368981dd9c2f15166716be412117e76b6814f553b8
--Users-vito-data-dev-mumu--/6f0d52fb-c1ee-4632-a575-0d4d8bf8e166/session.lock	lock	-	6f0d52fb-c1ee-4632-a575-0d4d8bf8e166	0	1789701089	e3b0c44298fc1c149afbf4c8996fb92427ae41e4649b934ca495991b7852b855
--Users-vito-data-dev-mumu--/6f0d52fb-c1ee-4632-a575-0d4d8bf8e166/session.v3.jsonl.zstd	canonical	v3	6f0d52fb-c1ee-4632-a575-0d4d8bf8e166	209197	1789701225	184f2acd809cf18c845eda4bf4daa1b87d158e10dc44d2e8a3d5c52c59884382
--Users-vito-data-dev-mumu--/6f8a00b5-5f7d-48d7-bb5b-692f0910311a/session.lock	lock	-	6f8a00b5-5f7d-48d7-bb5b-692f0910311a	0	1789732425	e3b0c44298fc1c149afbf4c8996fb92427ae41e4649b934ca495991b7852b855
--Users-vito-data-dev-mumu--/6f8a00b5-5f7d-48d7-bb5b-692f0910311a/session.v3.jsonl.zstd	canonical	v3	6f8a00b5-5f7d-48d7-bb5b-692f0910311a	473510	1789733671	71a12f1c7abe2cc1a80d54e86612fec9d99c1c4329927b1353ddd867eaed4131
--Users-vito-data-dev-mumu--/6fe71135-d464-4132-87c6-247ff30572c5/session.lock	lock	-	6fe71135-d464-4132-87c6-247ff30572c5	0	1790221491	e3b0c44298fc1c149afbf4c8996fb92427ae41e4649b934ca495991b7852b855
--Users-vito-data-dev-mumu--/6fe71135-d464-4132-87c6-247ff30572c5/session.v3.jsonl.zstd	canonical	v3	6fe71135-d464-4132-87c6-247ff30572c5	50618	1790221509	d600df64691d0ed55f3af5ae67edc38f27658c380d8636ea584d8a73a6b74a0f
--Users-vito-data-dev-mumu--/7000f229-f243-4d3a-a6c3-a3ba905104e6/session.lock	lock	-	7000f229-f243-4d3a-a6c3-a3ba905104e6	0	1790169896	e3b0c44298fc1c149afbf4c8996fb92427ae41e4649b934ca495991b7852b855
--Users-vito-data-dev-mumu--/7000f229-f243-4d3a-a6c3-a3ba905104e6/session.v3.jsonl.zstd	canonical	v3	7000f229-f243-4d3a-a6c3-a3ba905104e6	43684	1790170214	490a4ebd2f4064cb6ee1560bbea6792da4701e0c817b17efa08f20959288d94f
--Users-vito-data-dev-mumu--/704a98d5-8490-4393-beb0-5863401fbc20/session.lock	lock	-	704a98d5-8490-4393-beb0-5863401fbc20	0	1790336217	e3b0c44298fc1c149afbf4c8996fb92427ae41e4649b934ca495991b7852b855
--Users-vito-data-dev-mumu--/704a98d5-8490-4393-beb0-5863401fbc20/session.v3.jsonl.zstd	canonical	v3	704a98d5-8490-4393-beb0-5863401fbc20	560113	1790337118	9911f5c1b6f9cf718f13399c0763453ead6d1e476ddeba559f1dd92320e7639b
--Users-vito-data-dev-mumu--/706cad37-930d-441a-8dca-ce4739649c88/session.lock	lock	-	706cad37-930d-441a-8dca-ce4739649c88	0	1789993427	e3b0c44298fc1c149afbf4c8996fb92427ae41e4649b934ca495991b7852b855
--Users-vito-data-dev-mumu--/706cad37-930d-441a-8dca-ce4739649c88/session.v3.jsonl.zstd	canonical	v3	706cad37-930d-441a-8dca-ce4739649c88	721943	1789995447	865e6d9888c0c0bcce784572c9dfe70e0fac2270caea8c9334c15d2a9d963e08
--Users-vito-data-dev-mumu--/708606fb-61a0-4075-9c1f-b06301c8b75b/session.lock	lock	-	708606fb-61a0-4075-9c1f-b06301c8b75b	0	1790061283	e3b0c44298fc1c149afbf4c8996fb92427ae41e4649b934ca495991b7852b855
--Users-vito-data-dev-mumu--/708606fb-61a0-4075-9c1f-b06301c8b75b/session.v3.jsonl.zstd	canonical	v3	708606fb-61a0-4075-9c1f-b06301c8b75b	27761	1790061312	b9c80f5533e9837f9a497402545fb90248e2f20e117e3e70a386743501aaa7af
--Users-vito-data-dev-mumu--/70d326c0-9447-46af-aa42-a72e8743cb06/session.lock	lock	-	70d326c0-9447-46af-aa42-a72e8743cb06	0	1789722728	e3b0c44298fc1c149afbf4c8996fb92427ae41e4649b934ca495991b7852b855
--Users-vito-data-dev-mumu--/70d326c0-9447-46af-aa42-a72e8743cb06/session.v3.jsonl.zstd	canonical	v3	70d326c0-9447-46af-aa42-a72e8743cb06	13345	1789725834	ccbc193f952e98cd1aa63a80056f179e3c79d4c9eeabdb20e6c7ac868fb678a1
--Users-vito-data-dev-mumu--/70f23446-2374-493f-b704-c9082288dee9/session.lock	lock	-	70f23446-2374-493f-b704-c9082288dee9	0	1790179402	e3b0c44298fc1c149afbf4c8996fb92427ae41e4649b934ca495991b7852b855
--Users-vito-data-dev-mumu--/70f23446-2374-493f-b704-c9082288dee9/session.v3.jsonl.zstd	canonical	v3	70f23446-2374-493f-b704-c9082288dee9	1032071	1790179537	2d1f770133fef7e4c310a12ab07eedac8e2d4a780011188fd34fea6800534812
--Users-vito-data-dev-mumu--/71306213-1997-4c10-9c80-9795f265bac9/session.lock	lock	-	71306213-1997-4c10-9c80-9795f265bac9	0	1790310241	e3b0c44298fc1c149afbf4c8996fb92427ae41e4649b934ca495991b7852b855
--Users-vito-data-dev-mumu--/71306213-1997-4c10-9c80-9795f265bac9/session.v3.jsonl.zstd	canonical	v3	71306213-1997-4c10-9c80-9795f265bac9	854412	1790312778	8c47bac622594664594441d947ebb844eb0498d50921f4a2043ad081c246ec45
--Users-vito-data-dev-mumu--/7185f6be-0408-4cc0-8361-b6b7aefcd0c7/session.lock	lock	-	7185f6be-0408-4cc0-8361-b6b7aefcd0c7	0	1790305006	e3b0c44298fc1c149afbf4c8996fb92427ae41e4649b934ca495991b7852b855
--Users-vito-data-dev-mumu--/7185f6be-0408-4cc0-8361-b6b7aefcd0c7/session.v3.jsonl.zstd	canonical	v3	7185f6be-0408-4cc0-8361-b6b7aefcd0c7	423144	1790305475	e2b3b5c076097f4d943e99576ba5c5541be386f73074d662381732cff4c3e517
--Users-vito-data-dev-mumu--/71f32b08-1dbb-47ec-89f1-fda5fe4fc1fb/session.lock	lock	-	71f32b08-1dbb-47ec-89f1-fda5fe4fc1fb	0	1790065415	e3b0c44298fc1c149afbf4c8996fb92427ae41e4649b934ca495991b7852b855
--Users-vito-data-dev-mumu--/71f32b08-1dbb-47ec-89f1-fda5fe4fc1fb/session.v3.jsonl.zstd	canonical	v3	71f32b08-1dbb-47ec-89f1-fda5fe4fc1fb	157450	1790065558	a130b89b86c323ac386b4686574993898575e85d7471e1fde8a1a15f682afdc6
--Users-vito-data-dev-mumu--/72213057-39c0-4db6-abdd-044b1c5942a0/session.lock	lock	-	72213057-39c0-4db6-abdd-044b1c5942a0	0	1790065474	e3b0c44298fc1c149afbf4c8996fb92427ae41e4649b934ca495991b7852b855
--Users-vito-data-dev-mumu--/72213057-39c0-4db6-abdd-044b1c5942a0/session.v3.jsonl.zstd	canonical	v3	72213057-39c0-4db6-abdd-044b1c5942a0	83584	1790065502	bf4bcdac31b8565085c9078d95a0bdc955b85b4f638464a5a1eb979aa52a417f
--Users-vito-data-dev-mumu--/72596554-9a4f-42e2-aace-4d39b678477e/session.lock	lock	-	72596554-9a4f-42e2-aace-4d39b678477e	0	1789979560	e3b0c44298fc1c149afbf4c8996fb92427ae41e4649b934ca495991b7852b855
--Users-vito-data-dev-mumu--/72596554-9a4f-42e2-aace-4d39b678477e/session.v3.jsonl.zstd	canonical	v3	72596554-9a4f-42e2-aace-4d39b678477e	323036	1789979815	15c41ea1acb3eb9561c0af413c7d4b8ff9e1a7898f8d706a1569bfea320a786f
--Users-vito-data-dev-mumu--/72dd314a-de36-4d2b-ad55-7567ac3279f6/session.lock	lock	-	72dd314a-de36-4d2b-ad55-7567ac3279f6	0	1789702955	e3b0c44298fc1c149afbf4c8996fb92427ae41e4649b934ca495991b7852b855
--Users-vito-data-dev-mumu--/72dd314a-de36-4d2b-ad55-7567ac3279f6/session.v3.jsonl.zstd	canonical	v3	72dd314a-de36-4d2b-ad55-7567ac3279f6	168539	1789703047	12aeb5b3a1fcab1f9614f084ba6b1b633bf0d18f5c050bf30766e24fcb011f98
--Users-vito-data-dev-mumu--/72ee5db4-4391-456a-b39b-9ad8df4225b8/session.lock	lock	-	72ee5db4-4391-456a-b39b-9ad8df4225b8	0	1789913891	e3b0c44298fc1c149afbf4c8996fb92427ae41e4649b934ca495991b7852b855
--Users-vito-data-dev-mumu--/72ee5db4-4391-456a-b39b-9ad8df4225b8/session.v3.jsonl.zstd	canonical	v3	72ee5db4-4391-456a-b39b-9ad8df4225b8	49869	1789913912	5cedfdc1e11183e30c16fa9ec3e36eefadafa85124e8a1cacb11132dfaf6524a
--Users-vito-data-dev-mumu--/74897c08-ec82-4936-b987-256e33f9cf0e/session.lock	lock	-	74897c08-ec82-4936-b987-256e33f9cf0e	0	1790170527	e3b0c44298fc1c149afbf4c8996fb92427ae41e4649b934ca495991b7852b855
--Users-vito-data-dev-mumu--/74897c08-ec82-4936-b987-256e33f9cf0e/session.v3.jsonl.zstd	canonical	v3	74897c08-ec82-4936-b987-256e33f9cf0e	24266	1790170544	3f778d6b43e12bee8845eabfee562b2673fc28df2f365b6c154027e5970e5779
--Users-vito-data-dev-mumu--/759f8878-939a-4413-b730-3096d3b589de/session.lock	lock	-	759f8878-939a-4413-b730-3096d3b589de	0	1789690059	e3b0c44298fc1c149afbf4c8996fb92427ae41e4649b934ca495991b7852b855
--Users-vito-data-dev-mumu--/759f8878-939a-4413-b730-3096d3b589de/session.v3.jsonl.zstd	canonical	v3	759f8878-939a-4413-b730-3096d3b589de	267436	1789690246	a38bc1b0c0a1b36e6fadc7d6b642601e3f3eea01ef8ff03d6c5cf362c7372619
--Users-vito-data-dev-mumu--/75c3529f-49f9-4be2-abb7-fb08362e561c/session.lock	lock	-	75c3529f-49f9-4be2-abb7-fb08362e561c	0	1789990557	e3b0c44298fc1c149afbf4c8996fb92427ae41e4649b934ca495991b7852b855
--Users-vito-data-dev-mumu--/75c3529f-49f9-4be2-abb7-fb08362e561c/session.v3.jsonl.zstd	canonical	v3	75c3529f-49f9-4be2-abb7-fb08362e561c	151616	1789990784	1b3aef6b806b66a93d7a5122ae75d6d86f3e4dc33301022a34cf62f24c5cb50d
--Users-vito-data-dev-mumu--/760e2e5c-a584-42a6-b9d6-381ac6457402/session.lock	lock	-	760e2e5c-a584-42a6-b9d6-381ac6457402	0	1789920046	e3b0c44298fc1c149afbf4c8996fb92427ae41e4649b934ca495991b7852b855
--Users-vito-data-dev-mumu--/760e2e5c-a584-42a6-b9d6-381ac6457402/session.v3.jsonl.zstd	canonical	v3	760e2e5c-a584-42a6-b9d6-381ac6457402	256461	1789920222	810d5eb4cc2334a524b3a708c9bd9c47572100c8c91aa0e97d8eda3d9dd06b16
--Users-vito-data-dev-mumu--/7675d572-c4e8-42d0-86b2-952115b8fe38/session.lock	lock	-	7675d572-c4e8-42d0-86b2-952115b8fe38	0	1790179788	e3b0c44298fc1c149afbf4c8996fb92427ae41e4649b934ca495991b7852b855
--Users-vito-data-dev-mumu--/7675d572-c4e8-42d0-86b2-952115b8fe38/session.v3.jsonl.zstd	canonical	v3	7675d572-c4e8-42d0-86b2-952115b8fe38	39144	1790179800	3ee620f749cedbbae1a9611063d49e85fd65a07e36c176e4b8035f34505f8bd9
--Users-vito-data-dev-mumu--/76a541bb-5f09-4a67-a3c5-5a8d3b635389/session.lock	lock	-	76a541bb-5f09-4a67-a3c5-5a8d3b635389	0	1790237835	e3b0c44298fc1c149afbf4c8996fb92427ae41e4649b934ca495991b7852b855
--Users-vito-data-dev-mumu--/76a541bb-5f09-4a67-a3c5-5a8d3b635389/session.v3.jsonl.zstd	canonical	v3	76a541bb-5f09-4a67-a3c5-5a8d3b635389	152410	1790237974	dbbeb054e14b57c1dbf4816479869ef6917fddeb41d0cf4632fb2684b5ff8a9d
--Users-vito-data-dev-mumu--/76afc5a3-f8a5-4e49-bfad-c127ecc118b2/session.lock	lock	-	76afc5a3-f8a5-4e49-bfad-c127ecc118b2	0	1790174268	e3b0c44298fc1c149afbf4c8996fb92427ae41e4649b934ca495991b7852b855
--Users-vito-data-dev-mumu--/76afc5a3-f8a5-4e49-bfad-c127ecc118b2/session.v3.jsonl.zstd	canonical	v3	76afc5a3-f8a5-4e49-bfad-c127ecc118b2	44041	1790174583	81e668a424e0a94ba9049b59e772d94fa2d8e6ad1479cc448a140189aae2853c
--Users-vito-data-dev-mumu--/7714ef87-934d-452d-8dee-29f2a376359d/session.lock	lock	-	7714ef87-934d-452d-8dee-29f2a376359d	0	1790269361	e3b0c44298fc1c149afbf4c8996fb92427ae41e4649b934ca495991b7852b855
--Users-vito-data-dev-mumu--/7714ef87-934d-452d-8dee-29f2a376359d/session.v3.jsonl.zstd	canonical	v3	7714ef87-934d-452d-8dee-29f2a376359d	1126231	1790269750	5881862443518bbf3c14a631a4187e7b01e128494708ccacbe0c20dcbae73b34
--Users-vito-data-dev-mumu--/771c8e81-f580-4b3e-a614-bada3763b0b6/session.lock	lock	-	771c8e81-f580-4b3e-a614-bada3763b0b6	0	1790170821	e3b0c44298fc1c149afbf4c8996fb92427ae41e4649b934ca495991b7852b855
--Users-vito-data-dev-mumu--/771c8e81-f580-4b3e-a614-bada3763b0b6/session.v3.jsonl.zstd	canonical	v3	771c8e81-f580-4b3e-a614-bada3763b0b6	515042	1790170868	b48e47c3030209e7fbf4923eb038bd3f96df89f2ed3fe7f2d244093c53f22c64
--Users-vito-data-dev-mumu--/77713c89-9704-456b-9497-a3acabb2be7b/session.lock	lock	-	77713c89-9704-456b-9497-a3acabb2be7b	0	1789984387	e3b0c44298fc1c149afbf4c8996fb92427ae41e4649b934ca495991b7852b855
--Users-vito-data-dev-mumu--/77713c89-9704-456b-9497-a3acabb2be7b/session.v3.jsonl.zstd	canonical	v3	77713c89-9704-456b-9497-a3acabb2be7b	165204	1789984471	d6271281616aba00d12b812727ff8948b3e6571aa3174ecf625d07276258c2c9
--Users-vito-data-dev-mumu--/78e43225-f4e0-4c25-8144-95384f085835/session.lock	lock	-	78e43225-f4e0-4c25-8144-95384f085835	0	1790011643	e3b0c44298fc1c149afbf4c8996fb92427ae41e4649b934ca495991b7852b855
--Users-vito-data-dev-mumu--/78e43225-f4e0-4c25-8144-95384f085835/session.v3.jsonl.zstd	canonical	v3	78e43225-f4e0-4c25-8144-95384f085835	115593	1790011727	635da9529d01ce494fd33997bb689c53c6c4e3118c561bab5cae57bdea1e0ec2
--Users-vito-data-dev-mumu--/79208ce5-ff60-4f3f-aaa7-b6d1ddfca7b2/session.lock	lock	-	79208ce5-ff60-4f3f-aaa7-b6d1ddfca7b2	0	1789634650	e3b0c44298fc1c149afbf4c8996fb92427ae41e4649b934ca495991b7852b855
--Users-vito-data-dev-mumu--/79208ce5-ff60-4f3f-aaa7-b6d1ddfca7b2/session.v3.jsonl.zstd	canonical	v3	79208ce5-ff60-4f3f-aaa7-b6d1ddfca7b2	206486	1789634776	38f33ec3c341cede8bbbd049c74b3c5b9926eefd5c79870323f2640cdc007278
--Users-vito-data-dev-mumu--/7983cdb8-4d6e-4e53-82db-0409c0c7aedd/session.lock	lock	-	7983cdb8-4d6e-4e53-82db-0409c0c7aedd	0	1790264971	e3b0c44298fc1c149afbf4c8996fb92427ae41e4649b934ca495991b7852b855
--Users-vito-data-dev-mumu--/7983cdb8-4d6e-4e53-82db-0409c0c7aedd/session.v3.jsonl.zstd	canonical	v3	7983cdb8-4d6e-4e53-82db-0409c0c7aedd	769015	1790265075	097ca6e1b1242d50682787d66f27d0de6aff0ac431e1a4e2d770de82eaf059b2
--Users-vito-data-dev-mumu--/79ba254f-eb2d-481b-ab32-8b5e6171de21/session.lock	lock	-	79ba254f-eb2d-481b-ab32-8b5e6171de21	0	1789964774	e3b0c44298fc1c149afbf4c8996fb92427ae41e4649b934ca495991b7852b855
--Users-vito-data-dev-mumu--/79ba254f-eb2d-481b-ab32-8b5e6171de21/session.v3.jsonl.zstd	canonical	v3	79ba254f-eb2d-481b-ab32-8b5e6171de21	242669	1789964927	4343ebdc39fb2f68ff795e13e9c69177461e29f35a3426e4d026771d91cd8169
--Users-vito-data-dev-mumu--/7a9414a6-c391-42ac-86c1-233558e44fee/session.lock	lock	-	7a9414a6-c391-42ac-86c1-233558e44fee	0	1789998915	e3b0c44298fc1c149afbf4c8996fb92427ae41e4649b934ca495991b7852b855
--Users-vito-data-dev-mumu--/7a9414a6-c391-42ac-86c1-233558e44fee/session.v3.jsonl.zstd	canonical	v3	7a9414a6-c391-42ac-86c1-233558e44fee	769494	1790000096	8e739149376116262014c3294e2c8c9c6e62573ff4b7622f6a0e2e9088922f07
--Users-vito-data-dev-mumu--/7abea651-8046-43df-8637-babf0dcba706/session.lock	lock	-	7abea651-8046-43df-8637-babf0dcba706	0	1790164819	e3b0c44298fc1c149afbf4c8996fb92427ae41e4649b934ca495991b7852b855
--Users-vito-data-dev-mumu--/7abea651-8046-43df-8637-babf0dcba706/session.v3.jsonl.zstd	canonical	v3	7abea651-8046-43df-8637-babf0dcba706	37444	1790164830	9772ea75a6d8bc190854d6a0584140a6961d35626f8693e5310fb31ac44c9880
--Users-vito-data-dev-mumu--/7bd8cc5f-89a9-498c-a3e9-049370ef674b/session.lock	lock	-	7bd8cc5f-89a9-498c-a3e9-049370ef674b	0	1790011451	e3b0c44298fc1c149afbf4c8996fb92427ae41e4649b934ca495991b7852b855
--Users-vito-data-dev-mumu--/7bd8cc5f-89a9-498c-a3e9-049370ef674b/session.v3.jsonl.zstd	canonical	v3	7bd8cc5f-89a9-498c-a3e9-049370ef674b	429261	1790011830	63acab3a62e2a26cf11a09a883a11f57dfc299db4b2e45c418db113d4e6be221
--Users-vito-data-dev-mumu--/7be0f5e2-492e-40e0-8d37-6e621857034d/session.lock	lock	-	7be0f5e2-492e-40e0-8d37-6e621857034d	0	1790182329	e3b0c44298fc1c149afbf4c8996fb92427ae41e4649b934ca495991b7852b855
--Users-vito-data-dev-mumu--/7be0f5e2-492e-40e0-8d37-6e621857034d/session.v3.jsonl.zstd	canonical	v3	7be0f5e2-492e-40e0-8d37-6e621857034d	123057	1790182399	ebe7d8a8ba0f1807bdd76586deb0cc40fb96e51b7fc8688a12805d23690cb200
--Users-vito-data-dev-mumu--/7cbdecf6-88c6-40ee-aa8d-a0c508e478d0/session.lock	lock	-	7cbdecf6-88c6-40ee-aa8d-a0c508e478d0	0	1789751417	e3b0c44298fc1c149afbf4c8996fb92427ae41e4649b934ca495991b7852b855
--Users-vito-data-dev-mumu--/7cbdecf6-88c6-40ee-aa8d-a0c508e478d0/session.v3.jsonl.zstd	canonical	v3	7cbdecf6-88c6-40ee-aa8d-a0c508e478d0	345419	1789751908	ce36a5f8c9b5b2d248f76f14dd13d352ccf1a256f24797f5d3d31ecf9e38df17
--Users-vito-data-dev-mumu--/7d846ce5-342e-4dee-a426-3ca5ced53e84/session.lock	lock	-	7d846ce5-342e-4dee-a426-3ca5ced53e84	0	1789715745	e3b0c44298fc1c149afbf4c8996fb92427ae41e4649b934ca495991b7852b855
--Users-vito-data-dev-mumu--/7d846ce5-342e-4dee-a426-3ca5ced53e84/session.v3.jsonl.zstd	canonical	v3	7d846ce5-342e-4dee-a426-3ca5ced53e84	1372297	1789722725	9baffa5c05b4efd1a0ac073e7ae841a7a67bbc390671f7b6ca480953c710dfd5
--Users-vito-data-dev-mumu--/7e041915-c93a-40db-8cca-43b52be7ccde/session.lock	lock	-	7e041915-c93a-40db-8cca-43b52be7ccde	0	1790181363	e3b0c44298fc1c149afbf4c8996fb92427ae41e4649b934ca495991b7852b855
--Users-vito-data-dev-mumu--/7e041915-c93a-40db-8cca-43b52be7ccde/session.v3.jsonl.zstd	canonical	v3	7e041915-c93a-40db-8cca-43b52be7ccde	48547	1790181409	e23f940c10ae3e8a280740c8015f826d2fd62abf8c4e298620b56a7cdea02097
--Users-vito-data-dev-mumu--/7ed4bb81-d041-4a0b-bb7c-026a040921c8/session.lock	lock	-	7ed4bb81-d041-4a0b-bb7c-026a040921c8	0	1790065980	e3b0c44298fc1c149afbf4c8996fb92427ae41e4649b934ca495991b7852b855
--Users-vito-data-dev-mumu--/7ed4bb81-d041-4a0b-bb7c-026a040921c8/session.v3.jsonl.zstd	canonical	v3	7ed4bb81-d041-4a0b-bb7c-026a040921c8	86816	1790066014	9532d812f5bee9a85f27b5a916e4c03719bad3192fe59d2503eb68d269eea2ce
--Users-vito-data-dev-mumu--/7ffc766a-f8ab-4224-8a3e-0a8e867c4adc/session.lock	lock	-	7ffc766a-f8ab-4224-8a3e-0a8e867c4adc	0	1789961601	e3b0c44298fc1c149afbf4c8996fb92427ae41e4649b934ca495991b7852b855
--Users-vito-data-dev-mumu--/7ffc766a-f8ab-4224-8a3e-0a8e867c4adc/session.v3.jsonl.zstd	canonical	v3	7ffc766a-f8ab-4224-8a3e-0a8e867c4adc	805504	1789962729	2354efa8d6b5fa57de75e2dbfd902e6579a6a1c42b602f34ec9c69b9e39c1590
--Users-vito-data-dev-mumu--/804bddc1-e46e-44b2-8918-2c036e22f047/session.lock	lock	-	804bddc1-e46e-44b2-8918-2c036e22f047	0	1790171394	e3b0c44298fc1c149afbf4c8996fb92427ae41e4649b934ca495991b7852b855
--Users-vito-data-dev-mumu--/804bddc1-e46e-44b2-8918-2c036e22f047/session.v3.jsonl.zstd	canonical	v3	804bddc1-e46e-44b2-8918-2c036e22f047	38282	1790171472	e0ca46e0446f61fecd7a1436644f352ed27bba2e563922208b979ceb1bf30fad
--Users-vito-data-dev-mumu--/805015bc-311f-479d-8dd3-dbf0dca3c7c5/session.lock	lock	-	805015bc-311f-479d-8dd3-dbf0dca3c7c5	0	1790067029	e3b0c44298fc1c149afbf4c8996fb92427ae41e4649b934ca495991b7852b855
--Users-vito-data-dev-mumu--/805015bc-311f-479d-8dd3-dbf0dca3c7c5/session.v3.jsonl.zstd	canonical	v3	805015bc-311f-479d-8dd3-dbf0dca3c7c5	23190	1790067050	ee4f7416c1d409e6b9a10d4cab1cb44c84cdd262b53a8411d94f484d6f6206c8
--Users-vito-data-dev-mumu--/805272e5-2915-43b9-a4e5-cc01196cda72/session.lock	lock	-	805272e5-2915-43b9-a4e5-cc01196cda72	0	1790011451	e3b0c44298fc1c149afbf4c8996fb92427ae41e4649b934ca495991b7852b855
--Users-vito-data-dev-mumu--/805272e5-2915-43b9-a4e5-cc01196cda72/session.v3.jsonl.zstd	canonical	v3	805272e5-2915-43b9-a4e5-cc01196cda72	236786	1790011627	d9bcfa9efa06b86b3de62e7fa62c29e0d6845aee9a8713559c3eba45f8cfe1fa
--Users-vito-data-dev-mumu--/805e87c6-4d4c-4c4a-8de3-77d664f49bce/session.lock	lock	-	805e87c6-4d4c-4c4a-8de3-77d664f49bce	0	1790164920	e3b0c44298fc1c149afbf4c8996fb92427ae41e4649b934ca495991b7852b855
--Users-vito-data-dev-mumu--/805e87c6-4d4c-4c4a-8de3-77d664f49bce/session.v3.jsonl.zstd	canonical	v3	805e87c6-4d4c-4c4a-8de3-77d664f49bce	43991	1790165236	0ce86ab3c97cbb3508dac53c0ac5499545a6143fda3888b71bfbb7c95e00a3df
--Users-vito-data-dev-mumu--/817210c1-e67f-4c2f-9b64-9083ca09f442/session.lock	lock	-	817210c1-e67f-4c2f-9b64-9083ca09f442	0	1789699045	e3b0c44298fc1c149afbf4c8996fb92427ae41e4649b934ca495991b7852b855
--Users-vito-data-dev-mumu--/817210c1-e67f-4c2f-9b64-9083ca09f442/session.v3.jsonl.zstd	canonical	v3	817210c1-e67f-4c2f-9b64-9083ca09f442	275419	1789699246	0a80cd973569c2dbcb7487e3fe531fc03dc4b23af2ee6f055ce0a7d1e7b59bc6
--Users-vito-data-dev-mumu--/8189ab45-0556-43fa-af1f-21254c840615/session.lock	lock	-	8189ab45-0556-43fa-af1f-21254c840615	0	1790013066	e3b0c44298fc1c149afbf4c8996fb92427ae41e4649b934ca495991b7852b855
--Users-vito-data-dev-mumu--/8189ab45-0556-43fa-af1f-21254c840615/session.v3.jsonl.zstd	canonical	v3	8189ab45-0556-43fa-af1f-21254c840615	394042	1790013441	559593a03349d229ed72391fcd7fc7c45435f55a480b2afd4bb60f5df652f13f
--Users-vito-data-dev-mumu--/81b1f8ce-461c-4695-8f4a-aeefffac656f/session.lock	lock	-	81b1f8ce-461c-4695-8f4a-aeefffac656f	0	1789958632	e3b0c44298fc1c149afbf4c8996fb92427ae41e4649b934ca495991b7852b855
--Users-vito-data-dev-mumu--/81b1f8ce-461c-4695-8f4a-aeefffac656f/session.v3.jsonl.zstd	canonical	v3	81b1f8ce-461c-4695-8f4a-aeefffac656f	780299	1789959956	7b17466b5c1bb1e9be5f5089eec1cfa2e7f62ce56befe5475e11726934c3ddda
--Users-vito-data-dev-mumu--/82e4ea9e-be4b-41b1-876f-71fe3ee2597f/session.lock	lock	-	82e4ea9e-be4b-41b1-876f-71fe3ee2597f	0	1790179420	e3b0c44298fc1c149afbf4c8996fb92427ae41e4649b934ca495991b7852b855
--Users-vito-data-dev-mumu--/82e4ea9e-be4b-41b1-876f-71fe3ee2597f/session.v3.jsonl.zstd	canonical	v3	82e4ea9e-be4b-41b1-876f-71fe3ee2597f	1030886	1790179461	71c62a450870839713ac414f4a222b6324e3a25b0729eabc644e91c37f46fa55
--Users-vito-data-dev-mumu--/82ff5f29-4d74-4c80-807b-89c6a9644259/session.lock	lock	-	82ff5f29-4d74-4c80-807b-89c6a9644259	0	1789691788	e3b0c44298fc1c149afbf4c8996fb92427ae41e4649b934ca495991b7852b855
--Users-vito-data-dev-mumu--/82ff5f29-4d74-4c80-807b-89c6a9644259/session.v3.jsonl.zstd	canonical	v3	82ff5f29-4d74-4c80-807b-89c6a9644259	157357	1789691867	42cc46e2936b58b84aa5c97492e23896d60c148a44fcba6a35b46f5e1cdc39f9
--Users-vito-data-dev-mumu--/835498d9-3443-4ab7-9174-80725aa0fdb4/session.lock	lock	-	835498d9-3443-4ab7-9174-80725aa0fdb4	0	1790313026	e3b0c44298fc1c149afbf4c8996fb92427ae41e4649b934ca495991b7852b855
--Users-vito-data-dev-mumu--/835498d9-3443-4ab7-9174-80725aa0fdb4/session.v3.jsonl.zstd	canonical	v3	835498d9-3443-4ab7-9174-80725aa0fdb4	312490	1790313351	105ec67217673d4cea1aeda72167e2c43fc43afc7b0459d0d116168f30d0dfe9
--Users-vito-data-dev-mumu--/83dd91e7-04a4-4d3a-97f7-83f027434446/session.lock	lock	-	83dd91e7-04a4-4d3a-97f7-83f027434446	0	1790179409	e3b0c44298fc1c149afbf4c8996fb92427ae41e4649b934ca495991b7852b855
--Users-vito-data-dev-mumu--/83dd91e7-04a4-4d3a-97f7-83f027434446/session.v3.jsonl.zstd	canonical	v3	83dd91e7-04a4-4d3a-97f7-83f027434446	1020724	1790179476	1977878bf3b28e3989fd1e96fda22002ed921bf472684814e7048609a748ad77
--Users-vito-data-dev-mumu--/842b299d-985c-414b-a5a8-db7725b6111e/session.lock	lock	-	842b299d-985c-414b-a5a8-db7725b6111e	0	1789637321	e3b0c44298fc1c149afbf4c8996fb92427ae41e4649b934ca495991b7852b855
--Users-vito-data-dev-mumu--/842b299d-985c-414b-a5a8-db7725b6111e/session.v3.jsonl.zstd	canonical	v3	842b299d-985c-414b-a5a8-db7725b6111e	206527	1789637452	7163f7a0f346201d20b5a3559eb95629dd87eda57fc8c3293138132f1c87a8a3
--Users-vito-data-dev-mumu--/84ddc453-95da-4588-895e-a0bf83e47d0d/session.lock	lock	-	84ddc453-95da-4588-895e-a0bf83e47d0d	0	1790182660	e3b0c44298fc1c149afbf4c8996fb92427ae41e4649b934ca495991b7852b855
--Users-vito-data-dev-mumu--/84ddc453-95da-4588-895e-a0bf83e47d0d/session.v3.jsonl.zstd	canonical	v3	84ddc453-95da-4588-895e-a0bf83e47d0d	47877	1790182689	e0098edf438afe752e6dfeeab30731dd2ede69b2ddb5ef8a397f15661a7fc71b
--Users-vito-data-dev-mumu--/85f7f29f-ca40-4360-8c56-70613e0115c1/session.lock	lock	-	85f7f29f-ca40-4360-8c56-70613e0115c1	0	1790066488	e3b0c44298fc1c149afbf4c8996fb92427ae41e4649b934ca495991b7852b855
--Users-vito-data-dev-mumu--/85f7f29f-ca40-4360-8c56-70613e0115c1/session.v3.jsonl.zstd	canonical	v3	85f7f29f-ca40-4360-8c56-70613e0115c1	150912	1790066600	97d30896d81023aa58fa74e8bc1366c7b3b5b4496d109d738dc4b7f5609e3162
--Users-vito-data-dev-mumu--/8612ecae-75ad-4a7e-8517-394039a80ec9/session.lock	lock	-	8612ecae-75ad-4a7e-8517-394039a80ec9	0	1790006499	e3b0c44298fc1c149afbf4c8996fb92427ae41e4649b934ca495991b7852b855
--Users-vito-data-dev-mumu--/8612ecae-75ad-4a7e-8517-394039a80ec9/session.v3.jsonl.zstd	canonical	v3	8612ecae-75ad-4a7e-8517-394039a80ec9	554243	1790007084	c5aebb106959a277416d04ccd8d0e1355c4adb26c143dbff58fb0376181b1c67
--Users-vito-data-dev-mumu--/864e6ab1-3b48-4056-ad85-5a35e627afa9/session.lock	lock	-	864e6ab1-3b48-4056-ad85-5a35e627afa9	0	1790170828	e3b0c44298fc1c149afbf4c8996fb92427ae41e4649b934ca495991b7852b855
--Users-vito-data-dev-mumu--/864e6ab1-3b48-4056-ad85-5a35e627afa9/session.v3.jsonl.zstd	canonical	v3	864e6ab1-3b48-4056-ad85-5a35e627afa9	524298	1790170857	ab549f6b3094b5823ad6429ccfe079873593e6b50dc562b9d84ea55e80eb8b34
--Users-vito-data-dev-mumu--/867c95b1-dc7c-4027-b6bc-e02122e47ebb/session.lock	lock	-	867c95b1-dc7c-4027-b6bc-e02122e47ebb	0	1789961210	e3b0c44298fc1c149afbf4c8996fb92427ae41e4649b934ca495991b7852b855
--Users-vito-data-dev-mumu--/867c95b1-dc7c-4027-b6bc-e02122e47ebb/session.v3.jsonl.zstd	canonical	v3	867c95b1-dc7c-4027-b6bc-e02122e47ebb	599424	1789961902	3e3982ac18d7c15b9fbb372c288774a60deef38afde30a6f6496258bac8b1b68
--Users-vito-data-dev-mumu--/868ad557-51f4-4cc0-8d4a-8bf015892b44/session.lock	lock	-	868ad557-51f4-4cc0-8d4a-8bf015892b44	0	1789657836	e3b0c44298fc1c149afbf4c8996fb92427ae41e4649b934ca495991b7852b855
--Users-vito-data-dev-mumu--/868ad557-51f4-4cc0-8d4a-8bf015892b44/session.v3.jsonl.zstd	canonical	v3	868ad557-51f4-4cc0-8d4a-8bf015892b44	316280	1789658055	06dc057166c486664ebd1958464d08b6502479feb082761ba1c2f2c3c2dfbc4b
--Users-vito-data-dev-mumu--/884fe4dc-774a-4c65-8928-4039a035079c/session.lock	lock	-	884fe4dc-774a-4c65-8928-4039a035079c	0	1790172416	e3b0c44298fc1c149afbf4c8996fb92427ae41e4649b934ca495991b7852b855
--Users-vito-data-dev-mumu--/884fe4dc-774a-4c65-8928-4039a035079c/session.v3.jsonl.zstd	canonical	v3	884fe4dc-774a-4c65-8928-4039a035079c	41873	1790172728	263a83267744a63a85e0bb42d3fcdd2e601591692d1b0c28108fa8a4dc4e5ce2
--Users-vito-data-dev-mumu--/88627bc9-38c2-4bbe-919c-d31f6f4f610d/session.lock	lock	-	88627bc9-38c2-4bbe-919c-d31f6f4f610d	0	1790010182	e3b0c44298fc1c149afbf4c8996fb92427ae41e4649b934ca495991b7852b855
--Users-vito-data-dev-mumu--/88627bc9-38c2-4bbe-919c-d31f6f4f610d/session.v3.jsonl.zstd	canonical	v3	88627bc9-38c2-4bbe-919c-d31f6f4f610d	1009976	1790011336	f9c70c3ca740889a5a9c077acf002f9e4591eeb5c120adebf20f648f2d9a14ba
--Users-vito-data-dev-mumu--/889f92bb-dd01-4d2e-98c0-ec35bc1ea1de/session.lock	lock	-	889f92bb-dd01-4d2e-98c0-ec35bc1ea1de	0	1790006499	e3b0c44298fc1c149afbf4c8996fb92427ae41e4649b934ca495991b7852b855
--Users-vito-data-dev-mumu--/889f92bb-dd01-4d2e-98c0-ec35bc1ea1de/session.v3.jsonl.zstd	canonical	v3	889f92bb-dd01-4d2e-98c0-ec35bc1ea1de	532466	1790007074	e12459048c7b7780a0eef926534afa5db317b2237061c17e495243e35e601955
--Users-vito-data-dev-mumu--/88ad8045-c75e-41bd-b8a3-58125978e03a/session.lock	lock	-	88ad8045-c75e-41bd-b8a3-58125978e03a	0	1790012232	e3b0c44298fc1c149afbf4c8996fb92427ae41e4649b934ca495991b7852b855
--Users-vito-data-dev-mumu--/88ad8045-c75e-41bd-b8a3-58125978e03a/session.v3.jsonl.zstd	canonical	v3	88ad8045-c75e-41bd-b8a3-58125978e03a	291237	1790012475	a34155020a54ca908ec2ec7a274e77fd7a58caa45fc2d3bb2c55516e036acf5f
--Users-vito-data-dev-mumu--/88fd7f7b-2d38-44bd-b1b2-a910a50aa509/session.lock	lock	-	88fd7f7b-2d38-44bd-b1b2-a910a50aa509	0	1789923088	e3b0c44298fc1c149afbf4c8996fb92427ae41e4649b934ca495991b7852b855
--Users-vito-data-dev-mumu--/88fd7f7b-2d38-44bd-b1b2-a910a50aa509/session.v3.jsonl.zstd	canonical	v3	88fd7f7b-2d38-44bd-b1b2-a910a50aa509	631468	1789924133	ec791efd7f55e3097934e23d08be8af08a3985581bd49e9f08ae3d79b64228b9
--Users-vito-data-dev-mumu--/890f9fc5-b695-4ebb-ab61-813206974129/session.lock	lock	-	890f9fc5-b695-4ebb-ab61-813206974129	0	1789836458	e3b0c44298fc1c149afbf4c8996fb92427ae41e4649b934ca495991b7852b855
--Users-vito-data-dev-mumu--/890f9fc5-b695-4ebb-ab61-813206974129/session.v3.jsonl.zstd	canonical	v3	890f9fc5-b695-4ebb-ab61-813206974129	204462	1789836603	a95145ea89bd286f05a8c791cfa50fcb31ab5b405be598510f747f7c79428cbf
--Users-vito-data-dev-mumu--/89f586ac-e716-48ea-b073-ce59cc5da4e9/session.lock	lock	-	89f586ac-e716-48ea-b073-ce59cc5da4e9	0	1789657836	e3b0c44298fc1c149afbf4c8996fb92427ae41e4649b934ca495991b7852b855
--Users-vito-data-dev-mumu--/89f586ac-e716-48ea-b073-ce59cc5da4e9/session.v3.jsonl.zstd	canonical	v3	89f586ac-e716-48ea-b073-ce59cc5da4e9	346080	1789658156	58b8dd6384fe5196c72dfccb66a7c2521fb46936c723d6dc7cc5a45de50fd5b9
--Users-vito-data-dev-mumu--/8b510f3d-595f-4eff-a7cc-981c5ef7ab7f/session.lock	lock	-	8b510f3d-595f-4eff-a7cc-981c5ef7ab7f	0	1789748342	e3b0c44298fc1c149afbf4c8996fb92427ae41e4649b934ca495991b7852b855
--Users-vito-data-dev-mumu--/8b510f3d-595f-4eff-a7cc-981c5ef7ab7f/session.v3.jsonl.zstd	canonical	v3	8b510f3d-595f-4eff-a7cc-981c5ef7ab7f	525763	1789749232	670de3c415f7fae6e7742a832577f13c629890fa7e4adfeeb9868a63fb32ad96
--Users-vito-data-dev-mumu--/8c02b652-a1e7-40a5-b5e7-5885de58572c/session.lock	lock	-	8c02b652-a1e7-40a5-b5e7-5885de58572c	0	1790219996	e3b0c44298fc1c149afbf4c8996fb92427ae41e4649b934ca495991b7852b855
--Users-vito-data-dev-mumu--/8c02b652-a1e7-40a5-b5e7-5885de58572c/session.v3.jsonl.zstd	canonical	v3	8c02b652-a1e7-40a5-b5e7-5885de58572c	42150	1790220007	52e316660a1a78f60df738a9bca2d9293ad69707648461bb1d56dc99db162cb4
--Users-vito-data-dev-mumu--/8c231c28-6878-4d53-91db-684a62b1ef44/session.lock	lock	-	8c231c28-6878-4d53-91db-684a62b1ef44	0	1790066809	e3b0c44298fc1c149afbf4c8996fb92427ae41e4649b934ca495991b7852b855
--Users-vito-data-dev-mumu--/8c231c28-6878-4d53-91db-684a62b1ef44/session.v3.jsonl.zstd	canonical	v3	8c231c28-6878-4d53-91db-684a62b1ef44	101936	1790066857	42f371ab0f0bd91bc11ceb7a703f5059fe1837d7664f40ea8c9b3477bc8d155e
--Users-vito-data-dev-mumu--/8c5234b3-9467-497f-ab56-9923729331a7/session.lock	lock	-	8c5234b3-9467-497f-ab56-9923729331a7	0	1790180032	e3b0c44298fc1c149afbf4c8996fb92427ae41e4649b934ca495991b7852b855
--Users-vito-data-dev-mumu--/8c5234b3-9467-497f-ab56-9923729331a7/session.v3.jsonl.zstd	canonical	v3	8c5234b3-9467-497f-ab56-9923729331a7	40246	1790180048	fcc5f478d8d554c4c264fa4b3864218cd580704fc346f5d2e4a116dddfde22aa
--Users-vito-data-dev-mumu--/8ca704c2-083b-4b9a-ac6e-ab7a889404b0/session.lock	lock	-	8ca704c2-083b-4b9a-ac6e-ab7a889404b0	0	1790221788	e3b0c44298fc1c149afbf4c8996fb92427ae41e4649b934ca495991b7852b855
--Users-vito-data-dev-mumu--/8ca704c2-083b-4b9a-ac6e-ab7a889404b0/session.v3.jsonl.zstd	canonical	v3	8ca704c2-083b-4b9a-ac6e-ab7a889404b0	45281	1790221801	117e21037945386f1e916e8b23d121d4b6aedd6b2ccc416a001dffbef3d88559
--Users-vito-data-dev-mumu--/8cec3ef8-b544-4cec-8b8d-e9bb5752f538/session.lock	lock	-	8cec3ef8-b544-4cec-8b8d-e9bb5752f538	0	1790043532	e3b0c44298fc1c149afbf4c8996fb92427ae41e4649b934ca495991b7852b855
--Users-vito-data-dev-mumu--/8cec3ef8-b544-4cec-8b8d-e9bb5752f538/session.v3.jsonl.zstd	canonical	v3	8cec3ef8-b544-4cec-8b8d-e9bb5752f538	363269	1790043823	56cb634764693bf6979fecd59af66747704e4a1344211b1e2a133800225b7f11
--Users-vito-data-dev-mumu--/8e128f53-8144-4266-bca3-2016ea0a5d08/session.lock	lock	-	8e128f53-8144-4266-bca3-2016ea0a5d08	0	1790180688	e3b0c44298fc1c149afbf4c8996fb92427ae41e4649b934ca495991b7852b855
--Users-vito-data-dev-mumu--/8e128f53-8144-4266-bca3-2016ea0a5d08/session.v3.jsonl.zstd	canonical	v3	8e128f53-8144-4266-bca3-2016ea0a5d08	51636	1790181011	201be0e5ff8386900e9875f6f4ff97488384ecab17c617eafa783ba97a0fa9cd
--Users-vito-data-dev-mumu--/8f2bd978-0035-4254-999d-44e1bfe87f3f/session.lock	lock	-	8f2bd978-0035-4254-999d-44e1bfe87f3f	0	1789643910	e3b0c44298fc1c149afbf4c8996fb92427ae41e4649b934ca495991b7852b855
--Users-vito-data-dev-mumu--/8f2bd978-0035-4254-999d-44e1bfe87f3f/session.v3.jsonl.zstd	canonical	v3	8f2bd978-0035-4254-999d-44e1bfe87f3f	173508	1789644002	546028e6ce200537cedfcf1a77f03c77c81e461100a1abcda03ed7f5bd3ecf9f
--Users-vito-data-dev-mumu--/8f4d3f1a-41b6-4ca9-ba7a-81361e8ff02b/session.lock	lock	-	8f4d3f1a-41b6-4ca9-ba7a-81361e8ff02b	0	1790060805	e3b0c44298fc1c149afbf4c8996fb92427ae41e4649b934ca495991b7852b855
--Users-vito-data-dev-mumu--/8f4d3f1a-41b6-4ca9-ba7a-81361e8ff02b/session.v3.jsonl.zstd	canonical	v3	8f4d3f1a-41b6-4ca9-ba7a-81361e8ff02b	69133	1790060890	b7708111739a8c19f82bb4d1982e250c4121b169f7a8ee7ada62d48f8250783f
--Users-vito-data-dev-mumu--/90f87e57-2e81-4927-a12a-721fe5f56920/session.lock	lock	-	90f87e57-2e81-4927-a12a-721fe5f56920	0	1790011451	e3b0c44298fc1c149afbf4c8996fb92427ae41e4649b934ca495991b7852b855
--Users-vito-data-dev-mumu--/90f87e57-2e81-4927-a12a-721fe5f56920/session.v3.jsonl.zstd	canonical	v3	90f87e57-2e81-4927-a12a-721fe5f56920	287453	1790011735	b5bc721001fe12edabbb76b3f98dd4765ed8973507133092fceee59beba0727e
--Users-vito-data-dev-mumu--/915a6511-9534-4e7b-b409-890440731ce5/session.lock	lock	-	915a6511-9534-4e7b-b409-890440731ce5	0	1790182800	e3b0c44298fc1c149afbf4c8996fb92427ae41e4649b934ca495991b7852b855
--Users-vito-data-dev-mumu--/915a6511-9534-4e7b-b409-890440731ce5/session.v3.jsonl.zstd	canonical	v3	915a6511-9534-4e7b-b409-890440731ce5	41380	1790182815	0ad24643e92093a3cae33dc766a870ea58d5733680a86fb1c9813f068a721606
--Users-vito-data-dev-mumu--/92a7d4d7-11da-4ef0-a6b5-7d6e63773f6c/session.lock	lock	-	92a7d4d7-11da-4ef0-a6b5-7d6e63773f6c	0	1790065415	e3b0c44298fc1c149afbf4c8996fb92427ae41e4649b934ca495991b7852b855
--Users-vito-data-dev-mumu--/92a7d4d7-11da-4ef0-a6b5-7d6e63773f6c/session.v3.jsonl.zstd	canonical	v3	92a7d4d7-11da-4ef0-a6b5-7d6e63773f6c	83650	1790065469	2259b2c49c4a4663b11d6e809ba111a3374355847d1b22439ed0b835dcf61934
--Users-vito-data-dev-mumu--/92b3fd27-52e5-40c3-83c4-7d5d4457a550/session.lock	lock	-	92b3fd27-52e5-40c3-83c4-7d5d4457a550	0	1790066110	e3b0c44298fc1c149afbf4c8996fb92427ae41e4649b934ca495991b7852b855
--Users-vito-data-dev-mumu--/92b3fd27-52e5-40c3-83c4-7d5d4457a550/session.v3.jsonl.zstd	canonical	v3	92b3fd27-52e5-40c3-83c4-7d5d4457a550	180206	1790066295	d19eaa36861121d72a2f74a132e276d9b6659feff3a9faffd1d7c03067b976d1
--Users-vito-data-dev-mumu--/92db7ab7-d4f2-4bb7-a86a-1a7cb2f0ead8/session.lock	lock	-	92db7ab7-d4f2-4bb7-a86a-1a7cb2f0ead8	0	1790182935	e3b0c44298fc1c149afbf4c8996fb92427ae41e4649b934ca495991b7852b855
--Users-vito-data-dev-mumu--/92db7ab7-d4f2-4bb7-a86a-1a7cb2f0ead8/session.v3.jsonl.zstd	canonical	v3	92db7ab7-d4f2-4bb7-a86a-1a7cb2f0ead8	42995	1790182949	1bd0c72c8ce9b443563ac02be117c15e8c94b491772b423ba680db5eadd6feb0
--Users-vito-data-dev-mumu--/93453f34-ec6e-4570-b103-b5e7784a76c1/session.lock	lock	-	93453f34-ec6e-4570-b103-b5e7784a76c1	0	1790178050	e3b0c44298fc1c149afbf4c8996fb92427ae41e4649b934ca495991b7852b855
--Users-vito-data-dev-mumu--/93453f34-ec6e-4570-b103-b5e7784a76c1/session.v3.jsonl.zstd	canonical	v3	93453f34-ec6e-4570-b103-b5e7784a76c1	42282	1790178060	aa6097d537141f6b04994cf21c586de89cec7adf8c369514c2929e62472927f4
--Users-vito-data-dev-mumu--/93754582-5e1c-49f2-a450-a0693700a0f6/session.lock	lock	-	93754582-5e1c-49f2-a450-a0693700a0f6	0	1789916077	e3b0c44298fc1c149afbf4c8996fb92427ae41e4649b934ca495991b7852b855
--Users-vito-data-dev-mumu--/93754582-5e1c-49f2-a450-a0693700a0f6/session.v3.jsonl.zstd	canonical	v3	93754582-5e1c-49f2-a450-a0693700a0f6	782299	1789919703	1c5bb3d1e88fd84f125b37dd8202f09a0482d4c6e90268f2561b95c7ec627bd4
--Users-vito-data-dev-mumu--/94966c53-5ce8-4334-8d5d-cf00dabd6ae1/session.lock	lock	-	94966c53-5ce8-4334-8d5d-cf00dabd6ae1	0	1790070173	e3b0c44298fc1c149afbf4c8996fb92427ae41e4649b934ca495991b7852b855
--Users-vito-data-dev-mumu--/94966c53-5ce8-4334-8d5d-cf00dabd6ae1/session.v3.jsonl.zstd	canonical	v3	94966c53-5ce8-4334-8d5d-cf00dabd6ae1	118365	1790070239	fdfec0a0c1982dc3db0b72eaad7b3c5b86b8499ca89bd0c9efca90df4c82a417
--Users-vito-data-dev-mumu--/94e0e41a-42d1-40a7-87ae-af4878d36df8/session.lock	lock	-	94e0e41a-42d1-40a7-87ae-af4878d36df8	0	1789993427	e3b0c44298fc1c149afbf4c8996fb92427ae41e4649b934ca495991b7852b855
--Users-vito-data-dev-mumu--/94e0e41a-42d1-40a7-87ae-af4878d36df8/session.v3.jsonl.zstd	canonical	v3	94e0e41a-42d1-40a7-87ae-af4878d36df8	804521	1789995448	ff7d46e0ddffd7188cdc20ae6d1c05c9e5479171d8221006610f48fa9cf0e349
--Users-vito-data-dev-mumu--/95b1ea67-b945-4ba1-a951-6f74edf15adb/session.lock	lock	-	95b1ea67-b945-4ba1-a951-6f74edf15adb	0	1790183054	e3b0c44298fc1c149afbf4c8996fb92427ae41e4649b934ca495991b7852b855
--Users-vito-data-dev-mumu--/95b1ea67-b945-4ba1-a951-6f74edf15adb/session.v3.jsonl.zstd	canonical	v3	95b1ea67-b945-4ba1-a951-6f74edf15adb	38732	1790183184	54e8ac96bf2568d5e167dc1dcadd7ec125d28588e65e11906431f427888dca40
--Users-vito-data-dev-mumu--/96353192-0b96-4020-b101-cf5a3b4d889d/session.lock	lock	-	96353192-0b96-4020-b101-cf5a3b4d889d	0	1790012330	e3b0c44298fc1c149afbf4c8996fb92427ae41e4649b934ca495991b7852b855
--Users-vito-data-dev-mumu--/96353192-0b96-4020-b101-cf5a3b4d889d/session.v3.jsonl.zstd	canonical	v3	96353192-0b96-4020-b101-cf5a3b4d889d	180295	1790012432	ec3d7e42c8beabc3863713348604e38111118c8a5e95f3c11ea34741cba16a2d
--Users-vito-data-dev-mumu--/96b35dbf-18ba-4d9a-a96c-008980d55b62/session.lock	lock	-	96b35dbf-18ba-4d9a-a96c-008980d55b62	0	1789719067	e3b0c44298fc1c149afbf4c8996fb92427ae41e4649b934ca495991b7852b855
--Users-vito-data-dev-mumu--/96b35dbf-18ba-4d9a-a96c-008980d55b62/session.v3.jsonl.zstd	canonical	v3	96b35dbf-18ba-4d9a-a96c-008980d55b62	367608	1789722726	a601679bd5cd3be1d71cefdc00a848454c8bac2d256cae7ec2dd801f41321e83
--Users-vito-data-dev-mumu--/96be33f3-8232-44ed-85b2-76b44cf30c2f/session.lock	lock	-	96be33f3-8232-44ed-85b2-76b44cf30c2f	0	1790045992	e3b0c44298fc1c149afbf4c8996fb92427ae41e4649b934ca495991b7852b855
--Users-vito-data-dev-mumu--/96be33f3-8232-44ed-85b2-76b44cf30c2f/session.v3.jsonl.zstd	canonical	v3	96be33f3-8232-44ed-85b2-76b44cf30c2f	160974	1790046093	0ee485617e3250b2037c9b492172488a9adba1f1a661b3dcee7dde7794720ba8
--Users-vito-data-dev-mumu--/97059afd-a228-4c0f-b630-08a59812fd4c/session.lock	lock	-	97059afd-a228-4c0f-b630-08a59812fd4c	0	1790169676	e3b0c44298fc1c149afbf4c8996fb92427ae41e4649b934ca495991b7852b855
--Users-vito-data-dev-mumu--/97059afd-a228-4c0f-b630-08a59812fd4c/session.v3.jsonl.zstd	canonical	v3	97059afd-a228-4c0f-b630-08a59812fd4c	44276	1790169688	9edc3f393700ac2eeee6d6e0cc611ea14b94ef94822f62a25ae2c7fcccebbc82
--Users-vito-data-dev-mumu--/9714f0f8-1352-4600-8453-b1fdbffb5897/session.lock	lock	-	9714f0f8-1352-4600-8453-b1fdbffb5897	0	1790065989	e3b0c44298fc1c149afbf4c8996fb92427ae41e4649b934ca495991b7852b855
--Users-vito-data-dev-mumu--/9714f0f8-1352-4600-8453-b1fdbffb5897/session.v3.jsonl.zstd	canonical	v3	9714f0f8-1352-4600-8453-b1fdbffb5897	80024	1790066015	bcc18268b01b8267a986818d5d6dcf24caf6aa52834e175262fb93188accc0ca
--Users-vito-data-dev-mumu--/97640917-8821-4337-a93c-d92693b568bc/session.lock	lock	-	97640917-8821-4337-a93c-d92693b568bc	0	1790332933	e3b0c44298fc1c149afbf4c8996fb92427ae41e4649b934ca495991b7852b855
--Users-vito-data-dev-mumu--/97640917-8821-4337-a93c-d92693b568bc/session.v3.jsonl.zstd	canonical	v3	97640917-8821-4337-a93c-d92693b568bc	620722	1790334125	9ba498e1185909a31359f492bf3085785c129744328acfc2f4d2599079531801
--Users-vito-data-dev-mumu--/97757949-f7d8-491a-8102-2944ae101039/session.lock	lock	-	97757949-f7d8-491a-8102-2944ae101039	0	1790065415	e3b0c44298fc1c149afbf4c8996fb92427ae41e4649b934ca495991b7852b855
--Users-vito-data-dev-mumu--/97757949-f7d8-491a-8102-2944ae101039/session.v3.jsonl.zstd	canonical	v3	97757949-f7d8-491a-8102-2944ae101039	100099	1790065471	9043817e8344485bafbc648200e341b270cd68db10c17884cce9425f8ae507c0
--Users-vito-data-dev-mumu--/97e556fd-f4a9-4f66-9113-6bef3ca6536a/session.lock	lock	-	97e556fd-f4a9-4f66-9113-6bef3ca6536a	0	1790173528	e3b0c44298fc1c149afbf4c8996fb92427ae41e4649b934ca495991b7852b855
--Users-vito-data-dev-mumu--/97e556fd-f4a9-4f66-9113-6bef3ca6536a/session.v3.jsonl.zstd	canonical	v3	97e556fd-f4a9-4f66-9113-6bef3ca6536a	64222	1790173575	182018a826404a4a4ab690921bcfc9c151dbde6d0da5c5e588e0542f8a7d600e
--Users-vito-data-dev-mumu--/97fe6822-cae0-4172-b499-96052e8f47ab/session.lock	lock	-	97fe6822-cae0-4172-b499-96052e8f47ab	0	1789961601	e3b0c44298fc1c149afbf4c8996fb92427ae41e4649b934ca495991b7852b855
--Users-vito-data-dev-mumu--/97fe6822-cae0-4172-b499-96052e8f47ab/session.v3.jsonl.zstd	canonical	v3	97fe6822-cae0-4172-b499-96052e8f47ab	412957	1789962048	19142ae2529979a8eabeca0c9611f0d22f2249176715cb30f2270b0d2dab92d7
--Users-vito-data-dev-mumu--/995f4014-ef82-4d3a-b2ad-10608912b998/session.lock	lock	-	995f4014-ef82-4d3a-b2ad-10608912b998	0	1790165496	e3b0c44298fc1c149afbf4c8996fb92427ae41e4649b934ca495991b7852b855
--Users-vito-data-dev-mumu--/995f4014-ef82-4d3a-b2ad-10608912b998/session.v3.jsonl.zstd	canonical	v3	995f4014-ef82-4d3a-b2ad-10608912b998	40871	1790165517	91f8141a079be3e6c3d4aacf0778f0f951dd19dcc150bc6bc00d1d0a89461ac1
--Users-vito-data-dev-mumu--/997b17c3-4fcd-42a4-a4dc-1feed2b7819a/session.lock	lock	-	997b17c3-4fcd-42a4-a4dc-1feed2b7819a	0	1790067249	e3b0c44298fc1c149afbf4c8996fb92427ae41e4649b934ca495991b7852b855
--Users-vito-data-dev-mumu--/997b17c3-4fcd-42a4-a4dc-1feed2b7819a/session.v3.jsonl.zstd	canonical	v3	997b17c3-4fcd-42a4-a4dc-1feed2b7819a	13835	1790067256	08bc951ae0bb7b06a625ac18c18936d85e09096a7ea6d8f810febbb7b37cb39f
--Users-vito-data-dev-mumu--/9ac89aee-8c56-4f6d-8a58-cbd7edcf4777/session.lock	lock	-	9ac89aee-8c56-4f6d-8a58-cbd7edcf4777	0	1790006499	e3b0c44298fc1c149afbf4c8996fb92427ae41e4649b934ca495991b7852b855
--Users-vito-data-dev-mumu--/9ac89aee-8c56-4f6d-8a58-cbd7edcf4777/session.v3.jsonl.zstd	canonical	v3	9ac89aee-8c56-4f6d-8a58-cbd7edcf4777	509837	1790007134	bd2693b472524dda3d575475b7d4d381d9c9fc388b665ee52306c081c87a081c
--Users-vito-data-dev-mumu--/9af8e86a-00a7-481f-904c-02522e792e01/session.lock	lock	-	9af8e86a-00a7-481f-904c-02522e792e01	0	1790170451	e3b0c44298fc1c149afbf4c8996fb92427ae41e4649b934ca495991b7852b855
--Users-vito-data-dev-mumu--/9af8e86a-00a7-481f-904c-02522e792e01/session.v3.jsonl.zstd	canonical	v3	9af8e86a-00a7-481f-904c-02522e792e01	42807	1790170464	82ce2d5185cea011d974a0f68b74790b07a1733b86118fb400a5a6c6eba43146
--Users-vito-data-dev-mumu--/9b519456-c9de-470b-a576-1a08e16c53d1/session.lock	lock	-	9b519456-c9de-470b-a576-1a08e16c53d1	0	1790060805	e3b0c44298fc1c149afbf4c8996fb92427ae41e4649b934ca495991b7852b855
--Users-vito-data-dev-mumu--/9b519456-c9de-470b-a576-1a08e16c53d1/session.v3.jsonl.zstd	canonical	v3	9b519456-c9de-470b-a576-1a08e16c53d1	77030	1790060899	c1dd9543017e833ae405d310b116fcb992b91702f4dfd5d39f73d127a9b92c09
--Users-vito-data-dev-mumu--/9c36317c-daa8-454c-92ef-dd70c2f3c7c7/session.lock	lock	-	9c36317c-daa8-454c-92ef-dd70c2f3c7c7	0	1789742350	e3b0c44298fc1c149afbf4c8996fb92427ae41e4649b934ca495991b7852b855
--Users-vito-data-dev-mumu--/9c36317c-daa8-454c-92ef-dd70c2f3c7c7/session.v3.jsonl.zstd	canonical	v3	9c36317c-daa8-454c-92ef-dd70c2f3c7c7	718997	1789743389	606f2b5faea13e98fcba1e5c371214b7b26e62d960cd5a91742aa0f199006a8c
--Users-vito-data-dev-mumu--/9c5d688a-8e79-40f4-9e69-e7df8d368a6d/session.lock	lock	-	9c5d688a-8e79-40f4-9e69-e7df8d368a6d	0	1790173618	e3b0c44298fc1c149afbf4c8996fb92427ae41e4649b934ca495991b7852b855
--Users-vito-data-dev-mumu--/9c5d688a-8e79-40f4-9e69-e7df8d368a6d/session.v3.jsonl.zstd	canonical	v3	9c5d688a-8e79-40f4-9e69-e7df8d368a6d	46690	1790173653	13a3ec45e65dbb28e3644cc57455599e34741b139525831d6e4ff6e9c859ae30
--Users-vito-data-dev-mumu--/9cfadeac-8bde-4e83-85cc-a917722c2bbf/session.lock	lock	-	9cfadeac-8bde-4e83-85cc-a917722c2bbf	0	1790174268	e3b0c44298fc1c149afbf4c8996fb92427ae41e4649b934ca495991b7852b855
--Users-vito-data-dev-mumu--/9cfadeac-8bde-4e83-85cc-a917722c2bbf/session.v3.jsonl.zstd	canonical	v3	9cfadeac-8bde-4e83-85cc-a917722c2bbf	41749	1790174277	013d11eeed1a3dedaab4ec1232fa45223a41b55e1f237f26a3b205e01060a22e
--Users-vito-data-dev-mumu--/9d172705-9d82-4c74-8644-0b21eb5fc8e9/session.lock	lock	-	9d172705-9d82-4c74-8644-0b21eb5fc8e9	0	1790059826	e3b0c44298fc1c149afbf4c8996fb92427ae41e4649b934ca495991b7852b855
--Users-vito-data-dev-mumu--/9d172705-9d82-4c74-8644-0b21eb5fc8e9/session.v3.jsonl.zstd	canonical	v3	9d172705-9d82-4c74-8644-0b21eb5fc8e9	87543	1790059947	fe05f58874e1c787e46f2b002541ba4b38b48f569b4b1e614183899f685dafe9
--Users-vito-data-dev-mumu--/9d6b7833-20df-48c1-80c1-37fd340e9c46/session.lock	lock	-	9d6b7833-20df-48c1-80c1-37fd340e9c46	0	1789690059	e3b0c44298fc1c149afbf4c8996fb92427ae41e4649b934ca495991b7852b855
--Users-vito-data-dev-mumu--/9d6b7833-20df-48c1-80c1-37fd340e9c46/session.v3.jsonl.zstd	canonical	v3	9d6b7833-20df-48c1-80c1-37fd340e9c46	163910	1789690167	f83e8c938edbd1a24e4a7f0731d79ba81cd039f015dcd0b06008e41dfdd1f10d
--Users-vito-data-dev-mumu--/9d8436ee-2416-422d-b0b3-764038a2ff54/session.lock	lock	-	9d8436ee-2416-422d-b0b3-764038a2ff54	0	1790179890	e3b0c44298fc1c149afbf4c8996fb92427ae41e4649b934ca495991b7852b855
--Users-vito-data-dev-mumu--/9d8436ee-2416-422d-b0b3-764038a2ff54/session.v3.jsonl.zstd	canonical	v3	9d8436ee-2416-422d-b0b3-764038a2ff54	38820	1790180021	af2d2c497530a8603b4eb933e71c1f9de15e78f4d4acbf7d26388a2a9550bbf4
--Users-vito-data-dev-mumu--/9d8905fb-4a32-4475-834e-25fc509f047e/session.lock	lock	-	9d8905fb-4a32-4475-834e-25fc509f047e	0	1789716624	e3b0c44298fc1c149afbf4c8996fb92427ae41e4649b934ca495991b7852b855
--Users-vito-data-dev-mumu--/9d8905fb-4a32-4475-834e-25fc509f047e/session.v3.jsonl.zstd	canonical	v3	9d8905fb-4a32-4475-834e-25fc509f047e	1025451	1789719293	fab357929349e7be7c7d76a8dd31cf9147bf6f0ffd6ccc6e6e234e781ad47fb6
--Users-vito-data-dev-mumu--/9e1e59cc-2ae8-4904-89b4-a60218eef3af/session.lock	lock	-	9e1e59cc-2ae8-4904-89b4-a60218eef3af	0	1790182274	e3b0c44298fc1c149afbf4c8996fb92427ae41e4649b934ca495991b7852b855
--Users-vito-data-dev-mumu--/9e1e59cc-2ae8-4904-89b4-a60218eef3af/session.v3.jsonl.zstd	canonical	v3	9e1e59cc-2ae8-4904-89b4-a60218eef3af	1139190	1790182652	9469ae66bed60e827d807339c107f3bcd1f390daa1f64e7f52da4da43ba58f2a
--Users-vito-data-dev-mumu--/9e3f7903-4bc9-4aa7-af00-57a1b8be2c23/session.lock	lock	-	9e3f7903-4bc9-4aa7-af00-57a1b8be2c23	0	1789961210	e3b0c44298fc1c149afbf4c8996fb92427ae41e4649b934ca495991b7852b855
--Users-vito-data-dev-mumu--/9e3f7903-4bc9-4aa7-af00-57a1b8be2c23/session.v3.jsonl.zstd	canonical	v3	9e3f7903-4bc9-4aa7-af00-57a1b8be2c23	535148	1789961815	c2f8c752affd14679edec38b50e2ab50c709c551ba8104ee2a1644c50a828265
--Users-vito-data-dev-mumu--/9f80efde-413a-4908-92a8-77cac4c4940d/session.lock	lock	-	9f80efde-413a-4908-92a8-77cac4c4940d	0	1790269075	e3b0c44298fc1c149afbf4c8996fb92427ae41e4649b934ca495991b7852b855
--Users-vito-data-dev-mumu--/9f80efde-413a-4908-92a8-77cac4c4940d/session.v3.jsonl.zstd	canonical	v3	9f80efde-413a-4908-92a8-77cac4c4940d	528660	1790269690	435cc2d56e1401d612ecbea3eab82807d2a8073a851526ada6b267027947941f
--Users-vito-data-dev-mumu--/9f98c809-34c4-4055-b2dd-55bb3c9c666a/session.lock	lock	-	9f98c809-34c4-4055-b2dd-55bb3c9c666a	0	1789634650	e3b0c44298fc1c149afbf4c8996fb92427ae41e4649b934ca495991b7852b855
--Users-vito-data-dev-mumu--/9f98c809-34c4-4055-b2dd-55bb3c9c666a/session.v3.jsonl.zstd	canonical	v3	9f98c809-34c4-4055-b2dd-55bb3c9c666a	423873	1789635041	5bb858fc402ab30621c8cf2a8fa1d716e00950eeb89659c482631071d3c71463
--Users-vito-data-dev-mumu--/a0162cfd-cb3d-46c2-bf47-e5550a7a0b72/session.lock	lock	-	a0162cfd-cb3d-46c2-bf47-e5550a7a0b72	0	1790310241	e3b0c44298fc1c149afbf4c8996fb92427ae41e4649b934ca495991b7852b855
--Users-vito-data-dev-mumu--/a0162cfd-cb3d-46c2-bf47-e5550a7a0b72/session.v3.jsonl.zstd	canonical	v3	a0162cfd-cb3d-46c2-bf47-e5550a7a0b72	1019735	1790313581	26608e14db086c08e9d2cdb37f06de1f489fa86fcee8893627ab9e8348931c56
--Users-vito-data-dev-mumu--/a1d1cbfa-fb6c-4823-888a-4870ef8cc3b6/session.lock	lock	-	a1d1cbfa-fb6c-4823-888a-4870ef8cc3b6	0	1790066431	e3b0c44298fc1c149afbf4c8996fb92427ae41e4649b934ca495991b7852b855
--Users-vito-data-dev-mumu--/a1d1cbfa-fb6c-4823-888a-4870ef8cc3b6/session.v3.jsonl.zstd	canonical	v3	a1d1cbfa-fb6c-4823-888a-4870ef8cc3b6	191525	1790066549	b6a987f0b699a925378e21dbaa4d7896022e6c388e831067beb7293a5d96c7be
--Users-vito-data-dev-mumu--/a296833a-0ce4-4379-963b-3837fb5ac314/session.lock	lock	-	a296833a-0ce4-4379-963b-3837fb5ac314	0	1790180336	e3b0c44298fc1c149afbf4c8996fb92427ae41e4649b934ca495991b7852b855
--Users-vito-data-dev-mumu--/a296833a-0ce4-4379-963b-3837fb5ac314/session.v3.jsonl.zstd	canonical	v3	a296833a-0ce4-4379-963b-3837fb5ac314	44024	1790180652	aada1b5a4b5be38f859cc5d731d46347205cbfe07eebf9c035758af799426b3f
--Users-vito-data-dev-mumu--/a2971beb-f9cc-4493-8593-aadfff44bf06/session.lock	lock	-	a2971beb-f9cc-4493-8593-aadfff44bf06	0	1790305989	e3b0c44298fc1c149afbf4c8996fb92427ae41e4649b934ca495991b7852b855
--Users-vito-data-dev-mumu--/a2971beb-f9cc-4493-8593-aadfff44bf06/session.v3.jsonl.zstd	canonical	v3	a2971beb-f9cc-4493-8593-aadfff44bf06	703349	1790306056	a0610b6aa4bba94b020031cc8bc9b66a66ea8b5cd829ed9d32a3669e77d6bf54
--Users-vito-data-dev-mumu--/a37f1be0-737e-4d08-84f9-5afa858abf45/session.lock	lock	-	a37f1be0-737e-4d08-84f9-5afa858abf45	0	1789958654	e3b0c44298fc1c149afbf4c8996fb92427ae41e4649b934ca495991b7852b855
--Users-vito-data-dev-mumu--/a37f1be0-737e-4d08-84f9-5afa858abf45/session.v3.jsonl.zstd	canonical	v3	a37f1be0-737e-4d08-84f9-5afa858abf45	830134	1789960286	e16672b6b8524a264f5ed3d5655fe600cd428ee37bb3e4da635afdc4e38b9b32
--Users-vito-data-dev-mumu--/a3f2d8d9-b508-4b7d-94f7-daa7f8c228a8/session.lock	lock	-	a3f2d8d9-b508-4b7d-94f7-daa7f8c228a8	0	1789993427	e3b0c44298fc1c149afbf4c8996fb92427ae41e4649b934ca495991b7852b855
--Users-vito-data-dev-mumu--/a3f2d8d9-b508-4b7d-94f7-daa7f8c228a8/session.v3.jsonl.zstd	canonical	v3	a3f2d8d9-b508-4b7d-94f7-daa7f8c228a8	754383	1789995447	e71f92d9291577392dae6417e08ac87f67807ff7251bd250f4d28ad35fb185f1
--Users-vito-data-dev-mumu--/a42fd75e-2b01-4b5b-b1b0-c7bcfac8eea5/session.lock	lock	-	a42fd75e-2b01-4b5b-b1b0-c7bcfac8eea5	0	1790164819	e3b0c44298fc1c149afbf4c8996fb92427ae41e4649b934ca495991b7852b855
--Users-vito-data-dev-mumu--/a42fd75e-2b01-4b5b-b1b0-c7bcfac8eea5/session.v3.jsonl.zstd	canonical	v3	a42fd75e-2b01-4b5b-b1b0-c7bcfac8eea5	36340	1790164829	27ee9646eec91df4dda5bf0d9665ac48684ea8ea4a15764c620b330608919696
--Users-vito-data-dev-mumu--/a44fafbf-58d7-475c-b5ee-e4f58797eafb/session.lock	lock	-	a44fafbf-58d7-475c-b5ee-e4f58797eafb	0	1789984591	e3b0c44298fc1c149afbf4c8996fb92427ae41e4649b934ca495991b7852b855
--Users-vito-data-dev-mumu--/a44fafbf-58d7-475c-b5ee-e4f58797eafb/session.v3.jsonl.zstd	canonical	v3	a44fafbf-58d7-475c-b5ee-e4f58797eafb	381600	1789984905	59df4f4fea160ea22a160074b4658400e38883d663de79a4fb0b4e0423704b58
--Users-vito-data-dev-mumu--/a46b4ea5-a9c7-4f5c-9eb3-51a1855726e2/session.lock	lock	-	a46b4ea5-a9c7-4f5c-9eb3-51a1855726e2	0	1790065523	e3b0c44298fc1c149afbf4c8996fb92427ae41e4649b934ca495991b7852b855
--Users-vito-data-dev-mumu--/a46b4ea5-a9c7-4f5c-9eb3-51a1855726e2/session.v3.jsonl.zstd	canonical	v3	a46b4ea5-a9c7-4f5c-9eb3-51a1855726e2	131800	1790065600	af6dc672969776a4fd512ae90c9327fd94f415fd7782e5281d104f7e0a155d3a
--Users-vito-data-dev-mumu--/a49cd11d-1685-4705-8657-5a0493eff4b0/session.lock	lock	-	a49cd11d-1685-4705-8657-5a0493eff4b0	0	1790065415	e3b0c44298fc1c149afbf4c8996fb92427ae41e4649b934ca495991b7852b855
--Users-vito-data-dev-mumu--/a49cd11d-1685-4705-8657-5a0493eff4b0/session.v3.jsonl.zstd	canonical	v3	a49cd11d-1685-4705-8657-5a0493eff4b0	235132	1790065620	f085f47fb9abc9bbc2ddd5929f6395576f60f1357959cfee593f91b032fcbcac
--Users-vito-data-dev-mumu--/a4ff3503-9517-4d6e-81e4-9f15a1f8a47e/session.lock	lock	-	a4ff3503-9517-4d6e-81e4-9f15a1f8a47e	0	1790170878	e3b0c44298fc1c149afbf4c8996fb92427ae41e4649b934ca495991b7852b855
--Users-vito-data-dev-mumu--/a4ff3503-9517-4d6e-81e4-9f15a1f8a47e/session.v3.jsonl.zstd	canonical	v3	a4ff3503-9517-4d6e-81e4-9f15a1f8a47e	48108	1790170893	6bcecf4b20ed958796cd604ee741e5e17a18247b9116926782a0b00525a70ece
--Users-vito-data-dev-mumu--/a5b8e08e-b752-44a7-bda1-7a3ac9c2b890/session.lock	lock	-	a5b8e08e-b752-44a7-bda1-7a3ac9c2b890	0	1790327903	e3b0c44298fc1c149afbf4c8996fb92427ae41e4649b934ca495991b7852b855
--Users-vito-data-dev-mumu--/a5b8e08e-b752-44a7-bda1-7a3ac9c2b890/session.v3.jsonl.zstd	canonical	v3	a5b8e08e-b752-44a7-bda1-7a3ac9c2b890	629781	1790330100	9185123319d5fa892d8e5d6fd5b15bb675e2e114e3f7bb23a004b7e111e42fe7
--Users-vito-data-dev-mumu--/a5e659f3-5971-4f25-a27f-71266503ac88/session.lock	lock	-	a5e659f3-5971-4f25-a27f-71266503ac88	0	1790011688	e3b0c44298fc1c149afbf4c8996fb92427ae41e4649b934ca495991b7852b855
--Users-vito-data-dev-mumu--/a5e659f3-5971-4f25-a27f-71266503ac88/session.v3.jsonl.zstd	canonical	v3	a5e659f3-5971-4f25-a27f-71266503ac88	140100	1790011776	5d0131ee3e28ed34ecba9f2ca0057e4379ed7855ac5744aa3c2479f4fa7483c8
--Users-vito-data-dev-mumu--/a6d42491-8654-43ba-85e7-1156b81ed1db/session.lock	lock	-	a6d42491-8654-43ba-85e7-1156b81ed1db	0	1790013066	e3b0c44298fc1c149afbf4c8996fb92427ae41e4649b934ca495991b7852b855
--Users-vito-data-dev-mumu--/a6d42491-8654-43ba-85e7-1156b81ed1db/session.v3.jsonl.zstd	canonical	v3	a6d42491-8654-43ba-85e7-1156b81ed1db	439492	1790013461	8e066c3b3d205efe0c989b800c162ecc62c9f43c6ce8b69d31e3e7fadd093765
--Users-vito-data-dev-mumu--/a831f7e0-dc83-48ba-995a-9244975fc9d1/session.lock	lock	-	a831f7e0-dc83-48ba-995a-9244975fc9d1	0	1790221593	e3b0c44298fc1c149afbf4c8996fb92427ae41e4649b934ca495991b7852b855
--Users-vito-data-dev-mumu--/a831f7e0-dc83-48ba-995a-9244975fc9d1/session.v3.jsonl.zstd	canonical	v3	a831f7e0-dc83-48ba-995a-9244975fc9d1	39585	1790221601	868769f28c7eb921af72efddf9a75c5a4e79b285085078f184e56380ba8102cd
--Users-vito-data-dev-mumu--/a8d29d28-cf5d-4126-b0d3-bcec021c1214/session.lock	lock	-	a8d29d28-cf5d-4126-b0d3-bcec021c1214	0	1789750551	e3b0c44298fc1c149afbf4c8996fb92427ae41e4649b934ca495991b7852b855
--Users-vito-data-dev-mumu--/a8d29d28-cf5d-4126-b0d3-bcec021c1214/session.v3.jsonl.zstd	canonical	v3	a8d29d28-cf5d-4126-b0d3-bcec021c1214	597041	1789751387	e7d1fffed72218484828056c938c018a4acfd283a31adfe3cff24c1d8d7aeafc
--Users-vito-data-dev-mumu--/a9ca263f-d606-4967-8267-e8d7bd73611e/session.lock	lock	-	a9ca263f-d606-4967-8267-e8d7bd73611e	0	1790011658	e3b0c44298fc1c149afbf4c8996fb92427ae41e4649b934ca495991b7852b855
--Users-vito-data-dev-mumu--/a9ca263f-d606-4967-8267-e8d7bd73611e/session.v3.jsonl.zstd	canonical	v3	a9ca263f-d606-4967-8267-e8d7bd73611e	398036	1790012124	e2abcad2acc78e11380b21fb695f176464237f39f6e5bb8fa6cd04c338d42093
--Users-vito-data-dev-mumu--/aa1703c3-ac18-4b45-868a-24508ca36add/session.lock	lock	-	aa1703c3-ac18-4b45-868a-24508ca36add	0	1790001057	e3b0c44298fc1c149afbf4c8996fb92427ae41e4649b934ca495991b7852b855
--Users-vito-data-dev-mumu--/aa1703c3-ac18-4b45-868a-24508ca36add/session.v3.jsonl.zstd	canonical	v3	aa1703c3-ac18-4b45-868a-24508ca36add	977712	1790002940	899dcfbf8d80942b078fda193c4c610016bee9c87eef1a5085cdef74d1a5bef1
--Users-vito-data-dev-mumu--/aa2527ae-2211-4260-8720-4cc5ad4f43ad/session.lock	lock	-	aa2527ae-2211-4260-8720-4cc5ad4f43ad	0	1790169815	e3b0c44298fc1c149afbf4c8996fb92427ae41e4649b934ca495991b7852b855
--Users-vito-data-dev-mumu--/aa2527ae-2211-4260-8720-4cc5ad4f43ad/session.v3.jsonl.zstd	canonical	v3	aa2527ae-2211-4260-8720-4cc5ad4f43ad	42869	1790169827	c042677fef7467571201c582d27dcbeeb8e3e106b91d66c79b06acc04342de30
--Users-vito-data-dev-mumu--/aa609372-80f4-40b1-8ed2-871644ed62e0/session.lock	lock	-	aa609372-80f4-40b1-8ed2-871644ed62e0	0	1789647520	e3b0c44298fc1c149afbf4c8996fb92427ae41e4649b934ca495991b7852b855
--Users-vito-data-dev-mumu--/aa609372-80f4-40b1-8ed2-871644ed62e0/session.v3.jsonl.zstd	canonical	v3	aa609372-80f4-40b1-8ed2-871644ed62e0	188431	1789647648	830acf99889aaf35c8e5e4a82186d7a249c62cbeca3d08abfc7088f9cf11e4b1
--Users-vito-data-dev-mumu--/ab008858-942b-45ea-93db-42e211ac0a14/session.lock	lock	-	ab008858-942b-45ea-93db-42e211ac0a14	0	1790269347	e3b0c44298fc1c149afbf4c8996fb92427ae41e4649b934ca495991b7852b855
--Users-vito-data-dev-mumu--/ab008858-942b-45ea-93db-42e211ac0a14/session.v3.jsonl.zstd	canonical	v3	ab008858-942b-45ea-93db-42e211ac0a14	458864	1790269914	e741905f3bfd6cecaae2c873bb61769a28ef96c2f5a72a148cff45535d4228ac
--Users-vito-data-dev-mumu--/ab898202-b326-48f7-83e8-4b52b669f4e6/session.lock	lock	-	ab898202-b326-48f7-83e8-4b52b669f4e6	0	1789660078	e3b0c44298fc1c149afbf4c8996fb92427ae41e4649b934ca495991b7852b855
--Users-vito-data-dev-mumu--/ab898202-b326-48f7-83e8-4b52b669f4e6/session.v3.jsonl.zstd	canonical	v3	ab898202-b326-48f7-83e8-4b52b669f4e6	333669	1789660396	92fa396e492e05ffad6f03479121fe1067c4f46309304315955fd5646de8e52d
--Users-vito-data-dev-mumu--/ab90044b-9818-4e54-b638-6602d0dad3dc/session.lock	lock	-	ab90044b-9818-4e54-b638-6602d0dad3dc	0	1789989175	e3b0c44298fc1c149afbf4c8996fb92427ae41e4649b934ca495991b7852b855
--Users-vito-data-dev-mumu--/ab90044b-9818-4e54-b638-6602d0dad3dc/session.v3.jsonl.zstd	canonical	v3	ab90044b-9818-4e54-b638-6602d0dad3dc	699545	1789990472	0ac6ace3954f7999318a89f0c65046409015ee496fe548bab8e0def3a47b499d
--Users-vito-data-dev-mumu--/abb1fc7f-62fd-4a7f-aea5-abe2c3170b72/session.lock	lock	-	abb1fc7f-62fd-4a7f-aea5-abe2c3170b72	0	1790231236	e3b0c44298fc1c149afbf4c8996fb92427ae41e4649b934ca495991b7852b855
--Users-vito-data-dev-mumu--/abb1fc7f-62fd-4a7f-aea5-abe2c3170b72/session.v3.jsonl.zstd	canonical	v3	abb1fc7f-62fd-4a7f-aea5-abe2c3170b72	44427	1790231260	095e212ab4e9abdb3bd80516c697dbe1668172b6dcfac831aeb1cd0b759b3f4d
--Users-vito-data-dev-mumu--/ad576b58-a0f0-4c9c-9b47-f26bbb07b226/session.lock	lock	-	ad576b58-a0f0-4c9c-9b47-f26bbb07b226	0	1789961210	e3b0c44298fc1c149afbf4c8996fb92427ae41e4649b934ca495991b7852b855
--Users-vito-data-dev-mumu--/ad576b58-a0f0-4c9c-9b47-f26bbb07b226/session.v3.jsonl.zstd	canonical	v3	ad576b58-a0f0-4c9c-9b47-f26bbb07b226	441408	1789961671	2b4a2e80d073aeb74e8c96893233435bd3f7a504b7e9ea58f90c6d353ed99f00
--Users-vito-data-dev-mumu--/ae3f0ae2-27ed-4ab1-9ba3-94d6aed80f43/session.lock	lock	-	ae3f0ae2-27ed-4ab1-9ba3-94d6aed80f43	0	1790012666	e3b0c44298fc1c149afbf4c8996fb92427ae41e4649b934ca495991b7852b855
--Users-vito-data-dev-mumu--/ae3f0ae2-27ed-4ab1-9ba3-94d6aed80f43/session.v3.jsonl.zstd	canonical	v3	ae3f0ae2-27ed-4ab1-9ba3-94d6aed80f43	306740	1790012883	b16b1dde83e5db7f48191d868319316062e6d295c3c06bb6a13034afee08cf85
--Users-vito-data-dev-mumu--/b022ad6f-80fe-449c-8c48-fbf4a9b55cc6/session.lock	lock	-	b022ad6f-80fe-449c-8c48-fbf4a9b55cc6	0	1790164675	e3b0c44298fc1c149afbf4c8996fb92427ae41e4649b934ca495991b7852b855
--Users-vito-data-dev-mumu--/b022ad6f-80fe-449c-8c48-fbf4a9b55cc6/session.v3.jsonl.zstd	canonical	v3	b022ad6f-80fe-449c-8c48-fbf4a9b55cc6	45576	1790164690	69c66e68440fcdbc0d6bd8966067bb1d6a7b53a4c8394302f2e2b6fd62fcd473
--Users-vito-data-dev-mumu--/b09c558b-a630-4d8c-a529-7a05062327a3/session.lock	lock	-	b09c558b-a630-4d8c-a529-7a05062327a3	0	1790002953	e3b0c44298fc1c149afbf4c8996fb92427ae41e4649b934ca495991b7852b855
--Users-vito-data-dev-mumu--/b09c558b-a630-4d8c-a529-7a05062327a3/session.v3.jsonl.zstd	canonical	v3	b09c558b-a630-4d8c-a529-7a05062327a3	669643	1790004245	7b184c9f9d36d86af59558b9c9d265f1a466d43e135df4df5278655b11d09dea
--Users-vito-data-dev-mumu--/b09f2014-5ae7-4b02-81a5-af9c7038b591/session.lock	lock	-	b09f2014-5ae7-4b02-81a5-af9c7038b591	0	1789722728	e3b0c44298fc1c149afbf4c8996fb92427ae41e4649b934ca495991b7852b855
--Users-vito-data-dev-mumu--/b09f2014-5ae7-4b02-81a5-af9c7038b591/session.v3.jsonl.zstd	canonical	v3	b09f2014-5ae7-4b02-81a5-af9c7038b591	13326	1789725834	c8920ffa762bcb907f914a59a2779332793151cdad77f4611ee4260045a219f8
--Users-vito-data-dev-mumu--/b12c7f25-0575-4050-84ab-62296cc6e30c/session.lock	lock	-	b12c7f25-0575-4050-84ab-62296cc6e30c	0	1789960496	e3b0c44298fc1c149afbf4c8996fb92427ae41e4649b934ca495991b7852b855
--Users-vito-data-dev-mumu--/b12c7f25-0575-4050-84ab-62296cc6e30c/session.v3.jsonl.zstd	canonical	v3	b12c7f25-0575-4050-84ab-62296cc6e30c	707326	1789961587	43d9a874a794cca287e92093ec62642081571b3b29ea4b10281f2368dbbddb83
--Users-vito-data-dev-mumu--/b1d5c54e-8eee-4983-b64a-f76d7b0647ab/session.lock	lock	-	b1d5c54e-8eee-4983-b64a-f76d7b0647ab	0	1789961601	e3b0c44298fc1c149afbf4c8996fb92427ae41e4649b934ca495991b7852b855
--Users-vito-data-dev-mumu--/b1d5c54e-8eee-4983-b64a-f76d7b0647ab/session.v3.jsonl.zstd	canonical	v3	b1d5c54e-8eee-4983-b64a-f76d7b0647ab	405122	1789962032	c3b6f097ba1e9f8e81b13930bce5ef4e1662d525f76d2bbc10bf90429fda6ab0
--Users-vito-data-dev-mumu--/b1e1b198-c4c3-4192-afab-b9aef31a9439/session.lock	lock	-	b1e1b198-c4c3-4192-afab-b9aef31a9439	0	1789715745	e3b0c44298fc1c149afbf4c8996fb92427ae41e4649b934ca495991b7852b855
--Users-vito-data-dev-mumu--/b1e1b198-c4c3-4192-afab-b9aef31a9439/session.v3.jsonl.zstd	canonical	v3	b1e1b198-c4c3-4192-afab-b9aef31a9439	890777	1789717927	c08cde485e5d3989f14da0aa63ed3d4769c6d9416c200d34c934f0547e3f1433
--Users-vito-data-dev-mumu--/b2952ff5-aaed-4d05-8314-a93fa915b663/session.lock	lock	-	b2952ff5-aaed-4d05-8314-a93fa915b663	0	1790265415	e3b0c44298fc1c149afbf4c8996fb92427ae41e4649b934ca495991b7852b855
--Users-vito-data-dev-mumu--/b2952ff5-aaed-4d05-8314-a93fa915b663/session.v3.jsonl.zstd	canonical	v3	b2952ff5-aaed-4d05-8314-a93fa915b663	467205	1790265972	9a340601a37d7881b1b8ad1e79a8b4f20e22b783d6a1948443d1cb6f916f65a6
--Users-vito-data-dev-mumu--/b32fb013-e2b1-49c4-bf21-1ef428ea98a0/session.lock	lock	-	b32fb013-e2b1-49c4-bf21-1ef428ea98a0	0	1789756113	e3b0c44298fc1c149afbf4c8996fb92427ae41e4649b934ca495991b7852b855
--Users-vito-data-dev-mumu--/b32fb013-e2b1-49c4-bf21-1ef428ea98a0/session.v3.jsonl.zstd	canonical	v3	b32fb013-e2b1-49c4-bf21-1ef428ea98a0	725509	1789757187	7ff404c1792e271c499431e7611d523fa04197c199cbad5fed1ce4ff93fea8ef
--Users-vito-data-dev-mumu--/b357c430-4541-448f-b263-907e93df59c0/session.lock	lock	-	b357c430-4541-448f-b263-907e93df59c0	0	1789995451	e3b0c44298fc1c149afbf4c8996fb92427ae41e4649b934ca495991b7852b855
--Users-vito-data-dev-mumu--/b357c430-4541-448f-b263-907e93df59c0/session.v3.jsonl.zstd	canonical	v3	b357c430-4541-448f-b263-907e93df59c0	13280	1789996392	a2b1b03a8eaf8d730f51b417866773a73174076f3648ae78f5304cf63459e098
--Users-vito-data-dev-mumu--/b4335453-bfb9-409b-aa58-cf908a3e3a10/session.lock	lock	-	b4335453-bfb9-409b-aa58-cf908a3e3a10	0	1790008565	e3b0c44298fc1c149afbf4c8996fb92427ae41e4649b934ca495991b7852b855
--Users-vito-data-dev-mumu--/b4335453-bfb9-409b-aa58-cf908a3e3a10/session.v3.jsonl.zstd	canonical	v3	b4335453-bfb9-409b-aa58-cf908a3e3a10	1314881	1790009989	ec509f5ea1762f2c65c9f45a81e2edf6cc857236b200a23b778460980fc60f1c
--Users-vito-data-dev-mumu--/b49ed607-b56c-451d-a059-6d230132244b/session.lock	lock	-	b49ed607-b56c-451d-a059-6d230132244b	0	1790011451	e3b0c44298fc1c149afbf4c8996fb92427ae41e4649b934ca495991b7852b855
--Users-vito-data-dev-mumu--/b49ed607-b56c-451d-a059-6d230132244b/session.v3.jsonl.zstd	canonical	v3	b49ed607-b56c-451d-a059-6d230132244b	281127	1790011685	02478ea6558db751d003b6c4a649a32e36382b3c01d6fed071e26038f1b27625
--Users-vito-data-dev-mumu--/b4fe7a1b-373b-4efc-b21b-09df0d25b57e/session.lock	lock	-	b4fe7a1b-373b-4efc-b21b-09df0d25b57e	0	1790180663	e3b0c44298fc1c149afbf4c8996fb92427ae41e4649b934ca495991b7852b855
--Users-vito-data-dev-mumu--/b4fe7a1b-373b-4efc-b21b-09df0d25b57e/session.v3.jsonl.zstd	canonical	v3	b4fe7a1b-373b-4efc-b21b-09df0d25b57e	40239	1790180675	c7e2fa4e347b7ad59c31d960ec5245848e56f6ed477c3a0da6de2b76a56d3751
--Users-vito-data-dev-mumu--/b59b6897-53dc-4b2e-b86a-747352e66b9a/session.lock	lock	-	b59b6897-53dc-4b2e-b86a-747352e66b9a	0	1790173401	e3b0c44298fc1c149afbf4c8996fb92427ae41e4649b934ca495991b7852b855
--Users-vito-data-dev-mumu--/b59b6897-53dc-4b2e-b86a-747352e66b9a/session.v3.jsonl.zstd	canonical	v3	b59b6897-53dc-4b2e-b86a-747352e66b9a	41667	1790173411	57c1d3c21e6bd0e4fb4caaedd89b176cb80dde54cf057cb9699aa16a3e54ec0a
--Users-vito-data-dev-mumu--/b5d13efc-d26b-4468-9cd0-6fe08f49b331/session.lock	lock	-	b5d13efc-d26b-4468-9cd0-6fe08f49b331	0	1790180059	e3b0c44298fc1c149afbf4c8996fb92427ae41e4649b934ca495991b7852b855
--Users-vito-data-dev-mumu--/b5d13efc-d26b-4468-9cd0-6fe08f49b331/session.v3.jsonl.zstd	canonical	v3	b5d13efc-d26b-4468-9cd0-6fe08f49b331	42248	1790180070	8e6717bf23f63baf7a340aa4b225c801f7fc263bcb09044554176f96333037b7
--Users-vito-data-dev-mumu--/b67efff1-f4fd-4d92-a35b-38fc4c4da858/session.lock	lock	-	b67efff1-f4fd-4d92-a35b-38fc4c4da858	0	1789643910	e3b0c44298fc1c149afbf4c8996fb92427ae41e4649b934ca495991b7852b855
--Users-vito-data-dev-mumu--/b67efff1-f4fd-4d92-a35b-38fc4c4da858/session.v3.jsonl.zstd	canonical	v3	b67efff1-f4fd-4d92-a35b-38fc4c4da858	338561	1789644129	66fc967f6148de27b2553dd2b0841d175ebae5a1f20e22d2c553a4acb0a50954
--Users-vito-data-dev-mumu--/b74ca71d-e1ff-4c3e-b1eb-4fb8ff6c6eae/session.lock	lock	-	b74ca71d-e1ff-4c3e-b1eb-4fb8ff6c6eae	0	1789958632	e3b0c44298fc1c149afbf4c8996fb92427ae41e4649b934ca495991b7852b855
--Users-vito-data-dev-mumu--/b74ca71d-e1ff-4c3e-b1eb-4fb8ff6c6eae/session.v3.jsonl.zstd	canonical	v3	b74ca71d-e1ff-4c3e-b1eb-4fb8ff6c6eae	529063	1789959495	29b859cd822f175f702fa5c5b9679baf9cece63c05766876206108f4a1159207
--Users-vito-data-dev-mumu--/b79a710d-09ec-4c1d-ab38-ca4b35c232b9/session.lock	lock	-	b79a710d-09ec-4c1d-ab38-ca4b35c232b9	0	1790313026	e3b0c44298fc1c149afbf4c8996fb92427ae41e4649b934ca495991b7852b855
--Users-vito-data-dev-mumu--/b79a710d-09ec-4c1d-ab38-ca4b35c232b9/session.v3.jsonl.zstd	canonical	v3	b79a710d-09ec-4c1d-ab38-ca4b35c232b9	279676	1790313459	091c4a98151e9d014b6a40ef90c5edd1b31d12aa2be3f6a6edfc05f5122ecbb3
--Users-vito-data-dev-mumu--/b7c3c59e-24c7-4a28-b23b-b5b9ff9a9db4/session.lock	lock	-	b7c3c59e-24c7-4a28-b23b-b5b9ff9a9db4	0	1789752987	e3b0c44298fc1c149afbf4c8996fb92427ae41e4649b934ca495991b7852b855
--Users-vito-data-dev-mumu--/b7c3c59e-24c7-4a28-b23b-b5b9ff9a9db4/session.v3.jsonl.zstd	canonical	v3	b7c3c59e-24c7-4a28-b23b-b5b9ff9a9db4	55779	1789753010	1dc6bc721438ab4509f77bfeaf9600bec7be95434cacc5d20215d2c933320e75
--Users-vito-data-dev-mumu--/b8804796-741d-4121-b6b1-b09d934ee0fd/session.lock	lock	-	b8804796-741d-4121-b6b1-b09d934ee0fd	0	1790067059	e3b0c44298fc1c149afbf4c8996fb92427ae41e4649b934ca495991b7852b855
--Users-vito-data-dev-mumu--/b8804796-741d-4121-b6b1-b09d934ee0fd/session.v3.jsonl.zstd	canonical	v3	b8804796-741d-4121-b6b1-b09d934ee0fd	85646	1790067090	c230c553678edc9553f506319319ca2e092756eb50d9cf638e52488b47686318
--Users-vito-data-dev-mumu--/b8cfa052-3bee-4f92-82fc-60e35f943ece/session.lock	lock	-	b8cfa052-3bee-4f92-82fc-60e35f943ece	0	1790179809	e3b0c44298fc1c149afbf4c8996fb92427ae41e4649b934ca495991b7852b855
--Users-vito-data-dev-mumu--/b8cfa052-3bee-4f92-82fc-60e35f943ece/session.v3.jsonl.zstd	canonical	v3	b8cfa052-3bee-4f92-82fc-60e35f943ece	38949	1790179880	498a1ea6c843eb6dde6455f52b1c1e53f25820e522c59d0aadb9897de3c0ae89
--Users-vito-data-dev-mumu--/b9301255-0f49-428d-8768-7a5766bfa6f2/session.lock	lock	-	b9301255-0f49-428d-8768-7a5766bfa6f2	0	1790067029	e3b0c44298fc1c149afbf4c8996fb92427ae41e4649b934ca495991b7852b855
--Users-vito-data-dev-mumu--/b9301255-0f49-428d-8768-7a5766bfa6f2/session.v3.jsonl.zstd	canonical	v3	b9301255-0f49-428d-8768-7a5766bfa6f2	31255	1790067060	109f68a6eb806f4b4dfec036abbc8949769876e67d771b5a39964ee0d65d27cc
--Users-vito-data-dev-mumu--/baf38822-386a-42e4-bb13-d670cecda2df/session.lock	lock	-	baf38822-386a-42e4-bb13-d670cecda2df	0	1789958632	e3b0c44298fc1c149afbf4c8996fb92427ae41e4649b934ca495991b7852b855
--Users-vito-data-dev-mumu--/baf38822-386a-42e4-bb13-d670cecda2df/session.v3.jsonl.zstd	canonical	v3	baf38822-386a-42e4-bb13-d670cecda2df	796311	1789960077	18027dd9e7472cf89cce0ba07506a8099bc70184394d42db018de1688f73cf17
--Users-vito-data-dev-mumu--/bb775682-4b52-4849-a409-a1554b7e1eed/session.lock	lock	-	bb775682-4b52-4849-a409-a1554b7e1eed	0	1790065848	e3b0c44298fc1c149afbf4c8996fb92427ae41e4649b934ca495991b7852b855
--Users-vito-data-dev-mumu--/bb775682-4b52-4849-a409-a1554b7e1eed/session.v3.jsonl.zstd	canonical	v3	bb775682-4b52-4849-a409-a1554b7e1eed	97625	1790065891	6326266889180226489300579a13abe5a7e811383ef4f097cb238fd8a5b6918c
--Users-vito-data-dev-mumu--/bcb19bad-74d6-4842-a612-ec9781392d2e/session.lock	lock	-	bcb19bad-74d6-4842-a612-ec9781392d2e	0	1790337179	e3b0c44298fc1c149afbf4c8996fb92427ae41e4649b934ca495991b7852b855
--Users-vito-data-dev-mumu--/bcb19bad-74d6-4842-a612-ec9781392d2e/session.v3.jsonl.zstd	canonical	v3	bcb19bad-74d6-4842-a612-ec9781392d2e	720775	1790338894	41bc3c27b667f01ee399a5d42d90cf5833ee336b01de1d8919a0c7659e5ba42b
--Users-vito-data-dev-mumu--/bd2d9eea-4335-4e63-b5dd-45030d2dde1b/session.lock	lock	-	bd2d9eea-4335-4e63-b5dd-45030d2dde1b	0	1790182824	e3b0c44298fc1c149afbf4c8996fb92427ae41e4649b934ca495991b7852b855
--Users-vito-data-dev-mumu--/bd2d9eea-4335-4e63-b5dd-45030d2dde1b/session.v3.jsonl.zstd	canonical	v3	bd2d9eea-4335-4e63-b5dd-45030d2dde1b	38011	1790182922	4426bb981f05795a698839ca79ee1c8c0d9e3d1e69ee8ff30606870b003bda5b
--Users-vito-data-dev-mumu--/be87dd25-db55-4b68-993b-d555e39b87e3/session.lock	lock	-	be87dd25-db55-4b68-993b-d555e39b87e3	0	1790066721	e3b0c44298fc1c149afbf4c8996fb92427ae41e4649b934ca495991b7852b855
--Users-vito-data-dev-mumu--/be87dd25-db55-4b68-993b-d555e39b87e3/session.v3.jsonl.zstd	canonical	v3	be87dd25-db55-4b68-993b-d555e39b87e3	143410	1790066820	359ca1e795657afdc9a85fe5388378e79a33800194845db34a036a6a18666ad5
--Users-vito-data-dev-mumu--/beeb3ae2-a771-4ce8-a66b-4ea0cc055cdb/session.lock	lock	-	beeb3ae2-a771-4ce8-a66b-4ea0cc055cdb	0	1790182283	e3b0c44298fc1c149afbf4c8996fb92427ae41e4649b934ca495991b7852b855
--Users-vito-data-dev-mumu--/beeb3ae2-a771-4ce8-a66b-4ea0cc055cdb/session.v3.jsonl.zstd	canonical	v3	beeb3ae2-a771-4ce8-a66b-4ea0cc055cdb	1141586	1790182415	89a336d167c54bc4c72c245f899795ddbf0f31ad76c8ef3c1931a4679fe76480
--Users-vito-data-dev-mumu--/bf2812d2-41b3-4d5d-95dc-3836de8e0231/session.lock	lock	-	bf2812d2-41b3-4d5d-95dc-3836de8e0231	0	1790269075	e3b0c44298fc1c149afbf4c8996fb92427ae41e4649b934ca495991b7852b855
--Users-vito-data-dev-mumu--/bf2812d2-41b3-4d5d-95dc-3836de8e0231/session.v3.jsonl.zstd	canonical	v3	bf2812d2-41b3-4d5d-95dc-3836de8e0231	463794	1790269741	7f68c7b95b69c36fc89d4a802731fd7c6305665a89e72f4003d7a2213c5d8921
--Users-vito-data-dev-mumu--/bf51dd5c-7af6-4cdf-ba11-a1a899330ccc/session.lock	lock	-	bf51dd5c-7af6-4cdf-ba11-a1a899330ccc	0	1790238382	e3b0c44298fc1c149afbf4c8996fb92427ae41e4649b934ca495991b7852b855
--Users-vito-data-dev-mumu--/bf51dd5c-7af6-4cdf-ba11-a1a899330ccc/session.v3.jsonl.zstd	canonical	v3	bf51dd5c-7af6-4cdf-ba11-a1a899330ccc	188015	1790238564	363db42bd98e76eb3821e8a0a168518a40871ccd487a9135ecc32a6656ef8030
--Users-vito-data-dev-mumu--/c0a4704a-4347-489e-b90a-36d73caab868/session.lock	lock	-	c0a4704a-4347-489e-b90a-36d73caab868	0	1789717967	e3b0c44298fc1c149afbf4c8996fb92427ae41e4649b934ca495991b7852b855
--Users-vito-data-dev-mumu--/c0a4704a-4347-489e-b90a-36d73caab868/session.v3.jsonl.zstd	canonical	v3	c0a4704a-4347-489e-b90a-36d73caab868	618835	1789722725	662bb723ee9ff840b4ed3cfe16dc0b1b4d9f70989373c83e882976af97c3cd63
--Users-vito-data-dev-mumu--/c116f897-a5f5-49f9-a148-dae47968cab3/session.lock	lock	-	c116f897-a5f5-49f9-a148-dae47968cab3	0	1790172035	e3b0c44298fc1c149afbf4c8996fb92427ae41e4649b934ca495991b7852b855
--Users-vito-data-dev-mumu--/c116f897-a5f5-49f9-a148-dae47968cab3/session.v3.jsonl.zstd	canonical	v3	c116f897-a5f5-49f9-a148-dae47968cab3	43877	1790172350	238add500d837217d81b69d2bb934b8fec3ad71f8db23b626bf780e455564b5a
--Users-vito-data-dev-mumu--/c12eadee-3a90-4b22-9197-4ed528c7a7b0/session.lock	lock	-	c12eadee-3a90-4b22-9197-4ed528c7a7b0	0	1790060916	e3b0c44298fc1c149afbf4c8996fb92427ae41e4649b934ca495991b7852b855
--Users-vito-data-dev-mumu--/c12eadee-3a90-4b22-9197-4ed528c7a7b0/session.v3.jsonl.zstd	canonical	v3	c12eadee-3a90-4b22-9197-4ed528c7a7b0	35175	1790060954	78272fc120430602b8f6688b4f51b33bbff1e5eeb8f4eb50c1f86ea241b208ae
--Users-vito-data-dev-mumu--/c1672609-0081-49b0-9de8-036e710476ce/session.lock	lock	-	c1672609-0081-49b0-9de8-036e710476ce	0	1790006933	e3b0c44298fc1c149afbf4c8996fb92427ae41e4649b934ca495991b7852b855
--Users-vito-data-dev-mumu--/c1672609-0081-49b0-9de8-036e710476ce/session.v3.jsonl.zstd	canonical	v3	c1672609-0081-49b0-9de8-036e710476ce	1153784	1790008356	d9d5fa358fcf67de1ef557d8c07988f1930a8226b717fe32f4abdce1e1f0f1a9
--Users-vito-data-dev-mumu--/c2bab2ce-2b70-4646-befe-bff34b9f23c3/session.lock	lock	-	c2bab2ce-2b70-4646-befe-bff34b9f23c3	0	1790066017	e3b0c44298fc1c149afbf4c8996fb92427ae41e4649b934ca495991b7852b855
--Users-vito-data-dev-mumu--/c2bab2ce-2b70-4646-befe-bff34b9f23c3/session.v3.jsonl.zstd	canonical	v3	c2bab2ce-2b70-4646-befe-bff34b9f23c3	161079	1790066191	4ea703648ce4c05f970ab068f11cd4bf655c15c70d01f09649744f93f66548f6
--Users-vito-data-dev-mumu--/c2cdd1a0-78f4-4328-b26d-e285a0824e40/session.lock	lock	-	c2cdd1a0-78f4-4328-b26d-e285a0824e40	0	1790012136	e3b0c44298fc1c149afbf4c8996fb92427ae41e4649b934ca495991b7852b855
--Users-vito-data-dev-mumu--/c2cdd1a0-78f4-4328-b26d-e285a0824e40/session.v3.jsonl.zstd	canonical	v3	c2cdd1a0-78f4-4328-b26d-e285a0824e40	281675	1790012367	a00b703d98862620693814c6b0367b5cc84dcd149e69dc85ee396df14ac1db15
--Users-vito-data-dev-mumu--/c35db7a2-f824-49aa-bee8-714523d61b8d/session.lock	lock	-	c35db7a2-f824-49aa-bee8-714523d61b8d	0	1789993427	e3b0c44298fc1c149afbf4c8996fb92427ae41e4649b934ca495991b7852b855
--Users-vito-data-dev-mumu--/c35db7a2-f824-49aa-bee8-714523d61b8d/session.v3.jsonl.zstd	canonical	v3	c35db7a2-f824-49aa-bee8-714523d61b8d	691428	1789994625	b1e51c7464e6c15717c4bee5d1699fb5cfd77f9d6449ef97633c2c7e5d6000dd
--Users-vito-data-dev-mumu--/c489a10c-3105-402f-a721-9f86dc8801b6/session.lock	lock	-	c489a10c-3105-402f-a721-9f86dc8801b6	0	1789715745	e3b0c44298fc1c149afbf4c8996fb92427ae41e4649b934ca495991b7852b855
--Users-vito-data-dev-mumu--/c489a10c-3105-402f-a721-9f86dc8801b6/session.v3.jsonl.zstd	canonical	v3	c489a10c-3105-402f-a721-9f86dc8801b6	807785	1789717376	05cbb77ffcb867672af70cf678ecede5ebb45bf225e00f1294d633d815454cce
--Users-vito-data-dev-mumu--/c56d67df-77d0-41ad-941a-4ebc80219b70/session.lock	lock	-	c56d67df-77d0-41ad-941a-4ebc80219b70	0	1790012136	e3b0c44298fc1c149afbf4c8996fb92427ae41e4649b934ca495991b7852b855
--Users-vito-data-dev-mumu--/c56d67df-77d0-41ad-941a-4ebc80219b70/session.v3.jsonl.zstd	canonical	v3	c56d67df-77d0-41ad-941a-4ebc80219b70	220855	1790012327	54375118717d213db60495d71ffd83209d0676df49c8d8408113c010396c7d6c
--Users-vito-data-dev-mumu--/c5d55fcb-33b4-4301-b836-6e09941265db/session.lock	lock	-	c5d55fcb-33b4-4301-b836-6e09941265db	0	1790337179	e3b0c44298fc1c149afbf4c8996fb92427ae41e4649b934ca495991b7852b855
--Users-vito-data-dev-mumu--/c5d55fcb-33b4-4301-b836-6e09941265db/session.v3.jsonl.zstd	canonical	v3	c5d55fcb-33b4-4301-b836-6e09941265db	962597	1790337620	6c4c49e5633ef37dca59bd3b82ea31fb3173f4d5c2919bc12f08e6f36be713a6
--Users-vito-data-dev-mumu--/c696e6e6-d81e-45e1-89bb-e2ff75eac633/session.lock	lock	-	c696e6e6-d81e-45e1-89bb-e2ff75eac633	0	1790060916	e3b0c44298fc1c149afbf4c8996fb92427ae41e4649b934ca495991b7852b855
--Users-vito-data-dev-mumu--/c696e6e6-d81e-45e1-89bb-e2ff75eac633/session.v3.jsonl.zstd	canonical	v3	c696e6e6-d81e-45e1-89bb-e2ff75eac633	39162	1790060957	c9d39bfd862c192d9d2e7ce1bb2756a72a363e46c0714d437c513554881a51fa
--Users-vito-data-dev-mumu--/c88944b0-f826-4d2b-b57b-7dcebc7e91b2/session.lock	lock	-	c88944b0-f826-4d2b-b57b-7dcebc7e91b2	0	1789920493	e3b0c44298fc1c149afbf4c8996fb92427ae41e4649b934ca495991b7852b855
--Users-vito-data-dev-mumu--/c88944b0-f826-4d2b-b57b-7dcebc7e91b2/session.v3.jsonl.zstd	canonical	v3	c88944b0-f826-4d2b-b57b-7dcebc7e91b2	1142907	1789923049	1b278af705c276e9a9b1b70b12abed531175d954830bd77aa652a2421ac72ef1
--Users-vito-data-dev-mumu--/c901f95b-22b4-4c65-a4df-6953eb857149/session.lock	lock	-	c901f95b-22b4-4c65-a4df-6953eb857149	0	1790332933	e3b0c44298fc1c149afbf4c8996fb92427ae41e4649b934ca495991b7852b855
--Users-vito-data-dev-mumu--/c901f95b-22b4-4c65-a4df-6953eb857149/session.v3.jsonl.zstd	canonical	v3	c901f95b-22b4-4c65-a4df-6953eb857149	669101	1790333585	06e4087650a6d53bab1a190a7c663c4ff84192271d4d6d098481c8b6ad0e61a3
--Users-vito-data-dev-mumu--/c938c779-a512-4905-9498-8e804498d21f/session.lock	lock	-	c938c779-a512-4905-9498-8e804498d21f	0	1790067812	e3b0c44298fc1c149afbf4c8996fb92427ae41e4649b934ca495991b7852b855
--Users-vito-data-dev-mumu--/c938c779-a512-4905-9498-8e804498d21f/session.v3.jsonl.zstd	canonical	v3	c938c779-a512-4905-9498-8e804498d21f	435003	1790068305	7642a62e633a2dfe1c18a3ee76fd9f4826d4d7788d43a54077c15744437e44fe
--Users-vito-data-dev-mumu--/c98571dc-b32a-4993-abfa-1b3f24cc5ce7/session.lock	lock	-	c98571dc-b32a-4993-abfa-1b3f24cc5ce7	0	1790327903	e3b0c44298fc1c149afbf4c8996fb92427ae41e4649b934ca495991b7852b855
--Users-vito-data-dev-mumu--/c98571dc-b32a-4993-abfa-1b3f24cc5ce7/session.v3.jsonl.zstd	canonical	v3	c98571dc-b32a-4993-abfa-1b3f24cc5ce7	962227	1790331813	e2d6bb0e6f4f9c8efa41724dd2e4221b0320a72cbc0132fc4295538100c07087
--Users-vito-data-dev-mumu--/c9f39d45-8b09-4727-bca7-014d453b9131/session.lock	lock	-	c9f39d45-8b09-4727-bca7-014d453b9131	0	1790182536	e3b0c44298fc1c149afbf4c8996fb92427ae41e4649b934ca495991b7852b855
--Users-vito-data-dev-mumu--/c9f39d45-8b09-4727-bca7-014d453b9131/session.v3.jsonl.zstd	canonical	v3	c9f39d45-8b09-4727-bca7-014d453b9131	37435	1790182541	77d39ef3549c786db97f60c75fe518e2bb186c8845a6ae66a9ff7cedac8e45d9
--Users-vito-data-dev-mumu--/cb51ddef-39cd-4cf5-8b7a-3d3e831df1cd/session.lock	lock	-	cb51ddef-39cd-4cf5-8b7a-3d3e831df1cd	0	1789715745	e3b0c44298fc1c149afbf4c8996fb92427ae41e4649b934ca495991b7852b855
--Users-vito-data-dev-mumu--/cb51ddef-39cd-4cf5-8b7a-3d3e831df1cd/session.v3.jsonl.zstd	canonical	v3	cb51ddef-39cd-4cf5-8b7a-3d3e831df1cd	470854	1789716580	3bb23f19e4fb8a4c88f1ae1b4faf861673ec1713fbe8a1c1fbb0161f0aab80b8
--Users-vito-data-dev-mumu--/cbc03b51-6065-4cba-ba0a-f41ff3518c6b/session.lock	lock	-	cbc03b51-6065-4cba-ba0a-f41ff3518c6b	0	1789715745	e3b0c44298fc1c149afbf4c8996fb92427ae41e4649b934ca495991b7852b855
--Users-vito-data-dev-mumu--/cbc03b51-6065-4cba-ba0a-f41ff3518c6b/session.v3.jsonl.zstd	canonical	v3	cbc03b51-6065-4cba-ba0a-f41ff3518c6b	554442	1789716621	25f08f349e444a7ae7cc4cb723b944a38d2cc91a8904a94835ae6faf6d5c226a
--Users-vito-data-dev-mumu--/cbff2428-214a-407c-b13c-45a4905d9f68/session.lock	lock	-	cbff2428-214a-407c-b13c-45a4905d9f68	0	1789743406	e3b0c44298fc1c149afbf4c8996fb92427ae41e4649b934ca495991b7852b855
--Users-vito-data-dev-mumu--/cbff2428-214a-407c-b13c-45a4905d9f68/session.v3.jsonl.zstd	canonical	v3	cbff2428-214a-407c-b13c-45a4905d9f68	964500	1789745610	cc45afab1e7c9e54e5c658aa09850c72d484b8cb582ea277a9e6bf8e607a21ed
--Users-vito-data-dev-mumu--/cca5d42f-fcff-41cb-b247-0eceeb9ffa30/session.lock	lock	-	cca5d42f-fcff-41cb-b247-0eceeb9ffa30	0	1789958055	e3b0c44298fc1c149afbf4c8996fb92427ae41e4649b934ca495991b7852b855
--Users-vito-data-dev-mumu--/cca5d42f-fcff-41cb-b247-0eceeb9ffa30/session.v3.jsonl.zstd	canonical	v3	cca5d42f-fcff-41cb-b247-0eceeb9ffa30	523739	1789958924	13ea2da5caf5aa703a8647ab1a13cfc9c2d8496e6639bb4eb86eb4e0ae8293e1
--Users-vito-data-dev-mumu--/cd45a983-1907-4f6f-9ed2-e96e795b1204/session.lock	lock	-	cd45a983-1907-4f6f-9ed2-e96e795b1204	0	1790268360	e3b0c44298fc1c149afbf4c8996fb92427ae41e4649b934ca495991b7852b855
--Users-vito-data-dev-mumu--/cd45a983-1907-4f6f-9ed2-e96e795b1204/session.v3.jsonl.zstd	canonical	v3	cd45a983-1907-4f6f-9ed2-e96e795b1204	429006	1790268761	d050c06105a33d29b0d1d6e18b0a5b16470fc3038b9639e6c582cad4ca02a396
--Users-vito-data-dev-mumu--/cd64d68c-0ff3-45f6-bd40-7fb747507709/session.lock	lock	-	cd64d68c-0ff3-45f6-bd40-7fb747507709	0	1789961210	e3b0c44298fc1c149afbf4c8996fb92427ae41e4649b934ca495991b7852b855
--Users-vito-data-dev-mumu--/cd64d68c-0ff3-45f6-bd40-7fb747507709/session.v3.jsonl.zstd	canonical	v3	cd64d68c-0ff3-45f6-bd40-7fb747507709	259841	1789961481	4c36ca2a9cf72fe4257293475b2fdc86a21f6b3786be633b7643c04be3841893
--Users-vito-data-dev-mumu--/ce10051f-f0aa-4497-a0c9-b360727d7160/session.lock	lock	-	ce10051f-f0aa-4497-a0c9-b360727d7160	0	1790165274	e3b0c44298fc1c149afbf4c8996fb92427ae41e4649b934ca495991b7852b855
--Users-vito-data-dev-mumu--/ce10051f-f0aa-4497-a0c9-b360727d7160/session.v3.jsonl.zstd	canonical	v3	ce10051f-f0aa-4497-a0c9-b360727d7160	42332	1790165485	8c3c5d033c557ac8b046617d9d22929189472b639e297c3706d939e7c1a219df
--Users-vito-data-dev-mumu--/ce12afb1-d56d-4d59-bdf6-d62e24611aaa/session.lock	lock	-	ce12afb1-d56d-4d59-bdf6-d62e24611aaa	0	1790065415	e3b0c44298fc1c149afbf4c8996fb92427ae41e4649b934ca495991b7852b855
--Users-vito-data-dev-mumu--/ce12afb1-d56d-4d59-bdf6-d62e24611aaa/session.v3.jsonl.zstd	canonical	v3	ce12afb1-d56d-4d59-bdf6-d62e24611aaa	192624	1790065572	0b5ba0d72a89f0c8391e6306ee069d72ceb3d8aa2e755725a475bae7893f7f60
--Users-vito-data-dev-mumu--/ce4d7005-ad9b-41a5-9154-397445727063/session.lock	lock	-	ce4d7005-ad9b-41a5-9154-397445727063	0	1790011721	e3b0c44298fc1c149afbf4c8996fb92427ae41e4649b934ca495991b7852b855
--Users-vito-data-dev-mumu--/ce4d7005-ad9b-41a5-9154-397445727063/session.v3.jsonl.zstd	canonical	v3	ce4d7005-ad9b-41a5-9154-397445727063	218945	1790011905	b1bef5a888180c2544b3777e7ad3ccd435495726109585dcadd725a505095e66
--Users-vito-data-dev-mumu--/cef80c63-7afb-4a7b-b573-a51c765e6e27/session.lock	lock	-	cef80c63-7afb-4a7b-b573-a51c765e6e27	0	1789754312	e3b0c44298fc1c149afbf4c8996fb92427ae41e4649b934ca495991b7852b855
--Users-vito-data-dev-mumu--/cef80c63-7afb-4a7b-b573-a51c765e6e27/session.v3.jsonl.zstd	canonical	v3	cef80c63-7afb-4a7b-b573-a51c765e6e27	817010	1789755558	e1b9ec4abf19db95cf33ce26e7ba588a92788a8962eeac8ae662e54ea8070d2f
--Users-vito-data-dev-mumu--/cefa4016-ac52-4a73-b223-f601ae5f92c2/session.lock	lock	-	cefa4016-ac52-4a73-b223-f601ae5f92c2	0	1790012136	e3b0c44298fc1c149afbf4c8996fb92427ae41e4649b934ca495991b7852b855
--Users-vito-data-dev-mumu--/cefa4016-ac52-4a73-b223-f601ae5f92c2/session.v3.jsonl.zstd	canonical	v3	cefa4016-ac52-4a73-b223-f601ae5f92c2	177267	1790012282	dd8b581828d51dce89b47af97f8adb1db00ddfcd6fc3032d99c263101b7c2d2d
--Users-vito-data-dev-mumu--/cf6c664e-b597-4bab-817b-ade564bbafd9/session.lock	lock	-	cf6c664e-b597-4bab-817b-ade564bbafd9	0	1789998915	e3b0c44298fc1c149afbf4c8996fb92427ae41e4649b934ca495991b7852b855
--Users-vito-data-dev-mumu--/cf6c664e-b597-4bab-817b-ade564bbafd9/session.v3.jsonl.zstd	canonical	v3	cf6c664e-b597-4bab-817b-ade564bbafd9	681035	1789999911	bc74a264371b41f5ecc76ffe097594251845323d4cd200f7b70af84d1ee02096
--Users-vito-data-dev-mumu--/cfca4e8a-4cbd-4e8e-aebc-bb536269f7b7/session.lock	lock	-	cfca4e8a-4cbd-4e8e-aebc-bb536269f7b7	0	1790183198	e3b0c44298fc1c149afbf4c8996fb92427ae41e4649b934ca495991b7852b855
--Users-vito-data-dev-mumu--/cfca4e8a-4cbd-4e8e-aebc-bb536269f7b7/session.v3.jsonl.zstd	canonical	v3	cfca4e8a-4cbd-4e8e-aebc-bb536269f7b7	45256	1790183213	20fba42fee4f94fe594012473b3f785e4d1d3887e62b1de263e8f54d2f3e38de
--Users-vito-data-dev-mumu--/cfe09c85-d991-4393-b4f8-3bb6797500f4/session.lock	lock	-	cfe09c85-d991-4393-b4f8-3bb6797500f4	0	1789730191	e3b0c44298fc1c149afbf4c8996fb92427ae41e4649b934ca495991b7852b855
--Users-vito-data-dev-mumu--/cfe09c85-d991-4393-b4f8-3bb6797500f4/session.v3.jsonl.zstd	canonical	v3	cfe09c85-d991-4393-b4f8-3bb6797500f4	1293741	1789732408	131d7a3f360f2e2df32494882e8d25bdb1c26a65eba4e0ecf32ed05984c32b8b
--Users-vito-data-dev-mumu--/d08e19da-3397-4bbd-a7b0-46fdd394e92c/session.lock	lock	-	d08e19da-3397-4bbd-a7b0-46fdd394e92c	0	1790164819	e3b0c44298fc1c149afbf4c8996fb92427ae41e4649b934ca495991b7852b855
--Users-vito-data-dev-mumu--/d08e19da-3397-4bbd-a7b0-46fdd394e92c/session.v3.jsonl.zstd	canonical	v3	d08e19da-3397-4bbd-a7b0-46fdd394e92c	35668	1790164829	d1e08ab37c01a6dfc31ab953900c65ae3e4fcb10343ea3830abd78fa6537f46e
--Users-vito-data-dev-mumu--/d0a5551e-7b1d-44ab-8437-88a05991576f/session.lock	lock	-	d0a5551e-7b1d-44ab-8437-88a05991576f	0	1790265835	e3b0c44298fc1c149afbf4c8996fb92427ae41e4649b934ca495991b7852b855
--Users-vito-data-dev-mumu--/d0a5551e-7b1d-44ab-8437-88a05991576f/session.v3.jsonl.zstd	canonical	v3	d0a5551e-7b1d-44ab-8437-88a05991576f	8461	1790265839	e8b9377e21506390b79f2f86e0434b29b7f34acaf54145ea411ef34d3b8ec1a6
--Users-vito-data-dev-mumu--/d134a42b-d436-4d25-b5ae-d5f791ff3c05/session.lock	lock	-	d134a42b-d436-4d25-b5ae-d5f791ff3c05	0	1790219943	e3b0c44298fc1c149afbf4c8996fb92427ae41e4649b934ca495991b7852b855
--Users-vito-data-dev-mumu--/d134a42b-d436-4d25-b5ae-d5f791ff3c05/session.v3.jsonl.zstd	canonical	v3	d134a42b-d436-4d25-b5ae-d5f791ff3c05	49479	1790219957	c1fb6c131dd67e98fe48a6619ae74cfe6220739891fd4086bd676bebfadbc13e
--Users-vito-data-dev-mumu--/d17fa743-72b8-44bb-aee2-d20a23661eb9/session.lock	lock	-	d17fa743-72b8-44bb-aee2-d20a23661eb9	0	1790067029	e3b0c44298fc1c149afbf4c8996fb92427ae41e4649b934ca495991b7852b855
--Users-vito-data-dev-mumu--/d17fa743-72b8-44bb-aee2-d20a23661eb9/session.v3.jsonl.zstd	canonical	v3	d17fa743-72b8-44bb-aee2-d20a23661eb9	84685	1790067066	3f02c592f9c64781f0db45702a2cc53030c4c84678d8e2ab4b03a5194d164b87
--Users-vito-data-dev-mumu--/d19b2d2b-ff90-4b64-8b88-68e177bbd694/session.lock	lock	-	d19b2d2b-ff90-4b64-8b88-68e177bbd694	0	1790165540	e3b0c44298fc1c149afbf4c8996fb92427ae41e4649b934ca495991b7852b855
--Users-vito-data-dev-mumu--/d19b2d2b-ff90-4b64-8b88-68e177bbd694/session.v3.jsonl.zstd	canonical	v3	d19b2d2b-ff90-4b64-8b88-68e177bbd694	43728	1790165728	c2e5e9235070c191fbcc1317a1cbad5aa1b81585d901d513390590a6335802a0
--Users-vito-data-dev-mumu--/d2daa7e2-b5cf-480d-9767-16502254e993/session.lock	lock	-	d2daa7e2-b5cf-480d-9767-16502254e993	0	1790061701	e3b0c44298fc1c149afbf4c8996fb92427ae41e4649b934ca495991b7852b855
--Users-vito-data-dev-mumu--/d2daa7e2-b5cf-480d-9767-16502254e993/session.v3.jsonl.zstd	canonical	v3	d2daa7e2-b5cf-480d-9767-16502254e993	417116	1790062138	a4a31ff81680d202d9fc7bda5c7500e6d819065e807bea975b3e06cbeda80a59
--Users-vito-data-dev-mumu--/d2fa372b-dda2-4e9d-9614-fb2b069dde28/session.lock	lock	-	d2fa372b-dda2-4e9d-9614-fb2b069dde28	0	1789909463	e3b0c44298fc1c149afbf4c8996fb92427ae41e4649b934ca495991b7852b855
--Users-vito-data-dev-mumu--/d2fa372b-dda2-4e9d-9614-fb2b069dde28/session.v3.jsonl.zstd	canonical	v3	d2fa372b-dda2-4e9d-9614-fb2b069dde28	13529	1789909468	0ce4b683a83fd0267dad602b8a92ea6ed321f2b29e0f6960689573a0c4d83a31
--Users-vito-data-dev-mumu--/d3648a0b-5b1b-4130-be12-099fc22297ca/session.lock	lock	-	d3648a0b-5b1b-4130-be12-099fc22297ca	0	1790164775	e3b0c44298fc1c149afbf4c8996fb92427ae41e4649b934ca495991b7852b855
--Users-vito-data-dev-mumu--/d3648a0b-5b1b-4130-be12-099fc22297ca/session.v3.jsonl.zstd	canonical	v3	d3648a0b-5b1b-4130-be12-099fc22297ca	51484	1790164800	38c0fcb91aed68d443d716ed5a9a256a1285b60f9b9b0dfedf379bf5db0fed72
--Users-vito-data-dev-mumu--/d3756113-2b01-4e57-b779-73d8443b3869/session.lock	lock	-	d3756113-2b01-4e57-b779-73d8443b3869	0	1790182424	e3b0c44298fc1c149afbf4c8996fb92427ae41e4649b934ca495991b7852b855
--Users-vito-data-dev-mumu--/d3756113-2b01-4e57-b779-73d8443b3869/session.v3.jsonl.zstd	canonical	v3	d3756113-2b01-4e57-b779-73d8443b3869	41986	1790182499	ea6d91bf5bec928006647dd5d32d1a2e5325b2cd4909d4d0a25ce7617f38d065
--Users-vito-data-dev-mumu--/d3cda95b-c630-4b6d-ab95-9b565ed021eb/session.lock	lock	-	d3cda95b-c630-4b6d-ab95-9b565ed021eb	0	1790013729	e3b0c44298fc1c149afbf4c8996fb92427ae41e4649b934ca495991b7852b855
--Users-vito-data-dev-mumu--/d3cda95b-c630-4b6d-ab95-9b565ed021eb/session.v3.jsonl.zstd	canonical	v3	d3cda95b-c630-4b6d-ab95-9b565ed021eb	331522	1790013932	c56b555da117a7f7af32840d3dcaa550ebafe3cac1b8cc94107725d136bc9bda
--Users-vito-data-dev-mumu--/d4b67e49-1c25-4caa-a7ea-010710c98d0c/session.lock	lock	-	d4b67e49-1c25-4caa-a7ea-010710c98d0c	0	1789958632	e3b0c44298fc1c149afbf4c8996fb92427ae41e4649b934ca495991b7852b855
--Users-vito-data-dev-mumu--/d4b67e49-1c25-4caa-a7ea-010710c98d0c/session.v3.jsonl.zstd	canonical	v3	d4b67e49-1c25-4caa-a7ea-010710c98d0c	571211	1789959594	81fbcb6115683d756195501099b8d19d6f471c73a0521b21c2e82510bbb0e7e8
--Users-vito-data-dev-mumu--/d706491b-0f85-4081-ac2e-6dce34b61f70/session.lock	lock	-	d706491b-0f85-4081-ac2e-6dce34b61f70	0	1789699045	e3b0c44298fc1c149afbf4c8996fb92427ae41e4649b934ca495991b7852b855
--Users-vito-data-dev-mumu--/d706491b-0f85-4081-ac2e-6dce34b61f70/session.v3.jsonl.zstd	canonical	v3	d706491b-0f85-4081-ac2e-6dce34b61f70	168369	1789699149	1cb11f0c9a2b09f5a39e998eab2838f0beacb3ddbfee854eb13c251c71ceaeb8
--Users-vito-data-dev-mumu--/d751791a-5e2c-4c30-9145-d305184cf0ea/session.lock	lock	-	d751791a-5e2c-4c30-9145-d305184cf0ea	0	1790065980	e3b0c44298fc1c149afbf4c8996fb92427ae41e4649b934ca495991b7852b855
--Users-vito-data-dev-mumu--/d751791a-5e2c-4c30-9145-d305184cf0ea/session.v3.jsonl.zstd	canonical	v3	d751791a-5e2c-4c30-9145-d305184cf0ea	14726	1790065989	f86e14d27d740f7618d4a98fb18832434ce25d8f459bc75a25a0c3cb56c6b8e1
--Users-vito-data-dev-mumu--/d769fc97-a536-440b-b5b8-8fed9e54bf1a/session.lock	lock	-	d769fc97-a536-440b-b5b8-8fed9e54bf1a	0	1790177784	e3b0c44298fc1c149afbf4c8996fb92427ae41e4649b934ca495991b7852b855
--Users-vito-data-dev-mumu--/d769fc97-a536-440b-b5b8-8fed9e54bf1a/session.v3.jsonl.zstd	canonical	v3	d769fc97-a536-440b-b5b8-8fed9e54bf1a	125108	1790177896	827f38ccc65a8ac52a536f7f52258206f1baa977487d3e99156d35d3ab638191
--Users-vito-data-dev-mumu--/d82a7d68-715a-4a37-bfa6-9d59b094e0dd/session.lock	lock	-	d82a7d68-715a-4a37-bfa6-9d59b094e0dd	0	1790165245	e3b0c44298fc1c149afbf4c8996fb92427ae41e4649b934ca495991b7852b855
--Users-vito-data-dev-mumu--/d82a7d68-715a-4a37-bfa6-9d59b094e0dd/session.v3.jsonl.zstd	canonical	v3	d82a7d68-715a-4a37-bfa6-9d59b094e0dd	38182	1790165254	df19bd5c2c4a9bbfc595889bb2927694c2e754b0af1c34ffd89cbbb4f3fd8451
--Users-vito-data-dev-mumu--/d8a28a5e-c7f8-407f-9392-93a818905f28/session.lock	lock	-	d8a28a5e-c7f8-407f-9392-93a818905f28	0	1790012300	e3b0c44298fc1c149afbf4c8996fb92427ae41e4649b934ca495991b7852b855
--Users-vito-data-dev-mumu--/d8a28a5e-c7f8-407f-9392-93a818905f28/session.v3.jsonl.zstd	canonical	v3	d8a28a5e-c7f8-407f-9392-93a818905f28	302880	1790012623	ed9409722d896f08c60de80077a12c1f7c3171ccbc9e6cf64d952c426715eed3
--Users-vito-data-dev-mumu--/d8e17efd-f37f-476f-9e30-24425da1553b/session.lock	lock	-	d8e17efd-f37f-476f-9e30-24425da1553b	0	1789691788	e3b0c44298fc1c149afbf4c8996fb92427ae41e4649b934ca495991b7852b855
--Users-vito-data-dev-mumu--/d8e17efd-f37f-476f-9e30-24425da1553b/session.v3.jsonl.zstd	canonical	v3	d8e17efd-f37f-476f-9e30-24425da1553b	397857	1789692094	87ef87fa3e222e932a2fdfffab3109548abe5c22497fed8eb4b243334ea24544
--Users-vito-data-dev-mumu--/d9291644-bc93-4820-b1ca-fe862d8390f7/session.lock	lock	-	d9291644-bc93-4820-b1ca-fe862d8390f7	0	1790012136	e3b0c44298fc1c149afbf4c8996fb92427ae41e4649b934ca495991b7852b855
--Users-vito-data-dev-mumu--/d9291644-bc93-4820-b1ca-fe862d8390f7/session.v3.jsonl.zstd	canonical	v3	d9291644-bc93-4820-b1ca-fe862d8390f7	148667	1790012229	9ff0f4de0f4348e50670dfbc8ee15646db1638e54cf46d61142b84c199d529e5
--Users-vito-data-dev-mumu--/d976dc5b-15da-4b69-ab41-b118068c64d1/session.lock	lock	-	d976dc5b-15da-4b69-ab41-b118068c64d1	0	1790177737	e3b0c44298fc1c149afbf4c8996fb92427ae41e4649b934ca495991b7852b855
--Users-vito-data-dev-mumu--/d976dc5b-15da-4b69-ab41-b118068c64d1/session.v3.jsonl.zstd	canonical	v3	d976dc5b-15da-4b69-ab41-b118068c64d1	39507	1790177747	d54249b9c3e07198a9a2811a4fa2dc4c17c3e0384eb1d95698e038cb18543928
--Users-vito-data-dev-mumu--/d99ca4b9-eaad-4fef-84a4-a9ceeb645ef7/session.lock	lock	-	d99ca4b9-eaad-4fef-84a4-a9ceeb645ef7	0	1789836616	e3b0c44298fc1c149afbf4c8996fb92427ae41e4649b934ca495991b7852b855
--Users-vito-data-dev-mumu--/d99ca4b9-eaad-4fef-84a4-a9ceeb645ef7/session.v3.jsonl.zstd	canonical	v3	d99ca4b9-eaad-4fef-84a4-a9ceeb645ef7	248207	1789836793	76275333b00d896102bd2725a80bb8add64b68154c553c4a2f5da15ceb7d7e05
--Users-vito-data-dev-mumu--/d9c8a314-ac44-485e-bc45-221f9a2dd83a/session.lock	lock	-	d9c8a314-ac44-485e-bc45-221f9a2dd83a	0	1790065980	e3b0c44298fc1c149afbf4c8996fb92427ae41e4649b934ca495991b7852b855
--Users-vito-data-dev-mumu--/d9c8a314-ac44-485e-bc45-221f9a2dd83a/session.v3.jsonl.zstd	canonical	v3	d9c8a314-ac44-485e-bc45-221f9a2dd83a	192659	1790066166	e806675cc32539d925fb696e185505b35a109a2fbd2810941708e68e66a84e09
--Users-vito-data-dev-mumu--/da710d7e-7ce0-4de2-a5c3-dc2a0e663d0d/session.lock	lock	-	da710d7e-7ce0-4de2-a5c3-dc2a0e663d0d	0	1790173666	e3b0c44298fc1c149afbf4c8996fb92427ae41e4649b934ca495991b7852b855
--Users-vito-data-dev-mumu--/da710d7e-7ce0-4de2-a5c3-dc2a0e663d0d/session.v3.jsonl.zstd	canonical	v3	da710d7e-7ce0-4de2-a5c3-dc2a0e663d0d	43301	1790173676	e3f53953b838d6522e0c77fcad022b611c7b32326e726dd55060c9257203bd15
--Users-vito-data-dev-mumu--/da980dc2-24cb-41db-81a5-da32b90200c8/session.lock	lock	-	da980dc2-24cb-41db-81a5-da32b90200c8	0	1789958654	e3b0c44298fc1c149afbf4c8996fb92427ae41e4649b934ca495991b7852b855
--Users-vito-data-dev-mumu--/da980dc2-24cb-41db-81a5-da32b90200c8/session.v3.jsonl.zstd	canonical	v3	da980dc2-24cb-41db-81a5-da32b90200c8	666000	1789959830	80002a78b6f56054c07446c70294940718968ac36b3acfb57840e648d14f1e2a
--Users-vito-data-dev-mumu--/daafaac7-358e-4723-ae66-386526826c2a/session.lock	lock	-	daafaac7-358e-4723-ae66-386526826c2a	0	1790260545	e3b0c44298fc1c149afbf4c8996fb92427ae41e4649b934ca495991b7852b855
--Users-vito-data-dev-mumu--/daafaac7-358e-4723-ae66-386526826c2a/session.v3.jsonl.zstd	canonical	v3	daafaac7-358e-4723-ae66-386526826c2a	106084	1790260584	44479b674123674f76a0024b28040c9f863885f60d35a01fc157d2cab79d6ad5
--Users-vito-data-dev-mumu--/dc118538-ffdb-41f5-8f1d-9cbf576b25c7/session.lock	lock	-	dc118538-ffdb-41f5-8f1d-9cbf576b25c7	0	1790266970	e3b0c44298fc1c149afbf4c8996fb92427ae41e4649b934ca495991b7852b855
--Users-vito-data-dev-mumu--/dc118538-ffdb-41f5-8f1d-9cbf576b25c7/session.v3.jsonl.zstd	canonical	v3	dc118538-ffdb-41f5-8f1d-9cbf576b25c7	488824	1790267899	dd32de9d227282dc0129c4e0976b38c44eb8351d07c3d6b8c09344770f41f573
--Users-vito-data-dev-mumu--/dcee3c96-b997-4c1d-928d-54ed71bbde03/session.lock	lock	-	dcee3c96-b997-4c1d-928d-54ed71bbde03	0	1790012838	e3b0c44298fc1c149afbf4c8996fb92427ae41e4649b934ca495991b7852b855
--Users-vito-data-dev-mumu--/dcee3c96-b997-4c1d-928d-54ed71bbde03/session.v3.jsonl.zstd	canonical	v3	dcee3c96-b997-4c1d-928d-54ed71bbde03	144874	1790012964	03600108547f6a8c5e3d57afd4396a69b2b43d5a668ded6fae8eb506f51d1207
--Users-vito-data-dev-mumu--/de07fa2d-af9f-4387-8314-65980a6de73f/session.lock	lock	-	de07fa2d-af9f-4387-8314-65980a6de73f	0	1790268360	e3b0c44298fc1c149afbf4c8996fb92427ae41e4649b934ca495991b7852b855
--Users-vito-data-dev-mumu--/de07fa2d-af9f-4387-8314-65980a6de73f/session.v3.jsonl.zstd	canonical	v3	de07fa2d-af9f-4387-8314-65980a6de73f	506631	1790268939	541d7aedbb141e8fe3144ced66c191257266c49d434a3b447124543b50cac0dd
--Users-vito-data-dev-mumu--/dea1753d-86f0-4578-933a-a750059c9e44/session.lock	lock	-	dea1753d-86f0-4578-933a-a750059c9e44	0	1790066456	e3b0c44298fc1c149afbf4c8996fb92427ae41e4649b934ca495991b7852b855
--Users-vito-data-dev-mumu--/dea1753d-86f0-4578-933a-a750059c9e44/session.v3.jsonl.zstd	canonical	v3	dea1753d-86f0-4578-933a-a750059c9e44	14464	1790066465	9a336c2083730a57effe5efbd2f10c7beab9fb69f0b5cc06867b105a1f822e50
--Users-vito-data-dev-mumu--/dfa3078e-f0cb-420e-9f13-b5fce1ff7185/session.lock	lock	-	dfa3078e-f0cb-420e-9f13-b5fce1ff7185	0	1789993427	e3b0c44298fc1c149afbf4c8996fb92427ae41e4649b934ca495991b7852b855
--Users-vito-data-dev-mumu--/dfa3078e-f0cb-420e-9f13-b5fce1ff7185/session.v3.jsonl.zstd	canonical	v3	dfa3078e-f0cb-420e-9f13-b5fce1ff7185	546927	1789995448	5dd4542314e90346f960bb6b6e71dbf7879bef5fe3c33fc8ccd09fad3f29550e
--Users-vito-data-dev-mumu--/dff9c98a-9be5-4219-9297-f61d1f527f6e/session.lock	lock	-	dff9c98a-9be5-4219-9297-f61d1f527f6e	0	1790170254	e3b0c44298fc1c149afbf4c8996fb92427ae41e4649b934ca495991b7852b855
--Users-vito-data-dev-mumu--/dff9c98a-9be5-4219-9297-f61d1f527f6e/session.v3.jsonl.zstd	canonical	v3	dff9c98a-9be5-4219-9297-f61d1f527f6e	39703	1790170264	dceac7b43212534f02e607d39a4283901bde164ab697092552efb0cc7ebda0d5
--Users-vito-data-dev-mumu--/e0358dad-b01e-4a5e-9a9b-8f20f1ad688d/session.lock	lock	-	e0358dad-b01e-4a5e-9a9b-8f20f1ad688d	0	1790229838	e3b0c44298fc1c149afbf4c8996fb92427ae41e4649b934ca495991b7852b855
--Users-vito-data-dev-mumu--/e0358dad-b01e-4a5e-9a9b-8f20f1ad688d/session.v3.jsonl.zstd	canonical	v3	e0358dad-b01e-4a5e-9a9b-8f20f1ad688d	48948	1790229859	3bf78781edc57c59a432f65927a8b5a0fb8acb44f726779b5f1aab54cac92e76
--Users-vito-data-dev-mumu--/e0fd3ac4-29bd-4501-b1a7-7b2cb9768e3a/session.lock	lock	-	e0fd3ac4-29bd-4501-b1a7-7b2cb9768e3a	0	1790010182	e3b0c44298fc1c149afbf4c8996fb92427ae41e4649b934ca495991b7852b855
--Users-vito-data-dev-mumu--/e0fd3ac4-29bd-4501-b1a7-7b2cb9768e3a/session.v3.jsonl.zstd	canonical	v3	e0fd3ac4-29bd-4501-b1a7-7b2cb9768e3a	480552	1790010667	132900a22b18857791443f8061d971db4f9eedca20e8ce447af5a7b9edce35b7
--Users-vito-data-dev-mumu--/e12d34de-82e9-40de-adf0-5403953b57e9/session.lock	lock	-	e12d34de-82e9-40de-adf0-5403953b57e9	0	1790265355	e3b0c44298fc1c149afbf4c8996fb92427ae41e4649b934ca495991b7852b855
--Users-vito-data-dev-mumu--/e12d34de-82e9-40de-adf0-5403953b57e9/session.v3.jsonl.zstd	canonical	v3	e12d34de-82e9-40de-adf0-5403953b57e9	184963	1790265805	dfaa69758903cb2d1c5a07e8988c737ab572c955108b7ea16e5d75ad069dca68
--Users-vito-data-dev-mumu--/e1b8ef9b-7b65-4abe-8623-a67e7e443c36/session.lock	lock	-	e1b8ef9b-7b65-4abe-8623-a67e7e443c36	0	1790065415	e3b0c44298fc1c149afbf4c8996fb92427ae41e4649b934ca495991b7852b855
--Users-vito-data-dev-mumu--/e1b8ef9b-7b65-4abe-8623-a67e7e443c36/session.v3.jsonl.zstd	canonical	v3	e1b8ef9b-7b65-4abe-8623-a67e7e443c36	51000	1790065470	949e69293399039f7bb06ef40eece297983462b5e009ed012b57acd788adb96b
--Users-vito-data-dev-mumu--/e2308c31-1bb8-4260-97ab-9cb33a44563c/session.lock	lock	-	e2308c31-1bb8-4260-97ab-9cb33a44563c	0	1789902305	e3b0c44298fc1c149afbf4c8996fb92427ae41e4649b934ca495991b7852b855
--Users-vito-data-dev-mumu--/e2308c31-1bb8-4260-97ab-9cb33a44563c/session.v3.jsonl.zstd	canonical	v3	e2308c31-1bb8-4260-97ab-9cb33a44563c	363152	1789902586	0f748782421df338db9d216dbedd702fcf86a505ff1605407ed1a7878da5ca56
--Users-vito-data-dev-mumu--/e23d5cb3-8fbc-4120-89ae-258c37431154/session.lock	lock	-	e23d5cb3-8fbc-4120-89ae-258c37431154	0	1789958055	e3b0c44298fc1c149afbf4c8996fb92427ae41e4649b934ca495991b7852b855
--Users-vito-data-dev-mumu--/e23d5cb3-8fbc-4120-89ae-258c37431154/session.v3.jsonl.zstd	canonical	v3	e23d5cb3-8fbc-4120-89ae-258c37431154	408582	1789958776	0ced1e433af4438b105fcd68ffbae941683f89bd3a027d2ef5daab49def1336e
--Users-vito-data-dev-mumu--/e24b8b19-541e-4d06-bc62-49bbe5c87837/session.lock	lock	-	e24b8b19-541e-4d06-bc62-49bbe5c87837	0	1790334397	e3b0c44298fc1c149afbf4c8996fb92427ae41e4649b934ca495991b7852b855
--Users-vito-data-dev-mumu--/e24b8b19-541e-4d06-bc62-49bbe5c87837/session.v3.jsonl.zstd	canonical	v3	e24b8b19-541e-4d06-bc62-49bbe5c87837	376866	1790334922	1018c80bdd11f43f79d1c4d72b1be7f1f610fc8b06d4ae4f457d5305c6c268d0
--Users-vito-data-dev-mumu--/e3244fa2-7e95-41d8-a849-a6d16605514e/session.lock	lock	-	e3244fa2-7e95-41d8-a849-a6d16605514e	0	1789649741	e3b0c44298fc1c149afbf4c8996fb92427ae41e4649b934ca495991b7852b855
--Users-vito-data-dev-mumu--/e3244fa2-7e95-41d8-a849-a6d16605514e/session.v3.jsonl.zstd	canonical	v3	e3244fa2-7e95-41d8-a849-a6d16605514e	235856	1789649941	f9e5a9291f25e65eb460e3086faa588ada8ed72fb6ed8a5b72f3e9ab85293825
--Users-vito-data-dev-mumu--/e3674faa-9f44-488c-80a7-afb415a45f3e/session.lock	lock	-	e3674faa-9f44-488c-80a7-afb415a45f3e	0	1790316684	e3b0c44298fc1c149afbf4c8996fb92427ae41e4649b934ca495991b7852b855
--Users-vito-data-dev-mumu--/e3674faa-9f44-488c-80a7-afb415a45f3e/session.v3.jsonl.zstd	canonical	v3	e3674faa-9f44-488c-80a7-afb415a45f3e	829811	1790317730	a3062d67388f9aabdfee6d01af12f054dd656c46075ec0b72f0be81378686c67
--Users-vito-data-dev-mumu--/e388f6fd-69e7-4431-b8f1-5633af922c13/session.lock	lock	-	e388f6fd-69e7-4431-b8f1-5633af922c13	0	1789958654	e3b0c44298fc1c149afbf4c8996fb92427ae41e4649b934ca495991b7852b855
--Users-vito-data-dev-mumu--/e388f6fd-69e7-4431-b8f1-5633af922c13/session.v3.jsonl.zstd	canonical	v3	e388f6fd-69e7-4431-b8f1-5633af922c13	694524	1789959866	65dac2ee542943c903618a32a3cb1f823e912e1c5dd141df583e9fdcf188a756
--Users-vito-data-dev-mumu--/e4608d8f-7c32-4993-a850-fe9d28228688/session.lock	lock	-	e4608d8f-7c32-4993-a850-fe9d28228688	0	1789651638	e3b0c44298fc1c149afbf4c8996fb92427ae41e4649b934ca495991b7852b855
--Users-vito-data-dev-mumu--/e4608d8f-7c32-4993-a850-fe9d28228688/session.v3.jsonl.zstd	canonical	v3	e4608d8f-7c32-4993-a850-fe9d28228688	390830	1789651942	e3759117ae6cacecd70d3fbda9c68489ec7bb3c3607df7010d1d58730100b033
--Users-vito-data-dev-mumu--/e48d01c4-2505-497f-8be1-73182695ef71/session.lock	lock	-	e48d01c4-2505-497f-8be1-73182695ef71	0	1789979560	e3b0c44298fc1c149afbf4c8996fb92427ae41e4649b934ca495991b7852b855
--Users-vito-data-dev-mumu--/e48d01c4-2505-497f-8be1-73182695ef71/session.v3.jsonl.zstd	canonical	v3	e48d01c4-2505-497f-8be1-73182695ef71	187487	1789979714	58504f246dffac554111b9d9c073e5e2cc38b4630c4be3d198dbc2f157a35651
--Users-vito-data-dev-mumu--/e499c838-d98c-45b7-9f8e-14c2a75aff08/session.lock	lock	-	e499c838-d98c-45b7-9f8e-14c2a75aff08	0	1790265565	e3b0c44298fc1c149afbf4c8996fb92427ae41e4649b934ca495991b7852b855
--Users-vito-data-dev-mumu--/e499c838-d98c-45b7-9f8e-14c2a75aff08/session.v3.jsonl.zstd	canonical	v3	e499c838-d98c-45b7-9f8e-14c2a75aff08	9503	1790265571	b8b945b3e4dc624fbef027eda0296757ae8950e959539da21e094518ebae815f
--Users-vito-data-dev-mumu--/e4e8cbec-1799-4ba6-89d2-f6915a10bd8e/session.lock	lock	-	e4e8cbec-1799-4ba6-89d2-f6915a10bd8e	0	1790264972	e3b0c44298fc1c149afbf4c8996fb92427ae41e4649b934ca495991b7852b855
--Users-vito-data-dev-mumu--/e4e8cbec-1799-4ba6-89d2-f6915a10bd8e/session.v3.jsonl.zstd	canonical	v3	e4e8cbec-1799-4ba6-89d2-f6915a10bd8e	755261	1790265366	5272fbbb235d2ba7310a7e5831baab4c9a1ff1ae9328c7b641fda698830f6945
--Users-vito-data-dev-mumu--/e5610037-f60b-4bb0-818d-5c31aff7014b/session.lock	lock	-	e5610037-f60b-4bb0-818d-5c31aff7014b	0	1790172392	e3b0c44298fc1c149afbf4c8996fb92427ae41e4649b934ca495991b7852b855
--Users-vito-data-dev-mumu--/e5610037-f60b-4bb0-818d-5c31aff7014b/session.v3.jsonl.zstd	canonical	v3	e5610037-f60b-4bb0-818d-5c31aff7014b	39252	1790172400	10f48914cc2dda250362c980ce906c8ee51ba0781bf499405fb3969c7eecbcff
--Users-vito-data-dev-mumu--/e57f4006-ae4c-482c-84f9-f2688e1bd4f1/session.lock	lock	-	e57f4006-ae4c-482c-84f9-f2688e1bd4f1	0	1790173001	e3b0c44298fc1c149afbf4c8996fb92427ae41e4649b934ca495991b7852b855
--Users-vito-data-dev-mumu--/e57f4006-ae4c-482c-84f9-f2688e1bd4f1/session.v3.jsonl.zstd	canonical	v3	e57f4006-ae4c-482c-84f9-f2688e1bd4f1	43363	1790173315	5dba2e78a733beed412238bc4535268a3b94833254d1cd806575d2c4d96ec6c0
--Users-vito-data-dev-mumu--/e63951b4-cfe0-4bb8-9e10-6750bea406ee/session.lock	lock	-	e63951b4-cfe0-4bb8-9e10-6750bea406ee	0	1789991417	e3b0c44298fc1c149afbf4c8996fb92427ae41e4649b934ca495991b7852b855
--Users-vito-data-dev-mumu--/e63951b4-cfe0-4bb8-9e10-6750bea406ee/session.v3.jsonl.zstd	canonical	v3	e63951b4-cfe0-4bb8-9e10-6750bea406ee	927210	1789993355	dc1de1262212f41ae5311bfd944c32297a9b5c7762509069ab301960276ae93c
--Users-vito-data-dev-mumu--/e67b3710-2da9-4ba7-b140-21db53aef00a/session.lock	lock	-	e67b3710-2da9-4ba7-b140-21db53aef00a	0	1790183252	e3b0c44298fc1c149afbf4c8996fb92427ae41e4649b934ca495991b7852b855
--Users-vito-data-dev-mumu--/e67b3710-2da9-4ba7-b140-21db53aef00a/session.v3.jsonl.zstd	canonical	v3	e67b3710-2da9-4ba7-b140-21db53aef00a	38554	1790183259	7bec7d5572b002bbef2535aabe70a0a5f50b0a0deef95e815cac034c19418933
--Users-vito-data-dev-mumu--/e79e100b-7f47-4fd0-9a7b-cf8dd37edc2c/session.lock	lock	-	e79e100b-7f47-4fd0-9a7b-cf8dd37edc2c	0	1789999568	e3b0c44298fc1c149afbf4c8996fb92427ae41e4649b934ca495991b7852b855
--Users-vito-data-dev-mumu--/e79e100b-7f47-4fd0-9a7b-cf8dd37edc2c/session.v3.jsonl.zstd	canonical	v3	e79e100b-7f47-4fd0-9a7b-cf8dd37edc2c	914049	1790001044	8e7d3743d7908633ca721cb62372fa3345c426a6f491bf1e7059d2e65070aac1
--Users-vito-data-dev-mumu--/e817cf60-cbdb-45af-86fb-e609d8cd1109/session.lock	lock	-	e817cf60-cbdb-45af-86fb-e609d8cd1109	0	1790171372	e3b0c44298fc1c149afbf4c8996fb92427ae41e4649b934ca495991b7852b855
--Users-vito-data-dev-mumu--/e817cf60-cbdb-45af-86fb-e609d8cd1109/session.v3.jsonl.zstd	canonical	v3	e817cf60-cbdb-45af-86fb-e609d8cd1109	39315	1790171384	e89b818504fee12e9b0de758c652f814f718a6460b6eda7c57a3f864bd67b457
--Users-vito-data-dev-mumu--/e917a002-d41b-4e77-b7be-bef9ec638138/session.lock	lock	-	e917a002-d41b-4e77-b7be-bef9ec638138	0	1789745620	e3b0c44298fc1c149afbf4c8996fb92427ae41e4649b934ca495991b7852b855
--Users-vito-data-dev-mumu--/e917a002-d41b-4e77-b7be-bef9ec638138/session.v3.jsonl.zstd	canonical	v3	e917a002-d41b-4e77-b7be-bef9ec638138	634872	1789747063	ef1357d0d04fb057f3ebf236947332d5752471aaa823ec31965ddde3be6532f8
--Users-vito-data-dev-mumu--/e9640382-219a-4a39-a716-30f854461418/session.lock	lock	-	e9640382-219a-4a39-a716-30f854461418	0	1790067077	e3b0c44298fc1c149afbf4c8996fb92427ae41e4649b934ca495991b7852b855
--Users-vito-data-dev-mumu--/e9640382-219a-4a39-a716-30f854461418/session.v3.jsonl.zstd	canonical	v3	e9640382-219a-4a39-a716-30f854461418	109852	1790067138	c6690ea706e80010af67a19a1f26987a7924281086991db3fef7df27568a849e
--Users-vito-data-dev-mumu--/e9e94e84-6e4f-47ac-8453-cf4bf3f1145d/session.lock	lock	-	e9e94e84-6e4f-47ac-8453-cf4bf3f1145d	0	1789651638	e3b0c44298fc1c149afbf4c8996fb92427ae41e4649b934ca495991b7852b855
--Users-vito-data-dev-mumu--/e9e94e84-6e4f-47ac-8453-cf4bf3f1145d/session.v3.jsonl.zstd	canonical	v3	e9e94e84-6e4f-47ac-8453-cf4bf3f1145d	296237	1789651983	be2c5200d5481bcb3a914fe0172c7a1e6546728fc7b9c05bc619ab69eb0af4e6
--Users-vito-data-dev-mumu--/e9f2035b-788f-40ce-947f-d78503981661/session.lock	lock	-	e9f2035b-788f-40ce-947f-d78503981661	0	1790064877	e3b0c44298fc1c149afbf4c8996fb92427ae41e4649b934ca495991b7852b855
--Users-vito-data-dev-mumu--/e9f2035b-788f-40ce-947f-d78503981661/session.v3.jsonl.zstd	canonical	v3	e9f2035b-788f-40ce-947f-d78503981661	297269	1790065375	d95055314d7075ce15e05c9db91a918359e111c0a379286d8caf35c5b33e69bf
--Users-vito-data-dev-mumu--/ea00ff39-9c66-4332-b587-457c29371f62/session.lock	lock	-	ea00ff39-9c66-4332-b587-457c29371f62	0	1790065472	e3b0c44298fc1c149afbf4c8996fb92427ae41e4649b934ca495991b7852b855
--Users-vito-data-dev-mumu--/ea00ff39-9c66-4332-b587-457c29371f62/session.v3.jsonl.zstd	canonical	v3	ea00ff39-9c66-4332-b587-457c29371f62	98446	1790065520	cc2ca8d6d38e54c24c541f768ae1f46d490664ed80e81d1df2190525d6479aeb
--Users-vito-data-dev-mumu--/ebb3888d-cc50-4c47-8858-9e4b08cf72c7/session.lock	lock	-	ebb3888d-cc50-4c47-8858-9e4b08cf72c7	0	1789718945	e3b0c44298fc1c149afbf4c8996fb92427ae41e4649b934ca495991b7852b855
--Users-vito-data-dev-mumu--/ebb3888d-cc50-4c47-8858-9e4b08cf72c7/session.v3.jsonl.zstd	canonical	v3	ebb3888d-cc50-4c47-8858-9e4b08cf72c7	415060	1789722725	a9ec7a9647045104e19727b03ec11050df93e2eb1e66d0a66d2b1fce8ef8b4fc
--Users-vito-data-dev-mumu--/ebceac49-6b12-4ec9-912e-e9d8f79f3588/session.lock	lock	-	ebceac49-6b12-4ec9-912e-e9d8f79f3588	0	1790180663	e3b0c44298fc1c149afbf4c8996fb92427ae41e4649b934ca495991b7852b855
--Users-vito-data-dev-mumu--/ebceac49-6b12-4ec9-912e-e9d8f79f3588/session.v3.jsonl.zstd	canonical	v3	ebceac49-6b12-4ec9-912e-e9d8f79f3588	38145	1790180672	91d585bfe905c869f919697c1d2d2729dcaeb15d5cfa9291eb6302fe837c6ed8
--Users-vito-data-dev-mumu--/ec513d09-8a6b-4d30-ba4d-df58fbde93be/session.lock	lock	-	ec513d09-8a6b-4d30-ba4d-df58fbde93be	0	1790221813	e3b0c44298fc1c149afbf4c8996fb92427ae41e4649b934ca495991b7852b855
--Users-vito-data-dev-mumu--/ec513d09-8a6b-4d30-ba4d-df58fbde93be/session.v3.jsonl.zstd	canonical	v3	ec513d09-8a6b-4d30-ba4d-df58fbde93be	40861	1790221823	3b88a5be835f3e14161ec6624bad8508f5d540a61194f7469cb5dc20646e5f7c
--Users-vito-data-dev-mumu--/eddacb20-4224-4688-a896-ae2f10b46d95/session.lock	lock	-	eddacb20-4224-4688-a896-ae2f10b46d95	0	1790012825	e3b0c44298fc1c149afbf4c8996fb92427ae41e4649b934ca495991b7852b855
--Users-vito-data-dev-mumu--/eddacb20-4224-4688-a896-ae2f10b46d95/session.v3.jsonl.zstd	canonical	v3	eddacb20-4224-4688-a896-ae2f10b46d95	248460	1790013014	27e7059e23c3aa68f0aa61bc62244db5908b38849ef4f20becebcd7cac2c5600
--Users-vito-data-dev-mumu--/ee7bfbd0-970a-4db4-91d9-7caa5ee2d90c/session.lock	lock	-	ee7bfbd0-970a-4db4-91d9-7caa5ee2d90c	0	1789958632	e3b0c44298fc1c149afbf4c8996fb92427ae41e4649b934ca495991b7852b855
--Users-vito-data-dev-mumu--/ee7bfbd0-970a-4db4-91d9-7caa5ee2d90c/session.v3.jsonl.zstd	canonical	v3	ee7bfbd0-970a-4db4-91d9-7caa5ee2d90c	1138172	1789961222	abc3c3d5e16913ab3a4d03c05f291f411056331b14b7a37aaaac683ce2ae5a81
--Users-vito-data-dev-mumu--/eea9bd15-85c8-4acd-a04c-d055dea20d91/session.lock	lock	-	eea9bd15-85c8-4acd-a04c-d055dea20d91	0	1790169389	e3b0c44298fc1c149afbf4c8996fb92427ae41e4649b934ca495991b7852b855
--Users-vito-data-dev-mumu--/eea9bd15-85c8-4acd-a04c-d055dea20d91/session.v3.jsonl.zstd	canonical	v3	eea9bd15-85c8-4acd-a04c-d055dea20d91	41168	1790169404	4c7d4fcd35569295cbc8c6c9e7658f35c0db984f6aec73bdfadc079718e3afb9
--Users-vito-data-dev-mumu--/ef1deb1a-4a72-4f61-930e-d488dfcbae81/session.lock	lock	-	ef1deb1a-4a72-4f61-930e-d488dfcbae81	0	1790230711	e3b0c44298fc1c149afbf4c8996fb92427ae41e4649b934ca495991b7852b855
--Users-vito-data-dev-mumu--/ef1deb1a-4a72-4f61-930e-d488dfcbae81/session.v3.jsonl.zstd	canonical	v3	ef1deb1a-4a72-4f61-930e-d488dfcbae81	49387	1790230726	94c763c63306294ccd337d1015ed7a245d2bad3ef233679347884b8ac87d1e59
--Users-vito-data-dev-mumu--/efc39262-2033-42d2-9e23-cc282cfd34b2/session.lock	lock	-	efc39262-2033-42d2-9e23-cc282cfd34b2	0	1790066431	e3b0c44298fc1c149afbf4c8996fb92427ae41e4649b934ca495991b7852b855
--Users-vito-data-dev-mumu--/efc39262-2033-42d2-9e23-cc282cfd34b2/session.v3.jsonl.zstd	canonical	v3	efc39262-2033-42d2-9e23-cc282cfd34b2	103706	1790066484	1ab44356b2b158f5f8f373f4b28a379dcddfef1536511d14d04a245f523b2929
--Users-vito-data-dev-mumu--/f0b23931-3c69-4bb9-a74e-50873e2da689/session.lock	lock	-	f0b23931-3c69-4bb9-a74e-50873e2da689	0	1790066041	e3b0c44298fc1c149afbf4c8996fb92427ae41e4649b934ca495991b7852b855
--Users-vito-data-dev-mumu--/f0b23931-3c69-4bb9-a74e-50873e2da689/session.v3.jsonl.zstd	canonical	v3	f0b23931-3c69-4bb9-a74e-50873e2da689	60996	1790066110	70eb19c8e8851fe4f516642bae4ad04fe8cfa9dd3f0ad7bbf9bdd0fd7d1a3149
--Users-vito-data-dev-mumu--/f2a4959e-bfd5-4487-baa7-e1dd660754d0/session.lock	lock	-	f2a4959e-bfd5-4487-baa7-e1dd660754d0	0	1790230711	e3b0c44298fc1c149afbf4c8996fb92427ae41e4649b934ca495991b7852b855
--Users-vito-data-dev-mumu--/f2a4959e-bfd5-4487-baa7-e1dd660754d0/session.v3.jsonl.zstd	canonical	v3	f2a4959e-bfd5-4487-baa7-e1dd660754d0	44238	1790231026	cd9e57ef42fc8ad378edfe0c243d858d42a2335d460928f0c74fee926aa35c15
--Users-vito-data-dev-mumu--/f2cc78df-e4bb-49e7-85cf-bd4a7cd81d77/session.lock	lock	-	f2cc78df-e4bb-49e7-85cf-bd4a7cd81d77	0	1789961601	e3b0c44298fc1c149afbf4c8996fb92427ae41e4649b934ca495991b7852b855
--Users-vito-data-dev-mumu--/f2cc78df-e4bb-49e7-85cf-bd4a7cd81d77/session.v3.jsonl.zstd	canonical	v3	f2cc78df-e4bb-49e7-85cf-bd4a7cd81d77	460253	1789962098	1a2a241022fce571df46591cd3f2e5c55af350f078454236a575af62e798aff4
--Users-vito-data-dev-mumu--/f2d62d0e-b975-4aaa-9533-e18e6cd495c4/session.lock	lock	-	f2d62d0e-b975-4aaa-9533-e18e6cd495c4	0	1789717930	e3b0c44298fc1c149afbf4c8996fb92427ae41e4649b934ca495991b7852b855
--Users-vito-data-dev-mumu--/f2d62d0e-b975-4aaa-9533-e18e6cd495c4/session.v3.jsonl.zstd	canonical	v3	f2d62d0e-b975-4aaa-9533-e18e6cd495c4	475967	1789718820	922e93a783d8fe1ed48f21f222da3f981e1293ad1205fee98da62a1741d879da
--Users-vito-data-dev-mumu--/f31680a0-323d-4d41-bef7-f193305dc9d0/session.lock	lock	-	f31680a0-323d-4d41-bef7-f193305dc9d0	0	1789962558	e3b0c44298fc1c149afbf4c8996fb92427ae41e4649b934ca495991b7852b855
--Users-vito-data-dev-mumu--/f31680a0-323d-4d41-bef7-f193305dc9d0/session.v3.jsonl.zstd	canonical	v3	f31680a0-323d-4d41-bef7-f193305dc9d0	287641	1789962910	afa0e1155de817685ee2f4c8786ed70870be6518a4c8cde318182227212addd0
--Users-vito-data-dev-mumu--/f31c7dab-c627-454e-b7c8-bb39f82bcb56/session.lock	lock	-	f31c7dab-c627-454e-b7c8-bb39f82bcb56	0	1790165956	e3b0c44298fc1c149afbf4c8996fb92427ae41e4649b934ca495991b7852b855
--Users-vito-data-dev-mumu--/f31c7dab-c627-454e-b7c8-bb39f82bcb56/session.v3.jsonl.zstd	canonical	v3	f31c7dab-c627-454e-b7c8-bb39f82bcb56	40477	1790165980	d17bc9763266e64247cf3b90c8b152c1f7fa5c20397caff0639cedc5c3466d57
--Users-vito-data-dev-mumu--/f481ad47-1c8e-4e2f-a2bd-fbc5d89cb61f/session.lock	lock	-	f481ad47-1c8e-4e2f-a2bd-fbc5d89cb61f	0	1789960027	e3b0c44298fc1c149afbf4c8996fb92427ae41e4649b934ca495991b7852b855
--Users-vito-data-dev-mumu--/f481ad47-1c8e-4e2f-a2bd-fbc5d89cb61f/session.v3.jsonl.zstd	canonical	v3	f481ad47-1c8e-4e2f-a2bd-fbc5d89cb61f	529813	1789960670	af4ec9912b830ba4d5132c16b41f9b81ce36df9a0eb1fd1657b0d527afe10e78
--Users-vito-data-dev-mumu--/f4b31c1e-68c3-4430-b752-af03837da8e2/session.lock	lock	-	f4b31c1e-68c3-4430-b752-af03837da8e2	0	1790173347	e3b0c44298fc1c149afbf4c8996fb92427ae41e4649b934ca495991b7852b855
--Users-vito-data-dev-mumu--/f4b31c1e-68c3-4430-b752-af03837da8e2/session.v3.jsonl.zstd	canonical	v3	f4b31c1e-68c3-4430-b752-af03837da8e2	39517	1790173355	66c03b959c546f760ec144d22dc6d85fd549266a628596ff12a82c5b4e6b86dc
--Users-vito-data-dev-mumu--/f53d0de8-5f47-4b38-93c7-72e111d3975c/session.lock	lock	-	f53d0de8-5f47-4b38-93c7-72e111d3975c	0	1789958910	e3b0c44298fc1c149afbf4c8996fb92427ae41e4649b934ca495991b7852b855
--Users-vito-data-dev-mumu--/f53d0de8-5f47-4b38-93c7-72e111d3975c/session.v3.jsonl.zstd	canonical	v3	f53d0de8-5f47-4b38-93c7-72e111d3975c	356972	1789959379	8a56a1bcb27e4ceb01ac115fdbaf54e2ab091d6a7b8a9cf03810ed0146c85b5b
--Users-vito-data-dev-mumu--/f5593a50-3745-493a-b6bc-3ea883be5330/session.lock	lock	-	f5593a50-3745-493a-b6bc-3ea883be5330	0	1790338019	e3b0c44298fc1c149afbf4c8996fb92427ae41e4649b934ca495991b7852b855
--Users-vito-data-dev-mumu--/f5593a50-3745-493a-b6bc-3ea883be5330/session.v3.jsonl.zstd	canonical	v3	f5593a50-3745-493a-b6bc-3ea883be5330	535151	1790338847	a0b8e5a893e9e3381a41d4d400ece2741756ce3f802711285e00d0591c26d08a
--Users-vito-data-dev-mumu--/f7615c6b-fd97-462e-9996-b50a47a0d63b/session.lock	lock	-	f7615c6b-fd97-462e-9996-b50a47a0d63b	0	1790164819	e3b0c44298fc1c149afbf4c8996fb92427ae41e4649b934ca495991b7852b855
--Users-vito-data-dev-mumu--/f7615c6b-fd97-462e-9996-b50a47a0d63b/session.v3.jsonl.zstd	canonical	v3	f7615c6b-fd97-462e-9996-b50a47a0d63b	36756	1790164830	e2b711957fea5c33c9a15679c05159a258af5acc214b5554baf6ab98de87f374
--Users-vito-data-dev-mumu--/f7839e7c-439b-4af1-bf59-e76ad92e1e68/session.lock	lock	-	f7839e7c-439b-4af1-bf59-e76ad92e1e68	0	1790010182	e3b0c44298fc1c149afbf4c8996fb92427ae41e4649b934ca495991b7852b855
--Users-vito-data-dev-mumu--/f7839e7c-439b-4af1-bf59-e76ad92e1e68/session.v3.jsonl.zstd	canonical	v3	f7839e7c-439b-4af1-bf59-e76ad92e1e68	645646	1790010847	9ed45fc6c2561ed08a7bf7d47c0a0a7d2f4497878f485c7223b8b76fe98e7ca0
--Users-vito-data-dev-mumu--/f7e0fa4a-897a-4da1-943c-50c9a17b961f/session.lock	lock	-	f7e0fa4a-897a-4da1-943c-50c9a17b961f	0	1790170422	e3b0c44298fc1c149afbf4c8996fb92427ae41e4649b934ca495991b7852b855
--Users-vito-data-dev-mumu--/f7e0fa4a-897a-4da1-943c-50c9a17b961f/session.v3.jsonl.zstd	canonical	v3	f7e0fa4a-897a-4da1-943c-50c9a17b961f	43114	1790170440	00244492f56355d62736a91bdbecb01e98e7ad2ba7416bdb64944d9cdd904f26
--Users-vito-data-dev-mumu--/f806f7cd-9a00-436f-b1a8-e7cd51ab016a/session.lock	lock	-	f806f7cd-9a00-436f-b1a8-e7cd51ab016a	0	1790321506	e3b0c44298fc1c149afbf4c8996fb92427ae41e4649b934ca495991b7852b855
--Users-vito-data-dev-mumu--/f806f7cd-9a00-436f-b1a8-e7cd51ab016a/session.v3.jsonl.zstd	canonical	v3	f806f7cd-9a00-436f-b1a8-e7cd51ab016a	363871	1790323500	45cb4281acaf1378efb864df3538b5dc6e322a216f5f5b6c0b8123546b746c36
--Users-vito-data-dev-mumu--/f8b8f0e8-71e1-4dce-9ca9-c3d6e3a041f5/session.lock	lock	-	f8b8f0e8-71e1-4dce-9ca9-c3d6e3a041f5	0	1790183287	e3b0c44298fc1c149afbf4c8996fb92427ae41e4649b934ca495991b7852b855
--Users-vito-data-dev-mumu--/f8b8f0e8-71e1-4dce-9ca9-c3d6e3a041f5/session.v3.jsonl.zstd	canonical	v3	f8b8f0e8-71e1-4dce-9ca9-c3d6e3a041f5	46327	1790183304	69092a0a6e23b6e797015d8f8c920d964eaa7f84cf67f7a425fbcfe68ebba1fe
--Users-vito-data-dev-mumu--/f98bf8ec-9162-489e-a39a-f53d9d3c4e1e/session.lock	lock	-	f98bf8ec-9162-489e-a39a-f53d9d3c4e1e	0	1790169703	e3b0c44298fc1c149afbf4c8996fb92427ae41e4649b934ca495991b7852b855
--Users-vito-data-dev-mumu--/f98bf8ec-9162-489e-a39a-f53d9d3c4e1e/session.v3.jsonl.zstd	canonical	v3	f98bf8ec-9162-489e-a39a-f53d9d3c4e1e	61297	1790169732	756ed5c2395647813f02d0ce8f25d93da37c0c4898bb960927d4157d260b13fa
--Users-vito-data-dev-mumu--/fa20502b-e05d-474d-b7f4-4630f8c0e38a/session.lock	lock	-	fa20502b-e05d-474d-b7f4-4630f8c0e38a	0	1789995449	e3b0c44298fc1c149afbf4c8996fb92427ae41e4649b934ca495991b7852b855
--Users-vito-data-dev-mumu--/fa20502b-e05d-474d-b7f4-4630f8c0e38a/session.v3.jsonl.zstd	canonical	v3	fa20502b-e05d-474d-b7f4-4630f8c0e38a	13173	1789995464	371bf58dcf8c674f2f2d3c16ffb0c8f2941848005d77eeb91b7d88aae98e1d15
--Users-vito-data-dev-mumu--/fa9864f2-6c59-404e-a2ee-9393183bdb0f/session.lock	lock	-	fa9864f2-6c59-404e-a2ee-9393183bdb0f	0	1790067050	e3b0c44298fc1c149afbf4c8996fb92427ae41e4649b934ca495991b7852b855
--Users-vito-data-dev-mumu--/fa9864f2-6c59-404e-a2ee-9393183bdb0f/session.v3.jsonl.zstd	canonical	v3	fa9864f2-6c59-404e-a2ee-9393183bdb0f	164063	1790067224	7ee24079999ef5120b5660105d8d1c5577873d4f9299d89f7ff3a23f6fb35b96
--Users-vito-data-dev-mumu--/fad27be9-4b8a-4dcd-93c3-ebbb45fdcec0/session.lock	lock	-	fad27be9-4b8a-4dcd-93c3-ebbb45fdcec0	0	1790066721	e3b0c44298fc1c149afbf4c8996fb92427ae41e4649b934ca495991b7852b855
--Users-vito-data-dev-mumu--/fad27be9-4b8a-4dcd-93c3-ebbb45fdcec0/session.v3.jsonl.zstd	canonical	v3	fad27be9-4b8a-4dcd-93c3-ebbb45fdcec0	79287	1790066749	804e5d9ac0a5177d05c9d730cd01cfdae594fffee7948bedc8f532a085815454
--Users-vito-data-dev-mumu--/fb784176-52f6-438e-86f6-120bc3c17256/session.lock	lock	-	fb784176-52f6-438e-86f6-120bc3c17256	0	1790012285	e3b0c44298fc1c149afbf4c8996fb92427ae41e4649b934ca495991b7852b855
--Users-vito-data-dev-mumu--/fb784176-52f6-438e-86f6-120bc3c17256/session.v3.jsonl.zstd	canonical	v3	fb784176-52f6-438e-86f6-120bc3c17256	190908	1790012420	3a86aa191c1040d9dd68d6e836f4c1c17b8d677c338b28f937bbb0e19a4747f2
--Users-vito-data-dev-mumu--/fc017bf0-069f-49b6-b92e-123484410586/session.lock	lock	-	fc017bf0-069f-49b6-b92e-123484410586	0	1790182957	e3b0c44298fc1c149afbf4c8996fb92427ae41e4649b934ca495991b7852b855
--Users-vito-data-dev-mumu--/fc017bf0-069f-49b6-b92e-123484410586/session.v3.jsonl.zstd	canonical	v3	fc017bf0-069f-49b6-b92e-123484410586	41558	1790182967	746b465a1ed8803a86e3f328c7289459ca06f190ddcc1a9506063bc8d0326556
--Users-vito-data-dev-mumu--/fc6b7be8-3c5f-4339-83a9-9cca093001c7/session.lock	lock	-	fc6b7be8-3c5f-4339-83a9-9cca093001c7	0	1790066789	e3b0c44298fc1c149afbf4c8996fb92427ae41e4649b934ca495991b7852b855
--Users-vito-data-dev-mumu--/fc6b7be8-3c5f-4339-83a9-9cca093001c7/session.v3.jsonl.zstd	canonical	v3	fc6b7be8-3c5f-4339-83a9-9cca093001c7	86815	1790066819	34041865babec2b6a54f0a6cb4df063f5ea836dadcecbc98fdacf9780381a39b
--Users-vito-data-dev-mumu--/fc82dbcf-08be-4e28-9385-abb2419f848c/session.lock	lock	-	fc82dbcf-08be-4e28-9385-abb2419f848c	0	1790043532	e3b0c44298fc1c149afbf4c8996fb92427ae41e4649b934ca495991b7852b855
--Users-vito-data-dev-mumu--/fc82dbcf-08be-4e28-9385-abb2419f848c/session.v3.jsonl.zstd	canonical	v3	fc82dbcf-08be-4e28-9385-abb2419f848c	168866	1790043642	841f79ca0203f7f26b276de1ff68e2c45e87de952c57664b632f86208ed17075
--Users-vito-data-dev-mumu--/fd33eb59-3c76-45f9-9460-5b412f573de9/session.lock	lock	-	fd33eb59-3c76-45f9-9460-5b412f573de9	0	1789995450	e3b0c44298fc1c149afbf4c8996fb92427ae41e4649b934ca495991b7852b855
--Users-vito-data-dev-mumu--/fd33eb59-3c76-45f9-9460-5b412f573de9/session.v3.jsonl.zstd	canonical	v3	fd33eb59-3c76-45f9-9460-5b412f573de9	13160	1789996392	bb8eb83de5b0915667fe53b19434e8d49d9e49c6f383d4211c67780f2428f51f
--Users-vito-data-dev-mumu--/fe7ec9fe-3d19-4c71-a357-205e54e463b2/session.lock	lock	-	fe7ec9fe-3d19-4c71-a357-205e54e463b2	0	1789637319	e3b0c44298fc1c149afbf4c8996fb92427ae41e4649b934ca495991b7852b855
--Users-vito-data-dev-mumu--/fe7ec9fe-3d19-4c71-a357-205e54e463b2/session.v3.jsonl.zstd	canonical	v3	fe7ec9fe-3d19-4c71-a357-205e54e463b2	231571	1789637497	5f44220220bf97d93ad67ecc0e42eed649484e457605979f5a7d2b8b66f785b9
--Users-vito-data-dev-mumu--/fe924c76-ee2f-4ac8-bf37-bbbfbf671e41/session.lock	lock	-	fe924c76-ee2f-4ac8-bf37-bbbfbf671e41	0	1790010182	e3b0c44298fc1c149afbf4c8996fb92427ae41e4649b934ca495991b7852b855
--Users-vito-data-dev-mumu--/fe924c76-ee2f-4ac8-bf37-bbbfbf671e41/session.v3.jsonl.zstd	canonical	v3	fe924c76-ee2f-4ac8-bf37-bbbfbf671e41	609188	1790010999	42f0f8437707ec2e07deaf91548724826fa1e9e95623cab805603a7a8fd91cb9
--Users-vito-data-dev-mumu--/fece10de-a365-4e48-b5fe-2f41e430bcc8/session.lock	lock	-	fece10de-a365-4e48-b5fe-2f41e430bcc8	0	1790305006	e3b0c44298fc1c149afbf4c8996fb92427ae41e4649b934ca495991b7852b855
--Users-vito-data-dev-mumu--/fece10de-a365-4e48-b5fe-2f41e430bcc8/session.v3.jsonl.zstd	canonical	v3	fece10de-a365-4e48-b5fe-2f41e430bcc8	450163	1790305545	6d30968c653cb49082b60de90c04c8876863c3b2b33bd55bc43b92d8ecc3c4cb
--Users-vito-data-dev-mumu--/fed3a8f5-5753-4887-b857-d7584434c909/session.lock	lock	-	fed3a8f5-5753-4887-b857-d7584434c909	0	1790305006	e3b0c44298fc1c149afbf4c8996fb92427ae41e4649b934ca495991b7852b855
--Users-vito-data-dev-mumu--/fed3a8f5-5753-4887-b857-d7584434c909/session.v3.jsonl.zstd	canonical	v3	fed3a8f5-5753-4887-b857-d7584434c909	202093	1790305150	74597e7d4ac344bf2b3fc6778d3b2ffbb44f4432a4b6a619145706186c15d9ac
--Users-vito-data-dev-mumu--/ff47d00c-df23-4598-9f15-33298635fce1/session.lock	lock	-	ff47d00c-df23-4598-9f15-33298635fce1	0	1789701089	e3b0c44298fc1c149afbf4c8996fb92427ae41e4649b934ca495991b7852b855
--Users-vito-data-dev-mumu--/ff47d00c-df23-4598-9f15-33298635fce1/session.v3.jsonl.zstd	canonical	v3	ff47d00c-df23-4598-9f15-33298635fce1	225144	1789701251	0f9628ef695cbb529e064d3917450be7a7d4680c99e681877a987c74c485067a
--Users-vito-data-dev-mumu--/ff9f03b2-1efa-4189-95ec-833970f61862/session.lock	lock	-	ff9f03b2-1efa-4189-95ec-833970f61862	0	1790067062	e3b0c44298fc1c149afbf4c8996fb92427ae41e4649b934ca495991b7852b855
--Users-vito-data-dev-mumu--/ff9f03b2-1efa-4189-95ec-833970f61862/session.v3.jsonl.zstd	canonical	v3	ff9f03b2-1efa-4189-95ec-833970f61862	102625	1790067112	1354c9b2723ddfbdee017c8225633cb6bfd39ef4a1fcef0b09cde16557933f66
--Users-vito-data-dev-mumu--/session-00f68804-ef05-47e4-ab2f-73b2b66e1bf1/session.lock	lock	-	session-00f68804-ef05-47e4-ab2f-73b2b66e1bf1	0	1790327562	e3b0c44298fc1c149afbf4c8996fb92427ae41e4649b934ca495991b7852b855
--Users-vito-data-dev-mumu--/session-00f68804-ef05-47e4-ab2f-73b2b66e1bf1/session.v3.jsonl.zstd	canonical	v3	session-00f68804-ef05-47e4-ab2f-73b2b66e1bf1	912354	1790338898	6a916ba7f429120d549ab7071ef445d5ffc0654c4d19fa0dceaff9ec6d7dd2f8
--Users-vito-data-dev-mumu--/session-0235f290-63f8-4568-91c7-c590b8825c64/session.lock	lock	-	session-0235f290-63f8-4568-91c7-c590b8825c64	0	1789648589	e3b0c44298fc1c149afbf4c8996fb92427ae41e4649b934ca495991b7852b855
--Users-vito-data-dev-mumu--/session-0235f290-63f8-4568-91c7-c590b8825c64/session.v3.jsonl.zstd	canonical	v3	session-0235f290-63f8-4568-91c7-c590b8825c64	1148683	1789650409	1c01a61d88bf1772aa68d445ce334044648b306f327fb06dbd9c53e306734310
--Users-vito-data-dev-mumu--/session-0603940c-2609-4ab6-b4b3-1e103998e669/session.lock	lock	-	session-0603940c-2609-4ab6-b4b3-1e103998e669	0	1789650424	e3b0c44298fc1c149afbf4c8996fb92427ae41e4649b934ca495991b7852b855
--Users-vito-data-dev-mumu--/session-0603940c-2609-4ab6-b4b3-1e103998e669/session.v3.jsonl.zstd	canonical	v3	session-0603940c-2609-4ab6-b4b3-1e103998e669	1140424	1789652629	8fd0a1796c0832f9418278f04d13ba941ad9d60889410f2417c63c064c8f82e3
--Users-vito-data-dev-mumu--/session-0b738737-8194-4688-b276-28e44d07356f/session.lock	lock	-	session-0b738737-8194-4688-b276-28e44d07356f	0	1789661515	e3b0c44298fc1c149afbf4c8996fb92427ae41e4649b934ca495991b7852b855
--Users-vito-data-dev-mumu--/session-0b738737-8194-4688-b276-28e44d07356f/session.v3.jsonl.zstd	canonical	v3	session-0b738737-8194-4688-b276-28e44d07356f	836662	1789662738	a95a26e58666f2964634ad2940dd01930ceef82d0750c7216e496c32b8addf37
--Users-vito-data-dev-mumu--/session-0da132a7-efbd-487c-91f9-e962a19bd575/session.lock	lock	-	session-0da132a7-efbd-487c-91f9-e962a19bd575	0	1789642841	e3b0c44298fc1c149afbf4c8996fb92427ae41e4649b934ca495991b7852b855
--Users-vito-data-dev-mumu--/session-0da132a7-efbd-487c-91f9-e962a19bd575/session.v3.jsonl.zstd	canonical	v3	session-0da132a7-efbd-487c-91f9-e962a19bd575	1315541	1789646127	8a9c1ffd36e4fe63d991143ce728699902415c5eea0e413d1b573694cd9ba035
--Users-vito-data-dev-mumu--/session-135d3c47-acb0-476c-b218-f160237a9ffd/session.lock	lock	-	session-135d3c47-acb0-476c-b218-f160237a9ffd	0	1789638823	e3b0c44298fc1c149afbf4c8996fb92427ae41e4649b934ca495991b7852b855
--Users-vito-data-dev-mumu--/session-135d3c47-acb0-476c-b218-f160237a9ffd/session.v3.jsonl.zstd	canonical	v3	session-135d3c47-acb0-476c-b218-f160237a9ffd	1619849	1789642552	bb8abbdcbb39e798395b7b4d175548c3a960ad5f7c840c8e157e9f73f562f994
--Users-vito-data-dev-mumu--/session-15fb0ea9-d45b-40dc-8ad0-f95a7948be3c/session.lock	lock	-	session-15fb0ea9-d45b-40dc-8ad0-f95a7948be3c	0	1789702280	e3b0c44298fc1c149afbf4c8996fb92427ae41e4649b934ca495991b7852b855
--Users-vito-data-dev-mumu--/session-15fb0ea9-d45b-40dc-8ad0-f95a7948be3c/session.v3.jsonl.zstd	canonical	v3	session-15fb0ea9-d45b-40dc-8ad0-f95a7948be3c	3059772	1789956842	a9a9e229ee327d4ab38c6e360d1892ba51bda60941697925ef26c4d81674ae9b
--Users-vito-data-dev-mumu--/session-165f4f76-c60f-44ee-962d-3085f53ace33/session.lock	lock	-	session-165f4f76-c60f-44ee-962d-3085f53ace33	0	1789956900	e3b0c44298fc1c149afbf4c8996fb92427ae41e4649b934ca495991b7852b855
--Users-vito-data-dev-mumu--/session-165f4f76-c60f-44ee-962d-3085f53ace33/session.v3.jsonl.zstd	canonical	v3	session-165f4f76-c60f-44ee-962d-3085f53ace33	2807359	1789977811	1fc5c4b9513d06bdfe6098ded4a1db5726e6fb38bdef7b5a93880b2bdfe6cba0
--Users-vito-data-dev-mumu--/session-24b1bfda-f40d-4276-8896-5f8e21fe7260/session.lock	lock	-	session-24b1bfda-f40d-4276-8896-5f8e21fe7260	0	1789664052	e3b0c44298fc1c149afbf4c8996fb92427ae41e4649b934ca495991b7852b855
--Users-vito-data-dev-mumu--/session-24b1bfda-f40d-4276-8896-5f8e21fe7260/session.v3.jsonl.zstd	canonical	v3	session-24b1bfda-f40d-4276-8896-5f8e21fe7260	643793	1789690654	135b32be80e848bb105dffcd1ce4361a03ebd33e12ce543da372982d6645cf6e
--Users-vito-data-dev-mumu--/session-2584e6e1-49fb-417c-b5cd-0919144d5b38/session.lock	lock	-	session-2584e6e1-49fb-417c-b5cd-0919144d5b38	0	1790217015	e3b0c44298fc1c149afbf4c8996fb92427ae41e4649b934ca495991b7852b855
--Users-vito-data-dev-mumu--/session-2584e6e1-49fb-417c-b5cd-0919144d5b38/session.v3.jsonl.zstd	canonical	v3	session-2584e6e1-49fb-417c-b5cd-0919144d5b38	2493	1790217015	d0d9171eccee2865b3fc186b4da430a6085f34c4e4e1de16a205823a39db32e8
--Users-vito-data-dev-mumu--/session-277f0214-3a65-4373-898b-466f72b87966/session.lock	lock	-	session-277f0214-3a65-4373-898b-466f72b87966	0	1789977981	e3b0c44298fc1c149afbf4c8996fb92427ae41e4649b934ca495991b7852b855
--Users-vito-data-dev-mumu--/session-277f0214-3a65-4373-898b-466f72b87966/session.v3.jsonl.zstd	canonical	v3	session-277f0214-3a65-4373-898b-466f72b87966	1305802	1789980376	8ba7a1930a7cf6e9149ac9c9b687a3a6eff0e26209c3fea35bbe8fb33708d1f6
--Users-vito-data-dev-mumu--/session-282ee0cc-16ca-4733-a9fa-425380af0820/session.lock	lock	-	session-282ee0cc-16ca-4733-a9fa-425380af0820	0	1790217244	e3b0c44298fc1c149afbf4c8996fb92427ae41e4649b934ca495991b7852b855
--Users-vito-data-dev-mumu--/session-282ee0cc-16ca-4733-a9fa-425380af0820/session.v3.jsonl.zstd	canonical	v3	session-282ee0cc-16ca-4733-a9fa-425380af0820	2120884	1790235234	1c78bd14f8bfce7df862492cce4284936c69a01377f6c167dd9d85e5cfa780b3
--Users-vito-data-dev-mumu--/session-2d52c257-4b59-46b1-8331-7f28ed06b1d5/session.lock	lock	-	session-2d52c257-4b59-46b1-8331-7f28ed06b1d5	0	1790164285	e3b0c44298fc1c149afbf4c8996fb92427ae41e4649b934ca495991b7852b855
--Users-vito-data-dev-mumu--/session-2d52c257-4b59-46b1-8331-7f28ed06b1d5/session.v3.jsonl.zstd	canonical	v3	session-2d52c257-4b59-46b1-8331-7f28ed06b1d5	2493	1790164285	48c68cdbec57730ddac9cafc71252aa1b6071f1088d1f4d19be0036699734e56
--Users-vito-data-dev-mumu--/session-32fec7a7-2fb0-4cfd-a4e7-a9c311ca2523/session.lock	lock	-	session-32fec7a7-2fb0-4cfd-a4e7-a9c311ca2523	0	1790087227	e3b0c44298fc1c149afbf4c8996fb92427ae41e4649b934ca495991b7852b855
--Users-vito-data-dev-mumu--/session-32fec7a7-2fb0-4cfd-a4e7-a9c311ca2523/session.v3.jsonl.zstd	canonical	v3	session-32fec7a7-2fb0-4cfd-a4e7-a9c311ca2523	882875	1790094280	e3b7dda59bf85543c13601ca0109dd2bb6fca672dbde8eb806194a158f391c52
--Users-vito-data-dev-mumu--/session-387fcef4-11b2-4300-acdc-f41ffa477ee6/session.lock	lock	-	session-387fcef4-11b2-4300-acdc-f41ffa477ee6	0	1790071272	e3b0c44298fc1c149afbf4c8996fb92427ae41e4649b934ca495991b7852b855
--Users-vito-data-dev-mumu--/session-387fcef4-11b2-4300-acdc-f41ffa477ee6/session.v3.jsonl.zstd	canonical	v3	session-387fcef4-11b2-4300-acdc-f41ffa477ee6	2566	1790075393	d501903e56e219e9715e83ffcdf88af3e982ec69d2bc59349a5aaf9bdfed2714
--Users-vito-data-dev-mumu--/session-397c8fbf-6b14-4491-8b98-9f043df18712/session.lock	lock	-	session-397c8fbf-6b14-4491-8b98-9f043df18712	0	1789983235	e3b0c44298fc1c149afbf4c8996fb92427ae41e4649b934ca495991b7852b855
--Users-vito-data-dev-mumu--/session-397c8fbf-6b14-4491-8b98-9f043df18712/session.v3.jsonl.zstd	canonical	v3	session-397c8fbf-6b14-4491-8b98-9f043df18712	1384612	1789985279	6083d05e80ad68520ab392a935f21314e702aa5f49fac038b3afe7d7f875e86b
--Users-vito-data-dev-mumu--/session-44682193-75bd-45e9-9dda-388bd9a88500/session.lock	lock	-	session-44682193-75bd-45e9-9dda-388bd9a88500	0	1789476263	e3b0c44298fc1c149afbf4c8996fb92427ae41e4649b934ca495991b7852b855
--Users-vito-data-dev-mumu--/session-44682193-75bd-45e9-9dda-388bd9a88500/session.v3.jsonl.zstd	canonical	v3	session-44682193-75bd-45e9-9dda-388bd9a88500	570312	1789477046	08aba28d000976c77f076efef4b839cec4d2537ea2cd886a489608b9d40bda92
--Users-vito-data-dev-mumu--/session-46a24a6f-c91a-4f41-a85f-6d5463875896/session.lock	lock	-	session-46a24a6f-c91a-4f41-a85f-6d5463875896	0	1790042707	e3b0c44298fc1c149afbf4c8996fb92427ae41e4649b934ca495991b7852b855
--Users-vito-data-dev-mumu--/session-46a24a6f-c91a-4f41-a85f-6d5463875896/session.v3.jsonl.zstd	canonical	v3	session-46a24a6f-c91a-4f41-a85f-6d5463875896	870878	1790044119	01d4fc4577f7c05a1103845a4808c573cffa6dfcdbba351b48f513507353016f
--Users-vito-data-dev-mumu--/session-4bb752bc-49b9-4e33-9fd7-b3cc28a005a7/session.lock	lock	-	session-4bb752bc-49b9-4e33-9fd7-b3cc28a005a7	0	1789636639	e3b0c44298fc1c149afbf4c8996fb92427ae41e4649b934ca495991b7852b855
--Users-vito-data-dev-mumu--/session-4bb752bc-49b9-4e33-9fd7-b3cc28a005a7/session.v3.jsonl.zstd	canonical	v3	session-4bb752bc-49b9-4e33-9fd7-b3cc28a005a7	991761	1789638789	57a9171a634382f9597a67285337cc1c193fcd585fefda8798b0d01c218f04e5
--Users-vito-data-dev-mumu--/session-52204158-8a93-46fe-b3c7-b5d1ba546537/session.lock	lock	-	session-52204158-8a93-46fe-b3c7-b5d1ba546537	0	1789626989	e3b0c44298fc1c149afbf4c8996fb92427ae41e4649b934ca495991b7852b855
--Users-vito-data-dev-mumu--/session-52204158-8a93-46fe-b3c7-b5d1ba546537/session.v3.jsonl.zstd	canonical	v3	session-52204158-8a93-46fe-b3c7-b5d1ba546537	906360	1789632738	a9449d2600857a0bb48af85d5876766365664c66be3c6a90dc0987fa93324aa0
--Users-vito-data-dev-mumu--/session-52a4ac2c-dd4e-48f7-8582-0ad25429f633/session.lock	lock	-	session-52a4ac2c-dd4e-48f7-8582-0ad25429f633	0	1789486853	e3b0c44298fc1c149afbf4c8996fb92427ae41e4649b934ca495991b7852b855
--Users-vito-data-dev-mumu--/session-52a4ac2c-dd4e-48f7-8582-0ad25429f633/session.v3.jsonl.zstd	canonical	v3	session-52a4ac2c-dd4e-48f7-8582-0ad25429f633	2421140	1789527484	4fc9e3cf09a63d413b4c3e49e3fb017d94e29190386a135009bf901478998cd0
--Users-vito-data-dev-mumu--/session-54ed2f1f-31d6-4dff-9a8e-3b1de0ddde0b/session.lock	lock	-	session-54ed2f1f-31d6-4dff-9a8e-3b1de0ddde0b	0	1789472432	e3b0c44298fc1c149afbf4c8996fb92427ae41e4649b934ca495991b7852b855
--Users-vito-data-dev-mumu--/session-54ed2f1f-31d6-4dff-9a8e-3b1de0ddde0b/session.v3.jsonl.zstd	canonical	v3	session-54ed2f1f-31d6-4dff-9a8e-3b1de0ddde0b	352205	1789472758	1cd0d2145bd062069fa3a7097bd8f65c09e292278addaf1f456385d30db3f54c
--Users-vito-data-dev-mumu--/session-55087d72-089d-4581-8906-293fb31cfb2b/session.lock	lock	-	session-55087d72-089d-4581-8906-293fb31cfb2b	0	1789980395	e3b0c44298fc1c149afbf4c8996fb92427ae41e4649b934ca495991b7852b855
--Users-vito-data-dev-mumu--/session-55087d72-089d-4581-8906-293fb31cfb2b/session.v3.jsonl.zstd	canonical	v3	session-55087d72-089d-4581-8906-293fb31cfb2b	1564975	1789983219	3e2ffcbec726b7e8d0c941bbc6335faa2b231c62416c5b7ae3c9c715770f08d6
--Users-vito-data-dev-mumu--/session-59340c5c-f54f-4b0a-a973-af78828c0278/session.lock	lock	-	session-59340c5c-f54f-4b0a-a973-af78828c0278	0	1790309474	e3b0c44298fc1c149afbf4c8996fb92427ae41e4649b934ca495991b7852b855
--Users-vito-data-dev-mumu--/session-59340c5c-f54f-4b0a-a973-af78828c0278/session.v3.jsonl.zstd	canonical	v3	session-59340c5c-f54f-4b0a-a973-af78828c0278	1665611	1790326594	699be7505c3a26ccdb995927eaeb1c1a2681437c91450500f7d76085ca4b248f
--Users-vito-data-dev-mumu--/session-5964343b-b1ab-4006-8c57-9207d8b1d599/session.lock	lock	-	session-5964343b-b1ab-4006-8c57-9207d8b1d599	0	1789481815	e3b0c44298fc1c149afbf4c8996fb92427ae41e4649b934ca495991b7852b855
--Users-vito-data-dev-mumu--/session-5964343b-b1ab-4006-8c57-9207d8b1d599/session.v3.jsonl.zstd	canonical	v3	session-5964343b-b1ab-4006-8c57-9207d8b1d599	898459	1789486788	d89d1feec762d304055adff9dcb5b20048eb167a50d3a0527685c36a9ad47cf2
--Users-vito-data-dev-mumu--/session-5cb9490f-e3ef-4920-a242-440d9f72e1c6/session.lock	lock	-	session-5cb9490f-e3ef-4920-a242-440d9f72e1c6	0	1790059212	e3b0c44298fc1c149afbf4c8996fb92427ae41e4649b934ca495991b7852b855
--Users-vito-data-dev-mumu--/session-5cb9490f-e3ef-4920-a242-440d9f72e1c6/session.v3.jsonl.zstd	canonical	v3	session-5cb9490f-e3ef-4920-a242-440d9f72e1c6	1620082	1790062838	db01d9b7f3abe4b0003b85d90a52c814bc4337a417d10a7b130955b06c490345
--Users-vito-data-dev-mumu--/session-608156d1-1136-43a5-8b0a-c3729453cf00/session.lock	lock	-	session-608156d1-1136-43a5-8b0a-c3729453cf00	0	1789472800	e3b0c44298fc1c149afbf4c8996fb92427ae41e4649b934ca495991b7852b855
--Users-vito-data-dev-mumu--/session-608156d1-1136-43a5-8b0a-c3729453cf00/session.v3.jsonl.zstd	canonical	v3	session-608156d1-1136-43a5-8b0a-c3729453cf00	1245999	1789475133	55675be9fcdffeade8118d572c9acba360d69c5c7c4801eea11b25caab1edb7a
--Users-vito-data-dev-mumu--/session-64773af8-d671-4fad-8a2f-0a75a8fbe919/session.lock	lock	-	session-64773af8-d671-4fad-8a2f-0a75a8fbe919	0	1789367752	e3b0c44298fc1c149afbf4c8996fb92427ae41e4649b934ca495991b7852b855
--Users-vito-data-dev-mumu--/session-64773af8-d671-4fad-8a2f-0a75a8fbe919/session.v3.jsonl.zstd	canonical	v3	session-64773af8-d671-4fad-8a2f-0a75a8fbe919	2625116	1789460430	c90d5a5c771379e57198f1b2dff963ef10e33abc314dd9c571c97cb1782a1d7d
--Users-vito-data-dev-mumu--/session-6f8b2b6a-b8a7-4281-966c-9e2c1e19eb32/session.lock	lock	-	session-6f8b2b6a-b8a7-4281-966c-9e2c1e19eb32	0	1789480931	e3b0c44298fc1c149afbf4c8996fb92427ae41e4649b934ca495991b7852b855
--Users-vito-data-dev-mumu--/session-6f8b2b6a-b8a7-4281-966c-9e2c1e19eb32/session.v3.jsonl.zstd	canonical	v3	session-6f8b2b6a-b8a7-4281-966c-9e2c1e19eb32	710197	1789481793	4f2cf11dd1412d715bc7dc962e69e83c61c9251252aa4b2eaa76a1796cf3d049
--Users-vito-data-dev-mumu--/session-71b7824c-4d96-4202-b6eb-20ee4cd46e47/session.lock	lock	-	session-71b7824c-4d96-4202-b6eb-20ee4cd46e47	0	1790079006	e3b0c44298fc1c149afbf4c8996fb92427ae41e4649b934ca495991b7852b855
--Users-vito-data-dev-mumu--/session-71b7824c-4d96-4202-b6eb-20ee4cd46e47/session.v3.jsonl.zstd	canonical	v3	session-71b7824c-4d96-4202-b6eb-20ee4cd46e47	1126220	1790079572	c7a9320793188e3a88cb4ed877336e994bf6b1d2d75973000847508c7efdabc9
--Users-vito-data-dev-mumu--/session-81a7b99b-8470-447a-a90a-29c64dea9e53/session.lock	lock	-	session-81a7b99b-8470-447a-a90a-29c64dea9e53	0	1790235247	e3b0c44298fc1c149afbf4c8996fb92427ae41e4649b934ca495991b7852b855
--Users-vito-data-dev-mumu--/session-81a7b99b-8470-447a-a90a-29c64dea9e53/session.v3.jsonl.zstd	canonical	v3	session-81a7b99b-8470-447a-a90a-29c64dea9e53	1767088	1790262590	b8ec18830965e36bae0c91420ef41810b5fb2ca73f93f8b66e82fa751bb8803e
--Users-vito-data-dev-mumu--/session-84211619-93aa-40e7-ada8-62b592c85fd4/session.lock	lock	-	session-84211619-93aa-40e7-ada8-62b592c85fd4	0	1789527490	e3b0c44298fc1c149afbf4c8996fb92427ae41e4649b934ca495991b7852b855
--Users-vito-data-dev-mumu--/session-84211619-93aa-40e7-ada8-62b592c85fd4/session.v3.jsonl.zstd	canonical	v3	session-84211619-93aa-40e7-ada8-62b592c85fd4	1090302	1789541323	9ae2ae11b8c1b3b578613b4c9e3852756cae23dcfcff9304da3017dd8d7092d4
--Users-vito-data-dev-mumu--/session-8a943b18-9f0c-4bc0-8ef7-91fd5aeee5a9/session.lock	lock	-	session-8a943b18-9f0c-4bc0-8ef7-91fd5aeee5a9	0	1789700060	e3b0c44298fc1c149afbf4c8996fb92427ae41e4649b934ca495991b7852b855
--Users-vito-data-dev-mumu--/session-8a943b18-9f0c-4bc0-8ef7-91fd5aeee5a9/session.v3.jsonl.zstd	canonical	v3	session-8a943b18-9f0c-4bc0-8ef7-91fd5aeee5a9	1307082	1789702264	43c28b9d3bb77030d30a0d9a436982eeacd81bd17fe2429784c6eb5a963387d0
--Users-vito-data-dev-mumu--/session-9ef69d61-aabb-4318-b257-7672d01514ab/session.lock	lock	-	session-9ef69d61-aabb-4318-b257-7672d01514ab	0	1789698083	e3b0c44298fc1c149afbf4c8996fb92427ae41e4649b934ca495991b7852b855
--Users-vito-data-dev-mumu--/session-9ef69d61-aabb-4318-b257-7672d01514ab/session.v3.jsonl.zstd	canonical	v3	session-9ef69d61-aabb-4318-b257-7672d01514ab	1082270	1789699895	286eb5170ac8bac2b01bf927004ce9d90d635177b54926aa1c9fa7df8091a828
--Users-vito-data-dev-mumu--/session-a764d93f-3bbf-409e-9971-e2bcdbee16b7/session.lock	lock	-	session-a764d93f-3bbf-409e-9971-e2bcdbee16b7	0	1789477070	e3b0c44298fc1c149afbf4c8996fb92427ae41e4649b934ca495991b7852b855
--Users-vito-data-dev-mumu--/session-a764d93f-3bbf-409e-9971-e2bcdbee16b7/session.v3.jsonl.zstd	canonical	v3	session-a764d93f-3bbf-409e-9971-e2bcdbee16b7	514102	1789477621	744be6ab4eafa4f88065c052aee6eb11f991f84372025fc3209c1ff6ffe0651a
--Users-vito-data-dev-mumu--/session-acba1770-7b91-4858-b919-80cd1dd0c43e/session.lock	lock	-	session-acba1770-7b91-4858-b919-80cd1dd0c43e	0	1789475164	e3b0c44298fc1c149afbf4c8996fb92427ae41e4649b934ca495991b7852b855
--Users-vito-data-dev-mumu--/session-acba1770-7b91-4858-b919-80cd1dd0c43e/session.v3.jsonl.zstd	canonical	v3	session-acba1770-7b91-4858-b919-80cd1dd0c43e	737557	1789476249	c44e9f47ecb21b2419019a93b1d8915f18b2f8db8cdfa04c9b99cff9cf7e3747
--Users-vito-data-dev-mumu--/session-af5dfef1-01ee-44ce-a53d-abba022b604c/session.lock	lock	-	session-af5dfef1-01ee-44ce-a53d-abba022b604c	0	1789646210	e3b0c44298fc1c149afbf4c8996fb92427ae41e4649b934ca495991b7852b855
--Users-vito-data-dev-mumu--/session-af5dfef1-01ee-44ce-a53d-abba022b604c/session.v3.jsonl.zstd	canonical	v3	session-af5dfef1-01ee-44ce-a53d-abba022b604c	1411252	1789648537	f65f917d5a508a1dd6678124eee8162a8917ddaabb8e2d9a111dc086d43ce639
--Users-vito-data-dev-mumu--/session-b2d38468-69c6-47ba-aebf-1299a4788270/session.lock	lock	-	session-b2d38468-69c6-47ba-aebf-1299a4788270	0	1790076049	e3b0c44298fc1c149afbf4c8996fb92427ae41e4649b934ca495991b7852b855
--Users-vito-data-dev-mumu--/session-b2d38468-69c6-47ba-aebf-1299a4788270/session.v3.jsonl.zstd	canonical	v3	session-b2d38468-69c6-47ba-aebf-1299a4788270	2663	1790076075	51b6140f0d18ecc4afbc7fbe232896173ada3405b5a3a3a9ecf36fa6de1251c0
--Users-vito-data-dev-mumu--/session-b65dec48-fd6e-434a-9006-52f8188ad1bb/session.lock	lock	-	session-b65dec48-fd6e-434a-9006-52f8188ad1bb	0	1790262617	e3b0c44298fc1c149afbf4c8996fb92427ae41e4649b934ca495991b7852b855
--Users-vito-data-dev-mumu--/session-b65dec48-fd6e-434a-9006-52f8188ad1bb/session.v3.jsonl.zstd	canonical	v3	session-b65dec48-fd6e-434a-9006-52f8188ad1bb	1622117	1790306675	602f0aa4ec223d1262474ac0946cf4075151d29cfe9b9ea203d7e265682eaf21
--Users-vito-data-dev-mumu--/session-c1607509-7b7a-4ad3-9250-2f7181aca25f/session.lock	lock	-	session-c1607509-7b7a-4ad3-9250-2f7181aca25f	0	1789460693	e3b0c44298fc1c149afbf4c8996fb92427ae41e4649b934ca495991b7852b855
--Users-vito-data-dev-mumu--/session-c1607509-7b7a-4ad3-9250-2f7181aca25f/session.v3.jsonl.zstd	canonical	v3	session-c1607509-7b7a-4ad3-9250-2f7181aca25f	728134	1789472401	d0798b1358b7b3556b23c58255f9a24bd358fb33adcfd539ca082ceec8adedcc
--Users-vito-data-dev-mumu--/session-c29abdc7-ec26-491c-9b58-0346e0f8c6bf/session.lock	lock	-	session-c29abdc7-ec26-491c-9b58-0346e0f8c6bf	0	1790217034	e3b0c44298fc1c149afbf4c8996fb92427ae41e4649b934ca495991b7852b855
--Users-vito-data-dev-mumu--/session-c29abdc7-ec26-491c-9b58-0346e0f8c6bf/session.v3.jsonl.zstd	canonical	v3	session-c29abdc7-ec26-491c-9b58-0346e0f8c6bf	2335505	1790217035	d4f8b0195e8aa3ee783938c9d585cf0da9e9e5b4455957af5620368e794bc815
--Users-vito-data-dev-mumu--/session-c3931b27-176e-4ec8-8cbc-ce9b97b58d8f/session.lock	lock	-	session-c3931b27-176e-4ec8-8cbc-ce9b97b58d8f	0	1790079582	e3b0c44298fc1c149afbf4c8996fb92427ae41e4649b934ca495991b7852b855
--Users-vito-data-dev-mumu--/session-c3931b27-176e-4ec8-8cbc-ce9b97b58d8f/session.v3.jsonl.zstd	canonical	v3	session-c3931b27-176e-4ec8-8cbc-ce9b97b58d8f	1493209	1790087194	05919a63171efb146913221deb009628a2b8641ca848e9ce451a41d77d03bda2
--Users-vito-data-dev-mumu--/session-c8760237-c0c2-45c6-a892-ac01222b66af/session.lock	lock	-	session-c8760237-c0c2-45c6-a892-ac01222b66af	0	1790078991	e3b0c44298fc1c149afbf4c8996fb92427ae41e4649b934ca495991b7852b855
--Users-vito-data-dev-mumu--/session-c8760237-c0c2-45c6-a892-ac01222b66af/session.v3.jsonl.zstd	canonical	v3	session-c8760237-c0c2-45c6-a892-ac01222b66af	2527	1790078991	3203566cfd2c23e932f35ac6a7d65ef3e5f1016245a7336e5bfe71ac1b2f5c3e
--Users-vito-data-dev-mumu--/session-ca51bcb8-5295-45d4-9950-9d293bc89cd1/session.lock	lock	-	session-ca51bcb8-5295-45d4-9950-9d293bc89cd1	0	1790063409	e3b0c44298fc1c149afbf4c8996fb92427ae41e4649b934ca495991b7852b855
--Users-vito-data-dev-mumu--/session-ca51bcb8-5295-45d4-9950-9d293bc89cd1/session.v3.jsonl.zstd	canonical	v3	session-ca51bcb8-5295-45d4-9950-9d293bc89cd1	2071070	1790069058	9300ecf7c0bc96ec57851dcc5c608d5db481baefc44c2869fbfb642824e8900d
--Users-vito-data-dev-mumu--/session-cf0c8584-6799-4af5-b136-43ef7df22835/session.lock	lock	-	session-cf0c8584-6799-4af5-b136-43ef7df22835	0	1789632797	e3b0c44298fc1c149afbf4c8996fb92427ae41e4649b934ca495991b7852b855
--Users-vito-data-dev-mumu--/session-cf0c8584-6799-4af5-b136-43ef7df22835/session.v3.jsonl.zstd	canonical	v3	session-cf0c8584-6799-4af5-b136-43ef7df22835	1241123	1789636612	36bf959aa8bdd48bc77875cb95ea556794e08fe79fa4c6148d5da403040ff9b2
--Users-vito-data-dev-mumu--/session-d00b360d-5ba0-4a14-9f62-56ab333c8b63/session.lock	lock	-	session-d00b360d-5ba0-4a14-9f62-56ab333c8b63	0	1789658419	e3b0c44298fc1c149afbf4c8996fb92427ae41e4649b934ca495991b7852b855
--Users-vito-data-dev-mumu--/session-d00b360d-5ba0-4a14-9f62-56ab333c8b63/session.v3.jsonl.zstd	canonical	v3	session-d00b360d-5ba0-4a14-9f62-56ab333c8b63	1540524	1789661492	63057cfe805c1396c7eecc4925cee8d6dbf5ead8f518f6ffee6f88bdbd8b8e5f
--Users-vito-data-dev-mumu--/session-de271f49-e96f-42d9-83f8-5f7ec02f1428/session.lock	lock	-	session-de271f49-e96f-42d9-83f8-5f7ec02f1428	0	1790044742	e3b0c44298fc1c149afbf4c8996fb92427ae41e4649b934ca495991b7852b855
--Users-vito-data-dev-mumu--/session-de271f49-e96f-42d9-83f8-5f7ec02f1428/session.v3.jsonl.zstd	canonical	v3	session-de271f49-e96f-42d9-83f8-5f7ec02f1428	1598309	1790059186	d41929c80a67c301f4f6cfa1df028739b74c51eb8f18958c72c8550c55ec8c6c
--Users-vito-data-dev-mumu--/session-eb37381c-c602-471e-8b86-6a250571dd0e/session.lock	lock	-	session-eb37381c-c602-471e-8b86-6a250571dd0e	0	1790094289	e3b0c44298fc1c149afbf4c8996fb92427ae41e4649b934ca495991b7852b855
--Users-vito-data-dev-mumu--/session-eb37381c-c602-471e-8b86-6a250571dd0e/session.v3.jsonl.zstd	canonical	v3	session-eb37381c-c602-471e-8b86-6a250571dd0e	1854832	1790132462	9303c876342269fb52bb612c4359ec9a765448add163bdd0ac41b2b3e2ce6f70
--Users-vito-data-dev-mumu--/session-edbaa2f9-88e9-4201-b433-34a88adde1d9/session.lock	lock	-	session-edbaa2f9-88e9-4201-b433-34a88adde1d9	0	1789662768	e3b0c44298fc1c149afbf4c8996fb92427ae41e4649b934ca495991b7852b855
--Users-vito-data-dev-mumu--/session-edbaa2f9-88e9-4201-b433-34a88adde1d9/session.v3.jsonl.zstd	canonical	v3	session-edbaa2f9-88e9-4201-b433-34a88adde1d9	618983	1789664042	79482e963531a6582834386326bb68340fe7d069630a7e1108ae9326050ae837
--Users-vito-data-dev-mumu--/session-f2b2010f-53fe-4788-be73-42b7bfb73205/session.lock	lock	-	session-f2b2010f-53fe-4788-be73-42b7bfb73205	0	1789657454	e3b0c44298fc1c149afbf4c8996fb92427ae41e4649b934ca495991b7852b855
--Users-vito-data-dev-mumu--/session-f2b2010f-53fe-4788-be73-42b7bfb73205/session.v3.jsonl.zstd	canonical	v3	session-f2b2010f-53fe-4788-be73-42b7bfb73205	622478	1789658392	66963a6922b3fcab622a9c21b0de873fce451dba4cc8583235530d94596c3c1e
--Users-vito-data-dev-mumu--/session-f73ddb7a-4e51-4b58-ab20-6cc40f62bddf/session.lock	lock	-	session-f73ddb7a-4e51-4b58-ab20-6cc40f62bddf	0	1789690682	e3b0c44298fc1c149afbf4c8996fb92427ae41e4649b934ca495991b7852b855
--Users-vito-data-dev-mumu--/session-f73ddb7a-4e51-4b58-ab20-6cc40f62bddf/session.v3.jsonl.zstd	canonical	v3	session-f73ddb7a-4e51-4b58-ab20-6cc40f62bddf	1402727	1789697861	94c68c611bd1d336ca8f84d5441a0b52031e8049734657c599aa7effe50c7c41
--Users-vito-data-dev-mumu--/session-f7faee3a-9757-4df4-bfa2-2832bf416b85/session.lock	lock	-	session-f7faee3a-9757-4df4-bfa2-2832bf416b85	0	1789987907	e3b0c44298fc1c149afbf4c8996fb92427ae41e4649b934ca495991b7852b855
--Users-vito-data-dev-mumu--/session-f7faee3a-9757-4df4-bfa2-2832bf416b85/session.v3.jsonl.zstd	canonical	v3	session-f7faee3a-9757-4df4-bfa2-2832bf416b85	1836973	1790014424	e36fc1362be3ea84520121e00058d869f45c3d202ea91f20bd70feebf80550a1
--Users-vito-data-dev-others--/007be351-166f-4a18-963c-184b11790230/session.jsonl.zstd	canonical	v0	007be351-166f-4a18-963c-184b11790230	3655	1787322363	0fdc02f3139c42cf5a83b3bd419aacdf760ac3f8c5827803505a5218a8accbf9
--Users-vito-data-dev-others--/00ca2116-0181-410b-b18d-f4ade0d38e20/session.jsonl.zstd	canonical	v0	00ca2116-0181-410b-b18d-f4ade0d38e20	292116	1786978020	3fa2acc2c761edc9e8801241df9f55f999a959a71281e01cd077c9734d1bb5d2
--Users-vito-data-dev-others--/01182ef7-ddaf-41d0-801f-8dd59130ca75/session.jsonl.zstd	canonical	v0	01182ef7-ddaf-41d0-801f-8dd59130ca75	997376	1787013441	a5c2c22f71ddbff656a8a25caf4fd1fe331b2cbe4ab6a004ccae9a15381a5236
--Users-vito-data-dev-others--/043fb4ad-eed8-4869-b5ed-e7219f2a8689/session.jsonl.zstd	canonical	v0	043fb4ad-eed8-4869-b5ed-e7219f2a8689	709320	1787040747	8d8db5689d4973d2bf326c1b6abed1627b8a664ee3147fa5769376dba22c4be0
--Users-vito-data-dev-others--/059274cd-c30b-4a72-8a81-0ed88c6e457b/session.jsonl.zstd	canonical	v0	059274cd-c30b-4a72-8a81-0ed88c6e457b	443396	1786860330	61cc8feea4e10b8652c509a0050ca3aaaa57d3e2ae30ae4dd367797787ad7b99
--Users-vito-data-dev-others--/068be52c-dbec-4147-8b15-44654d90a744/session.jsonl.zstd	canonical	v0	068be52c-dbec-4147-8b15-44654d90a744	3216	1786952029	d6624112d8182a8d730fd9c2b830ceef7da06bad1e897dd86f5014c3c69ddbdb
--Users-vito-data-dev-others--/075c590c-1f13-4e88-8436-d0e990a67521/session.jsonl.zstd	canonical	v0	075c590c-1f13-4e88-8436-d0e990a67521	3724	1786943371	c03cedfdb1ec7b91f21193c918b6c3ef52ad629006b19726967138e9b137c9d5
--Users-vito-data-dev-others--/08c5866b-a287-4551-b64e-123f83991768/session.jsonl.zstd	canonical	v0	08c5866b-a287-4551-b64e-123f83991768	3145	1786948832	5198e0f4c5677bd6f0fdcecea2849bd60623a82c93a708e930520992556f0a9e
--Users-vito-data-dev-others--/09699312-0787-4baf-926c-cea066660184/session.jsonl.zstd	canonical	v0	09699312-0787-4baf-926c-cea066660184	47421	1787321566	2e0e0b42875ce450e7edb74b042b893f19c16956263fe26bb84458ba04fb2e50
--Users-vito-data-dev-others--/0e90913a-7be9-4063-a061-d6c6387d3776/session.jsonl.zstd	canonical	v0	0e90913a-7be9-4063-a061-d6c6387d3776	66377	1786895801	77505a96413fca0c61b210c366ccfa07c0f2a650552c398ee5e80bda8c641b2b
--Users-vito-data-dev-others--/1069f15f-ce80-4814-98ec-f27107d54af4/session.jsonl.zstd	canonical	v0	1069f15f-ce80-4814-98ec-f27107d54af4	3454	1786981259	7b354fe7988226287f459d658153f5d79c8e9d4c909453dbfcd457a3e980548f
--Users-vito-data-dev-others--/10e1ca6f-63eb-4957-abd4-d696d07a1696/session.jsonl.zstd	canonical	v0	10e1ca6f-63eb-4957-abd4-d696d07a1696	3274	1786924933	07e87ea2df779e6a0ce1953381b5fa36ba5a62e646dba9c1ab6c0d8aca354f4a
--Users-vito-data-dev-others--/12e2f0cf-6869-4b59-89ae-628ec108560a/session.jsonl.zstd	canonical	v0	12e2f0cf-6869-4b59-89ae-628ec108560a	3321	1787320905	b7e5e867681f3fad67853f369bd61f50752a2b6fbbad1ea389cb9b0eda7dcc8a
--Users-vito-data-dev-others--/16b40e63-5314-4c13-a986-3ebad57b5865/session.jsonl.zstd	canonical	v0	16b40e63-5314-4c13-a986-3ebad57b5865	100682	1786897385	09d143269c6f2114fa332c6eb795592a7443c36b831faa9796543b6bd55702b5
--Users-vito-data-dev-others--/16d24035-04bb-4351-88f4-0451160174a7/session.jsonl.zstd	canonical	v0	16d24035-04bb-4351-88f4-0451160174a7	53005	1788854832	fc44911397e3f6fa0ff2ed64665abb8d21883c7ccb81281b6235a587d574e462
--Users-vito-data-dev-others--/16de350c-3c74-49ec-81a0-559328d71846/session.jsonl.zstd	canonical	v0	16de350c-3c74-49ec-81a0-559328d71846	3273	1786924849	16ad4077dce8d7497e124c1f67f22e1b3aa6a57749baf0651c72761260d76824
--Users-vito-data-dev-others--/16ea6616-c09e-46dc-91d4-ec6ce7257bcf/session.jsonl.zstd	canonical	v0	16ea6616-c09e-46dc-91d4-ec6ce7257bcf	246751	1786961458	2ea8eb3e1f6b80cd3dfd862ef087ed85213159fdfd74f05ff7f63d510e5cbe60
--Users-vito-data-dev-others--/17ebc557-2a4a-4515-b221-736c705d3d0f/session.jsonl.zstd	canonical	v0	17ebc557-2a4a-4515-b221-736c705d3d0f	3244	1786951242	fb8398eec5beb34f1d54ee8755aa6bac57b0414a4ab669f1d7a1269f8ff40c74
--Users-vito-data-dev-others--/19cdef1c-b56b-445f-8a5a-310b7ab59351/session.jsonl.zstd	canonical	v0	19cdef1c-b56b-445f-8a5a-310b7ab59351	11557	1788840274	225cd629a5310eac7f5f95cde52ae95f4c0a8c09b2faf245c941eba4658034ae
--Users-vito-data-dev-others--/19e2f33f-25f4-43d0-9210-8d72edc86b66/session.jsonl.zstd	canonical	v0	19e2f33f-25f4-43d0-9210-8d72edc86b66	7549	1788854980	7c35cdc84cac84a5feba2b08ef5922d568607915c9f0b83f816145e9f9048bde
--Users-vito-data-dev-others--/1c88339a-face-4615-95ca-65b4b7eb4aab/session.jsonl.zstd	canonical	v0	1c88339a-face-4615-95ca-65b4b7eb4aab	98370	1786924821	95e8a03e75079489ebee4dcf26338ad86a268402f130dc073d721f09f414fa51
--Users-vito-data-dev-others--/21c2abc4-6f9b-4ec5-8eb2-b71095af8fd5/session.jsonl.zstd	canonical	v0	21c2abc4-6f9b-4ec5-8eb2-b71095af8fd5	3590	1787485486	e6e57b0022874bff1926027b41e2b8891d887e26928e1410b5c0f5b57f7d009c
--Users-vito-data-dev-others--/27ca25ec-348d-4504-b060-cb669d47e41e/session.jsonl.zstd	canonical	v0	27ca25ec-348d-4504-b060-cb669d47e41e	27137	1787207064	bfe6d6bd64c9626ce75ca47b3b62d9da6b4a8f9ff2a77fdc98f20be2399178c7
--Users-vito-data-dev-others--/27f16f68-d253-4447-b7fe-257498a6dbe9/session.jsonl.zstd	canonical	v0	27f16f68-d253-4447-b7fe-257498a6dbe9	3410	1787106332	72e138963cdcf74d9f61c407d5d3522ab988e65f3627fdfe6419347dec885791
--Users-vito-data-dev-others--/2d4ca364-b71c-4672-933e-4aadc42b41f1/session.jsonl.zstd	canonical	v0	2d4ca364-b71c-4672-933e-4aadc42b41f1	2273243	1786873868	230a3d33e5cc3f6b0802695f0608f78ef63c26d96487d5f4005bc4be4b7aa581
--Users-vito-data-dev-others--/30c4e009-ba3e-48d6-9ce1-be29b5f09552/session.lock	lock	-	30c4e009-ba3e-48d6-9ce1-be29b5f09552	0	1789390525	e3b0c44298fc1c149afbf4c8996fb92427ae41e4649b934ca495991b7852b855
--Users-vito-data-dev-others--/30c4e009-ba3e-48d6-9ce1-be29b5f09552/session.v3.jsonl.zstd	canonical	v3	30c4e009-ba3e-48d6-9ce1-be29b5f09552	271027	1789390789	fd43cbd546cabba1bb993a1704ee9ce6cdf09132ea7dcd233309de29be97d4cb
--Users-vito-data-dev-others--/3d636f89-f5e7-4c91-8e01-86d7982e43f6/session.jsonl.zstd	canonical	v0	3d636f89-f5e7-4c91-8e01-86d7982e43f6	3409	1787151452	842838769411e9e7972845d0e37abffef6d31513957869357500ddc815cf89f7
--Users-vito-data-dev-others--/3d78bcf2-9a4b-4b08-9dae-c89d80f7166c/session.jsonl.zstd	canonical	v0	3d78bcf2-9a4b-4b08-9dae-c89d80f7166c	11806	1788854260	74c5d498fb7a6b33d40abe82ee018300da7301a0fe71e70c194e56c98a6dafa1
--Users-vito-data-dev-others--/3e1a3f52-b87b-4045-a7fa-1b9235c4d735/session.jsonl.zstd	canonical	v0	3e1a3f52-b87b-4045-a7fa-1b9235c4d735	240426	1787489697	f93b0fd3a6e84eefeefdcfcca57740b6e79b706ba037f36fb6789285b50b4575
--Users-vito-data-dev-others--/3ef7b511-7f38-4fe9-a173-3d29bcf05b65/session.jsonl.zstd	canonical	v0	3ef7b511-7f38-4fe9-a173-3d29bcf05b65	3636	1787070698	573441030c18589e793acc0a7cb31ae856cf443110d31a92f63d6f3680fabdda
--Users-vito-data-dev-others--/3f604250-8394-4538-a147-9d86165cb2af/session.jsonl.zstd	canonical	v0	3f604250-8394-4538-a147-9d86165cb2af	454983	1786804791	1ca2f55f93be9d3091578a4c8260fce8247e47f158dcae6906710e4c3a994cef
--Users-vito-data-dev-others--/3f8d57e6-8b44-497e-a3ab-ba4a8636f6e4/session.jsonl.zstd	canonical	v0	3f8d57e6-8b44-497e-a3ab-ba4a8636f6e4	3632	1787070320	8b3b7e5ddc18d7d5bb378ca0d72c6b4194c0d8353d1a1b0b872471c4b3dc063a
--Users-vito-data-dev-others--/402d35d1-a9be-41d9-b3e4-cd844e2b3c57/session.jsonl.zstd	canonical	v0	402d35d1-a9be-41d9-b3e4-cd844e2b3c57	539217	1787107813	fecb4d92b59921cc45b1506ba0c3445b483c5801e26b91e0cf1117dcdb60cc41
--Users-vito-data-dev-others--/407e40ff-c704-462a-a77d-c238708b17d6/session.jsonl.zstd	canonical	v0	407e40ff-c704-462a-a77d-c238708b17d6	303953	1786969280	a8aebddc874529ede64e5ec378feb9bdc2dcba4f81003ee413ced89adee78032
--Users-vito-data-dev-others--/407e40ff-c704-462a-a77d-c238708b17d6/session.jsonl.zstd.bak-polluted-splice	variant	-	407e40ff-c704-462a-a77d-c238708b17d6	35717	1786952305	a5aca2c8b9b46d122ee0002827211021511cc2a1cd072de721c6047420438cf1
--Users-vito-data-dev-others--/41809af4-7ef4-4656-9c04-354b352940e3/session.jsonl.zstd	canonical	v0	41809af4-7ef4-4656-9c04-354b352940e3	6234	1786951635	ccb22e5f242dad1ab022b184666e219ff76dd722fdc41bbae2f09c1a23042a68
--Users-vito-data-dev-others--/48138cd0-4e97-466c-9509-9c1c5fba02bd/session.jsonl.zstd	canonical	v0	48138cd0-4e97-466c-9509-9c1c5fba02bd	3634	1787322441	f67665323bb449cc5ba164acca33fa479ac3d13fd47e13511d865bce3dc96a62
--Users-vito-data-dev-others--/487b74e0-6f19-4767-bc28-386a9619134a/session.jsonl.zstd	canonical	v0	487b74e0-6f19-4767-bc28-386a9619134a	3253	1786949675	59f4bdf8ae7fb443105d1b341475266d857e0e20c675263b5abdf63428768b48
--Users-vito-data-dev-others--/48d183cc-0808-4206-92fa-948577dcce4c/session.jsonl.zstd	canonical	v0	48d183cc-0808-4206-92fa-948577dcce4c	3285	1787211415	35abcfa3d8b299d6dd66c3a4aaed25739316ccedb7540f2c5d3782027b21a221
--Users-vito-data-dev-others--/4982ba78-e7c5-4d69-ba27-72dbdbab0542/session.lock	lock	-	4982ba78-e7c5-4d69-ba27-72dbdbab0542	0	1789517295	e3b0c44298fc1c149afbf4c8996fb92427ae41e4649b934ca495991b7852b855
--Users-vito-data-dev-others--/4982ba78-e7c5-4d69-ba27-72dbdbab0542/session.v3.jsonl.zstd	canonical	v3	4982ba78-e7c5-4d69-ba27-72dbdbab0542	257360	1789517516	39f437a91da001391492b2771e27c3f0d7cf58a9758edf6f1d270449a065e8e0
--Users-vito-data-dev-others--/4a7bb681-b7a4-4190-a5a4-8e7d734abb69/session.jsonl.zstd	canonical	v0	4a7bb681-b7a4-4190-a5a4-8e7d734abb69	3118	1786968706	0e64e70282deec98709ec14cb46d733c0984e38e5764d02a6f290fdc1c1212dd
--Users-vito-data-dev-others--/50557050-a9a1-4c87-b18f-3de8e1a3744d/session.jsonl.zstd	canonical	v0	50557050-a9a1-4c87-b18f-3de8e1a3744d	3629	1787070385	e81e5f2bac7603c39ffe8318b76bac96276cc7c5bf69c1fbcb73c4abaeb5200e
--Users-vito-data-dev-others--/52072da3-f232-4d68-9086-bba47ae40bda/session.jsonl.zstd	canonical	v0	52072da3-f232-4d68-9086-bba47ae40bda	3259	1787069289	770c7f70fe3b9ca42200e874ad4c891488418cdde96e69114ac871f3f63ba012
--Users-vito-data-dev-others--/5323641b-a564-40a5-8833-ac2c221f996d/session.jsonl.zstd	canonical	v0	5323641b-a564-40a5-8833-ac2c221f996d	3386	1786950323	ada58a584a068f081ed9c81098f909fb23569c611af3a278c7d5a82835e0cee9
--Users-vito-data-dev-others--/54f250f3-8e9b-4c5f-a994-25eb33b5eec1/session.jsonl.zstd	canonical	v0	54f250f3-8e9b-4c5f-a994-25eb33b5eec1	3330	1786958468	c7f807fc0185de184f2fdea4f789e199ebce2a5e9da6a1e797e9c4891ac3eb71
--Users-vito-data-dev-others--/58b50549-12e4-4b80-a601-d6a5cb86cbf1/session.jsonl.zstd	canonical	v0	58b50549-12e4-4b80-a601-d6a5cb86cbf1	3319	1787321388	2ec5263e549e3d90d79b9aa21909e77981e1112866fcd74482618679f9b17bb3
--Users-vito-data-dev-others--/596b062e-5ec5-4262-b37f-7f2225ce39fe/session.jsonl.zstd	canonical	v0	596b062e-5ec5-4262-b37f-7f2225ce39fe	3276	1786925089	e57b99d988c6fb7a964535864853efff3b3a7827a0664cc9227e41b88e31fe9a
--Users-vito-data-dev-others--/5ec2e2d7-ce91-43ed-b2b5-2e32e8dae0bf/session.jsonl.zstd	canonical	v0	5ec2e2d7-ce91-43ed-b2b5-2e32e8dae0bf	11577	1788827363	ccbc368bcb0ad9eacddcd6ec377eb7b35d494c998b39229ec81cc7249f58cb8c
--Users-vito-data-dev-others--/5f4cbdd8-9a20-400a-912a-be7501397e60/session.jsonl.zstd	canonical	v0	5f4cbdd8-9a20-400a-912a-be7501397e60	105795	1786934814	64237628e2884f63c8b62ec99a5820200b58582bd8fc44a87aa802d5eb727682
--Users-vito-data-dev-others--/6279da90-4a15-4c98-b4d5-738d2193be22/session.jsonl.zstd	canonical	v0	6279da90-4a15-4c98-b4d5-738d2193be22	3184	1786898568	3f781cc46535a52487de0a9ae302af4d13328cdbe2cda5c2888cc9f55397f591
--Users-vito-data-dev-others--/62b56a92-0e4b-4e33-a892-09a1f0403d64/session.jsonl.zstd	canonical	v0	62b56a92-0e4b-4e33-a892-09a1f0403d64	3409	1787151499	da0807cb719b6d29ef9b736aaf799d5035fdb9dd5f888c7dbc96299806b8d4e3
--Users-vito-data-dev-others--/6395e7ff-2842-4643-9bd8-7bfa0225d880/session.jsonl.zstd	canonical	v0	6395e7ff-2842-4643-9bd8-7bfa0225d880	3275	1786900247	58ce90dc1a2b987da55bce4b68c5115fce5f6ec62966b2a3dfa9604f64281971
--Users-vito-data-dev-others--/65a1dace-2aa7-4307-a9c2-693d55aaef94/session.jsonl.zstd	canonical	v0	65a1dace-2aa7-4307-a9c2-693d55aaef94	3839	1787195146	ea79af119e93d2af255d01280635e122d1bf553df2abafb237b809cd67a7c3db
--Users-vito-data-dev-others--/65bbf31b-d5e4-4bc0-8306-171e9db7a7be/session.jsonl.zstd	canonical	v0	65bbf31b-d5e4-4bc0-8306-171e9db7a7be	3248	1786949638	2312b5319a457160ccc42a15f7316aedb6858c48526374b24aae7e5851c9d539
--Users-vito-data-dev-others--/674745f5-2736-4bb7-a96d-06cf27e3d4c0/session.jsonl.zstd	canonical	v0	674745f5-2736-4bb7-a96d-06cf27e3d4c0	57242	1786981372	4ccc2831ec527948c19bdea3789634c64ec2d2a8638407d309b2a6ec0a7df46e
--Users-vito-data-dev-others--/691d9fd0-6c8c-402e-a186-bca27aec6ba9/session.jsonl.zstd	canonical	v0	691d9fd0-6c8c-402e-a186-bca27aec6ba9	3629	1787070135	0d61b5813f8e444113b3eecef6b00d3854cdaac1c22c46324bb5ce6d9e2ae4c5
--Users-vito-data-dev-others--/6b063ab4-da08-4ee6-b2af-53b160973f84/session.jsonl.zstd	canonical	v0	6b063ab4-da08-4ee6-b2af-53b160973f84	3275	1786924771	dc12e1733e6abef9dbbfc4873f15d50f2078524ba43c16831cdef80f30a94ee8
--Users-vito-data-dev-others--/6fc70a7d-d8a2-4da2-8603-ca1d0e1fa861/session.jsonl.zstd	canonical	v0	6fc70a7d-d8a2-4da2-8603-ca1d0e1fa861	690151	1786860531	43bd4283f3674aa01eafb2eec1ce0bd02a555097686aac403b2458f763333645
--Users-vito-data-dev-others--/71422023-4332-407b-8a37-bc1aec46b254/session.jsonl.zstd	canonical	v0	71422023-4332-407b-8a37-bc1aec46b254	3257	1786956214	13c85888f68df43037d158e2f65106f65ee2b1d7c7984a94d7085fff1df5c2cb
--Users-vito-data-dev-others--/73a8a87b-5a24-4dc7-8841-dfd78e477d2a/session.jsonl.zstd	canonical	v0	73a8a87b-5a24-4dc7-8841-dfd78e477d2a	11164	1788792295	1c5cc81ed272cd84a2a713dee970d5c239b74305edc396b32843b339352be1dd
--Users-vito-data-dev-others--/751ed188-2e7c-4ff3-9a25-b787bdeeec5b/session.lock	lock	-	751ed188-2e7c-4ff3-9a25-b787bdeeec5b	0	1789380240	e3b0c44298fc1c149afbf4c8996fb92427ae41e4649b934ca495991b7852b855
--Users-vito-data-dev-others--/751ed188-2e7c-4ff3-9a25-b787bdeeec5b/session.v3.jsonl.zstd	canonical	v3	751ed188-2e7c-4ff3-9a25-b787bdeeec5b	458590	1789380932	aa42e9c50cf66ae32445822cbd1ecbcdb5cff0460cad5f798b5876b71356d047
--Users-vito-data-dev-others--/757e8927-b647-4f05-a110-e5c2ee5f9f03/session.jsonl.zstd	canonical	v0	757e8927-b647-4f05-a110-e5c2ee5f9f03	3633	1787070363	23681ee94c8a711074fbac7c5812b8a685934ea3ea9c3f2059bc8a6c484e13f4
--Users-vito-data-dev-others--/76baa7ef-a6dc-4423-aab8-0ebba2034170/session.jsonl.zstd	canonical	v0	76baa7ef-a6dc-4423-aab8-0ebba2034170	556356	1787195158	ca3e172e216eb41ec23082bb05a3c95a5b9a43358d92d0ce6a5a297bdac4d750
--Users-vito-data-dev-others--/77726b87-7d96-4356-83ba-ce2269110488/session.jsonl.zstd	canonical	v0	77726b87-7d96-4356-83ba-ce2269110488	3257	1786953346	06c32bbfd666d1aa374f03d0ba3d81d5cfc569ca8ecb782290a5950daf48ae87
--Users-vito-data-dev-others--/7d774336-4f69-4668-998b-b725f3943a84/session.jsonl.zstd	canonical	v0	7d774336-4f69-4668-998b-b725f3943a84	12435	1787321434	b9d72f75390c2d8fb5d76849e1dec4d0ff937002cbf1fe86b4f83a57a2d5a337
--Users-vito-data-dev-others--/7d9fd0e2-2dee-467e-a8ea-3d024d3287c3/session.jsonl.zstd	canonical	v0	7d9fd0e2-2dee-467e-a8ea-3d024d3287c3	3409	1787205878	08c19d1af92dbc298b4cddd42175e1846b72bb4d6efb0c5609cf762640cc201c
--Users-vito-data-dev-others--/7e2a3dd3-ff3c-4e18-9633-5f346918368f/session.jsonl.zstd	canonical	v0	7e2a3dd3-ff3c-4e18-9633-5f346918368f	279442	1786797128	96c583c178e49d8cc359e13e46a8dca18789e69d7bbb6522685c65a956d9623f
--Users-vito-data-dev-others--/81aaf0c7-60a1-4f41-aaee-399c8d01a2ff/session.jsonl.zstd	canonical	v0	81aaf0c7-60a1-4f41-aaee-399c8d01a2ff	3561	1787489473	3e3be4d99fdb9f9885adda8b4074717015239efe7b8a09a7d1893572702f5c05
--Users-vito-data-dev-others--/89a7e71a-fa94-42c0-8c07-e4b421e6d17d/session.jsonl.zstd	canonical	v0	89a7e71a-fa94-42c0-8c07-e4b421e6d17d	190996	1786981369	9a3f896de7cfb50ba09c59115948b73ec821a1c71fa85706362bb27d3aac062b
--Users-vito-data-dev-others--/8cca2600-0fc7-4480-9193-67713eff1c51/session.jsonl.zstd	canonical	v0	8cca2600-0fc7-4480-9193-67713eff1c51	98814	1786981371	b48dada54562078349a9609df84fee18c6769e1d686465c8ad1d170bbcea0c2e
--Users-vito-data-dev-others--/91a319ae-4f5c-4e52-9388-08efdaef215e/session.jsonl.zstd	canonical	v0	91a319ae-4f5c-4e52-9388-08efdaef215e	12546	1788799556	b8b9362f541bf117177e71b411f26d27a70e3aec952fd932a568b4305215528f
--Users-vito-data-dev-others--/97f2dac0-3948-4b0e-91c2-69880ee31a14/session.jsonl.zstd	canonical	v0	97f2dac0-3948-4b0e-91c2-69880ee31a14	3631	1787070278	71735d42eca4b14f215ec6f882ca5b363839f196146f7cae72297cd608140073
--Users-vito-data-dev-others--/992a03e6-3e15-4f93-b868-506c1a80e5c7/session.jsonl.zstd	canonical	v0	992a03e6-3e15-4f93-b868-506c1a80e5c7	3256	1786953692	efa8c1c368da1330ffe0c656c7f248ea4d8e788af5a5e8ab1e6e158e5b45ae86
--Users-vito-data-dev-others--/995f49ed-ba09-4654-9a03-c02069af9886/session.jsonl.zstd	canonical	v0	995f49ed-ba09-4654-9a03-c02069af9886	145204	1786949699	d8e6e3037af36805dce7ba25e23eb8d1222f8954085ba9a443ac88b08351382f
--Users-vito-data-dev-others--/9cdf92f3-d9bd-4ec8-9874-350a8e778c9b/session.jsonl.zstd	canonical	v0	9cdf92f3-d9bd-4ec8-9874-350a8e778c9b	626348	1786805050	c32cb925d9475458005b1a25237a8aafed5e752011eb7d61de9a3a6fb6cc67ba
--Users-vito-data-dev-others--/a1940b83-5e2f-4c5e-aff3-bcec9fc2a2c0/session.jsonl.zstd	canonical	v0	a1940b83-5e2f-4c5e-aff3-bcec9fc2a2c0	3320	1787321034	62ec5197440597143b6617422a3c60712a9babec454a634f7411084bf37a8c59
--Users-vito-data-dev-others--/a3705fa0-ed1d-4138-a932-135f09b5ac1b/session.jsonl.zstd	canonical	v0	a3705fa0-ed1d-4138-a932-135f09b5ac1b	3655	1787322351	ad5373b6326008d042aaaf7394fc3d39f7690c70ed335fd4e9fea184ec26ae03
--Users-vito-data-dev-others--/a3b9e367-00d3-49b6-a9f4-d806ddb5902a/session.jsonl.zstd	canonical	v0	a3b9e367-00d3-49b6-a9f4-d806ddb5902a	684277	1786860468	5a93a5d17568ce3de42162e09abe4efe9feffb487891a634a3f349edbbb6dc93
--Users-vito-data-dev-others--/a4dcc9b8-3c99-4f73-8f91-2bf26cce5835/session.jsonl.zstd	canonical	v0	a4dcc9b8-3c99-4f73-8f91-2bf26cce5835	193227	1787070838	e37ad2c894aaa8b0f176ba45478424172dcdde1244af109f16e664c5c150b7d9
--Users-vito-data-dev-others--/a4e92dd4-f162-4083-8b85-0a1b70545bff/session.jsonl.zstd	canonical	v0	a4e92dd4-f162-4083-8b85-0a1b70545bff	3144	1786947834	4a14cbc1d111acb273314fd2fa82a1d1b24a2039c41329e1f4f6ccf4bd798973
--Users-vito-data-dev-others--/a7a89b03-1e5f-4827-b998-7b9376eab6ed/session.jsonl.zstd	canonical	v0	a7a89b03-1e5f-4827-b998-7b9376eab6ed	3259	1787040485	0b18016ff1e22bf1611ccaacc7e8f3a9138d43924a9c5ba704ae5c54557757a0
--Users-vito-data-dev-others--/ac6dc8eb-06f3-4e45-a252-5ba8155c2026/session.jsonl.zstd	canonical	v0	ac6dc8eb-06f3-4e45-a252-5ba8155c2026	3119	1786962580	0acd168a0410731f7851c8392f7e792c613eb5b439c2b5668996c6b7e91538d1
--Users-vito-data-dev-others--/ad5f73ed-bcee-4901-a02f-498829b71601/session.jsonl.zstd	canonical	v0	ad5f73ed-bcee-4901-a02f-498829b71601	3630	1787070481	02881a14eb90e0a34ac9c654b39adc98497402c43b6e0109966d2c289970aaff
--Users-vito-data-dev-others--/adfa2550-2dc1-4cd1-afbf-36209f07ef15/session.jsonl.zstd	canonical	v0	adfa2550-2dc1-4cd1-afbf-36209f07ef15	1578739	1787205895	0272f40c7c4f6d6dcc4e8c635cdfb1f2c2635cda0f939c44b3843ef256de452d
--Users-vito-data-dev-others--/b18c4fa0-ba0e-4dc2-9bdd-562e5ba99b58/session.jsonl.zstd	canonical	v0	b18c4fa0-ba0e-4dc2-9bdd-562e5ba99b58	379632	1786860269	17945ef4db752e16fe7e4362fb97e11e3a5cfafaaef1b799397eb1838fee8d3e
--Users-vito-data-dev-others--/b475f1d6-1cd3-4adb-bddd-20ab459a3ad8/session.jsonl.zstd	canonical	v0	b475f1d6-1cd3-4adb-bddd-20ab459a3ad8	666595	1787216718	648ed4ab9ab70e2967b053a54e094d39a3afc4c7650983e362d0c45ba59d21ac
--Users-vito-data-dev-others--/b983c166-c43f-4bc0-b25d-c2fa21951316/session.jsonl.zstd	canonical	v0	b983c166-c43f-4bc0-b25d-c2fa21951316	3243	1786951015	38ce09b5bd249e8a82df9f08f5688c4023eaa104c3f782740b433089437a883a
--Users-vito-data-dev-others--/c5b8a6ba-74fd-49ab-a1f5-a989425e682f/session.jsonl.zstd	canonical	v0	c5b8a6ba-74fd-49ab-a1f5-a989425e682f	6322	1787321208	f4851e5e85057dfd551dce5f1196500b4fa65e9f8495445fb2ed13c760f03228
--Users-vito-data-dev-others--/c61ec85d-a040-4c5d-a9f7-7d095c86c00f/session.jsonl.zstd	canonical	v0	c61ec85d-a040-4c5d-a9f7-7d095c86c00f	335873	1787321008	678fc3c0a63cc487624cfef029fcdc3a2abd0ae3447e3405ff819bdbde7dcf9b
--Users-vito-data-dev-others--/c9e83713-54e1-4d8b-bd26-23867ac43e49/session.jsonl.zstd	canonical	v0	c9e83713-54e1-4d8b-bd26-23867ac43e49	763511	1786951336	f197687b86f26ca4c93fb914a7ae30efdcba450ac682cdbc489312b752e36708
--Users-vito-data-dev-others--/cb0a9880-5143-4edf-89dc-6c07e8bffff0/session.jsonl.zstd	canonical	v0	cb0a9880-5143-4edf-89dc-6c07e8bffff0	675069	1786805081	850c0bb6d08d83657e309b44d631c47ead8da225c853d6dbbfa6abe75d3b4538
--Users-vito-data-dev-others--/cd08c294-6548-4d38-803d-32e29a16bd04/session.jsonl.zstd	canonical	v0	cd08c294-6548-4d38-803d-32e29a16bd04	3833	1787153745	f473bbefdc3b5bf53a57b757069693e8d5c36bf48ac8ed0ab3e8e094e11278b8
--Users-vito-data-dev-others--/cd66b67a-5ae6-443e-9baa-8c21f0426810/session.jsonl.zstd	canonical	v0	cd66b67a-5ae6-443e-9baa-8c21f0426810	11503	1788792228	4c12e808482fea5be15311de17819ce69659a9c0b1d0ae0a46e11d2983501e50
--Users-vito-data-dev-others--/cdfea255-1255-42c2-adb6-61e9c4d7a80e/session.jsonl.zstd	canonical	v0	cdfea255-1255-42c2-adb6-61e9c4d7a80e	80101	1786925193	def496c00a3c390ede56940d17c0f941fbbaa313ba090d05d0aec4123d924d5b
--Users-vito-data-dev-others--/cef0d4da-e9e9-4122-b15b-dd228ca34563/session.jsonl.zstd	canonical	v0	cef0d4da-e9e9-4122-b15b-dd228ca34563	80103	1786981372	c70400576947790203b5abf1f7ba48e808a38116b6ca4c46441aeb9671802d90
--Users-vito-data-dev-others--/cfee3a01-419b-46dc-9055-d3359a6867e2/session.jsonl.zstd	canonical	v0	cfee3a01-419b-46dc-9055-d3359a6867e2	38129	1786981458	96c3e8fa10195e0db97c202215312ba9f5c78e4002dd790ddf654faab53adafa
--Users-vito-data-dev-others--/d19b1e8e-4fbb-4178-839e-7799be0e5dec/session.jsonl.zstd	canonical	v0	d19b1e8e-4fbb-4178-839e-7799be0e5dec	1047835	1787207081	381b471c72ad7988034242a4ace478c8e137fa845c2d75aebc9b1ad83c8625fa
--Users-vito-data-dev-others--/d2962135-0a97-4c32-8e4e-4b01c7445ac1/session.jsonl.zstd	canonical	v0	d2962135-0a97-4c32-8e4e-4b01c7445ac1	3317	1787321340	41180a06be9e2e7263609dc5083678746246c6edbf2e2fcfc666b5bb4de91c16
--Users-vito-data-dev-others--/d57a808a-3af1-413c-a9ac-8a56e96c5914/session.jsonl.zstd	canonical	v0	d57a808a-3af1-413c-a9ac-8a56e96c5914	3186	1786897898	c4c042d3f1ccc5a2ab841a5e78f8a93b56c09b5d7292711a30f00bf0e7b4e303
--Users-vito-data-dev-others--/d5d97ba0-7c4e-4028-ac00-b7026f27cb59/session.jsonl.zstd	canonical	v0	d5d97ba0-7c4e-4028-ac00-b7026f27cb59	11187	1788848170	9446ce3f26fca3b59a9889081dce7ef208b459f19b9721d2e665d0571f4adf6a
--Users-vito-data-dev-others--/d60439b5-6e4b-4777-9fc9-d17cea9b0a6b/session.jsonl.zstd	canonical	v0	d60439b5-6e4b-4777-9fc9-d17cea9b0a6b	11206	1788799942	bd770742e14d6c8d68bb5632a9da11e9e91ad9f55f5f3e4ca79496b9f310a406
--Users-vito-data-dev-others--/d8063479-c9e7-402e-814a-41b831381b98/session.jsonl.zstd	canonical	v0	d8063479-c9e7-402e-814a-41b831381b98	6369	1786924695	9088c14b2b1e810397a59ce6918239cdfe0659b14b46e35b18487c389a4af455
--Users-vito-data-dev-others--/da92198c-092b-436b-a8e2-b51ce155cfd9/session.jsonl.zstd	canonical	v0	da92198c-092b-436b-a8e2-b51ce155cfd9	984282	1787206311	4a4cb0b31009d2d67aa73de0b17dddc06389bdcec602b4fee05d1b7c98c26b6d
--Users-vito-data-dev-others--/dc496098-6fdd-424f-a463-0bf81a4be7cd/session.jsonl.zstd	canonical	v0	dc496098-6fdd-424f-a463-0bf81a4be7cd	649779	1786785591	e262a44ea4707aff77a78a5e6aadd66c09f2cd0dbf725b323f9a4cd0ecbf49a0
--Users-vito-data-dev-others--/dd28b46a-ae8c-4056-9ddc-900d84dfeb8f/session.jsonl.zstd	canonical	v0	dd28b46a-ae8c-4056-9ddc-900d84dfeb8f	3285	1787211844	1d566bd8b035eb71e0a7bb5c92416c43948da7a19e02fb6c059169ad34ced79b
--Users-vito-data-dev-others--/e1b4c1ed-edb3-4cef-995b-93aeda010dca/session.jsonl.zstd	canonical	v0	e1b4c1ed-edb3-4cef-995b-93aeda010dca	3120	1786967553	78160c4dffc970289ae8d7b746cdc43dca5d99f4dc3d60b26e9623055a0a9569
--Users-vito-data-dev-others--/e2e47f0f-6800-48bb-9380-fbc14df72a34/session.jsonl.zstd	canonical	v0	e2e47f0f-6800-48bb-9380-fbc14df72a34	2248	1786804245	c886437c396e04fff3a2d50ee4b7847544c191225eaca1b422c5b16aeacf31e3
--Users-vito-data-dev-others--/e36a55ba-e33a-4ff4-9355-397075ef9071/session.jsonl.zstd	canonical	v0	e36a55ba-e33a-4ff4-9355-397075ef9071	3283	1786948713	cec8834d4f4f5d0c18bcace6c103a69958db88049a841a6407d6c8762a7521e7
--Users-vito-data-dev-others--/e37abe92-cd22-48ac-a458-544552417d44/session.jsonl.zstd	canonical	v0	e37abe92-cd22-48ac-a458-544552417d44	422003	1787322171	4e6e6ccbc516ca712167a1d4e6ab9986dfe29ee8d9a563e1c1d6ec481491874c
--Users-vito-data-dev-others--/e570510a-66e0-4985-811c-03d8c6408042/session.jsonl.zstd	canonical	v0	e570510a-66e0-4985-811c-03d8c6408042	2974	1786859903	27ad5259fa0fdea48f918d1fc68aada505bd480ec1cb0d9c4f291096b1b6ac77
--Users-vito-data-dev-others--/e89f238f-e8fb-46c9-88e8-d4a39ed58489/session.jsonl.zstd	canonical	v0	e89f238f-e8fb-46c9-88e8-d4a39ed58489	679076	1787153827	f24e6afa3e61b5e40b4f82de4a59ea6dfdc0952ffc77f06ba006aff1c083c7f9
--Users-vito-data-dev-others--/f058c284-a695-4925-b467-484cd0b8abfb/session.jsonl.zstd	canonical	v0	f058c284-a695-4925-b467-484cd0b8abfb	6027	1786947805	f4f170bfa18c74048fc8ec7aa476e708c02bab9676c3fc7c18af14e303e545f1
--Users-vito-data-dev-others--/f42cf5f8-58c9-43f3-8cdf-15ea626cc407/session.lock	lock	-	f42cf5f8-58c9-43f3-8cdf-15ea626cc407	0	1790043590	e3b0c44298fc1c149afbf4c8996fb92427ae41e4649b934ca495991b7852b855
--Users-vito-data-dev-others--/f42cf5f8-58c9-43f3-8cdf-15ea626cc407/session.v3.jsonl.zstd	canonical	v3	f42cf5f8-58c9-43f3-8cdf-15ea626cc407	226057	1790044139	f5e698341633dbe44fb7bb5a40144d1391e0a5f1211ddbcd31fce2fa47ca1e6a
--Users-vito-data-dev-others--/f5e0ccaa-4765-4ce9-aab7-85002556539e/session.jsonl.zstd	canonical	v0	f5e0ccaa-4765-4ce9-aab7-85002556539e	3407	1786981482	595a2a95bb30309809aaad7f6a8d37538f9d80738fcf291e3c6623dcf06bdd31
--Users-vito-data-dev-others--/f99bd198-7cac-46aa-be2d-b726e2143bdc/session.jsonl.zstd	canonical	v0	f99bd198-7cac-46aa-be2d-b726e2143bdc	3244	1786950900	2e8aeacab3aa561985211c90313c255f05d9584193f84205c88f3780470688a4
--Users-vito-data-dev-others--/fbade5c1-facd-4f39-9055-b72dd64e1c88/session.jsonl.zstd	canonical	v0	fbade5c1-facd-4f39-9055-b72dd64e1c88	3630	1787070415	267f5c831643501463b4cbf041ffad3beb57882869946eae09795353448c226a
--Users-vito-data-dev-others--/fdd07572-72bf-46da-be66-30a8b45d6c65/session.jsonl.zstd	canonical	v0	fdd07572-72bf-46da-be66-30a8b45d6c65	116563	1786981371	eb76e167f78624d6365c2f04994e4456bd82e7b9c88944adaecbbadd79e401b4
--Users-vito-data-dev-others--/fdfe320e-e9f2-4aa8-b9de-a680a73fe53a/session.jsonl.zstd	canonical	v0	fdfe320e-e9f2-4aa8-b9de-a680a73fe53a	1259229	1786893583	79b3ac367385207d316f3862599cdd36b9804cb44ac7291719783f8b4dea3eec
--Users-vito-data-dev-others--/ff8dd1cb-8e3f-4d55-95d6-6a508aa0923f/session.jsonl.zstd	canonical	v0	ff8dd1cb-8e3f-4d55-95d6-6a508aa0923f	412490	1786804750	133327f0b6a2f894d8caccdc2a71f05e2bdc50257b7765d2e9c39be28ba6eaf1
--Users-vito-data-dev-others--/session-01f33197-847b-4b51-8d90-470325551eb2/session.lock	lock	-	session-01f33197-847b-4b51-8d90-470325551eb2	0	1789567455	e3b0c44298fc1c149afbf4c8996fb92427ae41e4649b934ca495991b7852b855
--Users-vito-data-dev-others--/session-01f33197-847b-4b51-8d90-470325551eb2/session.v3.jsonl.zstd	canonical	v3	session-01f33197-847b-4b51-8d90-470325551eb2	1774848	1789575237	5033dfc9b1f9e234074d640df334595b6d145f17e0fd19c9806c417fa46e5e7a
--Users-vito-data-dev-others--/session-03778e07-1652-4c31-b067-0c07b8e08209/session.lock	lock	-	session-03778e07-1652-4c31-b067-0c07b8e08209	0	1789577264	e3b0c44298fc1c149afbf4c8996fb92427ae41e4649b934ca495991b7852b855
--Users-vito-data-dev-others--/session-03778e07-1652-4c31-b067-0c07b8e08209/session.v3.jsonl.zstd	canonical	v3	session-03778e07-1652-4c31-b067-0c07b8e08209	1027425	1789626894	027b48bfd6517f0957e0c1c860bd61034425719e81aea31a4a8ad5933ef668df
--Users-vito-data-dev-others--/session-04d38176-4de7-4a31-8d1e-c3050e35a1cf/session.jsonl.zstd	canonical	v0	session-04d38176-4de7-4a31-8d1e-c3050e35a1cf	473	1788234859	a9b6e30d379b32345bce11e5127bf12939df197e0c526d8915e9e1c33fc36fb0
--Users-vito-data-dev-others--/session-05945b34-1062-4cb4-82ab-1bf7258ee40a/session.jsonl.zstd	canonical	v0	session-05945b34-1062-4cb4-82ab-1bf7258ee40a	470	1788452829	6f283f56313bfe62f7b7ebbf636678549da752f33025f6b73d24ac67f3564c20
--Users-vito-data-dev-others--/session-0686d1f1-9d2c-4636-b543-3cf63811f4fb/session.jsonl.zstd	canonical	v0	session-0686d1f1-9d2c-4636-b543-3cf63811f4fb	468	1788452424	aac7a5cd154a3c9e06da198da5662898ea6762bfce2fa53385b2aaa3ad20c5e1
--Users-vito-data-dev-others--/session-06a0d724-c2f0-4278-9c21-fd9affdecd2a/session.jsonl.zstd	canonical	v0	session-06a0d724-c2f0-4278-9c21-fd9affdecd2a	128909	1787739998	2ee55b7de7cce801349948ed241e9d6bd6f865da7a705b449379a5a5846567c7
--Users-vito-data-dev-others--/session-06baaa08-42d6-4dfa-aa3e-219ef5f88e87/session.jsonl.zstd	canonical	v0	session-06baaa08-42d6-4dfa-aa3e-219ef5f88e87	3890	1787902463	bcb93ec33503518d8784501fdc7fda6efeb11acbd944397780807d9b91be2c20
--Users-vito-data-dev-others--/session-0854dfe2-837f-4d85-a0b9-a7de0c8381fa/session.jsonl.zstd	canonical	v0	session-0854dfe2-837f-4d85-a0b9-a7de0c8381fa	2382	1788852013	f7610afd1da81ffb4c2261df4c4ffe5b04899f0c7684313f10326d49cefe5fc0
--Users-vito-data-dev-others--/session-0b460ee2-1c8a-4d22-87f1-59f800beead5/session.lock	lock	-	session-0b460ee2-1c8a-4d22-87f1-59f800beead5	0	1790071423	e3b0c44298fc1c149afbf4c8996fb92427ae41e4649b934ca495991b7852b855
--Users-vito-data-dev-others--/session-0b460ee2-1c8a-4d22-87f1-59f800beead5/session.v3.jsonl.zstd	canonical	v3	session-0b460ee2-1c8a-4d22-87f1-59f800beead5	2446	1790071438	89318a381eb5ca112c1bedac50a9afaa8499ce89c64317fa92f41606378d0c63
--Users-vito-data-dev-others--/session-0b822f0f-5524-4454-abfd-50fd39fda290/session.jsonl.zstd	canonical	v0	session-0b822f0f-5524-4454-abfd-50fd39fda290	1432651	1789217508	29aae9700d59f9b15b4a9b22fc23e6131f604b1c3494f01b89c056db634bc5aa
--Users-vito-data-dev-others--/session-0f7aeff6-a1e1-4144-8034-7b623515fc6f/session.jsonl.zstd	canonical	v0	session-0f7aeff6-a1e1-4144-8034-7b623515fc6f	354461	1788508567	a90e646cbb10c8faecd06116bd9e5ac464a7bba99aec61a773b6ca94b7dbcc38
--Users-vito-data-dev-others--/session-1/session.jsonl.zstd	canonical	v0	session-1	2143	1786804245	fab91d0fed3cee92154cb8349a4b647469431040c233b660d9bac6c7a02ffcf8
--Users-vito-data-dev-others--/session-12d50ddd-2df7-44ee-a63f-a299092e4263/session.jsonl.zstd	canonical	v0	session-12d50ddd-2df7-44ee-a63f-a299092e4263	473	1788353520	11b273590a6527f4e1e8ebda588ced85a21f1e5449231538b10dac12eb7d7f51
--Users-vito-data-dev-others--/session-17dd20ae-5d12-444b-942c-ca376b2800ec/session.jsonl.zstd	canonical	v0	session-17dd20ae-5d12-444b-942c-ca376b2800ec	470	1788450686	4c0d51c9172d70ce8797dd8df678e957b1e2410a6e616ee28a62c63293b8406d
--Users-vito-data-dev-others--/session-18a12a15-05f6-402c-a12a-0638acd1cc58/session.jsonl.zstd	canonical	v0	session-18a12a15-05f6-402c-a12a-0638acd1cc58	2519	1788855613	af6017a9f4db91b525b11763dff9912aea3c3ff05bb6525688b110b3f4671829
--Users-vito-data-dev-others--/session-18dc4651-141b-47c9-9c9c-02f26215d866/session.jsonl.zstd	canonical	v0	session-18dc4651-141b-47c9-9c9c-02f26215d866	3660515	1789214392	6f8eff78576e6cc2317d41dca81f803cc441fc6d749b6806862cbac6577c6660
--Users-vito-data-dev-others--/session-1ac157aa-f3b7-4736-9400-d583094c23b9/session.jsonl.zstd	canonical	v0	session-1ac157aa-f3b7-4736-9400-d583094c23b9	476886	1788142970	236c63c4adf5f380d12bd80f9e999881a77d9633cef942c7b6cba841524ac617
--Users-vito-data-dev-others--/session-1b174210-8469-4de4-b968-a47fbdcaa8d7/session.jsonl.zstd	canonical	v0	session-1b174210-8469-4de4-b968-a47fbdcaa8d7	7000	1787501299	3b2a8b84381f13059632558803d5811638f2e6679f5bfa9ce0558bd5ffc33f3b
--Users-vito-data-dev-others--/session-1f4696d3-cca4-45a3-9cce-01f040b6d515/session.jsonl.zstd	canonical	v0	session-1f4696d3-cca4-45a3-9cce-01f040b6d515	3873	1787672788	4cf64b12ebb0ff8efb2318f7017c82678dd2a22b6daa48d36043b7d8e9370d4f
--Users-vito-data-dev-others--/session-23f8b342-289e-4dda-b975-600df805ce77/session.lock	lock	-	session-23f8b342-289e-4dda-b975-600df805ce77	0	1789573514	e3b0c44298fc1c149afbf4c8996fb92427ae41e4649b934ca495991b7852b855
--Users-vito-data-dev-others--/session-23f8b342-289e-4dda-b975-600df805ce77/session.v3.jsonl.zstd	canonical	v3	session-23f8b342-289e-4dda-b975-600df805ce77	320200	1789626191	80c5d720d0e29f959b375f86ee336691cc0ada3caea0b7516e3ca19428fea1b4
--Users-vito-data-dev-others--/session-2d292b6f-7eda-4692-8e20-fecb977378ec/session.lock	lock	-	session-2d292b6f-7eda-4692-8e20-fecb977378ec	0	1790148146	e3b0c44298fc1c149afbf4c8996fb92427ae41e4649b934ca495991b7852b855
--Users-vito-data-dev-others--/session-2d292b6f-7eda-4692-8e20-fecb977378ec/session.v3.jsonl.zstd	canonical	v3	session-2d292b6f-7eda-4692-8e20-fecb977378ec	165228	1790149418	a0f770273ec44d4414b5169c393a56a39e46b6c13613ff1d3a0b13c8b9f78fd8
--Users-vito-data-dev-others--/session-2d3bdb61-e3d7-4374-95cd-202363258b29/session.jsonl.zstd	canonical	v0	session-2d3bdb61-e3d7-4374-95cd-202363258b29	468	1788306767	6cef07c46315bb30e8fc351eb9a42a51bdb55946baa659829a1c1c7c9cb2ddc1
--Users-vito-data-dev-others--/session-2e6bd52d-7863-4107-8f07-b00f2d7b6992/session.jsonl.zstd	canonical	v0	session-2e6bd52d-7863-4107-8f07-b00f2d7b6992	3589	1788502939	7bc7e5dfd3d795a6bba47437dcc21e36ec8f718551f58ee230bcc2f33bbd605e
--Users-vito-data-dev-others--/session-2eddbbd0-8954-4b1e-b33b-29ea52645982/session.jsonl.zstd	canonical	v0	session-2eddbbd0-8954-4b1e-b33b-29ea52645982	622	1788162461	9e3d0ace5c607681379bb07084b65d952935a1a1f338a1b82063dd1bc5b87791
--Users-vito-data-dev-others--/session-2ef6742a-58a9-4551-a520-044c49aeb5a4/session.jsonl.zstd	canonical	v0	session-2ef6742a-58a9-4551-a520-044c49aeb5a4	467	1788450960	4c3cf1b71a6d654723649ca1acac4052e18352c24cc2e0ebd463da034fa8bf18
--Users-vito-data-dev-others--/session-2ff9af5d-df46-4734-9cba-86737d08bee8/session.lock	lock	-	session-2ff9af5d-df46-4734-9cba-86737d08bee8	0	1789383599	e3b0c44298fc1c149afbf4c8996fb92427ae41e4649b934ca495991b7852b855
--Users-vito-data-dev-others--/session-2ff9af5d-df46-4734-9cba-86737d08bee8/session.v3.jsonl.zstd	canonical	v3	session-2ff9af5d-df46-4734-9cba-86737d08bee8	7772	1789383601	17ab19192c70ea17d1d2b34336ac4278ef25bb8b89c419334a94bb6c69019a57
--Users-vito-data-dev-others--/session-30308d30-4536-4be9-8ae1-74d284527855/session.jsonl.zstd	canonical	v0	session-30308d30-4536-4be9-8ae1-74d284527855	3807	1787998008	45f29d2204f9da3a757ddf0419c2c57ac1f1336cc1c626d129fde52ad70e00d6
--Users-vito-data-dev-others--/session-316a7d72-1798-4e71-803e-06e78c7609f7/session.jsonl.zstd	canonical	v0	session-316a7d72-1798-4e71-803e-06e78c7609f7	3447	1788512577	66529ca752bd418350a32385a489196f6f94e7e8210489b649c1fe47ed35ac76
--Users-vito-data-dev-others--/session-3216872a-c52d-42b3-a9a7-8bd0e8ee0f1a/session.jsonl.zstd	canonical	v0	session-3216872a-c52d-42b3-a9a7-8bd0e8ee0f1a	6992	1787501313	be7a865fcff7d6a177394f468405f5ee1b0d5b2018d123287ca0da89a469eed3
--Users-vito-data-dev-others--/session-3302baba-6311-4eb3-9652-c3f07ef6d16c/session.jsonl.zstd	canonical	v0	session-3302baba-6311-4eb3-9652-c3f07ef6d16c	5941861	1788873073	ec378eafd76e04b3519b0e8d2ab88da209de4f9db89e8b48772e71e7bb0c4d61
--Users-vito-data-dev-others--/session-366d6221-8b0d-4f41-aed5-260302ca058d/session.jsonl.zstd	canonical	v0	session-366d6221-8b0d-4f41-aed5-260302ca058d	255090	1787905222	342234629d6ca24f81629e95087c73d29b501cb9c2910bbe62b5387bb01851e8
--Users-vito-data-dev-others--/session-37c5e4a3-7bab-47e1-b7fd-5ef2223edcd5/session.jsonl.zstd	canonical	v0	session-37c5e4a3-7bab-47e1-b7fd-5ef2223edcd5	467	1788315880	c36aeb51e05b93f6dabf780b291072c386253761d0cf0de604dbd60db4a909ab
--Users-vito-data-dev-others--/session-39d47d50-cce3-4a0e-b20b-26d4dbeddef0/session.lock	lock	-	session-39d47d50-cce3-4a0e-b20b-26d4dbeddef0	0	1789383624	e3b0c44298fc1c149afbf4c8996fb92427ae41e4649b934ca495991b7852b855
--Users-vito-data-dev-others--/session-39d47d50-cce3-4a0e-b20b-26d4dbeddef0/session.v3.jsonl.zstd	canonical	v3	session-39d47d50-cce3-4a0e-b20b-26d4dbeddef0	2352	1789383624	fecfd637d720b5a28a8462642a4fd89f2b8a7a577913d6e63b5e6517445ad8d1
--Users-vito-data-dev-others--/session-3c77cc75-5c1e-410a-b74f-1297660ae89b/session.jsonl.zstd	canonical	v0	session-3c77cc75-5c1e-410a-b74f-1297660ae89b	2462	1788768135	b45d3ee80e0d099f2ef3bb67e02c28a00081e4afccfa7d4541c24e37575c929b
--Users-vito-data-dev-others--/session-3d236229-e056-41aa-b688-73893823ced3/session.jsonl.zstd	canonical	v0	session-3d236229-e056-41aa-b688-73893823ced3	3894	1787902669	86cc1667a50626b37307225c5ba2ec52f7219aa0f178b443829eaaaef56b187e
--Users-vito-data-dev-others--/session-41e90a9a-a804-48ad-9f05-64580189286e/session.jsonl.zstd	canonical	v0	session-41e90a9a-a804-48ad-9f05-64580189286e	468	1788281526	333ca03ee92398335b9d924c79e3f99933c230e74b90a2ef59bbc92458abf429
--Users-vito-data-dev-others--/session-4533e03a-112c-4a58-b0ec-e2bc5b7945e8/session.jsonl.zstd	canonical	v0	session-4533e03a-112c-4a58-b0ec-e2bc5b7945e8	3585	1788503075	886a2c3b9ac5a02ac182678dece52aa8901a8cee3b35b5a3ad61271eec1b463d
--Users-vito-data-dev-others--/session-48f7e1b4-c233-4cad-9532-3d56517aa2b9/session.jsonl.zstd	canonical	v0	session-48f7e1b4-c233-4cad-9532-3d56517aa2b9	2001673	1788855573	70d179bf56ae1d6df150eefb1accb56f50a40c216b4ccab1af37c80602f27c7c
--Users-vito-data-dev-others--/session-48f7e1b4-c233-4cad-9532-3d56517aa2b9/session.lock	lock	-	session-48f7e1b4-c233-4cad-9532-3d56517aa2b9	0	1789113935	e3b0c44298fc1c149afbf4c8996fb92427ae41e4649b934ca495991b7852b855
--Users-vito-data-dev-others--/session-48f7e1b4-c233-4cad-9532-3d56517aa2b9/session.v3.jsonl.zstd	canonical	v3	session-48f7e1b4-c233-4cad-9532-3d56517aa2b9	694777	1789113936	439d576f02d9b39b55fa0800f3296011a424fdc087ba6cc14137eb35e3ad8d49
--Users-vito-data-dev-others--/session-4b65bec5-660b-4d59-a824-87b7601ad556/session.jsonl.zstd	canonical	v0	session-4b65bec5-660b-4d59-a824-87b7601ad556	471	1788507702	c44bff9e6fccac176af681b8dc82eb4a0d2a75c7908e8c595e36e13ad818d1e9
--Users-vito-data-dev-others--/session-4bc2ae71-6e85-45ce-b258-d442f2149532/session.jsonl.zstd	canonical	v0	session-4bc2ae71-6e85-45ce-b258-d442f2149532	467	1788444471	ddcfb9e3c8bb87c9a33b0abefd5b90d46943af818a776fc9e2a15a808b3eec20
--Users-vito-data-dev-others--/session-4c0f29e7-a869-4f79-ac34-5c99db9be2cb/session.jsonl.zstd	canonical	v0	session-4c0f29e7-a869-4f79-ac34-5c99db9be2cb	3595	1787486896	1523ab2576bdbe7f1fef11001e02579ea993608db2d9245129dcb361af34987a
--Users-vito-data-dev-others--/session-4cd6cff8-1d57-4b6d-b4b0-2e387081b425/session.jsonl.zstd	canonical	v0	session-4cd6cff8-1d57-4b6d-b4b0-2e387081b425	15953	1787486919	b9f4ab9884149c121834ffa9cc3cd848af2f8fc5245dab89194f392765aceaf5
--Users-vito-data-dev-others--/session-4ec493e7-ff5c-4bc3-9872-22b8c799fc55/session.jsonl.zstd	canonical	v0	session-4ec493e7-ff5c-4bc3-9872-22b8c799fc55	255616	1787721011	5eebcc7ab7f6a15e3ab0c381a70e244a7b19e4a2322e34f13ed6e3a6965194ba
--Users-vito-data-dev-others--/session-51d7c1c4-dfd1-429f-8d24-136c4f168884/session.jsonl.zstd	canonical	v0	session-51d7c1c4-dfd1-429f-8d24-136c4f168884	3805	1787996948	1052629dd4e1b54a57c3d8b1411d3d4310eb4525640b3f4edb1bb0d858014774
--Users-vito-data-dev-others--/session-5217cc59-cf9a-4268-84e3-e3098f13bad1/session.jsonl.zstd	canonical	v0	session-5217cc59-cf9a-4268-84e3-e3098f13bad1	468	1788246854	4a68889c8f63fcb84f56d74bc85ea2b32ec876b456c6d4eb064c667f5dcca892
--Users-vito-data-dev-others--/session-5354c33a-3a18-4a1b-a873-5a99aff15380/session.lock	lock	-	session-5354c33a-3a18-4a1b-a873-5a99aff15380	0	1790314635	e3b0c44298fc1c149afbf4c8996fb92427ae41e4649b934ca495991b7852b855
--Users-vito-data-dev-others--/session-5354c33a-3a18-4a1b-a873-5a99aff15380/session.v3.jsonl.zstd	canonical	v3	session-5354c33a-3a18-4a1b-a873-5a99aff15380	2426	1790314637	0fa3844e543fdfb7376e39709a04ff5559c424d3436e1a1ecad44d14502c862a
--Users-vito-data-dev-others--/session-535e7bf6-175d-42dc-be3e-38afbf24ba2d/session.jsonl.zstd	canonical	v0	session-535e7bf6-175d-42dc-be3e-38afbf24ba2d	117298	1787715174	412e56a485af64f37e1ac9aee44f36badaf45b9e789c31021b4acdaa1b603c88
--Users-vito-data-dev-others--/session-535e7bf6-175d-42dc-be3e-38afbf24ba2d/session.lock	lock	-	session-535e7bf6-175d-42dc-be3e-38afbf24ba2d	0	1789114016	e3b0c44298fc1c149afbf4c8996fb92427ae41e4649b934ca495991b7852b855
--Users-vito-data-dev-others--/session-535e7bf6-175d-42dc-be3e-38afbf24ba2d/session.v3.jsonl.zstd	canonical	v3	session-535e7bf6-175d-42dc-be3e-38afbf24ba2d	68902	1789114799	eb374d995bc8637f2b2e15e404f299b9c0992867b4eaf643415ed867219328a2
--Users-vito-data-dev-others--/session-53d2e5c0-4a6d-45b5-a35a-cb5a45069576/session.jsonl.zstd	canonical	v0	session-53d2e5c0-4a6d-45b5-a35a-cb5a45069576	3650	1787989022	998f84368496295ca315fbd80888c82f919a5bf4332d6ff9a4a155903702c36c
--Users-vito-data-dev-others--/session-5504a7fb-87b1-4c4c-8d85-6d2d280ae28e/session.jsonl.zstd	canonical	v0	session-5504a7fb-87b1-4c4c-8d85-6d2d280ae28e	468	1788318330	cef20a25989d709ad934ccc8db2c3c754cb153cf24b9bdeb5df5039a9bc0de28
--Users-vito-data-dev-others--/session-55b52039-65a5-40fe-ab03-ec7316b9ef1b/session.jsonl.zstd	canonical	v0	session-55b52039-65a5-40fe-ab03-ec7316b9ef1b	470	1788308817	456a25da1453c59b9b98acfb005efe2443e613fd70654773821ec0dceb59b7b7
--Users-vito-data-dev-others--/session-5968a176-e071-47eb-bb0d-ecd32632dfd9/session.jsonl.zstd	canonical	v0	session-5968a176-e071-47eb-bb0d-ecd32632dfd9	3634	1787909836	545d58740e21838544565e36c16a7f373d0cf2332b16b0c360a4ab25d10ccf67
--Users-vito-data-dev-others--/session-5d272d60-9216-4757-a377-8076e717a94b/session.jsonl.zstd	canonical	v0	session-5d272d60-9216-4757-a377-8076e717a94b	469	1788174603	496a4ab49a0de36c14a913b556caa6f6e76c349a18013e9d61440f8af46df690
--Users-vito-data-dev-others--/session-5dd222e4-71a7-412e-bb3d-0cd25a567afa/session.jsonl.zstd	canonical	v0	session-5dd222e4-71a7-412e-bb3d-0cd25a567afa	468	1788315433	f624f06790f44912506ed810826074be85c3a550215983f040f2d6e279f836c0
--Users-vito-data-dev-others--/session-5e29e7fe-49a3-410e-af9c-eba40fe875d0/session.jsonl.zstd	canonical	v0	session-5e29e7fe-49a3-410e-af9c-eba40fe875d0	621	1788231272	064ad653618b1827433fe434e3f4515c75be414dbbf5a1f8838ad9c360ad77c9
--Users-vito-data-dev-others--/session-602861dc-f7ee-4e18-872c-2e8c92aef94a/session.lock	lock	-	session-602861dc-f7ee-4e18-872c-2e8c92aef94a	0	1789575604	e3b0c44298fc1c149afbf4c8996fb92427ae41e4649b934ca495991b7852b855
--Users-vito-data-dev-others--/session-602861dc-f7ee-4e18-872c-2e8c92aef94a/session.v3.jsonl.zstd	canonical	v3	session-602861dc-f7ee-4e18-872c-2e8c92aef94a	587020	1789577284	023241140e4bd73fc1afe675f8133a910f58e7aac5b8d2d529dc2808ff92d6f4
--Users-vito-data-dev-others--/session-60ed0fed-1257-46a4-933b-4b70af3d71f1/session.jsonl.zstd	canonical	v0	session-60ed0fed-1257-46a4-933b-4b70af3d71f1	466	1788316695	52dd4212ee1afbe844896c9d7f2e2e2ee226c5f212eceddcf9736531b1c944f0
--Users-vito-data-dev-others--/session-62afa294-9da3-47a6-ba4c-b6582c7b47e3/session.jsonl.zstd	canonical	v0	session-62afa294-9da3-47a6-ba4c-b6582c7b47e3	330967	1788012651	6707375b962209916e60a490d3161fe73380a6ec2da8124896248a0e1d59f8fb
--Users-vito-data-dev-others--/session-635da9c3-ea06-401d-bdda-d6f49c01f12a/session.jsonl.zstd	canonical	v0	session-635da9c3-ea06-401d-bdda-d6f49c01f12a	470	1788451601	73f7e28e5df6354c3262c9c6886400b576f019aa2c833f94e3dab45253343c33
--Users-vito-data-dev-others--/session-653ec809-7719-46b1-97fa-e141ca1202cc/session.lock	lock	-	session-653ec809-7719-46b1-97fa-e141ca1202cc	0	1790326755	e3b0c44298fc1c149afbf4c8996fb92427ae41e4649b934ca495991b7852b855
--Users-vito-data-dev-others--/session-653ec809-7719-46b1-97fa-e141ca1202cc/session.v3.jsonl.zstd	canonical	v3	session-653ec809-7719-46b1-97fa-e141ca1202cc	2429	1790326757	96cba8797bd1b3641a1dc4e06650dca4b1bddc704d26cfa568756fbb9f20bcc1
--Users-vito-data-dev-others--/session-665a8414-45d7-4f4d-a73e-acb658c1df03/session.jsonl.zstd	canonical	v0	session-665a8414-45d7-4f4d-a73e-acb658c1df03	465	1788188150	b7a7a5f70d78e9603eafce63cc70a71dad6f062e7cfb054c426ea3c02e801888
--Users-vito-data-dev-others--/session-671f7daf-062f-4a18-8732-fda7f70f9249/session.jsonl.zstd	canonical	v0	session-671f7daf-062f-4a18-8732-fda7f70f9249	467	1788274110	133d919870b547dc6564c19b776af7bb4bcff50b861947ad86c2f0d6310bc2cc
--Users-vito-data-dev-others--/session-672e692e-1165-4e6a-9cf4-54d559151f4c/session.jsonl.zstd	canonical	v0	session-672e692e-1165-4e6a-9cf4-54d559151f4c	3878	1787672659	1cb486c6069a2eed04953398815487d601f452c47db0d916097c8aaa8ceaa250
--Users-vito-data-dev-others--/session-6b82b771-bf5f-4ea8-b985-834ddf701406/session.lock	lock	-	session-6b82b771-bf5f-4ea8-b985-834ddf701406	0	1789957994	e3b0c44298fc1c149afbf4c8996fb92427ae41e4649b934ca495991b7852b855
--Users-vito-data-dev-others--/session-6b82b771-bf5f-4ea8-b985-834ddf701406/session.v3.jsonl.zstd	canonical	v3	session-6b82b771-bf5f-4ea8-b985-834ddf701406	856221	1789959927	f19b61fd33fcc894c791c0b6472bbf254beec58b52818b463360cdaaeaacb0f1
--Users-vito-data-dev-others--/session-6bdce9d2-b9aa-406c-b3e3-d1784c9f6509/session.jsonl.zstd	canonical	v0	session-6bdce9d2-b9aa-406c-b3e3-d1784c9f6509	1889754	1788395638	190064be1393c7d915a494524392af5dac30f46097a6d5ba09f78cef66ab730a
--Users-vito-data-dev-others--/session-6c2684bf-b3b8-4cd5-acd4-ae3083c685ef/session.jsonl.zstd	canonical	v0	session-6c2684bf-b3b8-4cd5-acd4-ae3083c685ef	470	1788446507	3245d60537036e94630bd746ccac965580161da67af830369b5deab050a9de7d
--Users-vito-data-dev-others--/session-7071a3e6-85dc-4695-b1a1-c2cff29a82b8/session.jsonl.zstd	canonical	v0	session-7071a3e6-85dc-4695-b1a1-c2cff29a82b8	470	1788450175	3f74695b020836d40a34658cb93e372d3a4ee3682ccecc97fc64a85b11639967
--Users-vito-data-dev-others--/session-707edaa3-7468-4c87-9cbc-61f10af30cdb/session.jsonl.zstd	canonical	v0	session-707edaa3-7468-4c87-9cbc-61f10af30cdb	469	1788366211	7dc138266a8c8f537ae654e1fa868c23e2e1d3f9abc25b6810d127dbf2cad109
--Users-vito-data-dev-others--/session-73fa4d8c-ad8f-41f1-8074-7024ca5211c1/session.jsonl.zstd	canonical	v0	session-73fa4d8c-ad8f-41f1-8074-7024ca5211c1	468	1788365914	c746cc98d6f4e9b772c0096567fbc6e0bad388bb9d57098dae22e35b5edb6129
--Users-vito-data-dev-others--/session-76cc79f7-d6e0-455e-aaf7-1ca40559b2d9/session.lock	lock	-	session-76cc79f7-d6e0-455e-aaf7-1ca40559b2d9	0	1789539413	e3b0c44298fc1c149afbf4c8996fb92427ae41e4649b934ca495991b7852b855
--Users-vito-data-dev-others--/session-76cc79f7-d6e0-455e-aaf7-1ca40559b2d9/session.v3.jsonl.zstd	canonical	v3	session-76cc79f7-d6e0-455e-aaf7-1ca40559b2d9	147358	1789539809	5c879bc7864ae0c661ea16f4df2bde135f39a1b0cf9b23b1f79bb42b2a235c33
--Users-vito-data-dev-others--/session-774e3b6b-e848-4267-9e24-d6fd45e5e2d1/session.jsonl.zstd	canonical	v0	session-774e3b6b-e848-4267-9e24-d6fd45e5e2d1	467	1788280638	a3109f2dfb32363f71100b90d38a33eff49a46c436ffd802f8eb56c6856b51e0
--Users-vito-data-dev-others--/session-78c63aaa-44ed-424f-80c9-2ed8c66862e8/session.jsonl.zstd	canonical	v0	session-78c63aaa-44ed-424f-80c9-2ed8c66862e8	466	1788307850	05f972ad00d4586ecbeebe8cbb743206cda7275d806177043631d7f705b88f14
--Users-vito-data-dev-others--/session-7924c659-2127-4e23-90e9-98dde3fdfc9d/session.jsonl.zstd	canonical	v0	session-7924c659-2127-4e23-90e9-98dde3fdfc9d	467	1788248927	15f60617c21c59a2e8c2ee658d56efb7f4740484801c333843d829e02f28c810
--Users-vito-data-dev-others--/session-799efb5d-150c-41ef-b1f7-b103cbae4d5e/session.jsonl.zstd	canonical	v0	session-799efb5d-150c-41ef-b1f7-b103cbae4d5e	898862	1788504467	da374b3809cb275bbd1c26bfeb8b443552e1576a079fcae6f64ab2f14018dfd3
--Users-vito-data-dev-others--/session-79f9c221-3026-4500-b601-f2b028cf961e/session.jsonl.zstd	canonical	v0	session-79f9c221-3026-4500-b601-f2b028cf961e	3450	1788504322	07a3cfbaf06e31d3543012c534c91f820d27bc1acdbed97cdb826c0a3294a2df
--Users-vito-data-dev-others--/session-7ca288db-b77c-4560-bf76-9e93a1491caa/session.jsonl.zstd	canonical	v0	session-7ca288db-b77c-4560-bf76-9e93a1491caa	75260	1787747808	602de5e48e191f139f29a3c7f55af5f9773498dbe5ba5564043d3dbe709f84fe
--Users-vito-data-dev-others--/session-7df93486-88ca-4098-913e-28b8f9f0aeca/session.jsonl.zstd	canonical	v0	session-7df93486-88ca-4098-913e-28b8f9f0aeca	468	1788307438	2c453b022b376717b5d2ca27192ca0c4c8dc38b221034788114a104fa52f3e6a
--Users-vito-data-dev-others--/session-7f019652-89fb-4928-a4bb-8a440826080a/session.jsonl.zstd	canonical	v0	session-7f019652-89fb-4928-a4bb-8a440826080a	3806	1787997141	2a07d111656b28f596ee1d696a30e80163fccdfd9a64e845207dc7e9f10a394d
--Users-vito-data-dev-others--/session-83ac577e-4bf6-498b-b81b-b933ce09879a/session.lock	lock	-	session-83ac577e-4bf6-498b-b81b-b933ce09879a	0	1790079041	e3b0c44298fc1c149afbf4c8996fb92427ae41e4649b934ca495991b7852b855
--Users-vito-data-dev-others--/session-83ac577e-4bf6-498b-b81b-b933ce09879a/session.v3.jsonl.zstd	canonical	v3	session-83ac577e-4bf6-498b-b81b-b933ce09879a	2537	1790079054	3f75aebb9ae0b5b28dd49e05a31e8d56aec298aafcedba064db8c34d5ef8f9e1
--Users-vito-data-dev-others--/session-84c40183-3642-4d03-b0d6-de485f9c77d0/session.lock	lock	-	session-84c40183-3642-4d03-b0d6-de485f9c77d0	0	1790071271	e3b0c44298fc1c149afbf4c8996fb92427ae41e4649b934ca495991b7852b855
--Users-vito-data-dev-others--/session-84c40183-3642-4d03-b0d6-de485f9c77d0/session.v3.jsonl.zstd	canonical	v3	session-84c40183-3642-4d03-b0d6-de485f9c77d0	2445	1790075396	7d3b67cc4577c201d6d383cc2464a7385d639c45fa33dd7c9343a63e7a87eb48
--Users-vito-data-dev-others--/session-8599762a-0c50-4e8b-8c6c-c26a9ecd9470/session.jsonl.zstd	canonical	v0	session-8599762a-0c50-4e8b-8c6c-c26a9ecd9470	3870	1787718720	7bac638946912a02558f5955337ac3559e07e90ea3ad0f194032534f3476d98c
--Users-vito-data-dev-others--/session-8646ceec-7208-44b7-987c-9a27fc525ad5/session.jsonl.zstd	canonical	v0	session-8646ceec-7208-44b7-987c-9a27fc525ad5	468	1788315387	04d23a1032440baec6070f8d46fb835431ac4ce68211e5be5b3ebb90647dfc3f
--Users-vito-data-dev-others--/session-88533493-36aa-486a-ad7a-d2c30e68a3ae/session.jsonl.zstd	canonical	v0	session-88533493-36aa-486a-ad7a-d2c30e68a3ae	464	1788364898	fdc92bf9f66721aabd0e0e0104c9c9ea8435c27d388a458dac241621410b5cd2
--Users-vito-data-dev-others--/session-8a6af194-5c23-483b-a12a-b11725cd58cf/session.jsonl.zstd	canonical	v0	session-8a6af194-5c23-483b-a12a-b11725cd58cf	471	1788445169	27167b63daeea17f0db36e5731cc9cc4a07c076d62ee3ad10f058fb9cf46c236
--Users-vito-data-dev-others--/session-8ada0bec-5aac-410d-9608-82d7e0c64b4d/session.jsonl.zstd	canonical	v0	session-8ada0bec-5aac-410d-9608-82d7e0c64b4d	466	1788279168	24287a8060dd961443cb28142886ba340a75507b7e96383fc7876ee88aff9853
--Users-vito-data-dev-others--/session-8dd80d96-34fb-40b4-aeda-1810c8a46902/session.jsonl.zstd	canonical	v0	session-8dd80d96-34fb-40b4-aeda-1810c8a46902	7768	1788852008	111c710e9465015729e5b71a823feb7bf0863e807a3558d7a2feaf9ab103c0bf
--Users-vito-data-dev-others--/session-9026d624-dad5-4fbd-be60-582a583c7253/session.jsonl.zstd	canonical	v0	session-9026d624-dad5-4fbd-be60-582a583c7253	469	1788306296	2a6899a5b2baf25764a57d28c217da1a64000b4479135d63e2de577147357ff0
--Users-vito-data-dev-others--/session-904d0093-3552-483b-b437-0b3e50616bce/session.jsonl.zstd	canonical	v0	session-904d0093-3552-483b-b437-0b3e50616bce	377803	1787910050	450b3be24ea860bed7f052979ef3d148423bf0d5e1a345ac58493c12fcac7e50
--Users-vito-data-dev-others--/session-921509af-0862-400b-a9d6-40a728b1ad91/session.jsonl.zstd	canonical	v0	session-921509af-0862-400b-a9d6-40a728b1ad91	7572	1788856443	f76131f2cc48dbb280c1e11b3fd30a461ae7817ab65f64c26a37022135baf5dd
--Users-vito-data-dev-others--/session-94e43292-cecd-40ca-b7d0-ce00f5195049/session.jsonl.zstd	canonical	v0	session-94e43292-cecd-40ca-b7d0-ce00f5195049	3807	1787997643	f12ba6ee38a00ec78f0c6b0164626ff76f4d8a27aca1d5a9c417c24670eb0704
--Users-vito-data-dev-others--/session-95be7a0e-c37e-443a-b7fb-ab9ee26b317a/session.jsonl.zstd	canonical	v0	session-95be7a0e-c37e-443a-b7fb-ab9ee26b317a	12860	1788867530	7546a1e0b065e08b9df2e86e1e422d8ea95df210582ba66dad7c87ea9bb92921
--Users-vito-data-dev-others--/session-9604ec36-18da-451e-b0d3-5f057f4472c4/session.jsonl.zstd	canonical	v0	session-9604ec36-18da-451e-b0d3-5f057f4472c4	3964	1787755414	8ec9037db62b1f761c85ef8d50fbdb3f84b19f94b8442b40be71a3942f821e6e
--Users-vito-data-dev-others--/session-9609acac-b773-42bf-a2a7-284e893a3559/session.jsonl.zstd	canonical	v0	session-9609acac-b773-42bf-a2a7-284e893a3559	317	1788444557	1acd5b6bf453c810a1f0095578df490a0854852c55c3e6bb82ea1e878a28b946
--Users-vito-data-dev-others--/session-9b2ab8f6-34b7-4cdb-897b-024f86f64ffd/session.jsonl.zstd	canonical	v0	session-9b2ab8f6-34b7-4cdb-897b-024f86f64ffd	473	1788228461	fb589603e85950ec9aad8a270593d72b596d154d9aa8497c12d65892d7d6e30e
--Users-vito-data-dev-others--/session-9c519f8f-a606-42ab-8491-26099c3db2c2/session.lock	lock	-	session-9c519f8f-a606-42ab-8491-26099c3db2c2	0	1789390494	e3b0c44298fc1c149afbf4c8996fb92427ae41e4649b934ca495991b7852b855
--Users-vito-data-dev-others--/session-9c519f8f-a606-42ab-8491-26099c3db2c2/session.v3.jsonl.zstd	canonical	v3	session-9c519f8f-a606-42ab-8491-26099c3db2c2	1139860	1789527037	826b6ada230c2c022448030f91d7546a58b4d7e3f8b528a7ccdd09d0165f5d47
--Users-vito-data-dev-others--/session-9d0408ce-edfa-4975-97cb-44258c550b3c/session.jsonl.zstd	canonical	v0	session-9d0408ce-edfa-4975-97cb-44258c550b3c	2478	1788797828	c1031695145176c94f55eb1832823b39b00f151afa0b2eada294216c2cd8f420
--Users-vito-data-dev-others--/session-9d55b340-1139-4b83-97f7-bd18dc741d2f/session.jsonl.zstd	canonical	v0	session-9d55b340-1139-4b83-97f7-bd18dc741d2f	2341	1788797673	b91bdc6074ad11b056062efe846427f4cdaa922a58cdd270bc1bb1c74c5b9c0a
--Users-vito-data-dev-others--/session-a2f9dd52-3157-4004-9628-e93e7e2c35bb/session.jsonl.zstd	canonical	v0	session-a2f9dd52-3157-4004-9628-e93e7e2c35bb	8992	1788856631	5b75514f070f2dd7c8609e808ec856fe9387f0972ba749e1028b5ba7b0253dab
--Users-vito-data-dev-others--/session-a632271f-a336-41e8-b14c-06a9c5f1c928/session.lock	lock	-	session-a632271f-a336-41e8-b14c-06a9c5f1c928	0	1789383635	e3b0c44298fc1c149afbf4c8996fb92427ae41e4649b934ca495991b7852b855
--Users-vito-data-dev-others--/session-a632271f-a336-41e8-b14c-06a9c5f1c928/session.v3.jsonl.zstd	canonical	v3	session-a632271f-a336-41e8-b14c-06a9c5f1c928	186510	1789383646	ea062b9e1cc0ef0114a0210b0fa9ee80f7d1214e7672f442d12836621855ca1d
--Users-vito-data-dev-others--/session-a6586cac-1a31-4934-afd6-c0b6338d7985/session.jsonl.zstd	canonical	v0	session-a6586cac-1a31-4934-afd6-c0b6338d7985	3957	1787718832	182a9d621b4a0d91828ac4274898ae0a1ca218804351a97361724728fb06eff8
--Users-vito-data-dev-others--/session-ac51d1a5-ecb9-42d6-bc10-4a64953207af/session.jsonl.zstd	canonical	v0	session-ac51d1a5-ecb9-42d6-bc10-4a64953207af	471	1788329038	1d9823f5ddb281e1b89c47c5817b305fc7da17c24ba1d3dc6fa7c7d27101c679
--Users-vito-data-dev-others--/session-ae7b815d-88c6-4450-b644-ad36442bffe9/session.jsonl.zstd	canonical	v0	session-ae7b815d-88c6-4450-b644-ad36442bffe9	111740	1788175878	4c96c32548f1e41c7eeab17f3d0da61dccf624eaaf762fd4fdd7675faa81650d
--Users-vito-data-dev-others--/session-af3cf883-40db-4f46-9360-58334d11eded/session.jsonl.zstd	canonical	v0	session-af3cf883-40db-4f46-9360-58334d11eded	3887	1787902418	7b5ddbf4da0f42abeb00d56532b2c250368b61f69fdfa86cc7ab82b618c08f67
--Users-vito-data-dev-others--/session-b0260cef-44ab-427b-ada4-aee1c0702ec5/session.lock	lock	-	session-b0260cef-44ab-427b-ada4-aee1c0702ec5	0	1789746939	e3b0c44298fc1c149afbf4c8996fb92427ae41e4649b934ca495991b7852b855
--Users-vito-data-dev-others--/session-b0260cef-44ab-427b-ada4-aee1c0702ec5/session.v3.jsonl.zstd	canonical	v3	session-b0260cef-44ab-427b-ada4-aee1c0702ec5	189780	1789747409	1caef664f790a3074ce0decd5837ba8c5bcd56468a8e0dc9655e873fcc1415b0
--Users-vito-data-dev-others--/session-b06a9552-9774-492c-99dd-363efcb7b86e/session.jsonl.zstd	canonical	v0	session-b06a9552-9774-492c-99dd-363efcb7b86e	466	1788439014	11aef859b1506710e4cf2abe58307543190976ece8005a94428e1e1fd5eb079f
--Users-vito-data-dev-others--/session-b149912a-338b-40bf-a2d1-8ab3a2a61d76/session.jsonl.zstd	canonical	v0	session-b149912a-338b-40bf-a2d1-8ab3a2a61d76	1279345	1787724233	22165c27a28c7e50d4a4b780538974ba260a90ae97c555c7dc983aeb50bb38c5
--Users-vito-data-dev-others--/session-b20637a2-7d84-4b74-adfa-f1ed8b8a2d6b/session.jsonl.zstd	canonical	v0	session-b20637a2-7d84-4b74-adfa-f1ed8b8a2d6b	68460	1788085879	d90e8d3e1767fcfbb8bbd2db2f2654cb0e4f708437a1aecd4d4077e814e9cd6b
--Users-vito-data-dev-others--/session-b37192fc-9615-40d1-802e-5cde9d924042/session.jsonl.zstd	canonical	v0	session-b37192fc-9615-40d1-802e-5cde9d924042	470	1788271813	f85b77fdf42e25406b3b04fdca2dd8b562cd0c82de3a3877620749a37e019f48
--Users-vito-data-dev-others--/session-b3770a78-1c9a-4d32-9ea1-e0f967982d8a/session.jsonl.zstd	canonical	v0	session-b3770a78-1c9a-4d32-9ea1-e0f967982d8a	1351442	1788765315	7a44386eb7eba14e6ebc8f85e08fc9700be2bf9ef468d771c12c67d9f1d2fef7
--Users-vito-data-dev-others--/session-b3bbbec6-d988-4605-94b9-112e6934ef41/session.jsonl.zstd	canonical	v0	session-b3bbbec6-d988-4605-94b9-112e6934ef41	475	1788162294	cc2010aa3aada6a3ea7f24b95c518a624e59dfcba5eedee37c2fd66a111cf4ff
--Users-vito-data-dev-others--/session-b4732ebc-41dd-4f79-ac16-7dbab810873c/session.lock	lock	-	session-b4732ebc-41dd-4f79-ac16-7dbab810873c	0	1790071271	e3b0c44298fc1c149afbf4c8996fb92427ae41e4649b934ca495991b7852b855
--Users-vito-data-dev-others--/session-b4732ebc-41dd-4f79-ac16-7dbab810873c/session.v3.jsonl.zstd	canonical	v3	session-b4732ebc-41dd-4f79-ac16-7dbab810873c	2451	1790075398	043bb2825fb9c5e8ec5d700aab34b5209e1e2cd2741dc51b3ec58ba93cca7002
--Users-vito-data-dev-others--/session-b55307bc-2d74-474e-9e57-dfb7c974a7ca/session.jsonl.zstd	canonical	v0	session-b55307bc-2d74-474e-9e57-dfb7c974a7ca	466	1788190118	e8c303d2874c99b892c737e09454ab1a8d8dbd7c9abcda7a5dbe7aded92f06e0
--Users-vito-data-dev-others--/session-b62767cf-632b-4da9-89c7-3e013d0bca52/session.jsonl.zstd	canonical	v0	session-b62767cf-632b-4da9-89c7-3e013d0bca52	316	1788321980	6119bfad7b7471deef0d998b9f35080b3bbd67c8b9d48d91cbd1a62401bc737b
--Users-vito-data-dev-others--/session-b665faf9-45b8-4ef4-8617-10cc831eb554/session.lock	lock	-	session-b665faf9-45b8-4ef4-8617-10cc831eb554	0	1789216913	e3b0c44298fc1c149afbf4c8996fb92427ae41e4649b934ca495991b7852b855
--Users-vito-data-dev-others--/session-b665faf9-45b8-4ef4-8617-10cc831eb554/session.v3.jsonl.zstd	canonical	v3	session-b665faf9-45b8-4ef4-8617-10cc831eb554	2968	1789217556	55ab6c310ed32f9c7f3c975050ea689ed1a258cc756643747edfd1afb774bd03
--Users-vito-data-dev-others--/session-b90e1b9e-96df-4749-90f7-00602ce070b2/session.lock	lock	-	session-b90e1b9e-96df-4749-90f7-00602ce070b2	0	1789113800	e3b0c44298fc1c149afbf4c8996fb92427ae41e4649b934ca495991b7852b855
--Users-vito-data-dev-others--/session-b90e1b9e-96df-4749-90f7-00602ce070b2/session.v3.jsonl.zstd	canonical	v3	session-b90e1b9e-96df-4749-90f7-00602ce070b2	2495	1789113807	d9233d430b2b96c041632f082e9af7f79ca1e179fc1fe0a1d9bdff3306d403fe
--Users-vito-data-dev-others--/session-b95ac170-e599-4d8e-b2bf-5837306583ac/session.jsonl.zstd	canonical	v0	session-b95ac170-e599-4d8e-b2bf-5837306583ac	472	1788318959	0083adf1a5af6da4d65cb388ec37d04ed8831ccaa9e09bbba50172934aa0cfd2
--Users-vito-data-dev-others--/session-be55e046-7a38-4295-bcff-a135cd9ac5d5/session.jsonl.zstd	canonical	v0	session-be55e046-7a38-4295-bcff-a135cd9ac5d5	186491	1788868150	e56518b2079329a5a8b6cce306b9a16569de2a1835709786ca232ed7feed1e98
--Users-vito-data-dev-others--/session-c3ad648f-a23f-468e-a2b7-14b157d9c51c/session.jsonl.zstd	canonical	v0	session-c3ad648f-a23f-468e-a2b7-14b157d9c51c	778	1788443669	9573a18375ebfdc4644fdeb8d68e6ccc280f6e4981298b90443b76137738ec38
--Users-vito-data-dev-others--/session-c594222b-5d07-4e95-8957-9807c04acf0c/session.lock	lock	-	session-c594222b-5d07-4e95-8957-9807c04acf0c	0	1789219742	e3b0c44298fc1c149afbf4c8996fb92427ae41e4649b934ca495991b7852b855
--Users-vito-data-dev-others--/session-c594222b-5d07-4e95-8957-9807c04acf0c/session.v3.jsonl.zstd	canonical	v3	session-c594222b-5d07-4e95-8957-9807c04acf0c	325095	1789220134	bd30f68ec94ace182b20668c543e5982f5f8eeb760514732787a992a9beea1d1
--Users-vito-data-dev-others--/session-c85ee989-622e-4e06-832b-535144655d97/session.jsonl.zstd	canonical	v0	session-c85ee989-622e-4e06-832b-535144655d97	2632060	1789111534	f51158ff1cbeb0a2d8d84acdc285c4c6255865c2cb28dfd511d2548f5d85c4c6
--Users-vito-data-dev-others--/session-c85ee989-622e-4e06-832b-535144655d97/session.lock	lock	-	session-c85ee989-622e-4e06-832b-535144655d97	0	1789113910	e3b0c44298fc1c149afbf4c8996fb92427ae41e4649b934ca495991b7852b855
--Users-vito-data-dev-others--/session-c85ee989-622e-4e06-832b-535144655d97/session.v3.jsonl.zstd	canonical	v3	session-c85ee989-622e-4e06-832b-535144655d97	940309	1789113910	22404f3b676d7d0ec561d51c5bc3c5f2658af94f7dc6efbcf5fb3f5d4fa350a2
--Users-vito-data-dev-others--/session-c8adfbf1-9191-4998-a3e7-4fc4bb89ea8e/session.jsonl.zstd	canonical	v0	session-c8adfbf1-9191-4998-a3e7-4fc4bb89ea8e	159582	1788014283	4b5a8159fe36408151cd64269c37a4481818200874b9483f31886430c4621e6d
--Users-vito-data-dev-others--/session-ca17a44e-1dec-46c4-a8d8-27afce03dcfe/session.jsonl.zstd	canonical	v0	session-ca17a44e-1dec-46c4-a8d8-27afce03dcfe	3662	1787501313	2e18906772bb619f94ae9afa4090fc0ca7144b0529bb57e05a1523e8cf95a496
--Users-vito-data-dev-others--/session-ca942f57-036c-47c4-93de-b3ed818e1321/session.jsonl.zstd	canonical	v0	session-ca942f57-036c-47c4-93de-b3ed818e1321	468	1788277354	8ef5c6ce01fd27bd7b0f017433516089333432b9dc1ce69d37f7a1c3d087c196
--Users-vito-data-dev-others--/session-cf939732-538b-407f-b962-246a6aa7e9a3/session.jsonl.zstd	canonical	v0	session-cf939732-538b-407f-b962-246a6aa7e9a3	911864	1787998015	db5ce6dc1d677fa041d98af6a1f6fd8f0cb08bade30202e9e971802d222b5382
--Users-vito-data-dev-others--/session-d1b298da-9452-45f9-bcf6-fd86f98e3085/session.lock	lock	-	session-d1b298da-9452-45f9-bcf6-fd86f98e3085	0	1789441490	e3b0c44298fc1c149afbf4c8996fb92427ae41e4649b934ca495991b7852b855
--Users-vito-data-dev-others--/session-d1b298da-9452-45f9-bcf6-fd86f98e3085/session.v3.jsonl.zstd	canonical	v3	session-d1b298da-9452-45f9-bcf6-fd86f98e3085	214081	1789441752	82fd3c9ea20c28d13baf85ea4cb44110db31477db8f46254299d2e913de1faf2
--Users-vito-data-dev-others--/session-d543c822-b0c1-4793-a55e-f323299245a1/session.lock	lock	-	session-d543c822-b0c1-4793-a55e-f323299245a1	0	1789384063	e3b0c44298fc1c149afbf4c8996fb92427ae41e4649b934ca495991b7852b855
--Users-vito-data-dev-others--/session-d543c822-b0c1-4793-a55e-f323299245a1/session.v3.jsonl.zstd	canonical	v3	session-d543c822-b0c1-4793-a55e-f323299245a1	625497	1789390290	62c09d8a621c13b21328afb3059978b51243164babab8661461cff9a222f9674
--Users-vito-data-dev-others--/session-d60d8017-1360-4edb-b811-6fdda79a7c1a/session.lock	lock	-	session-d60d8017-1360-4edb-b811-6fdda79a7c1a	0	1790042857	e3b0c44298fc1c149afbf4c8996fb92427ae41e4649b934ca495991b7852b855
--Users-vito-data-dev-others--/session-d60d8017-1360-4edb-b811-6fdda79a7c1a/session.v3.jsonl.zstd	canonical	v3	session-d60d8017-1360-4edb-b811-6fdda79a7c1a	1094246	1790062468	63741ce8efe1da8c70087ecb4c98a32dc9187691bcd22033ca0914942adf909c
--Users-vito-data-dev-others--/session-d6530e85-646f-49e0-95e2-ac366057a558/session.lock	lock	-	session-d6530e85-646f-49e0-95e2-ac366057a558	0	1790136018	e3b0c44298fc1c149afbf4c8996fb92427ae41e4649b934ca495991b7852b855
--Users-vito-data-dev-others--/session-d6530e85-646f-49e0-95e2-ac366057a558/session.v3.jsonl.zstd	canonical	v3	session-d6530e85-646f-49e0-95e2-ac366057a558	245609	1790143398	4374673929919fbedea20dfe76e92325c95011197bdbc1c03732dcb0754a3e93
--Users-vito-data-dev-others--/session-d74efc8d-685c-4d6b-96b0-39970109f2c9/session.jsonl.zstd	canonical	v0	session-d74efc8d-685c-4d6b-96b0-39970109f2c9	472	1788451342	0782182acd3f12ec36a842592f9e04a370770375395ad0f91dc09c6aaf6a9f7e
--Users-vito-data-dev-others--/session-d9791251-1438-4506-a594-abe3b47ab43f/session.jsonl.zstd	canonical	v0	session-d9791251-1438-4506-a594-abe3b47ab43f	401371	1788334076	de432451fdb1d33bfe31eeb0d590e83e9be42d1a45cefd2e530a7230de003e50
--Users-vito-data-dev-others--/session-da24110e-d71e-40d4-b344-29f57a57371b/session.jsonl.zstd	canonical	v0	session-da24110e-d71e-40d4-b344-29f57a57371b	291704	1788433892	3f46847ed4026dd53928029e94181d4901f725207ef0792b765b144c8012126e
--Users-vito-data-dev-others--/session-dcd43c1f-a45f-4b7d-8017-3d4f8f47cfdb/session.jsonl.zstd	canonical	v0	session-dcd43c1f-a45f-4b7d-8017-3d4f8f47cfdb	468	1788436402	8f69509d80f913b8b54b47a14ae6ee8c63de631cd36ff42b744355b400a0b62e
--Users-vito-data-dev-others--/session-dd3f4278-236a-4f48-b0f1-19f94cfe254b/session.jsonl.zstd	canonical	v0	session-dd3f4278-236a-4f48-b0f1-19f94cfe254b	194309	1788920842	78fb40b955b9d379568f1ce8e58cd73c2d2148667381f0a633e73239cd224486
--Users-vito-data-dev-others--/session-e01ee831-264b-4409-b0ab-2c3fa256e019/session.jsonl.zstd	canonical	v0	session-e01ee831-264b-4409-b0ab-2c3fa256e019	471	1788277568	578a6b74643641f2b0db0f64a0126a10ec90c85e92a6d2264fef01f3d4641eb4
--Users-vito-data-dev-others--/session-e0cd5bb3-e10d-458d-9f80-518a4a77deff/session.jsonl.zstd	canonical	v0	session-e0cd5bb3-e10d-458d-9f80-518a4a77deff	468	1788355739	b06309f87853f64ce062adf3cdb91b68d48e68a76d09b2bb5ac57914f21e0428
--Users-vito-data-dev-others--/session-e1e9aca6-2056-4ebf-9f17-b69b6a225687/session.jsonl.zstd	canonical	v0	session-e1e9aca6-2056-4ebf-9f17-b69b6a225687	468	1788192915	c9d11e97579a76c093f6bae20dfb4e7f793af913ddc1b66ba0cbe2429a22b0df
--Users-vito-data-dev-others--/session-e2fb9ddb-259d-4571-8c03-12307b07535b/session.jsonl.zstd	canonical	v0	session-e2fb9ddb-259d-4571-8c03-12307b07535b	50349	1787486867	2c4bf17eb0f5faf368c3c282d6604bc738037fa0fdeb130384a5cc029efa7a5a
--Users-vito-data-dev-others--/session-e70a83b3-7bd2-46b5-88c9-31d340f4f4b3/session.lock	lock	-	session-e70a83b3-7bd2-46b5-88c9-31d340f4f4b3	0	1789439975	e3b0c44298fc1c149afbf4c8996fb92427ae41e4649b934ca495991b7852b855
--Users-vito-data-dev-others--/session-e70a83b3-7bd2-46b5-88c9-31d340f4f4b3/session.v3.jsonl.zstd	canonical	v3	session-e70a83b3-7bd2-46b5-88c9-31d340f4f4b3	158611	1789440712	9396543494d4d94eef107fa48cf76c002b964ee950443edb360c960ac6dcf2dd
--Users-vito-data-dev-others--/session-e71ede5e-8721-41a2-92aa-6dab38689f48/session.lock	lock	-	session-e71ede5e-8721-41a2-92aa-6dab38689f48	0	1789826168	e3b0c44298fc1c149afbf4c8996fb92427ae41e4649b934ca495991b7852b855
--Users-vito-data-dev-others--/session-e71ede5e-8721-41a2-92aa-6dab38689f48/session.v3.jsonl.zstd	canonical	v3	session-e71ede5e-8721-41a2-92aa-6dab38689f48	343890	1789828186	229b40429cb8b65521a9115a664f0a4e16c4d2de50c9682111552e97f2b5b898
--Users-vito-data-dev-others--/session-e8d07e6e-bb48-4614-9bdc-d1997bab02e7/session.jsonl.zstd	canonical	v0	session-e8d07e6e-bb48-4614-9bdc-d1997bab02e7	3871	1787672740	d02980494c0384f51c6b202422ff71fd6cf5e05baefa12faec2e489d3fa3c191
--Users-vito-data-dev-others--/session-e9bb7345-7042-4c4a-9a65-998752cefce4/session.jsonl.zstd	canonical	v0	session-e9bb7345-7042-4c4a-9a65-998752cefce4	6390	1788351407	4376b10b082d502fb4f8a58f6451659d6fbb6ad7429bf6cfd648b4418af00340
--Users-vito-data-dev-others--/session-eccc8a5f-9fad-4983-a51d-8b2e969e2c77/session.lock	lock	-	session-eccc8a5f-9fad-4983-a51d-8b2e969e2c77	0	1789383678	e3b0c44298fc1c149afbf4c8996fb92427ae41e4649b934ca495991b7852b855
--Users-vito-data-dev-others--/session-eccc8a5f-9fad-4983-a51d-8b2e969e2c77/session.v3.jsonl.zstd	canonical	v3	session-eccc8a5f-9fad-4983-a51d-8b2e969e2c77	101931	1789384037	92535e7c444067a38a5324044deeb005c0e033e364164bff0fea949a7b44900e
--Users-vito-data-dev-others--/session-edd28c06-d6b9-4f9c-842d-0984b0778581/session.jsonl.zstd	canonical	v0	session-edd28c06-d6b9-4f9c-842d-0984b0778581	3586	1788504746	81d8728628b34d0a799a1db9bc79d22d9fade4e68b3e982b6a7c9f85391789f6
--Users-vito-data-dev-others--/session-f13e5dea-0108-4210-b40e-6ef1b7cd1400/session.lock	lock	-	session-f13e5dea-0108-4210-b40e-6ef1b7cd1400	0	1789113852	e3b0c44298fc1c149afbf4c8996fb92427ae41e4649b934ca495991b7852b855
--Users-vito-data-dev-others--/session-f13e5dea-0108-4210-b40e-6ef1b7cd1400/session.v3.jsonl.zstd	canonical	v3	session-f13e5dea-0108-4210-b40e-6ef1b7cd1400	2354	1789113852	5744445eb9c6723273a260fd0430dc336c16257d8ee9bdadd97068ef301aab84
--Users-vito-data-dev-others--/session-f6fc92f8-7bc6-4a0d-bd59-f94f621ba051/session.lock	lock	-	session-f6fc92f8-7bc6-4a0d-bd59-f94f621ba051	0	1789643332	e3b0c44298fc1c149afbf4c8996fb92427ae41e4649b934ca495991b7852b855
--Users-vito-data-dev-others--/session-f6fc92f8-7bc6-4a0d-bd59-f94f621ba051/session.v3.jsonl.zstd	canonical	v3	session-f6fc92f8-7bc6-4a0d-bd59-f94f621ba051	228465	1789644170	a2514f1db4ffcf349033ad9610f4fca6863404973034b1e0d10137f6701adec9
--Users-vito-data-dev-others--/session-f7d3ced3-8743-48fd-984a-69d96d9f3393/session.jsonl.zstd	canonical	v0	session-f7d3ced3-8743-48fd-984a-69d96d9f3393	467	1788278488	a8e7ee02660d3968eafca842acafaf2f57fb247a7cce201ace2c6f26585fb5cc
--Users-vito-data-dev-others--/session-fcf45eb5-d9e9-4390-824b-1c527fb99617/session.jsonl.zstd	canonical	v0	session-fcf45eb5-d9e9-4390-824b-1c527fb99617	3803	1787724116	ffb7f50c9e7224a9940acc18468c99f88cb3ebeb324cde42be35338c5591dd4c
--Users-vito-data-dev-others--/session-fd2d2f41-2c95-4289-9c30-b4dbf2d89c11/session.jsonl.zstd	canonical	v0	session-fd2d2f41-2c95-4289-9c30-b4dbf2d89c11	3667	1787501299	42d2a4703b021050a3d17a908beff5c3fb78ed866e5176a14b60e8fc25a2fc9a
--Users-vito-data-dev-others--/session-fe94447e-262f-4fbb-bd6f-42c5b353ce12/session.jsonl.zstd	canonical	v0	session-fe94447e-262f-4fbb-bd6f-42c5b353ce12	3807	1787997368	e1ce4ea608726e6c19ba84c073042f2d335e93c267d97349223fdff4149f65bc
--Users-vito-data-dev-others-test--/session-81a9d935-cd3c-46fc-adb6-aef73118deee/session.jsonl.zstd	canonical	v0	session-81a9d935-cd3c-46fc-adb6-aef73118deee	2055	1788770007	2cc56b83810956e74c5ab83b030908db40bec087b0c64e443746337bfe633e10
--Users-vito-data-dev-web3-api_auto--/session-af5b6571-2bc3-42ff-9325-d1e23a7b3c78/session.jsonl.zstd	canonical	v0	session-af5b6571-2bc3-42ff-9325-d1e23a7b3c78	1992	1787673571	21b80ba35ade775acc9fbb80e719a537cafdfdd80546ff5610be7f2a85c7568c
--private-tmp--/session-8bb9e744-d9b1-46a7-926e-8c20faaf5811/session.lock	lock	-	session-8bb9e744-d9b1-46a7-926e-8c20faaf5811	0	1790156617	e3b0c44298fc1c149afbf4c8996fb92427ae41e4649b934ca495991b7852b855
--private-tmp--/session-8bb9e744-d9b1-46a7-926e-8c20faaf5811/session.v3.jsonl.zstd	canonical	v3	session-8bb9e744-d9b1-46a7-926e-8c20faaf5811	1344533	1790156688	eb0fe585b9c8330288688624acb594c4449760e81c76771437a51e30b13579b9
--private-tmp-dsh-ticket06-ws--/session-65e713ad-babd-47bd-b27a-d08b48755a7e/session.lock	lock	-	session-65e713ad-babd-47bd-b27a-d08b48755a7e	0	1789037420	e3b0c44298fc1c149afbf4c8996fb92427ae41e4649b934ca495991b7852b855
--private-tmp-dsh-ticket06-ws--/session-65e713ad-babd-47bd-b27a-d08b48755a7e/session.v3.jsonl.zstd	canonical	v3	session-65e713ad-babd-47bd-b27a-d08b48755a7e	104492	1789037637	fd37a2e2abb06637fc72b953769c76a1fd98b9c75fb0ea3b226819817b8f902f
--private-tmp-dsh-ticket06-ws--/session-92e33912-d131-44ad-8218-a4bd13ad70c1/session.lock	lock	-	session-92e33912-d131-44ad-8218-a4bd13ad70c1	0	1789034825	e3b0c44298fc1c149afbf4c8996fb92427ae41e4649b934ca495991b7852b855
--private-tmp-dsh-ticket06-ws--/session-92e33912-d131-44ad-8218-a4bd13ad70c1/session.v3.jsonl.zstd	canonical	v3	session-92e33912-d131-44ad-8218-a4bd13ad70c1	1846	1789034825	7257a5b2ec1493e23d9e37832355f33478dd5187d8683c685aac8a8dafd4a3a1
--private-tmp-dsh-ticket06-ws2--/session-c508e04b-8626-4742-8e09-119181b59f02/session.lock	lock	-	session-c508e04b-8626-4742-8e09-119181b59f02	0	1789039945	e3b0c44298fc1c149afbf4c8996fb92427ae41e4649b934ca495991b7852b855
--private-tmp-dsh-ticket06-ws2--/session-c508e04b-8626-4742-8e09-119181b59f02/session.v3.jsonl.zstd	canonical	v3	session-c508e04b-8626-4742-8e09-119181b59f02	68258	1789039955	155c4d3b35390ffe3240f2f25e378c8bb3f103e1e66907b886921eb691266191
--private-tmp-dsh-ticket06-ws3--/session-212c25c4-6b9f-4583-8457-3300ca58f45f/session.lock	lock	-	session-212c25c4-6b9f-4583-8457-3300ca58f45f	0	1789040925	e3b0c44298fc1c149afbf4c8996fb92427ae41e4649b934ca495991b7852b855
--private-tmp-dsh-ticket06-ws3--/session-212c25c4-6b9f-4583-8457-3300ca58f45f/session.v3.jsonl.zstd	canonical	v3	session-212c25c4-6b9f-4583-8457-3300ca58f45f	2187	1789041070	76388ee8f338ef461cc18582e2f970fc5a6b662181888f2fb0db799e2cf66306
--private-tmp-dsh-ticket06-ws3--/session-4c66af75-ff66-4311-9451-445c8ee3b7f5/session.lock	lock	-	session-4c66af75-ff66-4311-9451-445c8ee3b7f5	0	1789041424	e3b0c44298fc1c149afbf4c8996fb92427ae41e4649b934ca495991b7852b855
--private-tmp-dsh-ticket06-ws3--/session-4c66af75-ff66-4311-9451-445c8ee3b7f5/session.v3.jsonl.zstd	canonical	v3	session-4c66af75-ff66-4311-9451-445c8ee3b7f5	43802	1789041425	1bca8b63f8461d38c5fa72564748f133f5a55ba487c26545340fb80ea694953e
--private-tmp-dsh-ticket06-ws3--/session-5ed34c7b-11d6-451c-b7fa-052968695968/session.lock	lock	-	session-5ed34c7b-11d6-451c-b7fa-052968695968	0	1789040540	e3b0c44298fc1c149afbf4c8996fb92427ae41e4649b934ca495991b7852b855
--private-tmp-dsh-ticket06-ws3--/session-5ed34c7b-11d6-451c-b7fa-052968695968/session.v3.jsonl.zstd	canonical	v3	session-5ed34c7b-11d6-451c-b7fa-052968695968	27308	1789041070	4d9471c2b20e0cdf51a4adc948eb638043b3cbffa0b2765777a28e1583bdd9e6
--private-tmp-dsh-ticket06-ws3--/session-6846f8fa-18eb-4ce8-8f85-4b6a36b37aff/session.lock	lock	-	session-6846f8fa-18eb-4ce8-8f85-4b6a36b37aff	0	1789041427	e3b0c44298fc1c149afbf4c8996fb92427ae41e4649b934ca495991b7852b855
--private-tmp-dsh-ticket06-ws3--/session-6846f8fa-18eb-4ce8-8f85-4b6a36b37aff/session.v3.jsonl.zstd	canonical	v3	session-6846f8fa-18eb-4ce8-8f85-4b6a36b37aff	47594	1789041441	d68f81ed28409da7962357a4b0a322b01aa4642d2b8c5857eb205022ae48cb0a
--private-tmp-dsh-ticket06-ws3--/session-a57a4869-105e-468f-baeb-6f3bc46e8b6e/session.lock	lock	-	session-a57a4869-105e-468f-baeb-6f3bc46e8b6e	0	1789041255	e3b0c44298fc1c149afbf4c8996fb92427ae41e4649b934ca495991b7852b855
--private-tmp-dsh-ticket06-ws3--/session-a57a4869-105e-468f-baeb-6f3bc46e8b6e/session.v3.jsonl.zstd	canonical	v3	session-a57a4869-105e-468f-baeb-6f3bc46e8b6e	47183	1789041291	ad16351778dd1af2c7d67287537e2941ba6dbdd93fa3577446f792160067f2ae
--private-tmp-dsh-ticket06-ws3--/session-d8816d0b-9a13-4d19-8a17-b61af47576fa/session.lock	lock	-	session-d8816d0b-9a13-4d19-8a17-b61af47576fa	0	1789041085	e3b0c44298fc1c149afbf4c8996fb92427ae41e4649b934ca495991b7852b855
--private-tmp-dsh-ticket06-ws3--/session-d8816d0b-9a13-4d19-8a17-b61af47576fa/session.v3.jsonl.zstd	canonical	v3	session-d8816d0b-9a13-4d19-8a17-b61af47576fa	47206	1789041124	e16d9006b3bb68c90d7d7492a4659bfb1d6f98809f0bee2b5bf6901703223b48
--private-tmp-dsh-tui-depcheck--/session-15bc0a75-01b8-4df6-ba5d-b5356c6cccbd/session.jsonl.zstd	canonical	v0	session-15bc0a75-01b8-4df6-ba5d-b5356c6cccbd	12566	1786673959	b4eeffe019ff8a6fb66c83a33770316ff3c4101a090201fe95e4e955c07c1a57
--private-tmp-dsh-tui-depcheck--/session-18edf89d-2f04-48cc-a74d-94f17c94a5d1/session.jsonl.zstd	canonical	v0	session-18edf89d-2f04-48cc-a74d-94f17c94a5d1	295	1786639039	ed60f63868c5b0b0d884bd3061b57ab87c173c11fb8c6f63603a958eacac0e48
--private-tmp-dsh-tui-depcheck--/session-19835a47-1825-44e2-b387-2014ae1fd40d/session.jsonl.zstd	canonical	v0	session-19835a47-1825-44e2-b387-2014ae1fd40d	297	1786639649	331d969eb5f5c5d7e044862eec52076db97ea5b32cf52c31164ad337109f9d7d
--private-tmp-dsh-tui-depcheck--/session-1b14bfaa-10bb-4dd6-b667-bede1b9b73c3/session.jsonl.zstd	canonical	v0	session-1b14bfaa-10bb-4dd6-b667-bede1b9b73c3	12683	1786639252	36ce3d05f6b3ec7d297097f8855c80640980ef570d5b51341278b49cc7dfdcb7
--private-tmp-dsh-tui-depcheck--/session-25054cd5-ca70-4936-9202-55adeabc427a/session.jsonl.zstd	canonical	v0	session-25054cd5-ca70-4936-9202-55adeabc427a	294	1786639570	d12159d3dead03232af8eda7d9b9885e287411a305fd39b1ddcd8469e795e7fd
--private-tmp-dsh-tui-depcheck--/session-2c83adf6-de30-4e94-9b20-b101657008af/session.jsonl.zstd	canonical	v0	session-2c83adf6-de30-4e94-9b20-b101657008af	12135	1786639843	31083846dffdaa6469946373acaba1b273e96080b30e55e00d86b96a04c0aa98
--private-tmp-dsh-tui-depcheck--/session-62797120-990a-4f49-8694-45014f8a9aba/session.jsonl.zstd	canonical	v0	session-62797120-990a-4f49-8694-45014f8a9aba	14458	1786639705	7f83603ec49f1e6041d4570717fe36e80d849bb8a689a2a4264f5e7029007ac5
--private-tmp-dsh-tui-depcheck--/session-70458537-fc20-4737-b32a-94dede051c0a/session.jsonl.zstd	canonical	v0	session-70458537-fc20-4737-b32a-94dede051c0a	12045	1786640013	83525932ea84d879fefb440bd02b5c342798c31ca5f7487b255b925426aa257b
--private-tmp-dsh-tui-depcheck--/session-8ba78c87-cb28-4718-92e2-c6288f1f841b/session.jsonl.zstd	canonical	v0	session-8ba78c87-cb28-4718-92e2-c6288f1f841b	12166	1786639774	1b82706466eaef40affec7e813f86960f387d176e9f5bbf2c1198d633c47448a
--private-tmp-dsh-tui-depcheck--/session-98ec234b-b853-4219-bd17-6ea4556bd83e/session.jsonl.zstd	canonical	v0	session-98ec234b-b853-4219-bd17-6ea4556bd83e	12124	1786639881	d2f309a7b4728bba5acc065d42b90c10011fe969f692ee409105eb6dfa3b62c4
--private-tmp-dsh-tui-depcheck--/session-a63deb9f-2ccc-42ca-bf1a-6028a529ae10/session.jsonl.zstd	canonical	v0	session-a63deb9f-2ccc-42ca-bf1a-6028a529ae10	378	1786673590	df1b5b4c63d6e41c76f9cd3099310df2d6d1195b969bd60afdea7458f6cc5f3c
--private-tmp-dsh-tui-depcheck--/session-ab432afe-7a10-4247-991c-d4cad2dd917d/session.jsonl.zstd	canonical	v0	session-ab432afe-7a10-4247-991c-d4cad2dd917d	12237	1786639180	ea48c6ef481d2bd9167fbf4097cac229812b70f45440b33b3c22fa3a4ed7245a
--private-tmp-dsh-tui-depcheck--/session-cf26412f-310a-49f9-888c-e364718111bc/session.jsonl.zstd	canonical	v0	session-cf26412f-310a-49f9-888c-e364718111bc	297	1786639946	aa1d3ea917ae61a22250628a3fe0acd64c6754c50fa02f96a73c905b01804508
--private-tmp-dsh-tui-depcheck--/session-f4ae4c35-1405-4a11-a1c1-d1386b8c4513/session.jsonl.zstd	canonical	v0	session-f4ae4c35-1405-4a11-a1c1-d1386b8c4513	12470	1786639539	437076ea8d014559ea2e84bc5cbe93bdf9e82dc42295d7262f85455b15d552bc
