id,project,selected,source_file,size,readable,class,events,live_at_inventory
007be351-166f-4a18-963c-184b11790230	--Users-vito-data-dev-others--	v0	--Users-vito-data-dev-others--/007be351-166f-4a18-963c-184b11790230/session.jsonl.zstd	3655	true	readable	5	false
008062d2-c364-4100-8331-4eb56f945560	--Users-vito-data-dev-mumu--	v3	--Users-vito-data-dev-mumu--/008062d2-c364-4100-8331-4eb56f945560/session.v3.jsonl.zstd	171069	true	readable	128	false
00ca2116-0181-410b-b18d-f4ade0d38e20	--Users-vito-data-dev-others--	v0	--Users-vito-data-dev-others--/00ca2116-0181-410b-b18d-f4ade0d38e20/session.jsonl.zstd	292116	true	readable	216	false
00cab8ab-56a0-4654-b12c-b9902e8669d3	--Users-vito-data-dev-mumu--	v3	--Users-vito-data-dev-mumu--/00cab8ab-56a0-4654-b12c-b9902e8669d3/session.v3.jsonl.zstd	241917	true	readable	124	false
01182ef7-ddaf-41d0-801f-8dd59130ca75	--Users-vito-data-dev-others--	v0	--Users-vito-data-dev-others--/01182ef7-ddaf-41d0-801f-8dd59130ca75/session.jsonl.zstd	997376	true	readable	404	false
019d709b-90bd-406c-9e00-6d4c2de533f4	--Users-vito-data-dev-mumu--	v3	--Users-vito-data-dev-mumu--/019d709b-90bd-406c-9e00-6d4c2de533f4/session.v3.jsonl.zstd	374097	true	readable	118	false
01f52e83-1b49-4995-be1f-3dd18e3f0afa	--Users-vito-data-dev-device-sim--	v0	--Users-vito-data-dev-device-sim--/01f52e83-1b49-4995-be1f-3dd18e3f0afa/session.jsonl.zstd	3874	true	readable	5	false
02cec53d-f9cf-41c3-b7af-b3dded5382d7	--Users-vito-data-dev-mumu--	v3	--Users-vito-data-dev-mumu--/02cec53d-f9cf-41c3-b7af-b3dded5382d7/session.v3.jsonl.zstd	39666	true	readable	19	false
039fa5e7-60a1-4036-a58e-83bbbc462fb4	--Users-vito-data-dev-dsh-tui--	v0	--Users-vito-data-dev-dsh-tui--/039fa5e7-60a1-4036-a58e-83bbbc462fb4/session.jsonl.zstd	61450	true	readable	54	false
04242ae0-0f72-4ebe-9b13-755074325abf	--Users-vito-data-dev-mumu--	v3	--Users-vito-data-dev-mumu--/04242ae0-0f72-4ebe-9b13-755074325abf/session.v3.jsonl.zstd	449168	true	readable	217	false
042cdd1b-ced6-4b06-b329-b28a63949bcb	--Users-vito-data-dev-mumu--	v3	--Users-vito-data-dev-mumu--/042cdd1b-ced6-4b06-b329-b28a63949bcb/session.v3.jsonl.zstd	325910	true	readable	130	false
043fb4ad-eed8-4869-b5ed-e7219f2a8689	--Users-vito-data-dev-others--	v0	--Users-vito-data-dev-others--/043fb4ad-eed8-4869-b5ed-e7219f2a8689/session.jsonl.zstd	709320	true	readable	651	false
048858af-1d64-4e8b-8d92-796a9a72972c	--Users-vito-data-dev-mumu--	v3	--Users-vito-data-dev-mumu--/048858af-1d64-4e8b-8d92-796a9a72972c/session.v3.jsonl.zstd	268453	true	readable	107	false
049e9fc0-cc37-42a2-a9d1-26bfe13db808	--Users-vito-data-dev-mumu--	v3	--Users-vito-data-dev-mumu--/049e9fc0-cc37-42a2-a9d1-26bfe13db808/session.v3.jsonl.zstd	66140	true	readable	68	false
04af5fd6-6473-448e-9b96-4beb5b93a005	--Users-vito-data-dev-mumu--	v3	--Users-vito-data-dev-mumu--/04af5fd6-6473-448e-9b96-4beb5b93a005/session.v3.jsonl.zstd	458868	true	readable	392	false
04b376cd-2e28-49dc-84e3-3536e9ca88d1	--Users-vito-data-dev-dsh-plugins--	v3	--Users-vito-data-dev-dsh-plugins--/04b376cd-2e28-49dc-84e3-3536e9ca88d1/session.v3.jsonl.zstd	383674	true	readable	195	false
059274cd-c30b-4a72-8a81-0ed88c6e457b	--Users-vito-data-dev-others--	v0	--Users-vito-data-dev-others--/059274cd-c30b-4a72-8a81-0ed88c6e457b/session.jsonl.zstd	443396	false	unreadable:descriptor-v2	-	false
059aa722-fc57-4eb9-8733-7f20a9ed005d	--Users-vito-data-dev-mumu--	v3	--Users-vito-data-dev-mumu--/059aa722-fc57-4eb9-8733-7f20a9ed005d/session.v3.jsonl.zstd	39220	true	readable	28	false
05a26542-157e-45b8-aea9-9b2455d2ca27	--Users-vito-data-dev-mumu--	v3	--Users-vito-data-dev-mumu--/05a26542-157e-45b8-aea9-9b2455d2ca27/session.v3.jsonl.zstd	13246	true	readable	34	false
05f9c619-97db-40a0-b919-a51508463c5b	--Users-vito-data-dev-mumu--	v3	--Users-vito-data-dev-mumu--/05f9c619-97db-40a0-b919-a51508463c5b/session.v3.jsonl.zstd	40535	true	readable	28	false
063f2314-4dd9-4c2c-b6cf-8c9ce13ce0f7	--Users-vito-data-dev-device-sim--	v0	--Users-vito-data-dev-device-sim--/063f2314-4dd9-4c2c-b6cf-8c9ce13ce0f7/session.jsonl.zstd	4002	true	readable	5	false
068be52c-dbec-4147-8b15-44654d90a744	--Users-vito-data-dev-others--	v0	--Users-vito-data-dev-others--/068be52c-dbec-4147-8b15-44654d90a744/session.jsonl.zstd	3216	true	readable	4	false
06d87d27-bc58-408b-9f42-6af1e5e44516	--Users-vito-data-dev-dsh-plugins--	v0	--Users-vito-data-dev-dsh-plugins--/06d87d27-bc58-408b-9f42-6af1e5e44516/session.jsonl.zstd	25461	false	unreadable:descriptor-v2	-	false
073a2ece-02a7-46ba-8016-b0380c9c43d0	--Users-vito-data-dev-mumu--	v3	--Users-vito-data-dev-mumu--/073a2ece-02a7-46ba-8016-b0380c9c43d0/session.v3.jsonl.zstd	832386	true	readable	338	false
07409ae6-d18c-40a1-ba30-6a6b901d770e	--Users-vito-data-dev-mumu--	v3	--Users-vito-data-dev-mumu--/07409ae6-d18c-40a1-ba30-6a6b901d770e/session.v3.jsonl.zstd	43379	true	readable	28	false
075c590c-1f13-4e88-8436-d0e990a67521	--Users-vito-data-dev-others--	v0	--Users-vito-data-dev-others--/075c590c-1f13-4e88-8436-d0e990a67521/session.jsonl.zstd	3724	false	unreadable:other	-	false
07802b12-169c-4190-a20b-6b5e98f912cd	--Users-vito-data-dev-dsh-plugins--	v0	--Users-vito-data-dev-dsh-plugins--/07802b12-169c-4190-a20b-6b5e98f912cd/session.jsonl.zstd	3682	true	readable	5	false
0782b84f-c881-4212-9fef-24ea48f87ad0	--Users-vito-data-dev-mumu--	v3	--Users-vito-data-dev-mumu--/0782b84f-c881-4212-9fef-24ea48f87ad0/session.v3.jsonl.zstd	1177481	true	readable	1166	false
085a3a00-4cac-47ee-b7ce-9650947e672b	--Users-vito-data-dev-mumu--	v3	--Users-vito-data-dev-mumu--/085a3a00-4cac-47ee-b7ce-9650947e672b/session.v3.jsonl.zstd	175005	true	readable	103	false
089ce6ea-c4ee-4ec5-8032-d3648e6197aa	--Users-vito-data-dev-mumu--	v3	--Users-vito-data-dev-mumu--/089ce6ea-c4ee-4ec5-8032-d3648e6197aa/session.v3.jsonl.zstd	178384	true	readable	110	false
08aa5857-a1bb-4a64-973a-fb16e48821f6	--Users-vito-data-dev-mumu--	v3	--Users-vito-data-dev-mumu--/08aa5857-a1bb-4a64-973a-fb16e48821f6/session.v3.jsonl.zstd	38130	true	readable	28	false
08c5866b-a287-4551-b64e-123f83991768	--Users-vito-data-dev-others--	v0	--Users-vito-data-dev-others--/08c5866b-a287-4551-b64e-123f83991768/session.jsonl.zstd	3145	true	readable	4	false
08f9c515-0538-468e-8357-2f9401e06b73	--Users-vito-data-dev-dsh-plugins--	v3	--Users-vito-data-dev-dsh-plugins--/08f9c515-0538-468e-8357-2f9401e06b73/session.v3.jsonl.zstd	108024	true	readable	88	false
09699312-0787-4baf-926c-cea066660184	--Users-vito-data-dev-others--	v0	--Users-vito-data-dev-others--/09699312-0787-4baf-926c-cea066660184/session.jsonl.zstd	47421	true	readable	81	false
09995022-3025-4de6-bf60-017e8f09bf64	--Users-vito-data-dev-mumu--	v3	--Users-vito-data-dev-mumu--/09995022-3025-4de6-bf60-017e8f09bf64/session.v3.jsonl.zstd	525694	true	readable	254	false
0a6e60db-2bc5-47ef-9b64-eedcf7ece225	--Users-vito-data-dev-dsh-plugins--	v0	--Users-vito-data-dev-dsh-plugins--/0a6e60db-2bc5-47ef-9b64-eedcf7ece225/session.jsonl.zstd	829422	false	unreadable:descriptor-v2	-	false
0a6f8333-5554-4320-8f54-6afdf72de0a0	--Users-vito-data-dev-dsh-plugins--	v0	--Users-vito-data-dev-dsh-plugins--/0a6f8333-5554-4320-8f54-6afdf72de0a0/session.jsonl.zstd	11327	false	unreadable:descriptor-v2	-	false
0a7b146a-b411-42b3-82b9-245e4500e7af	--Users-vito-data-dev-mumu--	v3	--Users-vito-data-dev-mumu--/0a7b146a-b411-42b3-82b9-245e4500e7af/session.v3.jsonl.zstd	526325	true	readable	167	false
0aea22c9-ed16-4399-bc21-18c445039ae3	--Users-vito-data-dev-mumu--	v3	--Users-vito-data-dev-mumu--/0aea22c9-ed16-4399-bc21-18c445039ae3/session.v3.jsonl.zstd	686791	true	readable	408	false
0b284519-5d38-41ba-86ee-8988f175c0ff	--Users-vito-data-dev-mumu--	v3	--Users-vito-data-dev-mumu--/0b284519-5d38-41ba-86ee-8988f175c0ff/session.v3.jsonl.zstd	184223	true	readable	106	false
0ba391ca-4c88-4648-9b1d-cdb4a0bc2a12	--Users-vito-data-dev-device-sim--	v0	--Users-vito-data-dev-device-sim--/0ba391ca-4c88-4648-9b1d-cdb4a0bc2a12/session.jsonl.zstd	3986	true	readable	5	false
0baae72a-43ed-4596-b24f-8b0346ac332f	--Users-vito-data-dev-dsh-relay--	v0	--Users-vito-data-dev-dsh-relay--/0baae72a-43ed-4596-b24f-8b0346ac332f/session.jsonl.zstd	3601	true	readable	5	false
0badaea2-3266-4678-9961-8f412dd2d20b	--Users-vito-data-dev-mumu--	v3	--Users-vito-data-dev-mumu--/0badaea2-3266-4678-9961-8f412dd2d20b/session.v3.jsonl.zstd	469683	true	readable	224	false
0bc202d6-d55d-418e-936c-e9b4100d35b4	--Users-vito-data-dev-dsh-tui--	v0	--Users-vito-data-dev-dsh-tui--/0bc202d6-d55d-418e-936c-e9b4100d35b4/session.jsonl.zstd	3219	true	readable	5	false
0c97ab4b-3c3e-4507-bbd0-7c0448551af2	--Users-vito-data-dev-mumu--	v3	--Users-vito-data-dev-mumu--/0c97ab4b-3c3e-4507-bbd0-7c0448551af2/session.v3.jsonl.zstd	635300	true	readable	309	false
0cd7f7d0-1c25-472e-9f8f-9e4351afbeae	--Users-vito-data-dev-mumu--	v3	--Users-vito-data-dev-mumu--/0cd7f7d0-1c25-472e-9f8f-9e4351afbeae/session.v3.jsonl.zstd	399443	true	readable	197	false
0d9bd771-2b2f-44be-9678-e860447cb4fe	--Users-vito-data-dev-mumu--	v3	--Users-vito-data-dev-mumu--/0d9bd771-2b2f-44be-9678-e860447cb4fe/session.v3.jsonl.zstd	192447	true	readable	81	false
0e0f7081-1989-4cf3-a8f8-4cce48a721ba	--Users-vito-data-dev-mumu--	v3	--Users-vito-data-dev-mumu--/0e0f7081-1989-4cf3-a8f8-4cce48a721ba/session.v3.jsonl.zstd	887057	true	readable	359	false
0e26ef51-a1ad-4e3b-8da0-6cc7ef0382c4	--Users-vito-data-dev-mumu--	v3	--Users-vito-data-dev-mumu--/0e26ef51-a1ad-4e3b-8da0-6cc7ef0382c4/session.v3.jsonl.zstd	687329	true	readable	237	false
0e90913a-7be9-4063-a061-d6c6387d3776	--Users-vito-data-dev-others--	v0	--Users-vito-data-dev-others--/0e90913a-7be9-4063-a061-d6c6387d3776/session.jsonl.zstd	66377	true	readable	52	false
0ef170cd-521b-4c85-afc5-e3378b3cc3ed	--Users-vito-data-dev-mumu--	v3	--Users-vito-data-dev-mumu--/0ef170cd-521b-4c85-afc5-e3378b3cc3ed/session.v3.jsonl.zstd	585186	true	readable	303	false
0f25f714-c281-4ac9-9a41-0c967e53ddab	--Users-vito-data-dev-mumu--	v3	--Users-vito-data-dev-mumu--/0f25f714-c281-4ac9-9a41-0c967e53ddab/session.v3.jsonl.zstd	161290	true	readable	96	false
0f5df655-5d0e-490c-b22e-08b22c7e63f6	--Users-vito-data-dev-dsh-plugins--	v0	--Users-vito-data-dev-dsh-plugins--/0f5df655-5d0e-490c-b22e-08b22c7e63f6/session.jsonl.zstd	24754	false	unreadable:descriptor-v2	-	false
0fb1db55-b791-44ba-ad4d-2ab40d03e34b	--Users-vito-data-dev-dsh-tui--	v0	--Users-vito-data-dev-dsh-tui--/0fb1db55-b791-44ba-ad4d-2ab40d03e34b/session.jsonl.zstd	1963	true	readable	5	false
0fc20397-9920-4aee-b93a-a410a568d161	--Users-vito-data-dev-device-sim--	v0	--Users-vito-data-dev-device-sim--/0fc20397-9920-4aee-b93a-a410a568d161/session.jsonl.zstd	3822	true	readable	5	false
0fe9b089-a5ca-4301-8fc5-753cb1743647	--Users-vito-data-dev-mumu--	v3	--Users-vito-data-dev-mumu--/0fe9b089-a5ca-4301-8fc5-753cb1743647/session.v3.jsonl.zstd	313925	true	readable	147	false
0fecefbb-b596-4d07-8131-71249f7107d5	--Users-vito-data-dev-mumu--	v3	--Users-vito-data-dev-mumu--/0fecefbb-b596-4d07-8131-71249f7107d5/session.v3.jsonl.zstd	653596	true	readable	253	false
1028be0c-d79e-46b0-bb80-3cc3ac19d601	--Users-vito-data-dev-mumu--	v3	--Users-vito-data-dev-mumu--/1028be0c-d79e-46b0-bb80-3cc3ac19d601/session.v3.jsonl.zstd	330594	true	readable	219	false
1069f15f-ce80-4814-98ec-f27107d54af4	--Users-vito-data-dev-others--	v0	--Users-vito-data-dev-others--/1069f15f-ce80-4814-98ec-f27107d54af4/session.jsonl.zstd	3454	true	readable	5	false
1085d64b-5079-4803-ac24-f409a35b4d5c	--Users-vito-data-dev-dsh-plugins--	v3	--Users-vito-data-dev-dsh-plugins--/1085d64b-5079-4803-ac24-f409a35b4d5c/session.v3.jsonl.zstd	222392	true	readable	109	false
10e1ca6f-63eb-4957-abd4-d696d07a1696	--Users-vito-data-dev-others--	v0	--Users-vito-data-dev-others--/10e1ca6f-63eb-4957-abd4-d696d07a1696/session.jsonl.zstd	3274	true	readable	4	false
110cb5e8-2754-4843-aa6e-6b06c2c497c2	--Users-vito-data-dev-mumu--	v3	--Users-vito-data-dev-mumu--/110cb5e8-2754-4843-aa6e-6b06c2c497c2/session.v3.jsonl.zstd	30329	true	readable	19	false
118f4446-6bbf-46a2-8033-54cc7f2c061d	--Users-vito-data-dev-mumu--	v3	--Users-vito-data-dev-mumu--/118f4446-6bbf-46a2-8033-54cc7f2c061d/session.v3.jsonl.zstd	703116	true	readable	217	false
12743a7c-fb8f-48c1-9455-5a6b0ada380f	--Users-vito-data-dev-dsh-plugins--	v0	--Users-vito-data-dev-dsh-plugins--/12743a7c-fb8f-48c1-9455-5a6b0ada380f/session.jsonl.zstd	262528	false	unreadable:descriptor-v2	-	false
12dbabb5-af7e-4b6d-aeed-1f34d8fca577	--Users-vito-data-dev-mumu--	v3	--Users-vito-data-dev-mumu--/12dbabb5-af7e-4b6d-aeed-1f34d8fca577/session.v3.jsonl.zstd	13263	true	readable	34	false
12e2f0cf-6869-4b59-89ae-628ec108560a	--Users-vito-data-dev-others--	v0	--Users-vito-data-dev-others--/12e2f0cf-6869-4b59-89ae-628ec108560a/session.jsonl.zstd	3321	true	readable	5	false
1367eb79-fc9d-4e22-bb5a-0234d627400c	--Users-vito-data-dev-mumu--	v3	--Users-vito-data-dev-mumu--/1367eb79-fc9d-4e22-bb5a-0234d627400c/session.v3.jsonl.zstd	283118	true	readable	143	false
13a128de-2c90-4d27-aae3-a06e1f4b09cc	--Users-vito-data-dev-mumu--	v3	--Users-vito-data-dev-mumu--/13a128de-2c90-4d27-aae3-a06e1f4b09cc/session.v3.jsonl.zstd	458950	true	readable	211	false
14386b3d-fee7-45e0-8714-8a959c9d9b4c	--Users-vito-data-dev-dsh-plugins--	v0	--Users-vito-data-dev-dsh-plugins--/14386b3d-fee7-45e0-8714-8a959c9d9b4c/session.jsonl.zstd	685188	false	unreadable:descriptor-v2	-	false
14aa49c9-0b57-467b-a28d-430cf259912a	--Users-vito-data-dev-mumu--	v3	--Users-vito-data-dev-mumu--/14aa49c9-0b57-467b-a28d-430cf259912a/session.v3.jsonl.zstd	846871	true	readable	301	false
15ca1f8a-510f-49a3-86ee-d61684421c7d	--Users-vito-data-dev-mumu--	v3	--Users-vito-data-dev-mumu--/15ca1f8a-510f-49a3-86ee-d61684421c7d/session.v3.jsonl.zstd	449626	true	readable	253	false
16578786-a62c-46f1-85b8-f0fbcefe47db	--Users-vito-data-dev-mumu--	v3	--Users-vito-data-dev-mumu--/16578786-a62c-46f1-85b8-f0fbcefe47db/session.v3.jsonl.zstd	406207	true	readable	227	false
16b40e63-5314-4c13-a986-3ebad57b5865	--Users-vito-data-dev-others--	v0	--Users-vito-data-dev-others--/16b40e63-5314-4c13-a986-3ebad57b5865/session.jsonl.zstd	100682	false	unreadable:other	-	false
16d24035-04bb-4351-88f4-0451160174a7	--Users-vito-data-dev-others--	v0	--Users-vito-data-dev-others--/16d24035-04bb-4351-88f4-0451160174a7/session.jsonl.zstd	53005	false	unreadable:descriptor-v2	-	false
16de350c-3c74-49ec-81a0-559328d71846	--Users-vito-data-dev-others--	v0	--Users-vito-data-dev-others--/16de350c-3c74-49ec-81a0-559328d71846/session.jsonl.zstd	3273	true	readable	4	false
16ea6616-c09e-46dc-91d4-ec6ce7257bcf	--Users-vito-data-dev-others--	v0	--Users-vito-data-dev-others--/16ea6616-c09e-46dc-91d4-ec6ce7257bcf/session.jsonl.zstd	246751	true	readable	159	false
177ef6ab-9371-4d74-9ca6-3559dcdc6c5c	--Users-vito-data-dev-dsh-plugins--	v0	--Users-vito-data-dev-dsh-plugins--/177ef6ab-9371-4d74-9ca6-3559dcdc6c5c/session.jsonl.zstd	11102	false	unreadable:descriptor-v2	-	false
17a8c702-e6cc-4c0b-a168-ac16a1c5c421	--Users-vito-data-dev-mumu--	v3	--Users-vito-data-dev-mumu--/17a8c702-e6cc-4c0b-a168-ac16a1c5c421/session.v3.jsonl.zstd	254843	true	readable	121	false
17ce7ef1-39fa-4922-b18e-52c7a36eb323	--Users-vito-data-dev-dsh-plugins--	v3	--Users-vito-data-dev-dsh-plugins--/17ce7ef1-39fa-4922-b18e-52c7a36eb323/session.v3.jsonl.zstd	285105	true	readable	157	false
17ebc557-2a4a-4515-b221-736c705d3d0f	--Users-vito-data-dev-others--	v0	--Users-vito-data-dev-others--/17ebc557-2a4a-4515-b221-736c705d3d0f/session.jsonl.zstd	3244	true	readable	4	false
18355d04-73aa-4929-8f6c-4646f15c0da9	--Users-vito-data-dev-dsh-plugins--	v0	--Users-vito-data-dev-dsh-plugins--/18355d04-73aa-4929-8f6c-4646f15c0da9/session.jsonl.zstd	26639	false	unreadable:descriptor-v2	-	false
183ca6db-8f65-497a-8505-eec03c670ae6	--Users-vito-data-dev-mumu--	v3	--Users-vito-data-dev-mumu--/183ca6db-8f65-497a-8505-eec03c670ae6/session.v3.jsonl.zstd	150179	true	readable	89	false
18e98395-f37b-484b-8796-86d7b0a8fe26	--Users-vito-data-dev-mumu--	v3	--Users-vito-data-dev-mumu--/18e98395-f37b-484b-8796-86d7b0a8fe26/session.v3.jsonl.zstd	823927	true	readable	359	false
18ef8135-a939-451c-aaba-38d9055f03fd	--Users-vito-data-dev-dsh-plugins--	v0	--Users-vito-data-dev-dsh-plugins--/18ef8135-a939-451c-aaba-38d9055f03fd/session.jsonl.zstd	575838	false	unreadable:descriptor-v2	-	false
192e94d6-2caf-43a7-9f31-246942ca74b8	--Users-vito-data-dev-mumu--	v3	--Users-vito-data-dev-mumu--/192e94d6-2caf-43a7-9f31-246942ca74b8/session.v3.jsonl.zstd	20213	true	readable	19	false
19445d8a-a41a-4a98-9021-e6e623c8168e	--Users-vito-data-dev-dsh-tui--	v0	--Users-vito-data-dev-dsh-tui--/19445d8a-a41a-4a98-9021-e6e623c8168e/session.jsonl.zstd	3399	true	readable	5	false
1951a289-939b-43a0-a699-3141d9ba3246	--Users-vito-data-dev-mumu--	v3	--Users-vito-data-dev-mumu--/1951a289-939b-43a0-a699-3141d9ba3246/session.v3.jsonl.zstd	459969	true	readable	191	false
195db80b-9c67-4311-ac60-21f142d5c664	--Users-vito-data-dev-mumu--	v3	--Users-vito-data-dev-mumu--/195db80b-9c67-4311-ac60-21f142d5c664/session.v3.jsonl.zstd	275488	true	readable	137	false
19cdef1c-b56b-445f-8a5a-310b7ab59351	--Users-vito-data-dev-others--	v0	--Users-vito-data-dev-others--/19cdef1c-b56b-445f-8a5a-310b7ab59351/session.jsonl.zstd	11557	false	unreadable:descriptor-v2	-	false
19e2f33f-25f4-43d0-9210-8d72edc86b66	--Users-vito-data-dev-others--	v0	--Users-vito-data-dev-others--/19e2f33f-25f4-43d0-9210-8d72edc86b66/session.jsonl.zstd	7549	false	unreadable:descriptor-v2	-	false
1a45dbee-345d-4829-a598-f5649b07335f	--Users-vito-data-dev-mumu--	v3	--Users-vito-data-dev-mumu--/1a45dbee-345d-4829-a598-f5649b07335f/session.v3.jsonl.zstd	260967	true	readable	116	false
1ad38197-8992-4ed1-a77c-713b55efc6bd	--Users-vito-data-dev-dsh-tui--	v0	--Users-vito-data-dev-dsh-tui--/1ad38197-8992-4ed1-a77c-713b55efc6bd/session.jsonl.zstd	3649	true	readable	5	false
1add1d39-d6ec-4300-97a3-86cf75ba81de	--Users-vito-data-dev-mumu--	v3	--Users-vito-data-dev-mumu--/1add1d39-d6ec-4300-97a3-86cf75ba81de/session.v3.jsonl.zstd	825094	true	readable	578	false
1b37e016-06fd-46ed-90d9-88701e7a2a21	--Users-vito-data-dev-mumu--	v3	--Users-vito-data-dev-mumu--/1b37e016-06fd-46ed-90d9-88701e7a2a21/session.v3.jsonl.zstd	213947	true	readable	146	false
1b628d77-a91b-4f35-829e-3771b50e87df	--Users-vito-data-dev-mumu--	v3	--Users-vito-data-dev-mumu--/1b628d77-a91b-4f35-829e-3771b50e87df/session.v3.jsonl.zstd	218209	true	readable	108	false
1bbe6ad3-3f19-46df-ab11-feb0ca6bd7c7	--Users-vito-data-dev-mumu--	v3	--Users-vito-data-dev-mumu--/1bbe6ad3-3f19-46df-ab11-feb0ca6bd7c7/session.v3.jsonl.zstd	265961	true	readable	169	false
1bfe8a90-af22-4bfd-9a00-397bd0f9db86	--Users-vito-data-dev-dsh-relay--	v0	--Users-vito-data-dev-dsh-relay--/1bfe8a90-af22-4bfd-9a00-397bd0f9db86/session.jsonl.zstd	2338	true	readable	5	false
1c88339a-face-4615-95ca-65b4b7eb4aab	--Users-vito-data-dev-others--	v0	--Users-vito-data-dev-others--/1c88339a-face-4615-95ca-65b4b7eb4aab/session.jsonl.zstd	98370	true	readable	83	false
1c8dc6b6-f594-4b4f-bd19-5fd604610f85	--Users-vito-data-dev-mumu--	v3	--Users-vito-data-dev-mumu--/1c8dc6b6-f594-4b4f-bd19-5fd604610f85/session.v3.jsonl.zstd	125499	true	readable	38	false
1cbf9fef-510a-466d-b6ba-a1d98ba8ddb6	--Users-vito-data-dev-mumu--	v3	--Users-vito-data-dev-mumu--/1cbf9fef-510a-466d-b6ba-a1d98ba8ddb6/session.v3.jsonl.zstd	530311	true	readable	197	false
1d55af17-5d3b-4e12-a99d-916601d9fba9	--Users-vito-data-dev-mumu--	v3	--Users-vito-data-dev-mumu--/1d55af17-5d3b-4e12-a99d-916601d9fba9/session.v3.jsonl.zstd	776942	true	readable	420	false
1d9a85f5-288f-4d49-9105-651e4ea86583	--Users-vito-data-dev-dsh-tui--	v0	--Users-vito-data-dev-dsh-tui--/1d9a85f5-288f-4d49-9105-651e4ea86583/session.jsonl.zstd	3606	true	readable	5	false
1e259ca1-b45c-493e-87a5-d906869419fe	--Users-vito-data-dev-device-sim--	v0	--Users-vito-data-dev-device-sim--/1e259ca1-b45c-493e-87a5-d906869419fe/session.jsonl.zstd	3824	true	readable	5	false
1e2df621-45e3-49ff-bcd5-ff4b12156e1f	--Users-vito-data-dev-dsh-plugins--	v0	--Users-vito-data-dev-dsh-plugins--/1e2df621-45e3-49ff-bcd5-ff4b12156e1f/session.jsonl.zstd	26571	false	unreadable:descriptor-v2	-	false
20181627-c377-406a-b3e9-9a05b380b626	--Users-vito-data-dev-dsh-plugins--	v0	--Users-vito-data-dev-dsh-plugins--/20181627-c377-406a-b3e9-9a05b380b626/session.jsonl.zstd	11025	false	unreadable:descriptor-v2	-	false
202354e3-bb80-4f19-9e77-8eca88b3d346	--Users-vito-data-dev-device-sim--	v0	--Users-vito-data-dev-device-sim--/202354e3-bb80-4f19-9e77-8eca88b3d346/session.jsonl.zstd	3961	true	readable	5	false
2042e45f-6295-42a5-8271-37548a3efc0d	--Users-vito-data-dev-mumu--	v3	--Users-vito-data-dev-mumu--/2042e45f-6295-42a5-8271-37548a3efc0d/session.v3.jsonl.zstd	39337	true	readable	28	false
204b6308-5fcd-4fed-b6ae-8b24cf1fe773	--Users-vito-data-dev-device-sim-docs--	v0	--Users-vito-data-dev-device-sim-docs--/204b6308-5fcd-4fed-b6ae-8b24cf1fe773/session.jsonl.zstd	1946	true	readable	5	false
208de6a4-7820-4020-a174-ba55ff4e7520	--Users-vito-data-dev-dsh-tui--	v0	--Users-vito-data-dev-dsh-tui--/208de6a4-7820-4020-a174-ba55ff4e7520/session.jsonl.zstd	17205	true	readable	22	false
209b03cd-de0d-4bc8-adf8-a9944f993ebf	--Users-vito-data-dev-mumu--	v3	--Users-vito-data-dev-mumu--/209b03cd-de0d-4bc8-adf8-a9944f993ebf/session.v3.jsonl.zstd	187615	true	readable	143	false
21349637-cb66-42fd-82bb-7595f2e3da49	--Users-vito-data-dev-mumu--	v3	--Users-vito-data-dev-mumu--/21349637-cb66-42fd-82bb-7595f2e3da49/session.v3.jsonl.zstd	50711	true	readable	28	false
217b8001-3efc-44bc-9695-711275785150	--Users-vito-data-dev-mumu--	v3	--Users-vito-data-dev-mumu--/217b8001-3efc-44bc-9695-711275785150/session.v3.jsonl.zstd	1003817	true	readable	412	false
21c2abc4-6f9b-4ec5-8eb2-b71095af8fd5	--Users-vito-data-dev-others--	v0	--Users-vito-data-dev-others--/21c2abc4-6f9b-4ec5-8eb2-b71095af8fd5/session.jsonl.zstd	3590	true	readable	5	false
224f90bd-a523-4b34-8173-6212fb7662cd	--Users-vito-data-dev-mumu--	v3	--Users-vito-data-dev-mumu--/224f90bd-a523-4b34-8173-6212fb7662cd/session.v3.jsonl.zstd	454256	true	readable	157	false
22bb742f-a38c-47f2-99a7-cd30c54ea722	--Users-vito-data-dev-mumu--	v3	--Users-vito-data-dev-mumu--/22bb742f-a38c-47f2-99a7-cd30c54ea722/session.v3.jsonl.zstd	88754	true	readable	40	false
22c67805-de4d-430d-89df-8469fe2d6926	--Users-vito-data-dev-mumu--	v3	--Users-vito-data-dev-mumu--/22c67805-de4d-430d-89df-8469fe2d6926/session.v3.jsonl.zstd	69459	true	readable	53	false
22e0c1da-3ec0-4f7e-ba7a-06af7dbd0bdf	--Users-vito-data-dev-mumu--	v3	--Users-vito-data-dev-mumu--/22e0c1da-3ec0-4f7e-ba7a-06af7dbd0bdf/session.v3.jsonl.zstd	280525	true	readable	156	false
23078d87-cbd6-437d-b0f0-0dadb8c2e22d	--Users-vito-data-dev-mumu--	v3	--Users-vito-data-dev-mumu--/23078d87-cbd6-437d-b0f0-0dadb8c2e22d/session.v3.jsonl.zstd	426129	true	readable	279	false
2344bcf2-7331-4910-86c0-3f2008032768	--Users-vito-data-dev-device-sim--	v0	--Users-vito-data-dev-device-sim--/2344bcf2-7331-4910-86c0-3f2008032768/session.jsonl.zstd	4329827	false	unreadable:other	-	false
24c8a72e-819b-4403-8163-988cfd56261b	--Users-vito-data-dev-dsh-plugins--	v3	--Users-vito-data-dev-dsh-plugins--/24c8a72e-819b-4403-8163-988cfd56261b/session.v3.jsonl.zstd	218367	true	readable	142	false
24f32221-add0-4bf3-a7de-fa62882aaf8f	--Users-vito-data-dev-mumu--	v3	--Users-vito-data-dev-mumu--/24f32221-add0-4bf3-a7de-fa62882aaf8f/session.v3.jsonl.zstd	418466	true	readable	187	false
2525bcf3-d7d5-4aa4-9e22-0596c9c17e5f	--Users-vito-data-dev-dsh-plugins--	v0	--Users-vito-data-dev-dsh-plugins--/2525bcf3-d7d5-4aa4-9e22-0596c9c17e5f/session.jsonl.zstd	26482	false	unreadable:descriptor-v2	-	false
25c43d10-6d5f-4265-9271-701db7a03d9c	--Users-vito-data-dev-mumu--	v3	--Users-vito-data-dev-mumu--/25c43d10-6d5f-4265-9271-701db7a03d9c/session.v3.jsonl.zstd	270555	true	readable	163	false
25fefda6-31df-4970-a3d2-5267f6a7a82c	--Users-vito-data-dev-dsh-relay--	v0	--Users-vito-data-dev-dsh-relay--/25fefda6-31df-4970-a3d2-5267f6a7a82c/session.jsonl.zstd	3848	true	readable	5	false
26014df4-1f14-464f-8660-a48246880248	--Users-vito-data-dev-mumu--	v3	--Users-vito-data-dev-mumu--/26014df4-1f14-464f-8660-a48246880248/session.v3.jsonl.zstd	218904	true	readable	167	false
263b1939-7df7-41bb-8126-e2daa451741d	--Users-vito-data-dev-mumu--	v3	--Users-vito-data-dev-mumu--/263b1939-7df7-41bb-8126-e2daa451741d/session.v3.jsonl.zstd	39502	true	readable	28	false
2688c668-f81f-4215-a754-0f324131a79d	--Users-vito-data-dev-mumu--	v3	--Users-vito-data-dev-mumu--/2688c668-f81f-4215-a754-0f324131a79d/session.v3.jsonl.zstd	539963	true	readable	310	false
268b16e6-2c90-47a7-bf6d-207c7b728a83	--Users-vito-data-dev-mumu--	v3	--Users-vito-data-dev-mumu--/268b16e6-2c90-47a7-bf6d-207c7b728a83/session.v3.jsonl.zstd	997336	true	readable	436	false
26bfd205-5932-4cbd-a464-5ff3177346bc	--Users-vito-data-dev-mumu--	v3	--Users-vito-data-dev-mumu--/26bfd205-5932-4cbd-a464-5ff3177346bc/session.v3.jsonl.zstd	41213	true	readable	28	false
27293859-06a6-4ac7-a343-54bb17159191	--Users-vito-data-dev-mumu--	v3	--Users-vito-data-dev-mumu--/27293859-06a6-4ac7-a343-54bb17159191/session.v3.jsonl.zstd	201220	true	readable	145	false
277e07c9-489d-49b8-b1ab-e968f409eb1d	--Users-vito-data-dev-aimesh3.0--	v3	--Users-vito-data-dev-aimesh3.0--/277e07c9-489d-49b8-b1ab-e968f409eb1d/session.v3.jsonl.zstd	179422	true	readable	147	false
27ca25ec-348d-4504-b060-cb669d47e41e	--Users-vito-data-dev-others--	v0	--Users-vito-data-dev-others--/27ca25ec-348d-4504-b060-cb669d47e41e/session.jsonl.zstd	27137	false	unreadable:descriptor-v2	-	false
27f16f68-d253-4447-b7fe-257498a6dbe9	--Users-vito-data-dev-others--	v0	--Users-vito-data-dev-others--/27f16f68-d253-4447-b7fe-257498a6dbe9/session.jsonl.zstd	3410	true	readable	5	false
284f8824-e44b-4c39-9c1c-027bcabd5c1a	--Users-vito-data-dev-dsh-tui--	v0	--Users-vito-data-dev-dsh-tui--/284f8824-e44b-4c39-9c1c-027bcabd5c1a/session.jsonl.zstd	172099	true	readable	204	false
28ac6507-f9e9-4f88-abb4-40cd6374737b	--Users-vito-data-dev-mumu--	v3	--Users-vito-data-dev-mumu--/28ac6507-f9e9-4f88-abb4-40cd6374737b/session.v3.jsonl.zstd	272936	true	readable	157	false
28fec3cc-f626-4a44-9b5a-cfedfa8c7e7c	--Users-vito-data-dev-mumu--	v3	--Users-vito-data-dev-mumu--/28fec3cc-f626-4a44-9b5a-cfedfa8c7e7c/session.v3.jsonl.zstd	146274	true	readable	19	false
2998c760-4137-4605-8981-f5035d80532f	--Users-vito-data-dev-mumu--	v3	--Users-vito-data-dev-mumu--/2998c760-4137-4605-8981-f5035d80532f/session.v3.jsonl.zstd	842350	true	readable	371	false
29e971fb-6f72-46eb-83fc-ecd5ce6464bd	--Users-vito-data-dev-mumu--	v3	--Users-vito-data-dev-mumu--/29e971fb-6f72-46eb-83fc-ecd5ce6464bd/session.v3.jsonl.zstd	38055	true	readable	28	false
2a01a8bd-8a2d-4405-8814-8b4ba8a14f31	--Users-vito-data-dev-mumu--	v3	--Users-vito-data-dev-mumu--/2a01a8bd-8a2d-4405-8814-8b4ba8a14f31/session.v3.jsonl.zstd	498894	true	readable	228	false
2a80e589-75ef-4c0c-aeda-554e0f64f2a5	--Users-vito-data-dev-mumu--	v3	--Users-vito-data-dev-mumu--/2a80e589-75ef-4c0c-aeda-554e0f64f2a5/session.v3.jsonl.zstd	88463	true	readable	35	false
2b32657e-c69c-4723-936f-d40c09507e4e	--Users-vito-data-dev-dsh-plugins--	v0	--Users-vito-data-dev-dsh-plugins--/2b32657e-c69c-4723-936f-d40c09507e4e/session.jsonl.zstd	26333	false	unreadable:descriptor-v2	-	false
2c2c0740-2158-45ff-95da-f1fd8c7dbc02	--Users-vito-data-dev-mumu--	v3	--Users-vito-data-dev-mumu--/2c2c0740-2158-45ff-95da-f1fd8c7dbc02/session.v3.jsonl.zstd	14831	true	readable	19	false
2c49ebbc-f6ee-4857-8995-e22380760b52	--Users-vito-data-dev-mumu--	v3	--Users-vito-data-dev-mumu--/2c49ebbc-f6ee-4857-8995-e22380760b52/session.v3.jsonl.zstd	380733	true	readable	305	false
2c66d1e2-2c48-4dad-b955-43404a0d993c	--Users-vito-data-dev-mumu--	v3	--Users-vito-data-dev-mumu--/2c66d1e2-2c48-4dad-b955-43404a0d993c/session.v3.jsonl.zstd	49549	true	readable	28	false
2c7a5e87-a803-40e4-b117-64f29d5a084f	--Users-vito-data-dev-mumu--	v3	--Users-vito-data-dev-mumu--/2c7a5e87-a803-40e4-b117-64f29d5a084f/session.v3.jsonl.zstd	47352	true	readable	38	false
2c96bf94-abf2-495a-a4b2-d77aeb2b45f2	--Users-vito-data-dev-dsh-plugins--	v0	--Users-vito-data-dev-dsh-plugins--/2c96bf94-abf2-495a-a4b2-d77aeb2b45f2/session.jsonl.zstd	24943	false	unreadable:descriptor-v2	-	false
2d4ca364-b71c-4672-933e-4aadc42b41f1	--Users-vito-data-dev-others--	v0	--Users-vito-data-dev-others--/2d4ca364-b71c-4672-933e-4aadc42b41f1/session.jsonl.zstd	2273243	true	readable	900	false
2d779e5e-1923-4fc9-b835-4bc01c8df63a	--Users-vito-data-dev-mumu--	v3	--Users-vito-data-dev-mumu--/2d779e5e-1923-4fc9-b835-4bc01c8df63a/session.v3.jsonl.zstd	899683	true	readable	462	false
2dfc0e0f-119b-45b3-a3fd-8f3f150cbed3	--Users-vito-data-dev-dsh-tui--	v0	--Users-vito-data-dev-dsh-tui--/2dfc0e0f-119b-45b3-a3fd-8f3f150cbed3/session.jsonl.zstd	3215	true	readable	5	false
2e095d8d-9690-4fae-a470-d70398dbfa1c	--Users-vito-data-dev-mumu--	v3	--Users-vito-data-dev-mumu--/2e095d8d-9690-4fae-a470-d70398dbfa1c/session.v3.jsonl.zstd	406079	true	readable	221	false
2e2c9aed-5f90-4d3b-8ecb-8430d50beed6	--Users-vito-data-dev-mumu--	v3	--Users-vito-data-dev-mumu--/2e2c9aed-5f90-4d3b-8ecb-8430d50beed6/session.v3.jsonl.zstd	42978	true	readable	28	false
2ea80c4d-f1b1-4169-b879-7677a40d5397	--Users-vito-data-dev-device-sim--	v0	--Users-vito-data-dev-device-sim--/2ea80c4d-f1b1-4169-b879-7677a40d5397/session.jsonl.zstd	3654	true	readable	5	false
2edaf61e-9099-49a5-b706-2adf089fb868	--Users-vito-data-dev-dsh-relay--	v0	--Users-vito-data-dev-dsh-relay--/2edaf61e-9099-49a5-b706-2adf089fb868/session.jsonl.zstd	535041	false	unreadable:descriptor-v2	-	false
2ee6da21-dc9b-4285-ad6b-f5cc0c1a04dd	--Users-vito-data-dev-mumu--	v3	--Users-vito-data-dev-mumu--/2ee6da21-dc9b-4285-ad6b-f5cc0c1a04dd/session.v3.jsonl.zstd	37498	true	readable	28	false
2f9e657e-6f76-43ff-97e7-47ee7fe1792a	--Users-vito-data-dev-mumu--	v3	--Users-vito-data-dev-mumu--/2f9e657e-6f76-43ff-97e7-47ee7fe1792a/session.v3.jsonl.zstd	13178	true	readable	34	false
2fcd30b1-cb32-460a-b2d1-80e0fe2237fa	--Users-vito-data-dev-dsh-relay--	v0	--Users-vito-data-dev-dsh-relay--/2fcd30b1-cb32-460a-b2d1-80e0fe2237fa/session.jsonl.zstd	11354279	false	unreadable:other	-	false
2fec02f5-f146-4966-ad02-40c1f6798728	--Users-vito-data-dev-mumu--	v3	--Users-vito-data-dev-mumu--/2fec02f5-f146-4966-ad02-40c1f6798728/session.v3.jsonl.zstd	379364	true	readable	295	false
3080249d-3b0d-4996-9a4b-360e21f094c6	--Users-vito-data-dev-dsh-plugins--	v0	--Users-vito-data-dev-dsh-plugins--/3080249d-3b0d-4996-9a4b-360e21f094c6/session.jsonl.zstd	30585	false	unreadable:descriptor-v2	-	false
30b3325e-dc02-46b0-8403-fddb4e2ce712	--Users-vito-data-dev-mumu--	v3	--Users-vito-data-dev-mumu--/30b3325e-dc02-46b0-8403-fddb4e2ce712/session.v3.jsonl.zstd	212171	true	readable	115	false
30c4e009-ba3e-48d6-9ce1-be29b5f09552	--Users-vito-data-dev-others--	v3	--Users-vito-data-dev-others--/30c4e009-ba3e-48d6-9ce1-be29b5f09552/session.v3.jsonl.zstd	271027	true	readable	247	false
31e294d8-8566-451e-b34c-a38ed02ae4f4	--Users-vito-data-dev-mumu--	v3	--Users-vito-data-dev-mumu--/31e294d8-8566-451e-b34c-a38ed02ae4f4/session.v3.jsonl.zstd	278905	true	readable	248	false
32012729-a81e-415b-bba0-1f18b7214090	--Users-vito-data-dev-mumu--	v3	--Users-vito-data-dev-mumu--/32012729-a81e-415b-bba0-1f18b7214090/session.v3.jsonl.zstd	603838	true	readable	402	false
32b5e777-c48f-423b-aea7-0e15d64da963	--Users-vito-data-dev-dsh-plugins--	v0	--Users-vito-data-dev-dsh-plugins--/32b5e777-c48f-423b-aea7-0e15d64da963/session.jsonl.zstd	772613	false	unreadable:descriptor-v2	-	false
32e4fcd2-ae40-40f5-841d-56a8d84d39c5	--Users-vito-data-dev-mumu--	v3	--Users-vito-data-dev-mumu--/32e4fcd2-ae40-40f5-841d-56a8d84d39c5/session.v3.jsonl.zstd	142850	true	readable	108	false
32f5efc5-86b9-4b9f-a952-474316cec61b	--Users-vito-data-dev-device-sim-docs--	v0	--Users-vito-data-dev-device-sim-docs--/32f5efc5-86b9-4b9f-a952-474316cec61b/session.jsonl.zstd	1951	true	readable	5	false
330b96e0-5f7c-424c-86e1-fdcc423838ae	--Users-vito-data-dev-mumu--	v3	--Users-vito-data-dev-mumu--/330b96e0-5f7c-424c-86e1-fdcc423838ae/session.v3.jsonl.zstd	42943	true	readable	28	false
34706c42-6374-41e9-91bf-bde6fee4c005	--Users-vito-data-dev-dsh-tui--	v0	--Users-vito-data-dev-dsh-tui--/34706c42-6374-41e9-91bf-bde6fee4c005/session.jsonl.zstd	69948	true	readable	51	false
3481a049-cc2f-481b-ab99-28d04a773897	--Users-vito-data-dev-dsh-plugins--	v3	--Users-vito-data-dev-dsh-plugins--/3481a049-cc2f-481b-ab99-28d04a773897/session.v3.jsonl.zstd	295218	true	readable	206	false
348982d2-d1c5-4295-8e53-17e25faf01b0	--Users-vito-data-dev-mumu--	v3	--Users-vito-data-dev-mumu--/348982d2-d1c5-4295-8e53-17e25faf01b0/session.v3.jsonl.zstd	190667	true	readable	97	false
34ba9bb6-19b7-42f5-871c-e8fe396564a1	--Users-vito-data-dev-device-sim--	v0	--Users-vito-data-dev-device-sim--/34ba9bb6-19b7-42f5-871c-e8fe396564a1/session.jsonl.zstd	3236	true	readable	5	false
351b50ab-b2ce-4c69-a32c-5ad2960da260	--Users-vito-data-dev-mumu--	v3	--Users-vito-data-dev-mumu--/351b50ab-b2ce-4c69-a32c-5ad2960da260/session.v3.jsonl.zstd	247578	true	readable	163	false
356a040e-2f93-4089-9ec0-9ef6e124a17d	--Users-vito-data-dev-dsh-tui--	v0	--Users-vito-data-dev-dsh-tui--/356a040e-2f93-4089-9ec0-9ef6e124a17d/session.jsonl.zstd	693968	true	readable	861	false
35715862-20a3-4103-8b37-433c474052ba	--Users-vito-data-dev-mumu--	v3	--Users-vito-data-dev-mumu--/35715862-20a3-4103-8b37-433c474052ba/session.v3.jsonl.zstd	40909	true	readable	19	false
357d1535-962b-494e-a72e-a6c26e89eeb2	--Users-vito-data-dev-mumu--	v3	--Users-vito-data-dev-mumu--/357d1535-962b-494e-a72e-a6c26e89eeb2/session.v3.jsonl.zstd	50142	true	readable	28	false
3591d19a-71bc-4a19-a2d7-e03b71e8d6f4	--Users-vito-data-dev-mumu--	v3	--Users-vito-data-dev-mumu--/3591d19a-71bc-4a19-a2d7-e03b71e8d6f4/session.v3.jsonl.zstd	362987	true	readable	273	false
35bc6ebe-24aa-4ac0-9468-7adaf3b22166	--Users-vito-data-dev-mumu--	v3	--Users-vito-data-dev-mumu--/35bc6ebe-24aa-4ac0-9468-7adaf3b22166/session.v3.jsonl.zstd	163026	true	readable	40	false
35cd980b-01da-400e-822b-282a852063b2	--Users-vito-data-dev-device-sim--	v0	--Users-vito-data-dev-device-sim--/35cd980b-01da-400e-822b-282a852063b2/session.jsonl.zstd	5245271	false	unreadable:other	-	false
361c6c15-fa49-477e-bd2a-97dd42730fc5	--Users-vito-data-dev-dsh-plugins--	v0	--Users-vito-data-dev-dsh-plugins--/361c6c15-fa49-477e-bd2a-97dd42730fc5/session.jsonl.zstd	11369	false	unreadable:descriptor-v2	-	false
36d7278c-fd3c-4af3-ad84-389e51a5ebc7	--Users-vito-data-dev-mumu--	v3	--Users-vito-data-dev-mumu--/36d7278c-fd3c-4af3-ad84-389e51a5ebc7/session.v3.jsonl.zstd	270751	true	readable	152	false
370946af-39b0-4ec0-8220-cdb07eaf1c73	--Users-vito-data-dev-dsh-plugins--	v0	--Users-vito-data-dev-dsh-plugins--/370946af-39b0-4ec0-8220-cdb07eaf1c73/session.jsonl.zstd	25794	false	unreadable:descriptor-v2	-	false
3716366c-ddb5-4718-b402-dc380a171aa0	--Users-vito-data-dev-mumu--	v3	--Users-vito-data-dev-mumu--/3716366c-ddb5-4718-b402-dc380a171aa0/session.v3.jsonl.zstd	435247	true	readable	193	false
37d33135-67bb-4007-a969-7d62815f8b3b	--Users-vito-data-dev-dsh-endless--	v3	--Users-vito-data-dev-dsh-endless--/37d33135-67bb-4007-a969-7d62815f8b3b/session.v3.jsonl.zstd	13834	true	readable	34	false
382b4b68-7ffc-4268-bcc1-5e5e92133bf5	--Users-vito-data-dev-dsh-plugins--	v0	--Users-vito-data-dev-dsh-plugins--/382b4b68-7ffc-4268-bcc1-5e5e92133bf5/session.jsonl.zstd	952284	false	unreadable:descriptor-v2	-	false
386e2ef0-8a53-4f88-b387-42b6f0baa41d	--Users-vito-data-dev-mumu--	v3	--Users-vito-data-dev-mumu--/386e2ef0-8a53-4f88-b387-42b6f0baa41d/session.v3.jsonl.zstd	132092	true	readable	92	false
389f9986-fe14-4b9b-b1e2-96533c148e3c	--Users-vito-data-dev-mumu--	v3	--Users-vito-data-dev-mumu--/389f9986-fe14-4b9b-b1e2-96533c148e3c/session.v3.jsonl.zstd	718808	true	readable	369	false
390fb46d-70b5-4cc8-ad46-f4ba20f158f6	--Users-vito-data-dev-mumu--	v3	--Users-vito-data-dev-mumu--/390fb46d-70b5-4cc8-ad46-f4ba20f158f6/session.v3.jsonl.zstd	414480	true	readable	349	false
391ca673-dfd1-458a-b6bc-200d50f37341	--Users-vito-data-dev-mumu--	v3	--Users-vito-data-dev-mumu--/391ca673-dfd1-458a-b6bc-200d50f37341/session.v3.jsonl.zstd	144619	true	readable	63	false
3951059c-80ab-4811-866c-1f2a3def3e79	--Users-vito-data-dev-dsh-plugins--	v3	--Users-vito-data-dev-dsh-plugins--/3951059c-80ab-4811-866c-1f2a3def3e79/session.v3.jsonl.zstd	34814	true	readable	27	false
3999cced-494d-4845-90ea-185ed9363c2a	--Users-vito-data-dev-mumu--	v3	--Users-vito-data-dev-mumu--/3999cced-494d-4845-90ea-185ed9363c2a/session.v3.jsonl.zstd	9096	true	readable	19	false
399be4a6-bb7b-42ff-bd22-5cd24d4831d2	--Users-vito-data-dev-mumu--	v3	--Users-vito-data-dev-mumu--/399be4a6-bb7b-42ff-bd22-5cd24d4831d2/session.v3.jsonl.zstd	792063	true	readable	535	false
3a205f9e-c8bc-4ddd-91ea-42eea0564066	--Users-vito-data-dev-mumu--	v3	--Users-vito-data-dev-mumu--/3a205f9e-c8bc-4ddd-91ea-42eea0564066/session.v3.jsonl.zstd	274768	true	readable	57	false
3a2b4ace-8a64-4018-9ceb-2063472e41ae	--Users-vito-data-dev-mumu--	v3	--Users-vito-data-dev-mumu--/3a2b4ace-8a64-4018-9ceb-2063472e41ae/session.v3.jsonl.zstd	26221	true	readable	19	false
3aacbce7-3804-4d61-9cb3-9c1065b85d98	--Users-vito-data-dev-dsh-plugins--	v3	--Users-vito-data-dev-dsh-plugins--/3aacbce7-3804-4d61-9cb3-9c1065b85d98/session.v3.jsonl.zstd	308418	true	readable	187	false
3b0fd34d-1bb3-4623-9ed3-450b6463a54b	--Users-vito-data-dev-mumu--	v3	--Users-vito-data-dev-mumu--/3b0fd34d-1bb3-4623-9ed3-450b6463a54b/session.v3.jsonl.zstd	625873	true	readable	363	false
3b3ae26e-216b-4609-b7ef-ffade163f83f	--Users-vito-data-dev-device-sim-docs--	v0	--Users-vito-data-dev-device-sim-docs--/3b3ae26e-216b-4609-b7ef-ffade163f83f/session.jsonl.zstd	1948	true	readable	5	false
3b98b2a1-a582-4ed2-84ae-a302b856a6f6	--Users-vito-data-dev-mumu--	v3	--Users-vito-data-dev-mumu--/3b98b2a1-a582-4ed2-84ae-a302b856a6f6/session.v3.jsonl.zstd	80545	true	readable	40	false
3bf1cdd0-716e-463d-a77a-86758dce7f57	--Users-vito-data-dev-device-sim--	v0	--Users-vito-data-dev-device-sim--/3bf1cdd0-716e-463d-a77a-86758dce7f57/session.jsonl.zstd	4560896	false	unreadable:other	-	false
3c083db1-7875-44e5-978d-4adac93c020e	--Users-vito-data-dev-mumu--	v3	--Users-vito-data-dev-mumu--/3c083db1-7875-44e5-978d-4adac93c020e/session.v3.jsonl.zstd	42271	true	readable	28	false
3cb7b157-1f14-44a7-b7cc-d3e90c18f982	--Users-vito-data-dev-mumu--	v3	--Users-vito-data-dev-mumu--/3cb7b157-1f14-44a7-b7cc-d3e90c18f982/session.v3.jsonl.zstd	727202	true	readable	429	false
3d3f20a4-df7b-43cd-a3e9-1627b4450a24	--Users-vito-data-dev-dsh-plugins--	v3	--Users-vito-data-dev-dsh-plugins--/3d3f20a4-df7b-43cd-a3e9-1627b4450a24/session.v3.jsonl.zstd	31425	true	readable	27	false
3d3f8e6b-e4e9-4b6a-912e-7a08bd06fc0e	--Users-vito-data-dev-dsh-tui--	v0	--Users-vito-data-dev-dsh-tui--/3d3f8e6b-e4e9-4b6a-912e-7a08bd06fc0e/session.jsonl.zstd	3105	true	readable	5	false
3d5b31b5-e6ce-42f8-97f5-888373c2c892	--Users-vito-data-dev-mumu--	v3	--Users-vito-data-dev-mumu--/3d5b31b5-e6ce-42f8-97f5-888373c2c892/session.v3.jsonl.zstd	16515	true	readable	28	false
3d636f89-f5e7-4c91-8e01-86d7982e43f6	--Users-vito-data-dev-others--	v0	--Users-vito-data-dev-others--/3d636f89-f5e7-4c91-8e01-86d7982e43f6/session.jsonl.zstd	3409	true	readable	5	false
3d78bcf2-9a4b-4b08-9dae-c89d80f7166c	--Users-vito-data-dev-others--	v0	--Users-vito-data-dev-others--/3d78bcf2-9a4b-4b08-9dae-c89d80f7166c/session.jsonl.zstd	11806	false	unreadable:descriptor-v2	-	false
3dadfc78-a4dc-48e8-8b48-b31d6a29637d	--Users-vito-data-dev-endless-dsh--	v0	--Users-vito-data-dev-endless-dsh--/3dadfc78-a4dc-48e8-8b48-b31d6a29637d/session.jsonl.zstd	1677191	true	readable	932	false
3e1a3f52-b87b-4045-a7fa-1b9235c4d735	--Users-vito-data-dev-others--	v0	--Users-vito-data-dev-others--/3e1a3f52-b87b-4045-a7fa-1b9235c4d735/session.jsonl.zstd	240426	true	readable	110	false
3e271966-5c4e-4d38-bd38-8d47cd58a236	--Users-vito-data-dev-mumu--	v3	--Users-vito-data-dev-mumu--/3e271966-5c4e-4d38-bd38-8d47cd58a236/session.v3.jsonl.zstd	341945	true	readable	104	false
3e82bacc-0732-4fd0-94f1-c27bce8b6b4b	--Users-vito-data-dev-mumu--	v3	--Users-vito-data-dev-mumu--/3e82bacc-0732-4fd0-94f1-c27bce8b6b4b/session.v3.jsonl.zstd	96931	true	readable	60	false
3ef7b511-7f38-4fe9-a173-3d29bcf05b65	--Users-vito-data-dev-others--	v0	--Users-vito-data-dev-others--/3ef7b511-7f38-4fe9-a173-3d29bcf05b65/session.jsonl.zstd	3636	true	readable	5	false
3f2560e5-56f2-4ffd-9935-28f45e3e0b6e	--Users-vito-data-dev-mumu--	v3	--Users-vito-data-dev-mumu--/3f2560e5-56f2-4ffd-9935-28f45e3e0b6e/session.v3.jsonl.zstd	21938	true	readable	19	false
3f4defdb-6d2f-4cf4-8050-e2e4a38da928	--Users-vito-data-dev-mumu--	v3	--Users-vito-data-dev-mumu--/3f4defdb-6d2f-4cf4-8050-e2e4a38da928/session.v3.jsonl.zstd	384722	true	readable	179	false
3f604250-8394-4538-a147-9d86165cb2af	--Users-vito-data-dev-others--	v0	--Users-vito-data-dev-others--/3f604250-8394-4538-a147-9d86165cb2af/session.jsonl.zstd	454983	false	unreadable:descriptor-v2	-	false
3f8d57e6-8b44-497e-a3ab-ba4a8636f6e4	--Users-vito-data-dev-others--	v0	--Users-vito-data-dev-others--/3f8d57e6-8b44-497e-a3ab-ba4a8636f6e4/session.jsonl.zstd	3632	true	readable	5	false
3fa1202a-5f40-4fc4-a9cd-1910642e63ef	--Users-vito-data-dev-mumu--	v3	--Users-vito-data-dev-mumu--/3fa1202a-5f40-4fc4-a9cd-1910642e63ef/session.v3.jsonl.zstd	111869	true	readable	55	false
401d8075-42e8-4e3b-8a9d-038b7ac7238b	--Users-vito-data-dev-mumu--	v3	--Users-vito-data-dev-mumu--/401d8075-42e8-4e3b-8a9d-038b7ac7238b/session.v3.jsonl.zstd	1037802	true	readable	562	false
402d35d1-a9be-41d9-b3e4-cd844e2b3c57	--Users-vito-data-dev-others--	v0	--Users-vito-data-dev-others--/402d35d1-a9be-41d9-b3e4-cd844e2b3c57/session.jsonl.zstd	539217	true	readable	392	false
407b5061-dc84-4a83-8863-31e81aa8553e	--Users-vito-data-dev-mumu--	v3	--Users-vito-data-dev-mumu--/407b5061-dc84-4a83-8863-31e81aa8553e/session.v3.jsonl.zstd	273706	true	readable	179	false
407e40ff-c704-462a-a77d-c238708b17d6	--Users-vito-data-dev-others--	v0	--Users-vito-data-dev-others--/407e40ff-c704-462a-a77d-c238708b17d6/session.jsonl.zstd	303953	false	unreadable:other	-	false
40a1a85d-bd4e-4b41-945c-dc6facd66676	--Users-vito-data-dev-dsh-plugins--	v3	--Users-vito-data-dev-dsh-plugins--/40a1a85d-bd4e-4b41-945c-dc6facd66676/session.v3.jsonl.zstd	233447	true	readable	123	false
412567a8-f042-4d73-8f8f-3274d5a850ef	--Users-vito-data-dev-mumu--	v3	--Users-vito-data-dev-mumu--/412567a8-f042-4d73-8f8f-3274d5a850ef/session.v3.jsonl.zstd	882981	true	readable	448	false
412e23ef-44bf-423d-9305-9162c871978a	--Users-vito-data-dev-mumu--	v3	--Users-vito-data-dev-mumu--/412e23ef-44bf-423d-9305-9162c871978a/session.v3.jsonl.zstd	262113	true	readable	128	false
41809af4-7ef4-4656-9c04-354b352940e3	--Users-vito-data-dev-others--	v0	--Users-vito-data-dev-others--/41809af4-7ef4-4656-9c04-354b352940e3/session.jsonl.zstd	6234	true	readable	8	false
41ea5fed-6e96-46e0-bf33-d220099dce0e	--Users-vito-data-dev-mumu--	v3	--Users-vito-data-dev-mumu--/41ea5fed-6e96-46e0-bf33-d220099dce0e/session.v3.jsonl.zstd	517377	true	readable	378	false
4243eb66-e046-4361-b49c-24de3a4c5d9f	--Users-vito-data-dev-mumu--	v3	--Users-vito-data-dev-mumu--/4243eb66-e046-4361-b49c-24de3a4c5d9f/session.v3.jsonl.zstd	80014	true	readable	42	false
43936ca5-69ce-4da1-b607-7b7248672456	--Users-vito-data-dev-mumu--	v3	--Users-vito-data-dev-mumu--/43936ca5-69ce-4da1-b607-7b7248672456/session.v3.jsonl.zstd	217348	true	readable	124	false
43ef5c6d-94bf-4b37-b037-1954abd7c96e	--Users-vito-data-dev-dsh-tui--	v0	--Users-vito-data-dev-dsh-tui--/43ef5c6d-94bf-4b37-b037-1954abd7c96e/session.jsonl.zstd	117941	true	readable	138	false
44b43f3d-29e0-4593-aaf3-38c2c3bf00f5	--Users-vito-data-dev-mumu--	v3	--Users-vito-data-dev-mumu--/44b43f3d-29e0-4593-aaf3-38c2c3bf00f5/session.v3.jsonl.zstd	233384	true	readable	123	false
44d6c6f5-4085-4d7d-bc40-06a2587f6192	--Users-vito-data-dev-mumu--	v3	--Users-vito-data-dev-mumu--/44d6c6f5-4085-4d7d-bc40-06a2587f6192/session.v3.jsonl.zstd	410805	true	readable	204	false
44f873e0-5f42-456f-b297-5d239067de21	--Users-vito-data-dev-mumu--	v3	--Users-vito-data-dev-mumu--/44f873e0-5f42-456f-b297-5d239067de21/session.v3.jsonl.zstd	38053	true	readable	28	false
4517e4ec-a237-4488-9d96-592ef6a69134	--Users-vito-data-dev-dsh-plugins--	v3	--Users-vito-data-dev-dsh-plugins--/4517e4ec-a237-4488-9d96-592ef6a69134/session.v3.jsonl.zstd	136430	true	readable	92	false
451d7954-185f-41bf-b3cd-5b3c4fac953e	--Users-vito-data-dev-mumu--	v3	--Users-vito-data-dev-mumu--/451d7954-185f-41bf-b3cd-5b3c4fac953e/session.v3.jsonl.zstd	414372	true	readable	147	false
45a47c4a-4976-4759-86fd-41b1200b053d	--Users-vito-data-dev-mumu--	v3	--Users-vito-data-dev-mumu--/45a47c4a-4976-4759-86fd-41b1200b053d/session.v3.jsonl.zstd	541252	true	readable	248	false
467f0628-6f55-449f-b758-e409795e780d	--Users-vito-data-dev-mumu--	v3	--Users-vito-data-dev-mumu--/467f0628-6f55-449f-b758-e409795e780d/session.v3.jsonl.zstd	487862	true	readable	186	false
47901e04-ff7d-489c-b2bc-351c99acb81b	--Users-vito-data-dev-mumu--	v3	--Users-vito-data-dev-mumu--/47901e04-ff7d-489c-b2bc-351c99acb81b/session.v3.jsonl.zstd	98204	true	readable	40	false
47c4c29b-7f72-4496-a6b7-ff1b7dd88c3c	--Users-vito-data-dev-dsh-relay--	v0	--Users-vito-data-dev-dsh-relay--/47c4c29b-7f72-4496-a6b7-ff1b7dd88c3c/session.jsonl.zstd	3880	true	readable	5	false
48138cd0-4e97-466c-9509-9c1c5fba02bd	--Users-vito-data-dev-others--	v0	--Users-vito-data-dev-others--/48138cd0-4e97-466c-9509-9c1c5fba02bd/session.jsonl.zstd	3634	true	readable	5	false
487b74e0-6f19-4767-bc28-386a9619134a	--Users-vito-data-dev-others--	v0	--Users-vito-data-dev-others--/487b74e0-6f19-4767-bc28-386a9619134a/session.jsonl.zstd	3253	true	readable	4	false
48ca4b20-3802-45e6-8887-f1a90b9d9ee9	--Users-vito-data-dev-mumu--	v3	--Users-vito-data-dev-mumu--/48ca4b20-3802-45e6-8887-f1a90b9d9ee9/session.v3.jsonl.zstd	576546	true	readable	452	false
48d183cc-0808-4206-92fa-948577dcce4c	--Users-vito-data-dev-others--	v0	--Users-vito-data-dev-others--/48d183cc-0808-4206-92fa-948577dcce4c/session.jsonl.zstd	3285	true	readable	5	false
48f6c7c4-ce8b-4d62-b390-efc9c428608f	--Users-vito-data-dev-mumu--	v3	--Users-vito-data-dev-mumu--/48f6c7c4-ce8b-4d62-b390-efc9c428608f/session.v3.jsonl.zstd	801377	true	readable	396	false
495fd235-5788-47e9-adef-81dd842dcc68	--Users-vito-data-dev-mumu--	v3	--Users-vito-data-dev-mumu--/495fd235-5788-47e9-adef-81dd842dcc68/session.v3.jsonl.zstd	45633	true	readable	19	false
4982ba78-e7c5-4d69-ba27-72dbdbab0542	--Users-vito-data-dev-others--	v3	--Users-vito-data-dev-others--/4982ba78-e7c5-4d69-ba27-72dbdbab0542/session.v3.jsonl.zstd	257360	true	readable	187	false
4a7bb681-b7a4-4190-a5a4-8e7d734abb69	--Users-vito-data-dev-others--	v0	--Users-vito-data-dev-others--/4a7bb681-b7a4-4190-a5a4-8e7d734abb69/session.jsonl.zstd	3118	true	readable	4	false
4adc9606-ab18-4230-9e9a-155725a781b6	--Users-vito-data-dev-mumu--	v3	--Users-vito-data-dev-mumu--/4adc9606-ab18-4230-9e9a-155725a781b6/session.v3.jsonl.zstd	780948	true	readable	507	false
4af0011e-68cd-41cd-8c5f-67b97a353e21	--Users-vito-data-dev-mumu--	v3	--Users-vito-data-dev-mumu--/4af0011e-68cd-41cd-8c5f-67b97a353e21/session.v3.jsonl.zstd	304089	true	readable	150	false
4b98b277-0484-46c2-b15f-677a7cc8d978	--Users-vito-data-dev-endless-dsh--	v0	--Users-vito-data-dev-endless-dsh--/4b98b277-0484-46c2-b15f-677a7cc8d978/session.jsonl.zstd	3797	true	readable	5	false
4bc12a09-660c-49e1-b2ab-9366d8509862	--Users-vito-data-dev-mumu--	v3	--Users-vito-data-dev-mumu--/4bc12a09-660c-49e1-b2ab-9366d8509862/session.v3.jsonl.zstd	218606	true	readable	71	false
4c3485b1-d807-4d19-9dc6-a28c949a726a	--Users-vito-data-dev-mumu--	v3	--Users-vito-data-dev-mumu--/4c3485b1-d807-4d19-9dc6-a28c949a726a/session.v3.jsonl.zstd	152560	true	readable	102	false
4cbc8fac-5a82-4f87-9fc0-25ebd7d57e71	--Users-vito-data-dev-device-sim--	v0	--Users-vito-data-dev-device-sim--/4cbc8fac-5a82-4f87-9fc0-25ebd7d57e71/session.jsonl.zstd	3627	true	readable	5	false
4da06353-1ec4-44dd-a6fa-b2771b04176c	--Users-vito-data-dev-device-sim--	v0	--Users-vito-data-dev-device-sim--/4da06353-1ec4-44dd-a6fa-b2771b04176c/session.jsonl.zstd	3986	true	readable	5	false
4db95d22-4a13-44fc-848b-4c73dfaddb19	--Users-vito-data-dev-dsh-tui--	v0	--Users-vito-data-dev-dsh-tui--/4db95d22-4a13-44fc-848b-4c73dfaddb19/session.jsonl.zstd	2968	true	readable	4	false
4e48909b-ab4e-4001-9721-e9c2185f0322	--Users-vito-data-dev-dsh-tui--	v0	--Users-vito-data-dev-dsh-tui--/4e48909b-ab4e-4001-9721-e9c2185f0322/session.jsonl.zstd	684838	true	readable	836	false
4f6d050d-ade9-4ee8-b902-6396f5dfb7c6	--Users-vito-data-dev-dsh-plugins--	v3	--Users-vito-data-dev-dsh-plugins--/4f6d050d-ade9-4ee8-b902-6396f5dfb7c6/session.v3.jsonl.zstd	34625	true	readable	27	false
4fbd151e-3fb6-4bca-b10e-4c2cb179a1a9	--Users-vito-data-dev-dsh-plugins--	v3	--Users-vito-data-dev-dsh-plugins--/4fbd151e-3fb6-4bca-b10e-4c2cb179a1a9/session.v3.jsonl.zstd	59045	true	readable	42	false
5031048c-d073-41db-8527-e3e4a15ea2e9	--Users-vito-data-dev-mumu--	v3	--Users-vito-data-dev-mumu--/5031048c-d073-41db-8527-e3e4a15ea2e9/session.v3.jsonl.zstd	13713	true	readable	19	false
503558df-f2f0-4467-bc62-d62c73c8e8df	--Users-vito-data-dev-dsh-plugins--	v0	--Users-vito-data-dev-dsh-plugins--/503558df-f2f0-4467-bc62-d62c73c8e8df/session.jsonl.zstd	26092	false	unreadable:descriptor-v2	-	false
50557050-a9a1-4c87-b18f-3de8e1a3744d	--Users-vito-data-dev-others--	v0	--Users-vito-data-dev-others--/50557050-a9a1-4c87-b18f-3de8e1a3744d/session.jsonl.zstd	3629	true	readable	5	false
51401fb4-84bb-4ec2-8839-3f8794a418e9	--Users-vito-data-dev-device-sim--	v0	--Users-vito-data-dev-device-sim--/51401fb4-84bb-4ec2-8839-3f8794a418e9/session.jsonl.zstd	3246571	false	unreadable:other	-	false
51b60523-d196-4a84-84ea-57221aeadc90	--Users-vito-data-dev-mumu--	v3	--Users-vito-data-dev-mumu--/51b60523-d196-4a84-84ea-57221aeadc90/session.v3.jsonl.zstd	153477	true	readable	42	false
52072da3-f232-4d68-9086-bba47ae40bda	--Users-vito-data-dev-others--	v0	--Users-vito-data-dev-others--/52072da3-f232-4d68-9086-bba47ae40bda/session.jsonl.zstd	3259	true	readable	5	false
526b895e-5d8e-4ef5-a737-d68bf2853679	--Users-vito-data-dev-endless-dsh--	v0	--Users-vito-data-dev-endless-dsh--/526b895e-5d8e-4ef5-a737-d68bf2853679/session.jsonl.zstd	3713	true	readable	5	false
52b0c255-8b06-4203-986b-28f32cf512da	--Users-vito-data-dev-mumu--	v3	--Users-vito-data-dev-mumu--/52b0c255-8b06-4203-986b-28f32cf512da/session.v3.jsonl.zstd	191523	true	readable	110	false
52c8a349-d4ca-4792-b4a2-a9f349aa3bba	--Users-vito-data-dev-dsh-relay--	v0	--Users-vito-data-dev-dsh-relay--/52c8a349-d4ca-4792-b4a2-a9f349aa3bba/session.jsonl.zstd	3878	true	readable	5	false
52e8e3cd-6526-441a-82bd-0a393a521df1	--Users-vito-data-dev-mumu--	v3	--Users-vito-data-dev-mumu--/52e8e3cd-6526-441a-82bd-0a393a521df1/session.v3.jsonl.zstd	46673	true	readable	28	false
5323641b-a564-40a5-8833-ac2c221f996d	--Users-vito-data-dev-others--	v0	--Users-vito-data-dev-others--/5323641b-a564-40a5-8833-ac2c221f996d/session.jsonl.zstd	3386	true	readable	5	false
534ea64e-7c1d-40a6-b129-4cf3a326eebd	--Users-vito-data-dev-mumu--	v3	--Users-vito-data-dev-mumu--/534ea64e-7c1d-40a6-b129-4cf3a326eebd/session.v3.jsonl.zstd	41021	true	readable	28	false
53504eac-ad12-433c-b801-1597b22e1dd2	--Users-vito-data-dev-dsh-tui--	v0	--Users-vito-data-dev-dsh-tui--/53504eac-ad12-433c-b801-1597b22e1dd2/session.jsonl.zstd	1264208	false	unreadable:other	-	false
537de7bf-6085-420d-af2d-462876b4996a	--Users-vito-data-dev-mumu--	v3	--Users-vito-data-dev-mumu--/537de7bf-6085-420d-af2d-462876b4996a/session.v3.jsonl.zstd	37872	true	readable	28	false
538459cd-2971-4adb-aaa8-5a59b25c8daa	--Users-vito-data-dev-mumu--	v3	--Users-vito-data-dev-mumu--/538459cd-2971-4adb-aaa8-5a59b25c8daa/session.v3.jsonl.zstd	447910	true	readable	180	false
539ecb4f-a028-4017-b0fb-5cb08bce684a	--Users-vito-data-dev-mumu--	v3	--Users-vito-data-dev-mumu--/539ecb4f-a028-4017-b0fb-5cb08bce684a/session.v3.jsonl.zstd	204683	true	readable	145	false
54665e5e-2a67-4b92-9e9e-36bf84891523	--Users-vito-data-dev-mumu--	v3	--Users-vito-data-dev-mumu--/54665e5e-2a67-4b92-9e9e-36bf84891523/session.v3.jsonl.zstd	196367	true	readable	84	false
54bb6bfb-83d6-4f7c-99ad-5e5dd44bc4ce	--Users-vito-data-dev-dsh-plugins--	v0	--Users-vito-data-dev-dsh-plugins--/54bb6bfb-83d6-4f7c-99ad-5e5dd44bc4ce/session.jsonl.zstd	2799	true	readable	5	false
54f250f3-8e9b-4c5f-a994-25eb33b5eec1	--Users-vito-data-dev-others--	v0	--Users-vito-data-dev-others--/54f250f3-8e9b-4c5f-a994-25eb33b5eec1/session.jsonl.zstd	3330	true	readable	4	false
54f91551-6b4c-47c9-ac6e-d31612063ac7	--Users-vito-data-dev-dsh-plugins--	v3	--Users-vito-data-dev-dsh-plugins--/54f91551-6b4c-47c9-ac6e-d31612063ac7/session.v3.jsonl.zstd	33982	true	readable	27	false
551cef94-a623-49bf-8349-832738bee553	--Users-vito-data-dev-dsh-tui--	v0	--Users-vito-data-dev-dsh-tui--/551cef94-a623-49bf-8349-832738bee553/session.jsonl.zstd	31817	true	readable	22	false
566720af-b28e-4059-a1b6-583b76f7f881	--Users-vito-data-dev-device-sim--	v0	--Users-vito-data-dev-device-sim--/566720af-b28e-4059-a1b6-583b76f7f881/session.jsonl.zstd	2699528	false	unreadable:other	-	false
5671d4ec-27f7-4e31-b56e-d1bd50ff76df	--Users-vito-data-dev-mumu--	v3	--Users-vito-data-dev-mumu--/5671d4ec-27f7-4e31-b56e-d1bd50ff76df/session.v3.jsonl.zstd	1172087	true	readable	721	false
56a88be7-23f1-44f4-993a-dd51515412e9	--Users-vito-data-dev-mumu--	v3	--Users-vito-data-dev-mumu--/56a88be7-23f1-44f4-993a-dd51515412e9/session.v3.jsonl.zstd	555779	true	readable	289	false
574bbad0-ca7b-4a57-9e13-00021c1cffdd	--Users-vito-data-dev-dsh-plugins--	v0	--Users-vito-data-dev-dsh-plugins--/574bbad0-ca7b-4a57-9e13-00021c1cffdd/session.jsonl.zstd	24944	false	unreadable:descriptor-v2	-	false
574f0da2-5c22-4505-beb4-3ed912bead03	--Users-vito-data-dev-mumu--	v3	--Users-vito-data-dev-mumu--/574f0da2-5c22-4505-beb4-3ed912bead03/session.v3.jsonl.zstd	812067	true	readable	504	false
57890f66-adbf-4235-9ddb-2ec37ddf8922	--Users-vito-data-dev-mumu--	v3	--Users-vito-data-dev-mumu--/57890f66-adbf-4235-9ddb-2ec37ddf8922/session.v3.jsonl.zstd	43619	true	readable	28	false
57af16b1-aa87-49dc-89e7-675a9decba07	--Users-vito-data-dev-mumu--	v3	--Users-vito-data-dev-mumu--/57af16b1-aa87-49dc-89e7-675a9decba07/session.v3.jsonl.zstd	36685	true	readable	28	false
587bb24e-251b-4561-9ff3-2239a18449f6	--Users-vito-data-dev-mumu--	v3	--Users-vito-data-dev-mumu--/587bb24e-251b-4561-9ff3-2239a18449f6/session.v3.jsonl.zstd	515320	true	readable	187	false
58b50549-12e4-4b80-a601-d6a5cb86cbf1	--Users-vito-data-dev-others--	v0	--Users-vito-data-dev-others--/58b50549-12e4-4b80-a601-d6a5cb86cbf1/session.jsonl.zstd	3319	true	readable	5	false
596b062e-5ec5-4262-b37f-7f2225ce39fe	--Users-vito-data-dev-others--	v0	--Users-vito-data-dev-others--/596b062e-5ec5-4262-b37f-7f2225ce39fe/session.jsonl.zstd	3276	true	readable	4	false
5977ffde-8a05-47d5-98d4-0bfe497de0a2	--Users-vito-data-dev-mumu--	v3	--Users-vito-data-dev-mumu--/5977ffde-8a05-47d5-98d4-0bfe497de0a2/session.v3.jsonl.zstd	137662	true	readable	72	false
597e1c77-51ed-4088-a1b8-a32bccbacd78	--Users-vito-data-dev-mumu--	v3	--Users-vito-data-dev-mumu--/597e1c77-51ed-4088-a1b8-a32bccbacd78/session.v3.jsonl.zstd	242264	true	readable	143	false
59b9fc71-a443-4850-b737-83dbe7378b92	--Users-vito-data-dev-mumu--	v3	--Users-vito-data-dev-mumu--/59b9fc71-a443-4850-b737-83dbe7378b92/session.v3.jsonl.zstd	520760	true	readable	486	false
59d8fdaf-8e22-4eae-ba04-c6fe3de84e0c	--Users-vito-data-dev-mumu--	v3	--Users-vito-data-dev-mumu--/59d8fdaf-8e22-4eae-ba04-c6fe3de84e0c/session.v3.jsonl.zstd	48675	true	readable	28	false
59f16d4a-4eab-4ac9-9c77-c4f2c1619414	--Users-vito-data-dev-mumu--	v3	--Users-vito-data-dev-mumu--/59f16d4a-4eab-4ac9-9c77-c4f2c1619414/session.v3.jsonl.zstd	54538	true	readable	19	false
59fa11bf-c351-44a4-b97d-e9a3d066ab08	--Users-vito-data-dev-dsh-tui--	v0	--Users-vito-data-dev-dsh-tui--/59fa11bf-c351-44a4-b97d-e9a3d066ab08/session.jsonl.zstd	49436	true	readable	34	false
5a27ed65-954c-4ba5-9eb2-35a9f7f57fec	--Users-vito-data-dev-mumu--	v3	--Users-vito-data-dev-mumu--/5a27ed65-954c-4ba5-9eb2-35a9f7f57fec/session.v3.jsonl.zstd	66828	true	readable	28	false
5a7bd767-658c-43db-8333-8fdf84d1322a	--Users-vito-data-dev-mumu--	v3	--Users-vito-data-dev-mumu--/5a7bd767-658c-43db-8333-8fdf84d1322a/session.v3.jsonl.zstd	200318	true	readable	163	false
5b368389-2b0b-4229-9204-19cf1cf556ce	--Users-vito-data-dev-mumu--	v3	--Users-vito-data-dev-mumu--/5b368389-2b0b-4229-9204-19cf1cf556ce/session.v3.jsonl.zstd	43160	true	readable	28	false
5bf29bb8-8fec-4de4-91c5-8111542d67f2	--Users-vito-data-dev-mumu--	v3	--Users-vito-data-dev-mumu--/5bf29bb8-8fec-4de4-91c5-8111542d67f2/session.v3.jsonl.zstd	124738	true	readable	96	false
5c423e2f-038a-4fa3-8440-9ebdd7d805f1	--Users-vito-data-dev-dsh-plugins--	v0	--Users-vito-data-dev-dsh-plugins--/5c423e2f-038a-4fa3-8440-9ebdd7d805f1/session.jsonl.zstd	559561	false	unreadable:descriptor-v2	-	false
5cd178c6-d536-4af0-a509-6e027921ae0a	--Users-vito-data-dev-mumu--	v3	--Users-vito-data-dev-mumu--/5cd178c6-d536-4af0-a509-6e027921ae0a/session.v3.jsonl.zstd	328205	true	readable	150	false
5cdedb3b-36f0-45dd-8c0d-a1f1ba9fdbdc	--Users-vito-data-dev-mumu--	v3	--Users-vito-data-dev-mumu--/5cdedb3b-36f0-45dd-8c0d-a1f1ba9fdbdc/session.v3.jsonl.zstd	39028	true	readable	28	false
5d2ffefc-7d34-43f9-b504-cf2c20aa6ac1	--Users-vito-data-dev-mumu--	v3	--Users-vito-data-dev-mumu--/5d2ffefc-7d34-43f9-b504-cf2c20aa6ac1/session.v3.jsonl.zstd	194381	true	readable	69	false
5e015386-8c31-4d1a-b450-2766fa0e7ff2	--Users-vito-data-dev-dsh-plugins--	v3	--Users-vito-data-dev-dsh-plugins--/5e015386-8c31-4d1a-b450-2766fa0e7ff2/session.v3.jsonl.zstd	135330	true	readable	117	false
5e9400ec-eb0a-4bcd-ace9-95785824ecca	--Users-vito-data-dev-mumu--	v3	--Users-vito-data-dev-mumu--/5e9400ec-eb0a-4bcd-ace9-95785824ecca/session.v3.jsonl.zstd	54669	true	readable	19	false
5ec2e2d7-ce91-43ed-b2b5-2e32e8dae0bf	--Users-vito-data-dev-others--	v0	--Users-vito-data-dev-others--/5ec2e2d7-ce91-43ed-b2b5-2e32e8dae0bf/session.jsonl.zstd	11577	false	unreadable:descriptor-v2	-	false
5edac383-8c6b-4661-9808-4a9dddb2f967	--Users-vito-data-dev-mumu--	v3	--Users-vito-data-dev-mumu--/5edac383-8c6b-4661-9808-4a9dddb2f967/session.v3.jsonl.zstd	152348	true	readable	57	false
5efc7f2c-5c2c-4675-99f6-46dbae5737ca	--Users-vito-data-dev-mumu--	v3	--Users-vito-data-dev-mumu--/5efc7f2c-5c2c-4675-99f6-46dbae5737ca/session.v3.jsonl.zstd	13250	true	readable	34	false
5f15bb88-1460-49a4-a737-d25efe2b9bda	--Users-vito-data-dev-device-sim--	v0	--Users-vito-data-dev-device-sim--/5f15bb88-1460-49a4-a737-d25efe2b9bda/session.jsonl.zstd	3825	true	readable	5	false
5f4cbdd8-9a20-400a-912a-be7501397e60	--Users-vito-data-dev-others--	v0	--Users-vito-data-dev-others--/5f4cbdd8-9a20-400a-912a-be7501397e60/session.jsonl.zstd	105795	false	unreadable:other	-	false
5f96559a-62ed-462c-8229-b7fa917e88ce	--Users-vito-data-dev-mumu--	v3	--Users-vito-data-dev-mumu--/5f96559a-62ed-462c-8229-b7fa917e88ce/session.v3.jsonl.zstd	58312	true	readable	28	false
5fdaf9e5-f2f1-4169-a431-e0a4f0e0f8ef	--Users-vito-data-dev-mumu--	v3	--Users-vito-data-dev-mumu--/5fdaf9e5-f2f1-4169-a431-e0a4f0e0f8ef/session.v3.jsonl.zstd	957127	true	readable	539	false
6096c12d-8efb-4e52-a53e-cf078143ed4a	--Users-vito-data-dev-mumu--	v3	--Users-vito-data-dev-mumu--/6096c12d-8efb-4e52-a53e-cf078143ed4a/session.v3.jsonl.zstd	815290	true	readable	602	false
60df8a1f-a1a4-42d4-b6e8-f44b51b5b07d	--Users-vito-data-dev-mumu--	v3	--Users-vito-data-dev-mumu--/60df8a1f-a1a4-42d4-b6e8-f44b51b5b07d/session.v3.jsonl.zstd	165197	true	readable	86	false
61a16bdd-01ab-404e-ab97-953fc56eed35	--Users-vito-data-dev-mumu--	v3	--Users-vito-data-dev-mumu--/61a16bdd-01ab-404e-ab97-953fc56eed35/session.v3.jsonl.zstd	664282	true	readable	402	false
621bf711-a818-427e-b02a-bfefea212aef	--Users-vito-data-dev-mumu--	v3	--Users-vito-data-dev-mumu--/621bf711-a818-427e-b02a-bfefea212aef/session.v3.jsonl.zstd	66968	true	readable	50	false
6279da90-4a15-4c98-b4d5-738d2193be22	--Users-vito-data-dev-others--	v0	--Users-vito-data-dev-others--/6279da90-4a15-4c98-b4d5-738d2193be22/session.jsonl.zstd	3184	true	readable	4	false
628a04de-4fd3-4a89-bd39-1b640c5331a0	--Users-vito-data-dev-mumu--	v3	--Users-vito-data-dev-mumu--/628a04de-4fd3-4a89-bd39-1b640c5331a0/session.v3.jsonl.zstd	37702	true	readable	28	false
62b56a92-0e4b-4e33-a892-09a1f0403d64	--Users-vito-data-dev-others--	v0	--Users-vito-data-dev-others--/62b56a92-0e4b-4e33-a892-09a1f0403d64/session.jsonl.zstd	3409	true	readable	5	false
631d9506-1826-4641-b06a-f54a0aafaf98	--Users-vito-data-dev-mumu--	v3	--Users-vito-data-dev-mumu--/631d9506-1826-4641-b06a-f54a0aafaf98/session.v3.jsonl.zstd	249094	true	readable	130	false
631eda94-7cf8-4bf5-a995-8a43d48dda68	--Users-vito-data-dev-dsh-plugins--	v0	--Users-vito-data-dev-dsh-plugins--/631eda94-7cf8-4bf5-a995-8a43d48dda68/session.jsonl.zstd	981204	false	unreadable:descriptor-v2	-	false
63534785-aaac-4f25-8c2d-3525008ff2d2	--Users-vito-data-dev-mumu--	v3	--Users-vito-data-dev-mumu--/63534785-aaac-4f25-8c2d-3525008ff2d2/session.v3.jsonl.zstd	708907	true	readable	268	false
63543b1e-4cf5-41eb-abb7-bd4b8a4f695d	--Users-vito-data-dev-mumu--	v3	--Users-vito-data-dev-mumu--/63543b1e-4cf5-41eb-abb7-bd4b8a4f695d/session.v3.jsonl.zstd	81303	true	readable	43	false
6395e7ff-2842-4643-9bd8-7bfa0225d880	--Users-vito-data-dev-others--	v0	--Users-vito-data-dev-others--/6395e7ff-2842-4643-9bd8-7bfa0225d880/session.jsonl.zstd	3275	true	readable	4	false
6397ec4c-321f-4301-97e6-ff4c7d188a02	--Users-vito-data-dev-mumu--	v3	--Users-vito-data-dev-mumu--/6397ec4c-321f-4301-97e6-ff4c7d188a02/session.v3.jsonl.zstd	44668	true	readable	28	false
646fbf25-85fa-4e86-87db-ec88fcac6321	--Users-vito-data-dev-dsh-tui--	v0	--Users-vito-data-dev-dsh-tui--/646fbf25-85fa-4e86-87db-ec88fcac6321/session.jsonl.zstd	3222	true	readable	5	false
64f527df-f032-457e-9ab8-874218363d73	--Users-vito-data-dev-mumu--	v3	--Users-vito-data-dev-mumu--/64f527df-f032-457e-9ab8-874218363d73/session.v3.jsonl.zstd	818924	true	readable	306	false
64f6577a-9eb7-4495-a8a0-87a7bdb1eab6	--Users-vito-data-dev-mumu--	v3	--Users-vito-data-dev-mumu--/64f6577a-9eb7-4495-a8a0-87a7bdb1eab6/session.v3.jsonl.zstd	150640	true	readable	81	false
65968390-3872-49a8-8268-8be3fbac4c17	--Users-vito-data-dev-mumu--	v3	--Users-vito-data-dev-mumu--/65968390-3872-49a8-8268-8be3fbac4c17/session.v3.jsonl.zstd	274584	true	readable	141	false
6599da30-a154-4b7f-9983-ebc93c72abdc	--Users-vito-data-dev-dsh-plugins--	v0	--Users-vito-data-dev-dsh-plugins--/6599da30-a154-4b7f-9983-ebc93c72abdc/session.jsonl.zstd	25926	false	unreadable:descriptor-v2	-	false
65a1dace-2aa7-4307-a9c2-693d55aaef94	--Users-vito-data-dev-others--	v0	--Users-vito-data-dev-others--/65a1dace-2aa7-4307-a9c2-693d55aaef94/session.jsonl.zstd	3839	true	readable	5	false
65bbf31b-d5e4-4bc0-8306-171e9db7a7be	--Users-vito-data-dev-others--	v0	--Users-vito-data-dev-others--/65bbf31b-d5e4-4bc0-8306-171e9db7a7be/session.jsonl.zstd	3248	true	readable	4	false
66463f7b-b8e9-444e-9f84-bebeb24aa06a	--Users-vito-data-dev-device-sim--	v0	--Users-vito-data-dev-device-sim--/66463f7b-b8e9-444e-9f84-bebeb24aa06a/session.jsonl.zstd	4791282	false	unreadable:other	-	false
66481862-b234-45fd-89f6-592910d0095d	--Users-vito-data-dev-dsh-plugins--	v3	--Users-vito-data-dev-dsh-plugins--/66481862-b234-45fd-89f6-592910d0095d/session.v3.jsonl.zstd	29206	true	readable	27	false
674745f5-2736-4bb7-a96d-06cf27e3d4c0	--Users-vito-data-dev-others--	v0	--Users-vito-data-dev-others--/674745f5-2736-4bb7-a96d-06cf27e3d4c0/session.jsonl.zstd	57242	false	unreadable:descriptor-v2	-	false
679a7755-4c89-425f-b0cc-b1394d145ee2	--Users-vito-data-dev-mumu--	v3	--Users-vito-data-dev-mumu--/679a7755-4c89-425f-b0cc-b1394d145ee2/session.v3.jsonl.zstd	61680	true	readable	61	false
68000d79-de0c-467c-b6b4-6e309895e073	--Users-vito-data-dev-mumu--	v3	--Users-vito-data-dev-mumu--/68000d79-de0c-467c-b6b4-6e309895e073/session.v3.jsonl.zstd	353449	true	readable	170	false
68366071-b4f9-4b8c-bd38-4643b8cd4f80	--Users-vito-data-dev-mumu--	v3	--Users-vito-data-dev-mumu--/68366071-b4f9-4b8c-bd38-4643b8cd4f80/session.v3.jsonl.zstd	203748	true	readable	127	false
6881b07d-f5c5-41d9-88a5-623208fe96e6	--Users-vito-data-dev-dsh-plugins--	v0	--Users-vito-data-dev-dsh-plugins--/6881b07d-f5c5-41d9-88a5-623208fe96e6/session.jsonl.zstd	24730	false	unreadable:descriptor-v2	-	false
691d9fd0-6c8c-402e-a186-bca27aec6ba9	--Users-vito-data-dev-others--	v0	--Users-vito-data-dev-others--/691d9fd0-6c8c-402e-a186-bca27aec6ba9/session.jsonl.zstd	3629	true	readable	5	false
6995cd51-5c13-42d3-93ed-89eb2f46409f	--Users-vito-data-dev-mumu--	v3	--Users-vito-data-dev-mumu--/6995cd51-5c13-42d3-93ed-89eb2f46409f/session.v3.jsonl.zstd	316677	true	readable	99	false
6a68a498-e68f-4970-9eaf-af88a37e3ea0	--Users-vito-data-dev-mumu--	v3	--Users-vito-data-dev-mumu--/6a68a498-e68f-4970-9eaf-af88a37e3ea0/session.v3.jsonl.zstd	255048	true	readable	112	false
6a8361ae-06ed-417a-af4f-db905acd52f5	--Users-vito-data-dev-dsh-plugins--	v0	--Users-vito-data-dev-dsh-plugins--/6a8361ae-06ed-417a-af4f-db905acd52f5/session.jsonl.zstd	823394	false	unreadable:descriptor-v2	-	false
6a849473-56ef-40d0-b4cc-f5267489503e	--Users-vito-data-dev-mumu--	v3	--Users-vito-data-dev-mumu--/6a849473-56ef-40d0-b4cc-f5267489503e/session.v3.jsonl.zstd	39564	true	readable	28	false
6ab59d12-3200-4dca-8ccc-15c4caeec450	--Users-vito-data-dev-mumu--	v3	--Users-vito-data-dev-mumu--/6ab59d12-3200-4dca-8ccc-15c4caeec450/session.v3.jsonl.zstd	42671	true	readable	28	false
6ad5cbb8-b948-4533-bad4-9adb581114c2	--Users-vito-data-dev-mumu--	v3	--Users-vito-data-dev-mumu--/6ad5cbb8-b948-4533-bad4-9adb581114c2/session.v3.jsonl.zstd	50860	true	readable	28	false
6adc6640-5359-433d-a105-aae153e1dc41	--Users-vito-data-dev-mumu--	v3	--Users-vito-data-dev-mumu--/6adc6640-5359-433d-a105-aae153e1dc41/session.v3.jsonl.zstd	300084	true	readable	161	false
6b063ab4-da08-4ee6-b2af-53b160973f84	--Users-vito-data-dev-others--	v0	--Users-vito-data-dev-others--/6b063ab4-da08-4ee6-b2af-53b160973f84/session.jsonl.zstd	3275	true	readable	4	false
6ba927a9-7c2f-4b79-8387-71c7929b7e55	--Users-vito-data-dev-mumu--	v3	--Users-vito-data-dev-mumu--/6ba927a9-7c2f-4b79-8387-71c7929b7e55/session.v3.jsonl.zstd	48748	true	readable	28	false
6ccfa922-327f-4734-9e48-07b24020496f	--Users-vito-data-dev-dsh-tui--	v0	--Users-vito-data-dev-dsh-tui--/6ccfa922-327f-4734-9e48-07b24020496f/session.jsonl.zstd	1876	true	readable	4	false
6cfe842f-abc2-4226-839d-987106171074	--Users-vito-data-dev-device-sim--	v0	--Users-vito-data-dev-device-sim--/6cfe842f-abc2-4226-839d-987106171074/session.jsonl.zstd	5153467	false	unreadable:other	-	false
6d0202fa-f924-45a8-9e6b-9fb13b0fd3ed	--Users-vito-data-dev-dsh-plugins--	v3	--Users-vito-data-dev-dsh-plugins--/6d0202fa-f924-45a8-9e6b-9fb13b0fd3ed/session.v3.jsonl.zstd	138248	true	readable	43	false
6d2b3e09-841b-4305-aa9a-a0a6209a9cba	--Users-vito-data-dev-mumu--	v3	--Users-vito-data-dev-mumu--/6d2b3e09-841b-4305-aa9a-a0a6209a9cba/session.v3.jsonl.zstd	186540	true	readable	74	false
6de00f6d-3596-479b-a990-f8af3b4ddda5	--Users-vito-data-dev-mumu--	v3	--Users-vito-data-dev-mumu--/6de00f6d-3596-479b-a990-f8af3b4ddda5/session.v3.jsonl.zstd	287761	true	readable	151	false
6dec32b3-266f-418c-b736-82ba5c94d130	--Users-vito-data-dev-dsh-plugins--	v0	--Users-vito-data-dev-dsh-plugins--/6dec32b3-266f-418c-b736-82ba5c94d130/session.jsonl.zstd	687500	false	unreadable:descriptor-v2	-	false
6df94e3c-ef81-41aa-951b-8f49219d6ddf	--Users-vito-data-dev-dsh-tui--	v0	--Users-vito-data-dev-dsh-tui--/6df94e3c-ef81-41aa-951b-8f49219d6ddf/session.jsonl.zstd	939079	true	readable	833	false
6e85c535-ee44-4a4d-983e-f0875a4cce1c	--Users-vito-data-dev-mumu--	v3	--Users-vito-data-dev-mumu--/6e85c535-ee44-4a4d-983e-f0875a4cce1c/session.v3.jsonl.zstd	77637	true	readable	38	false
6e87d4af-dbf0-4d81-b47c-c21bf9bada09	--Users-vito-data-dev-mumu--	v3	--Users-vito-data-dev-mumu--/6e87d4af-dbf0-4d81-b47c-c21bf9bada09/session.v3.jsonl.zstd	43999	true	readable	28	false
6ee23a1a-23c8-4b3e-b1cf-065bd2694d47	--Users-vito-data-dev-mumu--	v3	--Users-vito-data-dev-mumu--/6ee23a1a-23c8-4b3e-b1cf-065bd2694d47/session.v3.jsonl.zstd	764399	true	readable	300	false
6f0d52fb-c1ee-4632-a575-0d4d8bf8e166	--Users-vito-data-dev-mumu--	v3	--Users-vito-data-dev-mumu--/6f0d52fb-c1ee-4632-a575-0d4d8bf8e166/session.v3.jsonl.zstd	209197	true	readable	188	false
6f437619-a594-4e44-8185-d66ad96ff783	--Users-vito-data-dev-dsh-plugins--	v3	--Users-vito-data-dev-dsh-plugins--/6f437619-a594-4e44-8185-d66ad96ff783/session.v3.jsonl.zstd	57099	true	readable	52	false
6f8a00b5-5f7d-48d7-bb5b-692f0910311a	--Users-vito-data-dev-mumu--	v3	--Users-vito-data-dev-mumu--/6f8a00b5-5f7d-48d7-bb5b-692f0910311a/session.v3.jsonl.zstd	473510	true	readable	243	false
6fc70a7d-d8a2-4da2-8603-ca1d0e1fa861	--Users-vito-data-dev-others--	v0	--Users-vito-data-dev-others--/6fc70a7d-d8a2-4da2-8603-ca1d0e1fa861/session.jsonl.zstd	690151	false	unreadable:descriptor-v2	-	false
6fe71135-d464-4132-87c6-247ff30572c5	--Users-vito-data-dev-mumu--	v3	--Users-vito-data-dev-mumu--/6fe71135-d464-4132-87c6-247ff30572c5/session.v3.jsonl.zstd	50618	true	readable	28	false
7000f229-f243-4d3a-a6c3-a3ba905104e6	--Users-vito-data-dev-mumu--	v3	--Users-vito-data-dev-mumu--/7000f229-f243-4d3a-a6c3-a3ba905104e6/session.v3.jsonl.zstd	43684	true	readable	28	false
704a98d5-8490-4393-beb0-5863401fbc20	--Users-vito-data-dev-mumu--	v3	--Users-vito-data-dev-mumu--/704a98d5-8490-4393-beb0-5863401fbc20/session.v3.jsonl.zstd	560113	true	readable	447	false
706cad37-930d-441a-8dca-ce4739649c88	--Users-vito-data-dev-mumu--	v3	--Users-vito-data-dev-mumu--/706cad37-930d-441a-8dca-ce4739649c88/session.v3.jsonl.zstd	721943	true	readable	350	false
708606fb-61a0-4075-9c1f-b06301c8b75b	--Users-vito-data-dev-mumu--	v3	--Users-vito-data-dev-mumu--/708606fb-61a0-4075-9c1f-b06301c8b75b/session.v3.jsonl.zstd	27761	true	readable	19	false
70d326c0-9447-46af-aa42-a72e8743cb06	--Users-vito-data-dev-mumu--	v3	--Users-vito-data-dev-mumu--/70d326c0-9447-46af-aa42-a72e8743cb06/session.v3.jsonl.zstd	13345	true	readable	34	false
70f23446-2374-493f-b704-c9082288dee9	--Users-vito-data-dev-mumu--	v3	--Users-vito-data-dev-mumu--/70f23446-2374-493f-b704-c9082288dee9/session.v3.jsonl.zstd	1032071	true	readable	941	false
7119c28e-86ce-4dcf-bd49-cf634bc43bad	--Users-vito-data-dev-dsh-plugins--	v3	--Users-vito-data-dev-dsh-plugins--/7119c28e-86ce-4dcf-bd49-cf634bc43bad/session.v3.jsonl.zstd	31200	true	readable	27	false
71306213-1997-4c10-9c80-9795f265bac9	--Users-vito-data-dev-mumu--	v3	--Users-vito-data-dev-mumu--/71306213-1997-4c10-9c80-9795f265bac9/session.v3.jsonl.zstd	854412	true	readable	743	false
71422023-4332-407b-8a37-bc1aec46b254	--Users-vito-data-dev-others--	v0	--Users-vito-data-dev-others--/71422023-4332-407b-8a37-bc1aec46b254/session.jsonl.zstd	3257	true	readable	4	false
7185f6be-0408-4cc0-8361-b6b7aefcd0c7	--Users-vito-data-dev-mumu--	v3	--Users-vito-data-dev-mumu--/7185f6be-0408-4cc0-8361-b6b7aefcd0c7/session.v3.jsonl.zstd	423144	true	readable	225	false
7193945a-b74a-44f9-9b96-fe69dcfc8d21	--Users-vito-data-dev-dsh-relay--	v0	--Users-vito-data-dev-dsh-relay--/7193945a-b74a-44f9-9b96-fe69dcfc8d21/session.jsonl.zstd	481333	false	unreadable:descriptor-v2	-	false
71f32b08-1dbb-47ec-89f1-fda5fe4fc1fb	--Users-vito-data-dev-mumu--	v3	--Users-vito-data-dev-mumu--/71f32b08-1dbb-47ec-89f1-fda5fe4fc1fb/session.v3.jsonl.zstd	157450	true	readable	44	false
72213057-39c0-4db6-abdd-044b1c5942a0	--Users-vito-data-dev-mumu--	v3	--Users-vito-data-dev-mumu--/72213057-39c0-4db6-abdd-044b1c5942a0/session.v3.jsonl.zstd	83584	true	readable	48	false
72596554-9a4f-42e2-aace-4d39b678477e	--Users-vito-data-dev-mumu--	v3	--Users-vito-data-dev-mumu--/72596554-9a4f-42e2-aace-4d39b678477e/session.v3.jsonl.zstd	323036	true	readable	161	false
72dd314a-de36-4d2b-ad55-7567ac3279f6	--Users-vito-data-dev-mumu--	v3	--Users-vito-data-dev-mumu--/72dd314a-de36-4d2b-ad55-7567ac3279f6/session.v3.jsonl.zstd	168539	true	readable	90	false
72ee5db4-4391-456a-b39b-9ad8df4225b8	--Users-vito-data-dev-mumu--	v3	--Users-vito-data-dev-mumu--/72ee5db4-4391-456a-b39b-9ad8df4225b8/session.v3.jsonl.zstd	49869	true	readable	33	false
73a8a87b-5a24-4dc7-8841-dfd78e477d2a	--Users-vito-data-dev-others--	v0	--Users-vito-data-dev-others--/73a8a87b-5a24-4dc7-8841-dfd78e477d2a/session.jsonl.zstd	11164	false	unreadable:descriptor-v2	-	false
73bb4155-39dc-4975-ae27-47c2361206f3	--Users-vito-data-dev-dsh-plugins--	v3	--Users-vito-data-dev-dsh-plugins--/73bb4155-39dc-4975-ae27-47c2361206f3/session.v3.jsonl.zstd	200372	true	readable	130	false
74130b50-e1a5-4eec-a5bf-f0bb8cc97500	--Users-vito-data-dev-dsh-plugins--	v3	--Users-vito-data-dev-dsh-plugins--/74130b50-e1a5-4eec-a5bf-f0bb8cc97500/session.v3.jsonl.zstd	231005	true	readable	174	false
7426baa3-7df5-4df2-975d-8378c5541012	--Users-vito-data-dev-device-sim--	v0	--Users-vito-data-dev-device-sim--/7426baa3-7df5-4df2-975d-8378c5541012/session.jsonl.zstd	3822	true	readable	5	false
74897c08-ec82-4936-b987-256e33f9cf0e	--Users-vito-data-dev-mumu--	v3	--Users-vito-data-dev-mumu--/74897c08-ec82-4936-b987-256e33f9cf0e/session.v3.jsonl.zstd	24266	true	readable	19	false
751ed188-2e7c-4ff3-9a25-b787bdeeec5b	--Users-vito-data-dev-others--	v3	--Users-vito-data-dev-others--/751ed188-2e7c-4ff3-9a25-b787bdeeec5b/session.v3.jsonl.zstd	458590	true	readable	295	false
757e8927-b647-4f05-a110-e5c2ee5f9f03	--Users-vito-data-dev-others--	v0	--Users-vito-data-dev-others--/757e8927-b647-4f05-a110-e5c2ee5f9f03/session.jsonl.zstd	3633	true	readable	5	false
759f8878-939a-4413-b730-3096d3b589de	--Users-vito-data-dev-mumu--	v3	--Users-vito-data-dev-mumu--/759f8878-939a-4413-b730-3096d3b589de/session.v3.jsonl.zstd	267436	true	readable	113	false
75c3529f-49f9-4be2-abb7-fb08362e561c	--Users-vito-data-dev-mumu--	v3	--Users-vito-data-dev-mumu--/75c3529f-49f9-4be2-abb7-fb08362e561c/session.v3.jsonl.zstd	151616	true	readable	126	false
760e2e5c-a584-42a6-b9d6-381ac6457402	--Users-vito-data-dev-mumu--	v3	--Users-vito-data-dev-mumu--/760e2e5c-a584-42a6-b9d6-381ac6457402/session.v3.jsonl.zstd	256461	true	readable	135	false
765424c4-620e-4c1e-862a-a00fe7256cbe	--Users-vito-data-dev-dsh-tui--	v0	--Users-vito-data-dev-dsh-tui--/765424c4-620e-4c1e-862a-a00fe7256cbe/session.jsonl.zstd	735639	true	readable	470	false
7675d572-c4e8-42d0-86b2-952115b8fe38	--Users-vito-data-dev-mumu--	v3	--Users-vito-data-dev-mumu--/7675d572-c4e8-42d0-86b2-952115b8fe38/session.v3.jsonl.zstd	39144	true	readable	28	false
76a541bb-5f09-4a67-a3c5-5a8d3b635389	--Users-vito-data-dev-mumu--	v3	--Users-vito-data-dev-mumu--/76a541bb-5f09-4a67-a3c5-5a8d3b635389/session.v3.jsonl.zstd	152410	true	readable	45	false
76afc5a3-f8a5-4e49-bfad-c127ecc118b2	--Users-vito-data-dev-mumu--	v3	--Users-vito-data-dev-mumu--/76afc5a3-f8a5-4e49-bfad-c127ecc118b2/session.v3.jsonl.zstd	44041	true	readable	28	false
76baa7ef-a6dc-4423-aab8-0ebba2034170	--Users-vito-data-dev-others--	v0	--Users-vito-data-dev-others--/76baa7ef-a6dc-4423-aab8-0ebba2034170/session.jsonl.zstd	556356	true	readable	581	false
7714ef87-934d-452d-8dee-29f2a376359d	--Users-vito-data-dev-mumu--	v3	--Users-vito-data-dev-mumu--/7714ef87-934d-452d-8dee-29f2a376359d/session.v3.jsonl.zstd	1126231	true	readable	729	false
771c8e81-f580-4b3e-a614-bada3763b0b6	--Users-vito-data-dev-mumu--	v3	--Users-vito-data-dev-mumu--/771c8e81-f580-4b3e-a614-bada3763b0b6/session.v3.jsonl.zstd	515042	true	readable	485	false
77713c89-9704-456b-9497-a3acabb2be7b	--Users-vito-data-dev-mumu--	v3	--Users-vito-data-dev-mumu--/77713c89-9704-456b-9497-a3acabb2be7b/session.v3.jsonl.zstd	165204	true	readable	100	false
77726b87-7d96-4356-83ba-ce2269110488	--Users-vito-data-dev-others--	v0	--Users-vito-data-dev-others--/77726b87-7d96-4356-83ba-ce2269110488/session.jsonl.zstd	3257	true	readable	4	false
78b8b869-25a6-4054-bca7-b47cd25d388c	--Users-vito-data-dev-dsh-plugins--	v0	--Users-vito-data-dev-dsh-plugins--/78b8b869-25a6-4054-bca7-b47cd25d388c/session.jsonl.zstd	1400033	true	readable	483	false
78e43225-f4e0-4c25-8144-95384f085835	--Users-vito-data-dev-mumu--	v3	--Users-vito-data-dev-mumu--/78e43225-f4e0-4c25-8144-95384f085835/session.v3.jsonl.zstd	115593	true	readable	70	false
79208ce5-ff60-4f3f-aaa7-b6d1ddfca7b2	--Users-vito-data-dev-mumu--	v3	--Users-vito-data-dev-mumu--/79208ce5-ff60-4f3f-aaa7-b6d1ddfca7b2/session.v3.jsonl.zstd	206486	true	readable	126	false
7983cdb8-4d6e-4e53-82db-0409c0c7aedd	--Users-vito-data-dev-mumu--	v3	--Users-vito-data-dev-mumu--/7983cdb8-4d6e-4e53-82db-0409c0c7aedd/session.v3.jsonl.zstd	769015	true	readable	512	false
799c937e-97e8-4f36-b342-1e8d79786340	--Users-vito-data-dev-dsh-tui--	v0	--Users-vito-data-dev-dsh-tui--/799c937e-97e8-4f36-b342-1e8d79786340/session.jsonl.zstd	6974	true	readable	8	false
79ba254f-eb2d-481b-ab32-8b5e6171de21	--Users-vito-data-dev-mumu--	v3	--Users-vito-data-dev-mumu--/79ba254f-eb2d-481b-ab32-8b5e6171de21/session.v3.jsonl.zstd	242669	true	readable	140	false
7a326546-d094-4717-9d80-de6ca5b39d83	--Users-vito-data-dev-device-sim--	v0	--Users-vito-data-dev-device-sim--/7a326546-d094-4717-9d80-de6ca5b39d83/session.jsonl.zstd	85298	false	unreadable:other	-	false
7a3a2fb2-ae41-4672-bd48-d1ad11ff0a7d	--Users-vito-data-dev-dsh-tui--	v0	--Users-vito-data-dev-dsh-tui--/7a3a2fb2-ae41-4672-bd48-d1ad11ff0a7d/session.jsonl.zstd	3631	true	readable	5	false
7a9414a6-c391-42ac-86c1-233558e44fee	--Users-vito-data-dev-mumu--	v3	--Users-vito-data-dev-mumu--/7a9414a6-c391-42ac-86c1-233558e44fee/session.v3.jsonl.zstd	769494	true	readable	396	false
7abea651-8046-43df-8637-babf0dcba706	--Users-vito-data-dev-mumu--	v3	--Users-vito-data-dev-mumu--/7abea651-8046-43df-8637-babf0dcba706/session.v3.jsonl.zstd	37444	true	readable	28	false
7adf3162-b45f-4afc-bb77-a0d89e4e7cfa	--Users-vito-data-dev-device-sim--	v0	--Users-vito-data-dev-device-sim--/7adf3162-b45f-4afc-bb77-a0d89e4e7cfa/session.jsonl.zstd	4152330	false	unreadable:other	-	false
7bd8cc5f-89a9-498c-a3e9-049370ef674b	--Users-vito-data-dev-mumu--	v3	--Users-vito-data-dev-mumu--/7bd8cc5f-89a9-498c-a3e9-049370ef674b/session.v3.jsonl.zstd	429261	true	readable	213	false
7be0f5e2-492e-40e0-8d37-6e621857034d	--Users-vito-data-dev-mumu--	v3	--Users-vito-data-dev-mumu--/7be0f5e2-492e-40e0-8d37-6e621857034d/session.v3.jsonl.zstd	123057	true	readable	56	false
7cbdecf6-88c6-40ee-aa8d-a0c508e478d0	--Users-vito-data-dev-mumu--	v3	--Users-vito-data-dev-mumu--/7cbdecf6-88c6-40ee-aa8d-a0c508e478d0/session.v3.jsonl.zstd	345419	true	readable	208	false
7cca68b5-f562-48e4-95b8-a68c2fdc44b9	--Users-vito-data-dev-dsh-plugins--	v3	--Users-vito-data-dev-dsh-plugins--/7cca68b5-f562-48e4-95b8-a68c2fdc44b9/session.v3.jsonl.zstd	36374	true	readable	27	false
7d27227e-0339-47f8-8de3-e580ee473794	--Users-vito-data-dev-dsh-plugins--	v3	--Users-vito-data-dev-dsh-plugins--/7d27227e-0339-47f8-8de3-e580ee473794/session.v3.jsonl.zstd	194041	true	readable	116	false
7d6382f4-b589-47fd-b054-a080579697fa	--Users-vito-data-dev-dsh-relay--	v0	--Users-vito-data-dev-dsh-relay--/7d6382f4-b589-47fd-b054-a080579697fa/session.jsonl.zstd	3849	true	readable	5	false
7d774336-4f69-4668-998b-b725f3943a84	--Users-vito-data-dev-others--	v0	--Users-vito-data-dev-others--/7d774336-4f69-4668-998b-b725f3943a84/session.jsonl.zstd	12435	true	readable	23	false
7d846ce5-342e-4dee-a426-3ca5ced53e84	--Users-vito-data-dev-mumu--	v3	--Users-vito-data-dev-mumu--/7d846ce5-342e-4dee-a426-3ca5ced53e84/session.v3.jsonl.zstd	1372297	true	readable	738	false
7d9fd0e2-2dee-467e-a8ea-3d024d3287c3	--Users-vito-data-dev-others--	v0	--Users-vito-data-dev-others--/7d9fd0e2-2dee-467e-a8ea-3d024d3287c3/session.jsonl.zstd	3409	true	readable	5	false
7e041915-c93a-40db-8cca-43b52be7ccde	--Users-vito-data-dev-mumu--	v3	--Users-vito-data-dev-mumu--/7e041915-c93a-40db-8cca-43b52be7ccde/session.v3.jsonl.zstd	48547	true	readable	28	false
7e2a3dd3-ff3c-4e18-9633-5f346918368f	--Users-vito-data-dev-others--	v0	--Users-vito-data-dev-others--/7e2a3dd3-ff3c-4e18-9633-5f346918368f/session.jsonl.zstd	279442	true	readable	128	false
7ed4bb81-d041-4a0b-bb7c-026a040921c8	--Users-vito-data-dev-mumu--	v3	--Users-vito-data-dev-mumu--/7ed4bb81-d041-4a0b-bb7c-026a040921c8/session.v3.jsonl.zstd	86816	true	readable	45	false
7fcd498a-4646-4aee-81b0-9a1bd67d547f	--Users-vito-data-dev-device-sim--	v0	--Users-vito-data-dev-device-sim--/7fcd498a-4646-4aee-81b0-9a1bd67d547f/session.jsonl.zstd	4539863	false	unreadable:other	-	false
7ffc766a-f8ab-4224-8a3e-0a8e867c4adc	--Users-vito-data-dev-mumu--	v3	--Users-vito-data-dev-mumu--/7ffc766a-f8ab-4224-8a3e-0a8e867c4adc/session.v3.jsonl.zstd	805504	true	readable	311	false
804bddc1-e46e-44b2-8918-2c036e22f047	--Users-vito-data-dev-mumu--	v3	--Users-vito-data-dev-mumu--/804bddc1-e46e-44b2-8918-2c036e22f047/session.v3.jsonl.zstd	38282	true	readable	28	false
805015bc-311f-479d-8dd3-dbf0dca3c7c5	--Users-vito-data-dev-mumu--	v3	--Users-vito-data-dev-mumu--/805015bc-311f-479d-8dd3-dbf0dca3c7c5/session.v3.jsonl.zstd	23190	true	readable	19	false
805272e5-2915-43b9-a4e5-cc01196cda72	--Users-vito-data-dev-mumu--	v3	--Users-vito-data-dev-mumu--/805272e5-2915-43b9-a4e5-cc01196cda72/session.v3.jsonl.zstd	236786	true	readable	125	false
805e87c6-4d4c-4c4a-8de3-77d664f49bce	--Users-vito-data-dev-mumu--	v3	--Users-vito-data-dev-mumu--/805e87c6-4d4c-4c4a-8de3-77d664f49bce/session.v3.jsonl.zstd	43991	true	readable	28	false
80bf1aac-8b1b-4abd-b87b-ab4f80f4ef5d	--Users-vito-data-dev-dsh-plugins--	v0	--Users-vito-data-dev-dsh-plugins--/80bf1aac-8b1b-4abd-b87b-ab4f80f4ef5d/session.jsonl.zstd	1155958	false	unreadable:descriptor-v2	-	false
817210c1-e67f-4c2f-9b64-9083ca09f442	--Users-vito-data-dev-mumu--	v3	--Users-vito-data-dev-mumu--/817210c1-e67f-4c2f-9b64-9083ca09f442/session.v3.jsonl.zstd	275419	true	readable	201	false
8189ab45-0556-43fa-af1f-21254c840615	--Users-vito-data-dev-mumu--	v3	--Users-vito-data-dev-mumu--/8189ab45-0556-43fa-af1f-21254c840615/session.v3.jsonl.zstd	394042	true	readable	188	false
81aaf0c7-60a1-4f41-aaee-399c8d01a2ff	--Users-vito-data-dev-others--	v0	--Users-vito-data-dev-others--/81aaf0c7-60a1-4f41-aaee-399c8d01a2ff/session.jsonl.zstd	3561	true	readable	5	false
81b1f8ce-461c-4695-8f4a-aeefffac656f	--Users-vito-data-dev-mumu--	v3	--Users-vito-data-dev-mumu--/81b1f8ce-461c-4695-8f4a-aeefffac656f/session.v3.jsonl.zstd	780299	true	readable	294	false
82e4ea9e-be4b-41b1-876f-71fe3ee2597f	--Users-vito-data-dev-mumu--	v3	--Users-vito-data-dev-mumu--/82e4ea9e-be4b-41b1-876f-71fe3ee2597f/session.v3.jsonl.zstd	1030886	true	readable	934	false
82ff5f29-4d74-4c80-807b-89c6a9644259	--Users-vito-data-dev-mumu--	v3	--Users-vito-data-dev-mumu--/82ff5f29-4d74-4c80-807b-89c6a9644259/session.v3.jsonl.zstd	157357	true	readable	103	false
83361ab8-975c-4a50-a932-48737adce707	--Users-vito-data-dev-dsh-plugins--	v3	--Users-vito-data-dev-dsh-plugins--/83361ab8-975c-4a50-a932-48737adce707/session.v3.jsonl.zstd	405400	true	readable	232	false
835498d9-3443-4ab7-9174-80725aa0fdb4	--Users-vito-data-dev-mumu--	v3	--Users-vito-data-dev-mumu--/835498d9-3443-4ab7-9174-80725aa0fdb4/session.v3.jsonl.zstd	312490	true	readable	63	false
83dd91e7-04a4-4d3a-97f7-83f027434446	--Users-vito-data-dev-mumu--	v3	--Users-vito-data-dev-mumu--/83dd91e7-04a4-4d3a-97f7-83f027434446/session.v3.jsonl.zstd	1020724	true	readable	930	false
842b299d-985c-414b-a5a8-db7725b6111e	--Users-vito-data-dev-mumu--	v3	--Users-vito-data-dev-mumu--/842b299d-985c-414b-a5a8-db7725b6111e/session.v3.jsonl.zstd	206527	true	readable	130	false
847b116e-e20f-40b1-9335-0062bfa2c88a	--Users-vito-data-dev-device-sim--	v0	--Users-vito-data-dev-device-sim--/847b116e-e20f-40b1-9335-0062bfa2c88a/session.jsonl.zstd	694783	false	unreadable:other	-	false
84ddc453-95da-4588-895e-a0bf83e47d0d	--Users-vito-data-dev-mumu--	v3	--Users-vito-data-dev-mumu--/84ddc453-95da-4588-895e-a0bf83e47d0d/session.v3.jsonl.zstd	47877	true	readable	28	false
85f7f29f-ca40-4360-8c56-70613e0115c1	--Users-vito-data-dev-mumu--	v3	--Users-vito-data-dev-mumu--/85f7f29f-ca40-4360-8c56-70613e0115c1/session.v3.jsonl.zstd	150912	true	readable	105	false
8612ecae-75ad-4a7e-8517-394039a80ec9	--Users-vito-data-dev-mumu--	v3	--Users-vito-data-dev-mumu--/8612ecae-75ad-4a7e-8517-394039a80ec9/session.v3.jsonl.zstd	554243	true	readable	154	false
864e6ab1-3b48-4056-ad85-5a35e627afa9	--Users-vito-data-dev-mumu--	v3	--Users-vito-data-dev-mumu--/864e6ab1-3b48-4056-ad85-5a35e627afa9/session.v3.jsonl.zstd	524298	true	readable	489	false
8658437f-3dc5-4fdc-8476-0da87f704a6e	--Users-vito-data-dev-device-sim--	v0	--Users-vito-data-dev-device-sim--/8658437f-3dc5-4fdc-8476-0da87f704a6e/session.jsonl.zstd	515968	false	unreadable:other	-	false
867c95b1-dc7c-4027-b6bc-e02122e47ebb	--Users-vito-data-dev-mumu--	v3	--Users-vito-data-dev-mumu--/867c95b1-dc7c-4027-b6bc-e02122e47ebb/session.v3.jsonl.zstd	599424	true	readable	192	false
868ad557-51f4-4cc0-8d4a-8bf015892b44	--Users-vito-data-dev-mumu--	v3	--Users-vito-data-dev-mumu--/868ad557-51f4-4cc0-8d4a-8bf015892b44/session.v3.jsonl.zstd	316280	true	readable	167	false
8802b605-8f65-4809-8f18-5183b0c58e3e	--Users-vito-data-dev-device-sim--	v0	--Users-vito-data-dev-device-sim--/8802b605-8f65-4809-8f18-5183b0c58e3e/session.jsonl.zstd	1360	true	readable	5	false
884fe4dc-774a-4c65-8928-4039a035079c	--Users-vito-data-dev-mumu--	v3	--Users-vito-data-dev-mumu--/884fe4dc-774a-4c65-8928-4039a035079c/session.v3.jsonl.zstd	41873	true	readable	28	false
88627bc9-38c2-4bbe-919c-d31f6f4f610d	--Users-vito-data-dev-mumu--	v3	--Users-vito-data-dev-mumu--/88627bc9-38c2-4bbe-919c-d31f6f4f610d/session.v3.jsonl.zstd	1009976	true	readable	348	false
889f92bb-dd01-4d2e-98c0-ec35bc1ea1de	--Users-vito-data-dev-mumu--	v3	--Users-vito-data-dev-mumu--/889f92bb-dd01-4d2e-98c0-ec35bc1ea1de/session.v3.jsonl.zstd	532466	true	readable	140	false
88ad8045-c75e-41bd-b8a3-58125978e03a	--Users-vito-data-dev-mumu--	v3	--Users-vito-data-dev-mumu--/88ad8045-c75e-41bd-b8a3-58125978e03a/session.v3.jsonl.zstd	291237	true	readable	124	false
88fd7f7b-2d38-44bd-b1b2-a910a50aa509	--Users-vito-data-dev-mumu--	v3	--Users-vito-data-dev-mumu--/88fd7f7b-2d38-44bd-b1b2-a910a50aa509/session.v3.jsonl.zstd	631468	true	readable	403	false
89014f06-7ae5-422e-978f-1fc5b095c81f	--Users-vito-data-dev-dsh-plugins--	v0	--Users-vito-data-dev-dsh-plugins--/89014f06-7ae5-422e-978f-1fc5b095c81f/session.jsonl.zstd	804762	true	readable	575	false
890f9fc5-b695-4ebb-ab61-813206974129	--Users-vito-data-dev-mumu--	v3	--Users-vito-data-dev-mumu--/890f9fc5-b695-4ebb-ab61-813206974129/session.v3.jsonl.zstd	204462	true	readable	90	false
892cf344-89d3-4961-899a-f648912875ee	--Users-vito-data-dev-dsh-plugins--	v0	--Users-vito-data-dev-dsh-plugins--/892cf344-89d3-4961-899a-f648912875ee/session.jsonl.zstd	340533	false	unreadable:descriptor-v2	-	false
89a7e71a-fa94-42c0-8c07-e4b421e6d17d	--Users-vito-data-dev-others--	v0	--Users-vito-data-dev-others--/89a7e71a-fa94-42c0-8c07-e4b421e6d17d/session.jsonl.zstd	190996	true	readable	86	false
89f586ac-e716-48ea-b073-ce59cc5da4e9	--Users-vito-data-dev-mumu--	v3	--Users-vito-data-dev-mumu--/89f586ac-e716-48ea-b073-ce59cc5da4e9/session.v3.jsonl.zstd	346080	true	readable	258	false
8a07a328-e3cb-4192-b7e6-00ed7a338794	--Users-vito-data-dev-device-sim--	v0	--Users-vito-data-dev-device-sim--/8a07a328-e3cb-4192-b7e6-00ed7a338794/session.jsonl.zstd	3624	true	readable	5	false
8add0707-3c22-4fc2-93ff-9751427941c6	--Users-vito-data-dev-dsh-tui--	v0	--Users-vito-data-dev-dsh-tui--/8add0707-3c22-4fc2-93ff-9751427941c6/session.jsonl.zstd	3569	true	readable	5	false
8b510f3d-595f-4eff-a7cc-981c5ef7ab7f	--Users-vito-data-dev-mumu--	v3	--Users-vito-data-dev-mumu--/8b510f3d-595f-4eff-a7cc-981c5ef7ab7f/session.v3.jsonl.zstd	525763	true	readable	273	false
8c02b652-a1e7-40a5-b5e7-5885de58572c	--Users-vito-data-dev-mumu--	v3	--Users-vito-data-dev-mumu--/8c02b652-a1e7-40a5-b5e7-5885de58572c/session.v3.jsonl.zstd	42150	true	readable	28	false
8c231c28-6878-4d53-91db-684a62b1ef44	--Users-vito-data-dev-mumu--	v3	--Users-vito-data-dev-mumu--/8c231c28-6878-4d53-91db-684a62b1ef44/session.v3.jsonl.zstd	101936	true	readable	59	false
8c5234b3-9467-497f-ab56-9923729331a7	--Users-vito-data-dev-mumu--	v3	--Users-vito-data-dev-mumu--/8c5234b3-9467-497f-ab56-9923729331a7/session.v3.jsonl.zstd	40246	true	readable	28	false
8ca704c2-083b-4b9a-ac6e-ab7a889404b0	--Users-vito-data-dev-mumu--	v3	--Users-vito-data-dev-mumu--/8ca704c2-083b-4b9a-ac6e-ab7a889404b0/session.v3.jsonl.zstd	45281	true	readable	28	false
8cca2600-0fc7-4480-9193-67713eff1c51	--Users-vito-data-dev-others--	v0	--Users-vito-data-dev-others--/8cca2600-0fc7-4480-9193-67713eff1c51/session.jsonl.zstd	98814	false	unreadable:descriptor-v2	-	false
8cec3ef8-b544-4cec-8b8d-e9bb5752f538	--Users-vito-data-dev-mumu--	v3	--Users-vito-data-dev-mumu--/8cec3ef8-b544-4cec-8b8d-e9bb5752f538/session.v3.jsonl.zstd	363269	true	readable	198	false
8d24e23f-8ef1-402d-b578-3c26e388cd88	--Users-vito-data-dev-device-sim--	v0	--Users-vito-data-dev-device-sim--/8d24e23f-8ef1-402d-b578-3c26e388cd88/session.jsonl.zstd	355943	true	readable	273	false
8e128f53-8144-4266-bca3-2016ea0a5d08	--Users-vito-data-dev-mumu--	v3	--Users-vito-data-dev-mumu--/8e128f53-8144-4266-bca3-2016ea0a5d08/session.v3.jsonl.zstd	51636	true	readable	35	false
8f2bd978-0035-4254-999d-44e1bfe87f3f	--Users-vito-data-dev-mumu--	v3	--Users-vito-data-dev-mumu--/8f2bd978-0035-4254-999d-44e1bfe87f3f/session.v3.jsonl.zstd	173508	true	readable	96	false
8f4d3f1a-41b6-4ca9-ba7a-81361e8ff02b	--Users-vito-data-dev-mumu--	v3	--Users-vito-data-dev-mumu--/8f4d3f1a-41b6-4ca9-ba7a-81361e8ff02b/session.v3.jsonl.zstd	69133	true	readable	19	false
8fea7414-a332-4e80-a5d6-1b17f888ab4d	--Users-vito-data-dev-device-sim--	v0	--Users-vito-data-dev-device-sim--/8fea7414-a332-4e80-a5d6-1b17f888ab4d/session.jsonl.zstd	4456066	false	unreadable:other	-	false
90e1d24d-dfaa-4868-aca3-9ca1e5d599a0	--Users-vito-data-dev-dsh-plugins--	v3	--Users-vito-data-dev-dsh-plugins--/90e1d24d-dfaa-4868-aca3-9ca1e5d599a0/session.v3.jsonl.zstd	235202	true	readable	143	false
90f04668-9f3e-4d11-8a50-47afe8725a7a	--Users-vito-data-dev-dsh-plugins--	v3	--Users-vito-data-dev-dsh-plugins--/90f04668-9f3e-4d11-8a50-47afe8725a7a/session.v3.jsonl.zstd	37324	true	readable	27	false
90f87e57-2e81-4927-a12a-721fe5f56920	--Users-vito-data-dev-mumu--	v3	--Users-vito-data-dev-mumu--/90f87e57-2e81-4927-a12a-721fe5f56920/session.v3.jsonl.zstd	287453	true	readable	57	false
915a6511-9534-4e7b-b409-890440731ce5	--Users-vito-data-dev-mumu--	v3	--Users-vito-data-dev-mumu--/915a6511-9534-4e7b-b409-890440731ce5/session.v3.jsonl.zstd	41380	true	readable	28	false
91a319ae-4f5c-4e52-9388-08efdaef215e	--Users-vito-data-dev-others--	v0	--Users-vito-data-dev-others--/91a319ae-4f5c-4e52-9388-08efdaef215e/session.jsonl.zstd	12546	false	unreadable:descriptor-v2	-	false
925098a4-4cf2-4c3b-8125-05e2ce48641e	--Users-vito-data-dev-device-sim--	v0	--Users-vito-data-dev-device-sim--/925098a4-4cf2-4c3b-8125-05e2ce48641e/session.jsonl.zstd	3626	true	readable	5	false
928ec3e4-c41e-45e8-ae0f-df710a4379bb	--Users-vito-data-dev-dsh-plugins--	v0	--Users-vito-data-dev-dsh-plugins--/928ec3e4-c41e-45e8-ae0f-df710a4379bb/session.jsonl.zstd	25230	false	unreadable:descriptor-v2	-	false
92a7d4d7-11da-4ef0-a6b5-7d6e63773f6c	--Users-vito-data-dev-mumu--	v3	--Users-vito-data-dev-mumu--/92a7d4d7-11da-4ef0-a6b5-7d6e63773f6c/session.v3.jsonl.zstd	83650	true	readable	40	false
92b3fd27-52e5-40c3-83c4-7d5d4457a550	--Users-vito-data-dev-mumu--	v3	--Users-vito-data-dev-mumu--/92b3fd27-52e5-40c3-83c4-7d5d4457a550/session.v3.jsonl.zstd	180206	true	readable	100	false
92bb421b-418d-4e88-a4c7-ba16e6b1267d	--Users-vito-data-dev-dsh-plugins--	v3	--Users-vito-data-dev-dsh-plugins--/92bb421b-418d-4e88-a4c7-ba16e6b1267d/session.v3.jsonl.zstd	41226	true	readable	27	false
92db7ab7-d4f2-4bb7-a86a-1a7cb2f0ead8	--Users-vito-data-dev-mumu--	v3	--Users-vito-data-dev-mumu--/92db7ab7-d4f2-4bb7-a86a-1a7cb2f0ead8/session.v3.jsonl.zstd	42995	true	readable	28	false
93453f34-ec6e-4570-b103-b5e7784a76c1	--Users-vito-data-dev-mumu--	v3	--Users-vito-data-dev-mumu--/93453f34-ec6e-4570-b103-b5e7784a76c1/session.v3.jsonl.zstd	42282	true	readable	28	false
93754582-5e1c-49f2-a450-a0693700a0f6	--Users-vito-data-dev-mumu--	v3	--Users-vito-data-dev-mumu--/93754582-5e1c-49f2-a450-a0693700a0f6/session.v3.jsonl.zstd	782299	true	readable	683	false
94966c53-5ce8-4334-8d5d-cf00dabd6ae1	--Users-vito-data-dev-mumu--	v3	--Users-vito-data-dev-mumu--/94966c53-5ce8-4334-8d5d-cf00dabd6ae1/session.v3.jsonl.zstd	118365	true	readable	78	false
94e0e41a-42d1-40a7-87ae-af4878d36df8	--Users-vito-data-dev-mumu--	v3	--Users-vito-data-dev-mumu--/94e0e41a-42d1-40a7-87ae-af4878d36df8/session.v3.jsonl.zstd	804521	true	readable	397	false
9560040c-d556-4fed-983f-93d1a4141a01	--Users-vito-data-dev-dsh-plugins--	v0	--Users-vito-data-dev-dsh-plugins--/9560040c-d556-4fed-983f-93d1a4141a01/session.jsonl.zstd	1533782	true	readable	1811	false
95b1ea67-b945-4ba1-a951-6f74edf15adb	--Users-vito-data-dev-mumu--	v3	--Users-vito-data-dev-mumu--/95b1ea67-b945-4ba1-a951-6f74edf15adb/session.v3.jsonl.zstd	38732	true	readable	28	false
96353192-0b96-4020-b101-cf5a3b4d889d	--Users-vito-data-dev-mumu--	v3	--Users-vito-data-dev-mumu--/96353192-0b96-4020-b101-cf5a3b4d889d/session.v3.jsonl.zstd	180295	true	readable	107	false
96b35dbf-18ba-4d9a-a96c-008980d55b62	--Users-vito-data-dev-mumu--	v3	--Users-vito-data-dev-mumu--/96b35dbf-18ba-4d9a-a96c-008980d55b62/session.v3.jsonl.zstd	367608	true	readable	206	false
96be33f3-8232-44ed-85b2-76b44cf30c2f	--Users-vito-data-dev-mumu--	v3	--Users-vito-data-dev-mumu--/96be33f3-8232-44ed-85b2-76b44cf30c2f/session.v3.jsonl.zstd	160974	true	readable	95	false
97059afd-a228-4c0f-b630-08a59812fd4c	--Users-vito-data-dev-mumu--	v3	--Users-vito-data-dev-mumu--/97059afd-a228-4c0f-b630-08a59812fd4c/session.v3.jsonl.zstd	44276	true	readable	28	false
9714f0f8-1352-4600-8453-b1fdbffb5897	--Users-vito-data-dev-mumu--	v3	--Users-vito-data-dev-mumu--/9714f0f8-1352-4600-8453-b1fdbffb5897/session.v3.jsonl.zstd	80024	true	readable	47	false
97640917-8821-4337-a93c-d92693b568bc	--Users-vito-data-dev-mumu--	v3	--Users-vito-data-dev-mumu--/97640917-8821-4337-a93c-d92693b568bc/session.v3.jsonl.zstd	620722	true	readable	580	false
97757949-f7d8-491a-8102-2944ae101039	--Users-vito-data-dev-mumu--	v3	--Users-vito-data-dev-mumu--/97757949-f7d8-491a-8102-2944ae101039/session.v3.jsonl.zstd	100099	true	readable	40	false
97e556fd-f4a9-4f66-9113-6bef3ca6536a	--Users-vito-data-dev-mumu--	v3	--Users-vito-data-dev-mumu--/97e556fd-f4a9-4f66-9113-6bef3ca6536a/session.v3.jsonl.zstd	64222	true	readable	28	false
97f2dac0-3948-4b0e-91c2-69880ee31a14	--Users-vito-data-dev-others--	v0	--Users-vito-data-dev-others--/97f2dac0-3948-4b0e-91c2-69880ee31a14/session.jsonl.zstd	3631	true	readable	5	false
97fe6822-cae0-4172-b499-96052e8f47ab	--Users-vito-data-dev-mumu--	v3	--Users-vito-data-dev-mumu--/97fe6822-cae0-4172-b499-96052e8f47ab/session.v3.jsonl.zstd	412957	true	readable	235	false
992a03e6-3e15-4f93-b868-506c1a80e5c7	--Users-vito-data-dev-others--	v0	--Users-vito-data-dev-others--/992a03e6-3e15-4f93-b868-506c1a80e5c7/session.jsonl.zstd	3256	true	readable	4	false
995f4014-ef82-4d3a-b2ad-10608912b998	--Users-vito-data-dev-mumu--	v3	--Users-vito-data-dev-mumu--/995f4014-ef82-4d3a-b2ad-10608912b998/session.v3.jsonl.zstd	40871	true	readable	34	false
995f49ed-ba09-4654-9a03-c02069af9886	--Users-vito-data-dev-others--	v0	--Users-vito-data-dev-others--/995f49ed-ba09-4654-9a03-c02069af9886/session.jsonl.zstd	145204	false	unreadable:other	-	false
997b17c3-4fcd-42a4-a4dc-1feed2b7819a	--Users-vito-data-dev-mumu--	v3	--Users-vito-data-dev-mumu--/997b17c3-4fcd-42a4-a4dc-1feed2b7819a/session.v3.jsonl.zstd	13835	true	readable	19	false
9a17b3a4-423b-474f-a58f-9dc8895aacb9	--Users-vito-data-dev-dsh-plugins--	v3	--Users-vito-data-dev-dsh-plugins--/9a17b3a4-423b-474f-a58f-9dc8895aacb9/session.v3.jsonl.zstd	40713	true	readable	27	false
9a6f79d2-e055-40dd-80f0-652832604b0a	--Users-vito-data-dev-dsh-plugins--	v3	--Users-vito-data-dev-dsh-plugins--/9a6f79d2-e055-40dd-80f0-652832604b0a/session.v3.jsonl.zstd	33152	true	readable	27	false
9ac89aee-8c56-4f6d-8a58-cbd7edcf4777	--Users-vito-data-dev-mumu--	v3	--Users-vito-data-dev-mumu--/9ac89aee-8c56-4f6d-8a58-cbd7edcf4777/session.v3.jsonl.zstd	509837	true	readable	202	false
9af8e86a-00a7-481f-904c-02522e792e01	--Users-vito-data-dev-mumu--	v3	--Users-vito-data-dev-mumu--/9af8e86a-00a7-481f-904c-02522e792e01/session.v3.jsonl.zstd	42807	true	readable	28	false
9b519456-c9de-470b-a576-1a08e16c53d1	--Users-vito-data-dev-mumu--	v3	--Users-vito-data-dev-mumu--/9b519456-c9de-470b-a576-1a08e16c53d1/session.v3.jsonl.zstd	77030	true	readable	19	false
9c089044-b631-4370-81e2-fb813efbad22	--Users-vito-data-dev-dsh-tui--	v0	--Users-vito-data-dev-dsh-tui--/9c089044-b631-4370-81e2-fb813efbad22/session.jsonl.zstd	1980	true	readable	4	false
9c36317c-daa8-454c-92ef-dd70c2f3c7c7	--Users-vito-data-dev-mumu--	v3	--Users-vito-data-dev-mumu--/9c36317c-daa8-454c-92ef-dd70c2f3c7c7/session.v3.jsonl.zstd	718997	true	readable	347	false
9c5d688a-8e79-40f4-9e69-e7df8d368a6d	--Users-vito-data-dev-mumu--	v3	--Users-vito-data-dev-mumu--/9c5d688a-8e79-40f4-9e69-e7df8d368a6d/session.v3.jsonl.zstd	46690	true	readable	28	false
9cdf92f3-d9bd-4ec8-9874-350a8e778c9b	--Users-vito-data-dev-others--	v0	--Users-vito-data-dev-others--/9cdf92f3-d9bd-4ec8-9874-350a8e778c9b/session.jsonl.zstd	626348	false	unreadable:descriptor-v2	-	false
9cfadeac-8bde-4e83-85cc-a917722c2bbf	--Users-vito-data-dev-mumu--	v3	--Users-vito-data-dev-mumu--/9cfadeac-8bde-4e83-85cc-a917722c2bbf/session.v3.jsonl.zstd	41749	true	readable	28	false
9d172705-9d82-4c74-8644-0b21eb5fc8e9	--Users-vito-data-dev-mumu--	v3	--Users-vito-data-dev-mumu--/9d172705-9d82-4c74-8644-0b21eb5fc8e9/session.v3.jsonl.zstd	87543	true	readable	19	false
9d4af12f-da4b-4017-a460-e6a6ade51868	--Users-vito-data-dev-dsh-tui--	v0	--Users-vito-data-dev-dsh-tui--/9d4af12f-da4b-4017-a460-e6a6ade51868/session.jsonl.zstd	1485755	true	readable	688	false
9d6b7833-20df-48c1-80c1-37fd340e9c46	--Users-vito-data-dev-mumu--	v3	--Users-vito-data-dev-mumu--/9d6b7833-20df-48c1-80c1-37fd340e9c46/session.v3.jsonl.zstd	163910	true	readable	93	false
9d8436ee-2416-422d-b0b3-764038a2ff54	--Users-vito-data-dev-mumu--	v3	--Users-vito-data-dev-mumu--/9d8436ee-2416-422d-b0b3-764038a2ff54/session.v3.jsonl.zstd	38820	true	readable	28	false
9d8905fb-4a32-4475-834e-25fc509f047e	--Users-vito-data-dev-mumu--	v3	--Users-vito-data-dev-mumu--/9d8905fb-4a32-4475-834e-25fc509f047e/session.v3.jsonl.zstd	1025451	true	readable	563	false
9e1e59cc-2ae8-4904-89b4-a60218eef3af	--Users-vito-data-dev-mumu--	v3	--Users-vito-data-dev-mumu--/9e1e59cc-2ae8-4904-89b4-a60218eef3af/session.v3.jsonl.zstd	1139190	true	readable	1114	false
9e3f7903-4bc9-4aa7-af00-57a1b8be2c23	--Users-vito-data-dev-mumu--	v3	--Users-vito-data-dev-mumu--/9e3f7903-4bc9-4aa7-af00-57a1b8be2c23/session.v3.jsonl.zstd	535148	true	readable	211	false
9efe8897-a02c-4a81-9b0a-7122881304d8	--Users-vito-data-dev-dsh-plugins--	v3	--Users-vito-data-dev-dsh-plugins--/9efe8897-a02c-4a81-9b0a-7122881304d8/session.v3.jsonl.zstd	231648	true	readable	129	false
9f681fd9-7862-4eaa-84a8-ca779d24f7e1	--Users-vito-data-dev-dsh-plugins--	v0	--Users-vito-data-dev-dsh-plugins--/9f681fd9-7862-4eaa-84a8-ca779d24f7e1/session.jsonl.zstd	3979	true	readable	5	false
9f80efde-413a-4908-92a8-77cac4c4940d	--Users-vito-data-dev-mumu--	v3	--Users-vito-data-dev-mumu--/9f80efde-413a-4908-92a8-77cac4c4940d/session.v3.jsonl.zstd	528660	true	readable	233	false
9f98c809-34c4-4055-b2dd-55bb3c9c666a	--Users-vito-data-dev-mumu--	v3	--Users-vito-data-dev-mumu--/9f98c809-34c4-4055-b2dd-55bb3c9c666a/session.v3.jsonl.zstd	423873	true	readable	205	false
a0162cfd-cb3d-46c2-bf47-e5550a7a0b72	--Users-vito-data-dev-mumu--	v3	--Users-vito-data-dev-mumu--/a0162cfd-cb3d-46c2-bf47-e5550a7a0b72/session.v3.jsonl.zstd	1019735	true	readable	621	false
a03c9f00-5091-4cae-94f0-ba6b696ef849	--Users-vito-data-dev-endless-dsh--	v0	--Users-vito-data-dev-endless-dsh--/a03c9f00-5091-4cae-94f0-ba6b696ef849/session.jsonl.zstd	3711	true	readable	5	false
a0927aeb-a760-4980-8f8c-a42a2f547e43	--Users-vito-data-dev-dsh-relay--	v0	--Users-vito-data-dev-dsh-relay--/a0927aeb-a760-4980-8f8c-a42a2f547e43/session.jsonl.zstd	445184	false	unreadable:descriptor-v2	-	false
a110b226-8131-41a5-a2fc-4cdd7240e7f0	--Users-vito-data-dev-dsh-plugins--	v0	--Users-vito-data-dev-dsh-plugins--/a110b226-8131-41a5-a2fc-4cdd7240e7f0/session.jsonl.zstd	3045	true	readable	5	false
a1940b83-5e2f-4c5e-aff3-bcec9fc2a2c0	--Users-vito-data-dev-others--	v0	--Users-vito-data-dev-others--/a1940b83-5e2f-4c5e-aff3-bcec9fc2a2c0/session.jsonl.zstd	3320	true	readable	5	false
a1be8928-7e81-406e-a839-70ef77d5b2c9	--Users-vito-data-dev-dsh-plugins--	v0	--Users-vito-data-dev-dsh-plugins--/a1be8928-7e81-406e-a839-70ef77d5b2c9/session.jsonl.zstd	24643	false	unreadable:descriptor-v2	-	false
a1d1cbfa-fb6c-4823-888a-4870ef8cc3b6	--Users-vito-data-dev-mumu--	v3	--Users-vito-data-dev-mumu--/a1d1cbfa-fb6c-4823-888a-4870ef8cc3b6/session.v3.jsonl.zstd	191525	true	readable	120	false
a296833a-0ce4-4379-963b-3837fb5ac314	--Users-vito-data-dev-mumu--	v3	--Users-vito-data-dev-mumu--/a296833a-0ce4-4379-963b-3837fb5ac314/session.v3.jsonl.zstd	44024	true	readable	28	false
a2971beb-f9cc-4493-8593-aadfff44bf06	--Users-vito-data-dev-mumu--	v3	--Users-vito-data-dev-mumu--/a2971beb-f9cc-4493-8593-aadfff44bf06/session.v3.jsonl.zstd	703349	true	readable	498	false
a29b07ab-cc21-46a1-9235-09fb2c6c9eb1	--Users-vito-data-dev-dsh-tui--	v0	--Users-vito-data-dev-dsh-tui--/a29b07ab-cc21-46a1-9235-09fb2c6c9eb1/session.jsonl.zstd	86055	true	readable	56	false
a3705fa0-ed1d-4138-a932-135f09b5ac1b	--Users-vito-data-dev-others--	v0	--Users-vito-data-dev-others--/a3705fa0-ed1d-4138-a932-135f09b5ac1b/session.jsonl.zstd	3655	true	readable	5	false
a37f1be0-737e-4d08-84f9-5afa858abf45	--Users-vito-data-dev-mumu--	v3	--Users-vito-data-dev-mumu--/a37f1be0-737e-4d08-84f9-5afa858abf45/session.v3.jsonl.zstd	830134	true	readable	443	false
a3b9e367-00d3-49b6-a9f4-d806ddb5902a	--Users-vito-data-dev-others--	v0	--Users-vito-data-dev-others--/a3b9e367-00d3-49b6-a9f4-d806ddb5902a/session.jsonl.zstd	684277	false	unreadable:descriptor-v2	-	false
a3f2d8d9-b508-4b7d-94f7-daa7f8c228a8	--Users-vito-data-dev-mumu--	v3	--Users-vito-data-dev-mumu--/a3f2d8d9-b508-4b7d-94f7-daa7f8c228a8/session.v3.jsonl.zstd	754383	true	readable	442	false
a42fd75e-2b01-4b5b-b1b0-c7bcfac8eea5	--Users-vito-data-dev-mumu--	v3	--Users-vito-data-dev-mumu--/a42fd75e-2b01-4b5b-b1b0-c7bcfac8eea5/session.v3.jsonl.zstd	36340	true	readable	28	false
a44fafbf-58d7-475c-b5ee-e4f58797eafb	--Users-vito-data-dev-mumu--	v3	--Users-vito-data-dev-mumu--/a44fafbf-58d7-475c-b5ee-e4f58797eafb/session.v3.jsonl.zstd	381600	true	readable	213	false
a46b4ea5-a9c7-4f5c-9eb3-51a1855726e2	--Users-vito-data-dev-mumu--	v3	--Users-vito-data-dev-mumu--/a46b4ea5-a9c7-4f5c-9eb3-51a1855726e2/session.v3.jsonl.zstd	131800	true	readable	60	false
a49cd11d-1685-4705-8657-5a0493eff4b0	--Users-vito-data-dev-mumu--	v3	--Users-vito-data-dev-mumu--/a49cd11d-1685-4705-8657-5a0493eff4b0/session.v3.jsonl.zstd	235132	true	readable	63	false
a4dcc9b8-3c99-4f73-8f91-2bf26cce5835	--Users-vito-data-dev-others--	v0	--Users-vito-data-dev-others--/a4dcc9b8-3c99-4f73-8f91-2bf26cce5835/session.jsonl.zstd	193227	true	readable	101	false
a4e92dd4-f162-4083-8b85-0a1b70545bff	--Users-vito-data-dev-others--	v0	--Users-vito-data-dev-others--/a4e92dd4-f162-4083-8b85-0a1b70545bff/session.jsonl.zstd	3144	true	readable	4	false
a4ff3503-9517-4d6e-81e4-9f15a1f8a47e	--Users-vito-data-dev-mumu--	v3	--Users-vito-data-dev-mumu--/a4ff3503-9517-4d6e-81e4-9f15a1f8a47e/session.v3.jsonl.zstd	48108	true	readable	28	false
a524a1ce-84ae-4044-a5f6-4a3015e1e8ed	--Users-vito-data-dev-device-sim--	v0	--Users-vito-data-dev-device-sim--/a524a1ce-84ae-4044-a5f6-4a3015e1e8ed/session.jsonl.zstd	4801549	false	unreadable:other	-	false
a5b8e08e-b752-44a7-bda1-7a3ac9c2b890	--Users-vito-data-dev-mumu--	v3	--Users-vito-data-dev-mumu--/a5b8e08e-b752-44a7-bda1-7a3ac9c2b890/session.v3.jsonl.zstd	629781	true	readable	459	false
a5e659f3-5971-4f25-a27f-71266503ac88	--Users-vito-data-dev-mumu--	v3	--Users-vito-data-dev-mumu--/a5e659f3-5971-4f25-a27f-71266503ac88/session.v3.jsonl.zstd	140100	true	readable	72	false
a6d42491-8654-43ba-85e7-1156b81ed1db	--Users-vito-data-dev-mumu--	v3	--Users-vito-data-dev-mumu--/a6d42491-8654-43ba-85e7-1156b81ed1db/session.v3.jsonl.zstd	439492	true	readable	208	false
a75e2970-2f78-4580-bf56-9bec2f9244ae	--Users-vito-data-dev-device-sim--	v0	--Users-vito-data-dev-device-sim--/a75e2970-2f78-4580-bf56-9bec2f9244ae/session.jsonl.zstd	3379	true	readable	5	false
a7a89b03-1e5f-4827-b998-7b9376eab6ed	--Users-vito-data-dev-others--	v0	--Users-vito-data-dev-others--/a7a89b03-1e5f-4827-b998-7b9376eab6ed/session.jsonl.zstd	3259	true	readable	5	false
a831f7e0-dc83-48ba-995a-9244975fc9d1	--Users-vito-data-dev-mumu--	v3	--Users-vito-data-dev-mumu--/a831f7e0-dc83-48ba-995a-9244975fc9d1/session.v3.jsonl.zstd	39585	true	readable	28	false
a8d29d28-cf5d-4126-b0d3-bcec021c1214	--Users-vito-data-dev-mumu--	v3	--Users-vito-data-dev-mumu--/a8d29d28-cf5d-4126-b0d3-bcec021c1214/session.v3.jsonl.zstd	597041	true	readable	331	false
a9ca263f-d606-4967-8267-e8d7bd73611e	--Users-vito-data-dev-mumu--	v3	--Users-vito-data-dev-mumu--/a9ca263f-d606-4967-8267-e8d7bd73611e/session.v3.jsonl.zstd	398036	true	readable	149	false
aa1703c3-ac18-4b45-868a-24508ca36add	--Users-vito-data-dev-mumu--	v3	--Users-vito-data-dev-mumu--/aa1703c3-ac18-4b45-868a-24508ca36add/session.v3.jsonl.zstd	977712	true	readable	529	false
aa2527ae-2211-4260-8720-4cc5ad4f43ad	--Users-vito-data-dev-mumu--	v3	--Users-vito-data-dev-mumu--/aa2527ae-2211-4260-8720-4cc5ad4f43ad/session.v3.jsonl.zstd	42869	true	readable	28	false
aa609372-80f4-40b1-8ed2-871644ed62e0	--Users-vito-data-dev-mumu--	v3	--Users-vito-data-dev-mumu--/aa609372-80f4-40b1-8ed2-871644ed62e0/session.v3.jsonl.zstd	188431	true	readable	132	false
aaf35831-32ac-490a-8d83-51c11fce32bf	--Users-vito-data-dev-dsh-relay--	v0	--Users-vito-data-dev-dsh-relay--/aaf35831-32ac-490a-8d83-51c11fce32bf/session.jsonl.zstd	527487	false	unreadable:descriptor-v2	-	false
ab008858-942b-45ea-93db-42e211ac0a14	--Users-vito-data-dev-mumu--	v3	--Users-vito-data-dev-mumu--/ab008858-942b-45ea-93db-42e211ac0a14/session.v3.jsonl.zstd	458864	true	readable	273	false
ab898202-b326-48f7-83e8-4b52b669f4e6	--Users-vito-data-dev-mumu--	v3	--Users-vito-data-dev-mumu--/ab898202-b326-48f7-83e8-4b52b669f4e6/session.v3.jsonl.zstd	333669	true	readable	213	false
ab90044b-9818-4e54-b638-6602d0dad3dc	--Users-vito-data-dev-mumu--	v3	--Users-vito-data-dev-mumu--/ab90044b-9818-4e54-b638-6602d0dad3dc/session.v3.jsonl.zstd	699545	true	readable	372	false
abb1fc7f-62fd-4a7f-aea5-abe2c3170b72	--Users-vito-data-dev-mumu--	v3	--Users-vito-data-dev-mumu--/abb1fc7f-62fd-4a7f-aea5-abe2c3170b72/session.v3.jsonl.zstd	44427	true	readable	28	false
ac6dc8eb-06f3-4e45-a252-5ba8155c2026	--Users-vito-data-dev-others--	v0	--Users-vito-data-dev-others--/ac6dc8eb-06f3-4e45-a252-5ba8155c2026/session.jsonl.zstd	3119	true	readable	4	false
ad576b58-a0f0-4c9c-9b47-f26bbb07b226	--Users-vito-data-dev-mumu--	v3	--Users-vito-data-dev-mumu--/ad576b58-a0f0-4c9c-9b47-f26bbb07b226/session.v3.jsonl.zstd	441408	true	readable	184	false
ad5f73ed-bcee-4901-a02f-498829b71601	--Users-vito-data-dev-others--	v0	--Users-vito-data-dev-others--/ad5f73ed-bcee-4901-a02f-498829b71601/session.jsonl.zstd	3630	true	readable	5	false
adfa2550-2dc1-4cd1-afbf-36209f07ef15	--Users-vito-data-dev-others--	v0	--Users-vito-data-dev-others--/adfa2550-2dc1-4cd1-afbf-36209f07ef15/session.jsonl.zstd	1578739	true	readable	1384	false
ae3f0ae2-27ed-4ab1-9ba3-94d6aed80f43	--Users-vito-data-dev-mumu--	v3	--Users-vito-data-dev-mumu--/ae3f0ae2-27ed-4ab1-9ba3-94d6aed80f43/session.v3.jsonl.zstd	306740	true	readable	127	false
ae655a75-98e9-40db-8ad9-617f854433cb	--Users-vito-data-dev-dsh-tui--	v0	--Users-vito-data-dev-dsh-tui--/ae655a75-98e9-40db-8ad9-617f854433cb/session.jsonl.zstd	2258546	true	readable	2810	false
afa269ed-66ff-4b17-89fe-7d84f304fa9e	--Users-vito-data-dev-dsh-plugins--	v3	--Users-vito-data-dev-dsh-plugins--/afa269ed-66ff-4b17-89fe-7d84f304fa9e/session.v3.jsonl.zstd	34024	true	readable	27	false
b022ad6f-80fe-449c-8c48-fbf4a9b55cc6	--Users-vito-data-dev-mumu--	v3	--Users-vito-data-dev-mumu--/b022ad6f-80fe-449c-8c48-fbf4a9b55cc6/session.v3.jsonl.zstd	45576	true	readable	33	false
b09c558b-a630-4d8c-a529-7a05062327a3	--Users-vito-data-dev-mumu--	v3	--Users-vito-data-dev-mumu--/b09c558b-a630-4d8c-a529-7a05062327a3/session.v3.jsonl.zstd	669643	true	readable	383	false
b09f2014-5ae7-4b02-81a5-af9c7038b591	--Users-vito-data-dev-mumu--	v3	--Users-vito-data-dev-mumu--/b09f2014-5ae7-4b02-81a5-af9c7038b591/session.v3.jsonl.zstd	13326	true	readable	34	false
b12c7f25-0575-4050-84ab-62296cc6e30c	--Users-vito-data-dev-mumu--	v3	--Users-vito-data-dev-mumu--/b12c7f25-0575-4050-84ab-62296cc6e30c/session.v3.jsonl.zstd	707326	true	readable	226	false
b15352d7-bc25-4082-97f0-6ca2c43f3f46	--Users-vito-data-dev-dsh-plugins--	v0	--Users-vito-data-dev-dsh-plugins--/b15352d7-bc25-4082-97f0-6ca2c43f3f46/session.jsonl.zstd	25076	false	unreadable:descriptor-v2	-	false
b18c4fa0-ba0e-4dc2-9bdd-562e5ba99b58	--Users-vito-data-dev-others--	v0	--Users-vito-data-dev-others--/b18c4fa0-ba0e-4dc2-9bdd-562e5ba99b58/session.jsonl.zstd	379632	false	unreadable:descriptor-v2	-	false
b1d5c54e-8eee-4983-b64a-f76d7b0647ab	--Users-vito-data-dev-mumu--	v3	--Users-vito-data-dev-mumu--/b1d5c54e-8eee-4983-b64a-f76d7b0647ab/session.v3.jsonl.zstd	405122	true	readable	180	false
b1e1b198-c4c3-4192-afab-b9aef31a9439	--Users-vito-data-dev-mumu--	v3	--Users-vito-data-dev-mumu--/b1e1b198-c4c3-4192-afab-b9aef31a9439/session.v3.jsonl.zstd	890777	true	readable	463	false
b2952ff5-aaed-4d05-8314-a93fa915b663	--Users-vito-data-dev-mumu--	v3	--Users-vito-data-dev-mumu--/b2952ff5-aaed-4d05-8314-a93fa915b663/session.v3.jsonl.zstd	467205	true	readable	312	false
b32fb013-e2b1-49c4-bf21-1ef428ea98a0	--Users-vito-data-dev-mumu--	v3	--Users-vito-data-dev-mumu--/b32fb013-e2b1-49c4-bf21-1ef428ea98a0/session.v3.jsonl.zstd	725509	true	readable	306	false
b357c430-4541-448f-b263-907e93df59c0	--Users-vito-data-dev-mumu--	v3	--Users-vito-data-dev-mumu--/b357c430-4541-448f-b263-907e93df59c0/session.v3.jsonl.zstd	13280	true	readable	34	false
b3c43a05-031a-4f2c-aa53-99d876c77bec	--Users-vito-data-dev-dsh-tui--	v0	--Users-vito-data-dev-dsh-tui--/b3c43a05-031a-4f2c-aa53-99d876c77bec/session.jsonl.zstd	3704	true	readable	6	false
b40d564b-5c10-46fd-80c8-4eca76e9e65d	--Users-vito-data-dev-dsh-tui--	v0	--Users-vito-data-dev-dsh-tui--/b40d564b-5c10-46fd-80c8-4eca76e9e65d/session.jsonl.zstd	3569	true	readable	5	false
b424f25c-369b-47ef-b33b-cb319fcb3dd4	--Users-vito-data-dev-dsh-plugins--	v3	--Users-vito-data-dev-dsh-plugins--/b424f25c-369b-47ef-b33b-cb319fcb3dd4/session.v3.jsonl.zstd	149635	true	readable	93	false
b4335453-bfb9-409b-aa58-cf908a3e3a10	--Users-vito-data-dev-mumu--	v3	--Users-vito-data-dev-mumu--/b4335453-bfb9-409b-aa58-cf908a3e3a10/session.v3.jsonl.zstd	1314881	true	readable	458	false
b475f1d6-1cd3-4adb-bddd-20ab459a3ad8	--Users-vito-data-dev-others--	v0	--Users-vito-data-dev-others--/b475f1d6-1cd3-4adb-bddd-20ab459a3ad8/session.jsonl.zstd	666595	true	readable	276	false
b49ed607-b56c-451d-a059-6d230132244b	--Users-vito-data-dev-mumu--	v3	--Users-vito-data-dev-mumu--/b49ed607-b56c-451d-a059-6d230132244b/session.v3.jsonl.zstd	281127	true	readable	129	false
b4cfcbf7-cd3b-4fdb-97a3-72aa746a4504	--Users-vito-data-dev-dsh-plugins--	v0	--Users-vito-data-dev-dsh-plugins--/b4cfcbf7-cd3b-4fdb-97a3-72aa746a4504/session.jsonl.zstd	10828	false	unreadable:descriptor-v2	-	false
b4fe7a1b-373b-4efc-b21b-09df0d25b57e	--Users-vito-data-dev-mumu--	v3	--Users-vito-data-dev-mumu--/b4fe7a1b-373b-4efc-b21b-09df0d25b57e/session.v3.jsonl.zstd	40239	true	readable	28	false
b59b6897-53dc-4b2e-b86a-747352e66b9a	--Users-vito-data-dev-mumu--	v3	--Users-vito-data-dev-mumu--/b59b6897-53dc-4b2e-b86a-747352e66b9a/session.v3.jsonl.zstd	41667	true	readable	28	false
b5d13efc-d26b-4468-9cd0-6fe08f49b331	--Users-vito-data-dev-mumu--	v3	--Users-vito-data-dev-mumu--/b5d13efc-d26b-4468-9cd0-6fe08f49b331/session.v3.jsonl.zstd	42248	true	readable	28	false
b67efff1-f4fd-4d92-a35b-38fc4c4da858	--Users-vito-data-dev-mumu--	v3	--Users-vito-data-dev-mumu--/b67efff1-f4fd-4d92-a35b-38fc4c4da858/session.v3.jsonl.zstd	338561	true	readable	217	false
b6b1010d-5840-489c-ad17-c5a9dfee56a4	--Users-vito-data-dev-device-sim--	v0	--Users-vito-data-dev-device-sim--/b6b1010d-5840-489c-ad17-c5a9dfee56a4/session.jsonl.zstd	3999	true	readable	5	false
b74ca71d-e1ff-4c3e-b1eb-4fb8ff6c6eae	--Users-vito-data-dev-mumu--	v3	--Users-vito-data-dev-mumu--/b74ca71d-e1ff-4c3e-b1eb-4fb8ff6c6eae/session.v3.jsonl.zstd	529063	true	readable	146	false
b79a710d-09ec-4c1d-ab38-ca4b35c232b9	--Users-vito-data-dev-mumu--	v3	--Users-vito-data-dev-mumu--/b79a710d-09ec-4c1d-ab38-ca4b35c232b9/session.v3.jsonl.zstd	279676	true	readable	62	false
b7c3c59e-24c7-4a28-b23b-b5b9ff9a9db4	--Users-vito-data-dev-mumu--	v3	--Users-vito-data-dev-mumu--/b7c3c59e-24c7-4a28-b23b-b5b9ff9a9db4/session.v3.jsonl.zstd	55779	true	readable	35	false
b8804796-741d-4121-b6b1-b09d934ee0fd	--Users-vito-data-dev-mumu--	v3	--Users-vito-data-dev-mumu--/b8804796-741d-4121-b6b1-b09d934ee0fd/session.v3.jsonl.zstd	85646	true	readable	42	false
b89064ee-e1be-40da-959b-eb9c6d272359	--Users-vito-data-dev-device-sim-docs--	v0	--Users-vito-data-dev-device-sim-docs--/b89064ee-e1be-40da-959b-eb9c6d272359/session.jsonl.zstd	1942	true	readable	5	false
b8bcee33-561e-4167-8232-61c0848854eb	--Users-vito-data-dev-device-sim--	v0	--Users-vito-data-dev-device-sim--/b8bcee33-561e-4167-8232-61c0848854eb/session.jsonl.zstd	3647909	false	unreadable:other	-	false
b8cfa052-3bee-4f92-82fc-60e35f943ece	--Users-vito-data-dev-mumu--	v3	--Users-vito-data-dev-mumu--/b8cfa052-3bee-4f92-82fc-60e35f943ece/session.v3.jsonl.zstd	38949	true	readable	28	false
b9301255-0f49-428d-8768-7a5766bfa6f2	--Users-vito-data-dev-mumu--	v3	--Users-vito-data-dev-mumu--/b9301255-0f49-428d-8768-7a5766bfa6f2/session.v3.jsonl.zstd	31255	true	readable	25	false
b983c166-c43f-4bc0-b25d-c2fa21951316	--Users-vito-data-dev-others--	v0	--Users-vito-data-dev-others--/b983c166-c43f-4bc0-b25d-c2fa21951316/session.jsonl.zstd	3243	true	readable	4	false
ba732533-9e8a-4fa7-ac29-d1c83a1505e7	--Users-vito-data-dev-dsh-plugins--	v0	--Users-vito-data-dev-dsh-plugins--/ba732533-9e8a-4fa7-ac29-d1c83a1505e7/session.jsonl.zstd	679827	false	unreadable:descriptor-v2	-	false
baf38822-386a-42e4-bb13-d670cecda2df	--Users-vito-data-dev-mumu--	v3	--Users-vito-data-dev-mumu--/baf38822-386a-42e4-bb13-d670cecda2df/session.v3.jsonl.zstd	796311	true	readable	288	false
bb73220c-e4c8-4682-b68b-4b94f2ed1e10	--Users-vito-data-dev-dsh-plugins--	v0	--Users-vito-data-dev-dsh-plugins--/bb73220c-e4c8-4682-b68b-4b94f2ed1e10/session.jsonl.zstd	1667765	true	readable	1150	false
bb775682-4b52-4849-a409-a1554b7e1eed	--Users-vito-data-dev-mumu--	v3	--Users-vito-data-dev-mumu--/bb775682-4b52-4849-a409-a1554b7e1eed/session.v3.jsonl.zstd	97625	true	readable	52	false
bc7a795d-36a9-4936-b3be-d8d436767e30	--Users-vito-data-dev-dsh-tui--	v0	--Users-vito-data-dev-dsh-tui--/bc7a795d-36a9-4936-b3be-d8d436767e30/session.jsonl.zstd	67353	true	readable	64	false
bcaa6935-1f6b-4c1f-99e9-8ff59dfd8390	--Users-vito-data-dev-device-sim--	v0	--Users-vito-data-dev-device-sim--/bcaa6935-1f6b-4c1f-99e9-8ff59dfd8390/session.jsonl.zstd	646034	false	unreadable:other	-	false
bcb19bad-74d6-4842-a612-ec9781392d2e	--Users-vito-data-dev-mumu--	v3	--Users-vito-data-dev-mumu--/bcb19bad-74d6-4842-a612-ec9781392d2e/session.v3.jsonl.zstd	720775	true	readable	648	false
bd2d9eea-4335-4e63-b5dd-45030d2dde1b	--Users-vito-data-dev-mumu--	v3	--Users-vito-data-dev-mumu--/bd2d9eea-4335-4e63-b5dd-45030d2dde1b/session.v3.jsonl.zstd	38011	true	readable	28	false
be87dd25-db55-4b68-993b-d555e39b87e3	--Users-vito-data-dev-mumu--	v3	--Users-vito-data-dev-mumu--/be87dd25-db55-4b68-993b-d555e39b87e3/session.v3.jsonl.zstd	143410	true	readable	69	false
beeb3ae2-a771-4ce8-a66b-4ea0cc055cdb	--Users-vito-data-dev-mumu--	v3	--Users-vito-data-dev-mumu--/beeb3ae2-a771-4ce8-a66b-4ea0cc055cdb/session.v3.jsonl.zstd	1141586	true	readable	1118	false
bf1eb3c5-cdfd-4ed5-86eb-abed30907e2f	--Users-vito-data-dev-dsh-tui--	v0	--Users-vito-data-dev-dsh-tui--/bf1eb3c5-cdfd-4ed5-86eb-abed30907e2f/session.jsonl.zstd	1411272	true	readable	953	false
bf2812d2-41b3-4d5d-95dc-3836de8e0231	--Users-vito-data-dev-mumu--	v3	--Users-vito-data-dev-mumu--/bf2812d2-41b3-4d5d-95dc-3836de8e0231/session.v3.jsonl.zstd	463794	true	readable	231	false
bf501e46-ec50-4c02-902d-e0e0cd7c844f	--Users-vito-data-dev-dsh-tui--	v0	--Users-vito-data-dev-dsh-tui--/bf501e46-ec50-4c02-902d-e0e0cd7c844f/session.jsonl.zstd	3222	true	readable	5	false
bf51dd5c-7af6-4cdf-ba11-a1a899330ccc	--Users-vito-data-dev-mumu--	v3	--Users-vito-data-dev-mumu--/bf51dd5c-7af6-4cdf-ba11-a1a899330ccc/session.v3.jsonl.zstd	188015	true	readable	79	false
c0a4704a-4347-489e-b90a-36d73caab868	--Users-vito-data-dev-mumu--	v3	--Users-vito-data-dev-mumu--/c0a4704a-4347-489e-b90a-36d73caab868/session.v3.jsonl.zstd	618835	true	readable	454	false
c0ae4c73-bd09-4497-849c-ead76ceb768d	--Users-vito-data-dev-dsh-plugins--	v0	--Users-vito-data-dev-dsh-plugins--/c0ae4c73-bd09-4497-849c-ead76ceb768d/session.jsonl.zstd	11144	false	unreadable:descriptor-v2	-	false
c116f889-4a04-4b53-961e-c579f1983661	--Users-vito-data-dev-dsh-plugins--	v0	--Users-vito-data-dev-dsh-plugins--/c116f889-4a04-4b53-961e-c579f1983661/session.jsonl.zstd	25190	false	unreadable:descriptor-v2	-	false
c116f897-a5f5-49f9-a148-dae47968cab3	--Users-vito-data-dev-mumu--	v3	--Users-vito-data-dev-mumu--/c116f897-a5f5-49f9-a148-dae47968cab3/session.v3.jsonl.zstd	43877	true	readable	28	false
c12eadee-3a90-4b22-9197-4ed528c7a7b0	--Users-vito-data-dev-mumu--	v3	--Users-vito-data-dev-mumu--/c12eadee-3a90-4b22-9197-4ed528c7a7b0/session.v3.jsonl.zstd	35175	true	readable	19	false
c1672609-0081-49b0-9de8-036e710476ce	--Users-vito-data-dev-mumu--	v3	--Users-vito-data-dev-mumu--/c1672609-0081-49b0-9de8-036e710476ce/session.v3.jsonl.zstd	1153784	true	readable	507	false
c1a9d3c3-fceb-41e5-bc68-218ad837e513	--Users-vito-data-dev-dsh-plugins--	v0	--Users-vito-data-dev-dsh-plugins--/c1a9d3c3-fceb-41e5-bc68-218ad837e513/session.jsonl.zstd	1507121	true	readable	2841	false
c2bab2ce-2b70-4646-befe-bff34b9f23c3	--Users-vito-data-dev-mumu--	v3	--Users-vito-data-dev-mumu--/c2bab2ce-2b70-4646-befe-bff34b9f23c3/session.v3.jsonl.zstd	161079	true	readable	105	false
c2cdd1a0-78f4-4328-b26d-e285a0824e40	--Users-vito-data-dev-mumu--	v3	--Users-vito-data-dev-mumu--/c2cdd1a0-78f4-4328-b26d-e285a0824e40/session.v3.jsonl.zstd	281675	true	readable	105	false
c2ec71cd-03e9-4c14-8a5a-e142b858e0d5	--Users-vito-data-dev-device-sim-docs--	v0	--Users-vito-data-dev-device-sim-docs--/c2ec71cd-03e9-4c14-8a5a-e142b858e0d5/session.jsonl.zstd	1942	true	readable	5	false
c35db7a2-f824-49aa-bee8-714523d61b8d	--Users-vito-data-dev-mumu--	v3	--Users-vito-data-dev-mumu--/c35db7a2-f824-49aa-bee8-714523d61b8d/session.v3.jsonl.zstd	691428	true	readable	278	false
c395d083-e064-4e95-8507-219530ee1b6a	--Users-vito-data-dev-dsh-plugins--	v3	--Users-vito-data-dev-dsh-plugins--/c395d083-e064-4e95-8507-219530ee1b6a/session.v3.jsonl.zstd	199670	true	readable	122	false
c489a10c-3105-402f-a721-9f86dc8801b6	--Users-vito-data-dev-mumu--	v3	--Users-vito-data-dev-mumu--/c489a10c-3105-402f-a721-9f86dc8801b6/session.v3.jsonl.zstd	807785	true	readable	375	false
c56d67df-77d0-41ad-941a-4ebc80219b70	--Users-vito-data-dev-mumu--	v3	--Users-vito-data-dev-mumu--/c56d67df-77d0-41ad-941a-4ebc80219b70/session.v3.jsonl.zstd	220855	true	readable	124	false
c5b8a6ba-74fd-49ab-a1f5-a989425e682f	--Users-vito-data-dev-others--	v0	--Users-vito-data-dev-others--/c5b8a6ba-74fd-49ab-a1f5-a989425e682f/session.jsonl.zstd	6322	true	readable	8	false
c5d55fcb-33b4-4301-b836-6e09941265db	--Users-vito-data-dev-mumu--	v3	--Users-vito-data-dev-mumu--/c5d55fcb-33b4-4301-b836-6e09941265db/session.v3.jsonl.zstd	962597	true	readable	512	false
c61ec85d-a040-4c5d-a9f7-7d095c86c00f	--Users-vito-data-dev-others--	v0	--Users-vito-data-dev-others--/c61ec85d-a040-4c5d-a9f7-7d095c86c00f/session.jsonl.zstd	335873	true	readable	260	false
c62bc362-cfa5-4636-a50d-d39e5f50b632	--Users-vito-data-dev-endless-dsh--	v0	--Users-vito-data-dev-endless-dsh--/c62bc362-cfa5-4636-a50d-d39e5f50b632/session.jsonl.zstd	1511	true	readable	5	false
c696e6e6-d81e-45e1-89bb-e2ff75eac633	--Users-vito-data-dev-mumu--	v3	--Users-vito-data-dev-mumu--/c696e6e6-d81e-45e1-89bb-e2ff75eac633/session.v3.jsonl.zstd	39162	true	readable	19	false
c707e26b-4e16-4e55-b33c-3d09c293ad30	--Users-vito-data-dev-dsh-plugins--	v0	--Users-vito-data-dev-dsh-plugins--/c707e26b-4e16-4e55-b33c-3d09c293ad30/session.jsonl.zstd	3980	true	readable	5	false
c7de3a43-3f33-4278-864f-da32aca6d4a1	--Users-vito-data-dev-dsh-tui--	v0	--Users-vito-data-dev-dsh-tui--/c7de3a43-3f33-4278-864f-da32aca6d4a1/session.jsonl.zstd	1870	true	readable	4	false
c88944b0-f826-4d2b-b57b-7dcebc7e91b2	--Users-vito-data-dev-mumu--	v3	--Users-vito-data-dev-mumu--/c88944b0-f826-4d2b-b57b-7dcebc7e91b2/session.v3.jsonl.zstd	1142907	true	readable	753	false
c8ecdb76-53dc-470c-84f8-0fa08886577b	--Users-vito-data-dev-dsh-plugins--	v0	--Users-vito-data-dev-dsh-plugins--/c8ecdb76-53dc-470c-84f8-0fa08886577b/session.jsonl.zstd	3609	true	readable	5	false
c8f32cb3-8c46-404d-817a-43379aca7d2d	--Users-vito-data-dev-device-sim--	v0	--Users-vito-data-dev-device-sim--/c8f32cb3-8c46-404d-817a-43379aca7d2d/session.jsonl.zstd	2703935	false	unreadable:other	-	false
c901f95b-22b4-4c65-a4df-6953eb857149	--Users-vito-data-dev-mumu--	v3	--Users-vito-data-dev-mumu--/c901f95b-22b4-4c65-a4df-6953eb857149/session.v3.jsonl.zstd	669101	true	readable	463	false
c938c779-a512-4905-9498-8e804498d21f	--Users-vito-data-dev-mumu--	v3	--Users-vito-data-dev-mumu--/c938c779-a512-4905-9498-8e804498d21f/session.v3.jsonl.zstd	435003	true	readable	298	false
c98571dc-b32a-4993-abfa-1b3f24cc5ce7	--Users-vito-data-dev-mumu--	v3	--Users-vito-data-dev-mumu--/c98571dc-b32a-4993-abfa-1b3f24cc5ce7/session.v3.jsonl.zstd	962227	true	readable	544	false
c9d3119e-ccdb-40a0-8dc2-31f046487168	--Users-vito-data-dev-dsh-tui--	v0	--Users-vito-data-dev-dsh-tui--/c9d3119e-ccdb-40a0-8dc2-31f046487168/session.jsonl.zstd	1800	true	readable	4	false
c9e83713-54e1-4d8b-bd26-23867ac43e49	--Users-vito-data-dev-others--	v0	--Users-vito-data-dev-others--/c9e83713-54e1-4d8b-bd26-23867ac43e49/session.jsonl.zstd	763511	true	readable	350	false
c9f39d45-8b09-4727-bca7-014d453b9131	--Users-vito-data-dev-mumu--	v3	--Users-vito-data-dev-mumu--/c9f39d45-8b09-4727-bca7-014d453b9131/session.v3.jsonl.zstd	37435	true	readable	28	false
ca38f0db-0c41-4408-8176-1cd433109729	--Users-vito-data-dev-dsh-plugins--	v0	--Users-vito-data-dev-dsh-plugins--/ca38f0db-0c41-4408-8176-1cd433109729/session.jsonl.zstd	1824	true	readable	5	false
cb0a9880-5143-4edf-89dc-6c07e8bffff0	--Users-vito-data-dev-others--	v0	--Users-vito-data-dev-others--/cb0a9880-5143-4edf-89dc-6c07e8bffff0/session.jsonl.zstd	675069	false	unreadable:descriptor-v2	-	false
cb51ddef-39cd-4cf5-8b7a-3d3e831df1cd	--Users-vito-data-dev-mumu--	v3	--Users-vito-data-dev-mumu--/cb51ddef-39cd-4cf5-8b7a-3d3e831df1cd/session.v3.jsonl.zstd	470854	true	readable	197	false
cbc03b51-6065-4cba-ba0a-f41ff3518c6b	--Users-vito-data-dev-mumu--	v3	--Users-vito-data-dev-mumu--/cbc03b51-6065-4cba-ba0a-f41ff3518c6b/session.v3.jsonl.zstd	554442	true	readable	196	false
cbff2428-214a-407c-b13c-45a4905d9f68	--Users-vito-data-dev-mumu--	v3	--Users-vito-data-dev-mumu--/cbff2428-214a-407c-b13c-45a4905d9f68/session.v3.jsonl.zstd	964500	true	readable	478	false
cc832f2b-d366-4710-8c51-f1c6a3ff0e90	--Users-vito-data-dev-dsh-tui--	v0	--Users-vito-data-dev-dsh-tui--/cc832f2b-d366-4710-8c51-f1c6a3ff0e90/session.jsonl.zstd	1865238	true	readable	1185	false
cca5d42f-fcff-41cb-b247-0eceeb9ffa30	--Users-vito-data-dev-mumu--	v3	--Users-vito-data-dev-mumu--/cca5d42f-fcff-41cb-b247-0eceeb9ffa30/session.v3.jsonl.zstd	523739	true	readable	307	false
cd08c294-6548-4d38-803d-32e29a16bd04	--Users-vito-data-dev-others--	v0	--Users-vito-data-dev-others--/cd08c294-6548-4d38-803d-32e29a16bd04/session.jsonl.zstd	3833	true	readable	5	false
cd45a983-1907-4f6f-9ed2-e96e795b1204	--Users-vito-data-dev-mumu--	v3	--Users-vito-data-dev-mumu--/cd45a983-1907-4f6f-9ed2-e96e795b1204/session.v3.jsonl.zstd	429006	true	readable	192	false
cd64d68c-0ff3-45f6-bd40-7fb747507709	--Users-vito-data-dev-mumu--	v3	--Users-vito-data-dev-mumu--/cd64d68c-0ff3-45f6-bd40-7fb747507709/session.v3.jsonl.zstd	259841	true	readable	139	false
cd66b67a-5ae6-443e-9baa-8c21f0426810	--Users-vito-data-dev-others--	v0	--Users-vito-data-dev-others--/cd66b67a-5ae6-443e-9baa-8c21f0426810/session.jsonl.zstd	11503	false	unreadable:descriptor-v2	-	false
cdfea255-1255-42c2-adb6-61e9c4d7a80e	--Users-vito-data-dev-others--	v0	--Users-vito-data-dev-others--/cdfea255-1255-42c2-adb6-61e9c4d7a80e/session.jsonl.zstd	80101	false	unreadable:other	-	false
ce10051f-f0aa-4497-a0c9-b360727d7160	--Users-vito-data-dev-mumu--	v3	--Users-vito-data-dev-mumu--/ce10051f-f0aa-4497-a0c9-b360727d7160/session.v3.jsonl.zstd	42332	true	readable	28	false
ce12afb1-d56d-4d59-bdf6-d62e24611aaa	--Users-vito-data-dev-mumu--	v3	--Users-vito-data-dev-mumu--/ce12afb1-d56d-4d59-bdf6-d62e24611aaa/session.v3.jsonl.zstd	192624	true	readable	102	false
ce4d7005-ad9b-41a5-9154-397445727063	--Users-vito-data-dev-mumu--	v3	--Users-vito-data-dev-mumu--/ce4d7005-ad9b-41a5-9154-397445727063/session.v3.jsonl.zstd	218945	true	readable	67	false
ce7c073d-8e80-4439-a5df-49fc0714239d	--Users-vito-data-dev-dsh-plugins--	v0	--Users-vito-data-dev-dsh-plugins--/ce7c073d-8e80-4439-a5df-49fc0714239d/session.jsonl.zstd	3210	true	readable	5	false
cef0d4da-e9e9-4122-b15b-dd228ca34563	--Users-vito-data-dev-others--	v0	--Users-vito-data-dev-others--/cef0d4da-e9e9-4122-b15b-dd228ca34563/session.jsonl.zstd	80103	false	unreadable:descriptor-v2	-	false
cef80c63-7afb-4a7b-b573-a51c765e6e27	--Users-vito-data-dev-mumu--	v3	--Users-vito-data-dev-mumu--/cef80c63-7afb-4a7b-b573-a51c765e6e27/session.v3.jsonl.zstd	817010	true	readable	478	false
cefa4016-ac52-4a73-b223-f601ae5f92c2	--Users-vito-data-dev-mumu--	v3	--Users-vito-data-dev-mumu--/cefa4016-ac52-4a73-b223-f601ae5f92c2/session.v3.jsonl.zstd	177267	true	readable	55	false
cf043a49-7a7d-4f4d-993f-4dededdbfc5c	--Users-vito-data-dev-dsh-tui--	v0	--Users-vito-data-dev-dsh-tui--/cf043a49-7a7d-4f4d-993f-4dededdbfc5c/session.jsonl.zstd	67608	true	readable	60	false
cf6c664e-b597-4bab-817b-ade564bbafd9	--Users-vito-data-dev-mumu--	v3	--Users-vito-data-dev-mumu--/cf6c664e-b597-4bab-817b-ade564bbafd9/session.v3.jsonl.zstd	681035	true	readable	301	false
cfca4e8a-4cbd-4e8e-aebc-bb536269f7b7	--Users-vito-data-dev-mumu--	v3	--Users-vito-data-dev-mumu--/cfca4e8a-4cbd-4e8e-aebc-bb536269f7b7/session.v3.jsonl.zstd	45256	true	readable	28	false
cfd5fae4-35d1-4bee-a948-cd940891310a	--Users-vito-data-dev-device-sim--	v0	--Users-vito-data-dev-device-sim--/cfd5fae4-35d1-4bee-a948-cd940891310a/session.jsonl.zstd	4311361	false	unreadable:other	-	false
cfe09c85-d991-4393-b4f8-3bb6797500f4	--Users-vito-data-dev-mumu--	v3	--Users-vito-data-dev-mumu--/cfe09c85-d991-4393-b4f8-3bb6797500f4/session.v3.jsonl.zstd	1293741	true	readable	400	false
cfee3a01-419b-46dc-9055-d3359a6867e2	--Users-vito-data-dev-others--	v0	--Users-vito-data-dev-others--/cfee3a01-419b-46dc-9055-d3359a6867e2/session.jsonl.zstd	38129	true	readable	45	false
d00afe90-146d-491e-af52-cf406d47ff2d	--Users-vito-data-dev-device-sim-docs--	v0	--Users-vito-data-dev-device-sim-docs--/d00afe90-146d-491e-af52-cf406d47ff2d/session.jsonl.zstd	1942	true	readable	5	false
d08e19da-3397-4bbd-a7b0-46fdd394e92c	--Users-vito-data-dev-mumu--	v3	--Users-vito-data-dev-mumu--/d08e19da-3397-4bbd-a7b0-46fdd394e92c/session.v3.jsonl.zstd	35668	true	readable	28	false
d0a5551e-7b1d-44ab-8437-88a05991576f	--Users-vito-data-dev-mumu--	v3	--Users-vito-data-dev-mumu--/d0a5551e-7b1d-44ab-8437-88a05991576f/session.v3.jsonl.zstd	8461	true	readable	19	false
d134a42b-d436-4d25-b5ae-d5f791ff3c05	--Users-vito-data-dev-mumu--	v3	--Users-vito-data-dev-mumu--/d134a42b-d436-4d25-b5ae-d5f791ff3c05/session.v3.jsonl.zstd	49479	true	readable	28	false
d17fa743-72b8-44bb-aee2-d20a23661eb9	--Users-vito-data-dev-mumu--	v3	--Users-vito-data-dev-mumu--/d17fa743-72b8-44bb-aee2-d20a23661eb9/session.v3.jsonl.zstd	84685	true	readable	49	false
d19b1e8e-4fbb-4178-839e-7799be0e5dec	--Users-vito-data-dev-others--	v0	--Users-vito-data-dev-others--/d19b1e8e-4fbb-4178-839e-7799be0e5dec/session.jsonl.zstd	1047835	true	readable	1499	false
d19b2d2b-ff90-4b64-8b88-68e177bbd694	--Users-vito-data-dev-mumu--	v3	--Users-vito-data-dev-mumu--/d19b2d2b-ff90-4b64-8b88-68e177bbd694/session.v3.jsonl.zstd	43728	true	readable	28	false
d2172b0d-3c07-4aed-9f67-e5c40940b20a	--Users-vito-data-dev-dsh-plugins--	v0	--Users-vito-data-dev-dsh-plugins--/d2172b0d-3c07-4aed-9f67-e5c40940b20a/session.jsonl.zstd	871238	false	unreadable:descriptor-v2	-	false
d2962135-0a97-4c32-8e4e-4b01c7445ac1	--Users-vito-data-dev-others--	v0	--Users-vito-data-dev-others--/d2962135-0a97-4c32-8e4e-4b01c7445ac1/session.jsonl.zstd	3317	true	readable	5	false
d2daa7e2-b5cf-480d-9767-16502254e993	--Users-vito-data-dev-mumu--	v3	--Users-vito-data-dev-mumu--/d2daa7e2-b5cf-480d-9767-16502254e993/session.v3.jsonl.zstd	417116	true	readable	324	false
d2fa372b-dda2-4e9d-9614-fb2b069dde28	--Users-vito-data-dev-mumu--	v3	--Users-vito-data-dev-mumu--/d2fa372b-dda2-4e9d-9614-fb2b069dde28/session.v3.jsonl.zstd	13529	true	readable	19	false
d3648a0b-5b1b-4130-be12-099fc22297ca	--Users-vito-data-dev-mumu--	v3	--Users-vito-data-dev-mumu--/d3648a0b-5b1b-4130-be12-099fc22297ca/session.v3.jsonl.zstd	51484	true	readable	38	false
d3756113-2b01-4e57-b779-73d8443b3869	--Users-vito-data-dev-mumu--	v3	--Users-vito-data-dev-mumu--/d3756113-2b01-4e57-b779-73d8443b3869/session.v3.jsonl.zstd	41986	true	readable	28	false
d3cda95b-c630-4b6d-ab95-9b565ed021eb	--Users-vito-data-dev-mumu--	v3	--Users-vito-data-dev-mumu--/d3cda95b-c630-4b6d-ab95-9b565ed021eb/session.v3.jsonl.zstd	331522	true	readable	215	false
d4b67e49-1c25-4caa-a7ea-010710c98d0c	--Users-vito-data-dev-mumu--	v3	--Users-vito-data-dev-mumu--/d4b67e49-1c25-4caa-a7ea-010710c98d0c/session.v3.jsonl.zstd	571211	true	readable	175	false
d57a808a-3af1-413c-a9ac-8a56e96c5914	--Users-vito-data-dev-others--	v0	--Users-vito-data-dev-others--/d57a808a-3af1-413c-a9ac-8a56e96c5914/session.jsonl.zstd	3186	true	readable	4	false
d5d97ba0-7c4e-4028-ac00-b7026f27cb59	--Users-vito-data-dev-others--	v0	--Users-vito-data-dev-others--/d5d97ba0-7c4e-4028-ac00-b7026f27cb59/session.jsonl.zstd	11187	false	unreadable:descriptor-v2	-	false
d60439b5-6e4b-4777-9fc9-d17cea9b0a6b	--Users-vito-data-dev-others--	v0	--Users-vito-data-dev-others--/d60439b5-6e4b-4777-9fc9-d17cea9b0a6b/session.jsonl.zstd	11206	false	unreadable:descriptor-v2	-	false
d706491b-0f85-4081-ac2e-6dce34b61f70	--Users-vito-data-dev-mumu--	v3	--Users-vito-data-dev-mumu--/d706491b-0f85-4081-ac2e-6dce34b61f70/session.v3.jsonl.zstd	168369	true	readable	112	false
d751791a-5e2c-4c30-9145-d305184cf0ea	--Users-vito-data-dev-mumu--	v3	--Users-vito-data-dev-mumu--/d751791a-5e2c-4c30-9145-d305184cf0ea/session.v3.jsonl.zstd	14726	true	readable	19	false
d769fc97-a536-440b-b5b8-8fed9e54bf1a	--Users-vito-data-dev-mumu--	v3	--Users-vito-data-dev-mumu--/d769fc97-a536-440b-b5b8-8fed9e54bf1a/session.v3.jsonl.zstd	125108	true	readable	66	false
d8063479-c9e7-402e-814a-41b831381b98	--Users-vito-data-dev-others--	v0	--Users-vito-data-dev-others--/d8063479-c9e7-402e-814a-41b831381b98/session.jsonl.zstd	6369	true	readable	6	false
d82a7d68-715a-4a37-bfa6-9d59b094e0dd	--Users-vito-data-dev-mumu--	v3	--Users-vito-data-dev-mumu--/d82a7d68-715a-4a37-bfa6-9d59b094e0dd/session.v3.jsonl.zstd	38182	true	readable	28	false
d8435065-f9f7-484d-acac-2cf07779c8db	--Users-vito-data-dev-dsh-tui--	v0	--Users-vito-data-dev-dsh-tui--/d8435065-f9f7-484d-acac-2cf07779c8db/session.jsonl.zstd	1876	true	readable	4	false
d873ae1d-b032-4f02-9c8c-a20b7434f09a	--Users-vito-data-dev-device-sim--	v0	--Users-vito-data-dev-device-sim--/d873ae1d-b032-4f02-9c8c-a20b7434f09a/session.jsonl.zstd	3864583	false	unreadable:other	-	false
d89789fa-0e48-484f-8104-72bc2c19d9a1	--Users-vito-data-dev-dsh-plugins--	v0	--Users-vito-data-dev-dsh-plugins--/d89789fa-0e48-484f-8104-72bc2c19d9a1/session.jsonl.zstd	26042	false	unreadable:descriptor-v2	-	false
d8a28a5e-c7f8-407f-9392-93a818905f28	--Users-vito-data-dev-mumu--	v3	--Users-vito-data-dev-mumu--/d8a28a5e-c7f8-407f-9392-93a818905f28/session.v3.jsonl.zstd	302880	true	readable	137	false
d8e17efd-f37f-476f-9e30-24425da1553b	--Users-vito-data-dev-mumu--	v3	--Users-vito-data-dev-mumu--/d8e17efd-f37f-476f-9e30-24425da1553b/session.v3.jsonl.zstd	397857	true	readable	346	false
d9291644-bc93-4820-b1ca-fe862d8390f7	--Users-vito-data-dev-mumu--	v3	--Users-vito-data-dev-mumu--/d9291644-bc93-4820-b1ca-fe862d8390f7/session.v3.jsonl.zstd	148667	true	readable	93	false
d976dc5b-15da-4b69-ab41-b118068c64d1	--Users-vito-data-dev-mumu--	v3	--Users-vito-data-dev-mumu--/d976dc5b-15da-4b69-ab41-b118068c64d1/session.v3.jsonl.zstd	39507	true	readable	28	false
d980895f-d5a7-4556-a9cf-6dab9ecaca0f	--Users-vito-data-dev-device-sim--	v0	--Users-vito-data-dev-device-sim--/d980895f-d5a7-4556-a9cf-6dab9ecaca0f/session.jsonl.zstd	1365	true	readable	5	false
d99ca4b9-eaad-4fef-84a4-a9ceeb645ef7	--Users-vito-data-dev-mumu--	v3	--Users-vito-data-dev-mumu--/d99ca4b9-eaad-4fef-84a4-a9ceeb645ef7/session.v3.jsonl.zstd	248207	true	readable	142	false
d9c8a314-ac44-485e-bc45-221f9a2dd83a	--Users-vito-data-dev-mumu--	v3	--Users-vito-data-dev-mumu--/d9c8a314-ac44-485e-bc45-221f9a2dd83a/session.v3.jsonl.zstd	192659	true	readable	49	false
da710d7e-7ce0-4de2-a5c3-dc2a0e663d0d	--Users-vito-data-dev-mumu--	v3	--Users-vito-data-dev-mumu--/da710d7e-7ce0-4de2-a5c3-dc2a0e663d0d/session.v3.jsonl.zstd	43301	true	readable	28	false
da92198c-092b-436b-a8e2-b51ce155cfd9	--Users-vito-data-dev-others--	v0	--Users-vito-data-dev-others--/da92198c-092b-436b-a8e2-b51ce155cfd9/session.jsonl.zstd	984282	true	readable	1464	false
da980dc2-24cb-41db-81a5-da32b90200c8	--Users-vito-data-dev-mumu--	v3	--Users-vito-data-dev-mumu--/da980dc2-24cb-41db-81a5-da32b90200c8/session.v3.jsonl.zstd	666000	true	readable	381	false
daafaac7-358e-4723-ae66-386526826c2a	--Users-vito-data-dev-mumu--	v3	--Users-vito-data-dev-mumu--/daafaac7-358e-4723-ae66-386526826c2a/session.v3.jsonl.zstd	106084	true	readable	67	false
db89fe43-0e19-45e9-b67d-d9f2e0097157	--Users-vito-data-dev-device-sim--	v0	--Users-vito-data-dev-device-sim--/db89fe43-0e19-45e9-b67d-d9f2e0097157/session.jsonl.zstd	4515585	false	unreadable:other	-	false
dbdacf9c-00a9-48be-b53c-690aa13b4506	--Users-vito-data-dev-dsh-plugins--	v3	--Users-vito-data-dev-dsh-plugins--/dbdacf9c-00a9-48be-b53c-690aa13b4506/session.v3.jsonl.zstd	398790	true	readable	308	false
dc118538-ffdb-41f5-8f1d-9cbf576b25c7	--Users-vito-data-dev-mumu--	v3	--Users-vito-data-dev-mumu--/dc118538-ffdb-41f5-8f1d-9cbf576b25c7/session.v3.jsonl.zstd	488824	true	readable	317	false
dc496098-6fdd-424f-a463-0bf81a4be7cd	--Users-vito-data-dev-others--	v0	--Users-vito-data-dev-others--/dc496098-6fdd-424f-a463-0bf81a4be7cd/session.jsonl.zstd	649779	true	readable	366	false
dcb69cb1-2418-420e-b300-cd21580efe48	--Users-vito-data-dev-device-sim--	v0	--Users-vito-data-dev-device-sim--/dcb69cb1-2418-420e-b300-cd21580efe48/session.jsonl.zstd	4015	true	readable	5	false
dcee3c96-b997-4c1d-928d-54ed71bbde03	--Users-vito-data-dev-mumu--	v3	--Users-vito-data-dev-mumu--/dcee3c96-b997-4c1d-928d-54ed71bbde03/session.v3.jsonl.zstd	144874	true	readable	62	false
dd08fed4-57e9-44c5-9778-38de24604a87	--Users-vito-data-dev-dsh-tui--	v0	--Users-vito-data-dev-dsh-tui--/dd08fed4-57e9-44c5-9778-38de24604a87/session.jsonl.zstd	723583	true	readable	858	false
dd28b46a-ae8c-4056-9ddc-900d84dfeb8f	--Users-vito-data-dev-others--	v0	--Users-vito-data-dev-others--/dd28b46a-ae8c-4056-9ddc-900d84dfeb8f/session.jsonl.zstd	3285	true	readable	5	false
de07fa2d-af9f-4387-8314-65980a6de73f	--Users-vito-data-dev-mumu--	v3	--Users-vito-data-dev-mumu--/de07fa2d-af9f-4387-8314-65980a6de73f/session.v3.jsonl.zstd	506631	true	readable	325	false
dea1753d-86f0-4578-933a-a750059c9e44	--Users-vito-data-dev-mumu--	v3	--Users-vito-data-dev-mumu--/dea1753d-86f0-4578-933a-a750059c9e44/session.v3.jsonl.zstd	14464	true	readable	19	false
dfa3078e-f0cb-420e-9f13-b5fce1ff7185	--Users-vito-data-dev-mumu--	v3	--Users-vito-data-dev-mumu--/dfa3078e-f0cb-420e-9f13-b5fce1ff7185/session.v3.jsonl.zstd	546927	true	readable	263	false
dfd8940c-0bee-46d9-95c9-880f788292f4	--Users-vito-data-dev-device-sim--	v0	--Users-vito-data-dev-device-sim--/dfd8940c-0bee-46d9-95c9-880f788292f4/session.jsonl.zstd	3667214	false	unreadable:other	-	false
dff9c98a-9be5-4219-9297-f61d1f527f6e	--Users-vito-data-dev-mumu--	v3	--Users-vito-data-dev-mumu--/dff9c98a-9be5-4219-9297-f61d1f527f6e/session.v3.jsonl.zstd	39703	true	readable	28	false
e0358dad-b01e-4a5e-9a9b-8f20f1ad688d	--Users-vito-data-dev-mumu--	v3	--Users-vito-data-dev-mumu--/e0358dad-b01e-4a5e-9a9b-8f20f1ad688d/session.v3.jsonl.zstd	48948	true	readable	28	false
e0fd3ac4-29bd-4501-b1a7-7b2cb9768e3a	--Users-vito-data-dev-mumu--	v3	--Users-vito-data-dev-mumu--/e0fd3ac4-29bd-4501-b1a7-7b2cb9768e3a/session.v3.jsonl.zstd	480552	true	readable	172	false
e12858c2-aa21-4217-aa46-0185a4da47aa	--Users-vito-.dsh-profiles-endless-tui--	v0	--Users-vito-.dsh-profiles-endless-tui--/e12858c2-aa21-4217-aa46-0185a4da47aa/session.jsonl.zstd	1951	true	readable	5	false
e12d34de-82e9-40de-adf0-5403953b57e9	--Users-vito-data-dev-mumu--	v3	--Users-vito-data-dev-mumu--/e12d34de-82e9-40de-adf0-5403953b57e9/session.v3.jsonl.zstd	184963	true	readable	114	false
e1b4c1ed-edb3-4cef-995b-93aeda010dca	--Users-vito-data-dev-others--	v0	--Users-vito-data-dev-others--/e1b4c1ed-edb3-4cef-995b-93aeda010dca/session.jsonl.zstd	3120	true	readable	4	false
e1b8ef9b-7b65-4abe-8623-a67e7e443c36	--Users-vito-data-dev-mumu--	v3	--Users-vito-data-dev-mumu--/e1b8ef9b-7b65-4abe-8623-a67e7e443c36/session.v3.jsonl.zstd	51000	true	readable	19	false
e2308c31-1bb8-4260-97ab-9cb33a44563c	--Users-vito-data-dev-mumu--	v3	--Users-vito-data-dev-mumu--/e2308c31-1bb8-4260-97ab-9cb33a44563c/session.v3.jsonl.zstd	363152	true	readable	209	false
e23d5cb3-8fbc-4120-89ae-258c37431154	--Users-vito-data-dev-mumu--	v3	--Users-vito-data-dev-mumu--/e23d5cb3-8fbc-4120-89ae-258c37431154/session.v3.jsonl.zstd	408582	true	readable	266	false
e24b8b19-541e-4d06-bc62-49bbe5c87837	--Users-vito-data-dev-mumu--	v3	--Users-vito-data-dev-mumu--/e24b8b19-541e-4d06-bc62-49bbe5c87837/session.v3.jsonl.zstd	376866	true	readable	238	false
e24d311d-07c4-45f7-854a-477cd06ad7d2	--Users-vito-data-dev-endless-dsh--	v0	--Users-vito-data-dev-endless-dsh--/e24d311d-07c4-45f7-854a-477cd06ad7d2/session.jsonl.zstd	4184	true	readable	9	false
e2e47f0f-6800-48bb-9380-fbc14df72a34	--Users-vito-data-dev-others--	v0	--Users-vito-data-dev-others--/e2e47f0f-6800-48bb-9380-fbc14df72a34/session.jsonl.zstd	2248	true	readable	5	false
e3244fa2-7e95-41d8-a849-a6d16605514e	--Users-vito-data-dev-mumu--	v3	--Users-vito-data-dev-mumu--/e3244fa2-7e95-41d8-a849-a6d16605514e/session.v3.jsonl.zstd	235856	true	readable	142	false
e3674faa-9f44-488c-80a7-afb415a45f3e	--Users-vito-data-dev-mumu--	v3	--Users-vito-data-dev-mumu--/e3674faa-9f44-488c-80a7-afb415a45f3e/session.v3.jsonl.zstd	829811	true	readable	220	false
e36a55ba-e33a-4ff4-9355-397075ef9071	--Users-vito-data-dev-others--	v0	--Users-vito-data-dev-others--/e36a55ba-e33a-4ff4-9355-397075ef9071/session.jsonl.zstd	3283	true	readable	5	false
e37abe92-cd22-48ac-a458-544552417d44	--Users-vito-data-dev-others--	v0	--Users-vito-data-dev-others--/e37abe92-cd22-48ac-a458-544552417d44/session.jsonl.zstd	422003	true	readable	270	false
e388f6fd-69e7-4431-b8f1-5633af922c13	--Users-vito-data-dev-mumu--	v3	--Users-vito-data-dev-mumu--/e388f6fd-69e7-4431-b8f1-5633af922c13/session.v3.jsonl.zstd	694524	true	readable	235	false
e4608d8f-7c32-4993-a850-fe9d28228688	--Users-vito-data-dev-mumu--	v3	--Users-vito-data-dev-mumu--/e4608d8f-7c32-4993-a850-fe9d28228688/session.v3.jsonl.zstd	390830	true	readable	259	false
e48d01c4-2505-497f-8be1-73182695ef71	--Users-vito-data-dev-mumu--	v3	--Users-vito-data-dev-mumu--/e48d01c4-2505-497f-8be1-73182695ef71/session.v3.jsonl.zstd	187487	true	readable	141	false
e499c838-d98c-45b7-9f8e-14c2a75aff08	--Users-vito-data-dev-mumu--	v3	--Users-vito-data-dev-mumu--/e499c838-d98c-45b7-9f8e-14c2a75aff08/session.v3.jsonl.zstd	9503	true	readable	25	false
e4bee577-da0b-4aaf-9526-23a40709e76f	--Users-vito-data-dev-dsh-tui--	v0	--Users-vito-data-dev-dsh-tui--/e4bee577-da0b-4aaf-9526-23a40709e76f/session.jsonl.zstd	3650	true	readable	5	false
e4e8cbec-1799-4ba6-89d2-f6915a10bd8e	--Users-vito-data-dev-mumu--	v3	--Users-vito-data-dev-mumu--/e4e8cbec-1799-4ba6-89d2-f6915a10bd8e/session.v3.jsonl.zstd	755261	true	readable	539	false
e5610037-f60b-4bb0-818d-5c31aff7014b	--Users-vito-data-dev-mumu--	v3	--Users-vito-data-dev-mumu--/e5610037-f60b-4bb0-818d-5c31aff7014b/session.v3.jsonl.zstd	39252	true	readable	28	false
e570510a-66e0-4985-811c-03d8c6408042	--Users-vito-data-dev-others--	v0	--Users-vito-data-dev-others--/e570510a-66e0-4985-811c-03d8c6408042/session.jsonl.zstd	2974	true	readable	5	false
e57f4006-ae4c-482c-84f9-f2688e1bd4f1	--Users-vito-data-dev-mumu--	v3	--Users-vito-data-dev-mumu--/e57f4006-ae4c-482c-84f9-f2688e1bd4f1/session.v3.jsonl.zstd	43363	true	readable	28	false
e63951b4-cfe0-4bb8-9e10-6750bea406ee	--Users-vito-data-dev-mumu--	v3	--Users-vito-data-dev-mumu--/e63951b4-cfe0-4bb8-9e10-6750bea406ee/session.v3.jsonl.zstd	927210	true	readable	505	false
e67b3710-2da9-4ba7-b140-21db53aef00a	--Users-vito-data-dev-mumu--	v3	--Users-vito-data-dev-mumu--/e67b3710-2da9-4ba7-b140-21db53aef00a/session.v3.jsonl.zstd	38554	true	readable	28	false
e79e100b-7f47-4fd0-9a7b-cf8dd37edc2c	--Users-vito-data-dev-mumu--	v3	--Users-vito-data-dev-mumu--/e79e100b-7f47-4fd0-9a7b-cf8dd37edc2c/session.v3.jsonl.zstd	914049	true	readable	408	false
e817cf60-cbdb-45af-86fb-e609d8cd1109	--Users-vito-data-dev-mumu--	v3	--Users-vito-data-dev-mumu--/e817cf60-cbdb-45af-86fb-e609d8cd1109/session.v3.jsonl.zstd	39315	true	readable	28	false
e818c39d-3fdd-4211-afdd-b2f79215cabb	--Users-vito-data-dev-dsh-plugins--	v0	--Users-vito-data-dev-dsh-plugins--/e818c39d-3fdd-4211-afdd-b2f79215cabb/session.jsonl.zstd	25686	false	unreadable:descriptor-v2	-	false
e89f238f-e8fb-46c9-88e8-d4a39ed58489	--Users-vito-data-dev-others--	v0	--Users-vito-data-dev-others--/e89f238f-e8fb-46c9-88e8-d4a39ed58489/session.jsonl.zstd	679076	true	readable	417	false
e917a002-d41b-4e77-b7be-bef9ec638138	--Users-vito-data-dev-mumu--	v3	--Users-vito-data-dev-mumu--/e917a002-d41b-4e77-b7be-bef9ec638138/session.v3.jsonl.zstd	634872	true	readable	385	false
e94d41bd-f557-4f8f-92a0-854bb5f27a79	--Users-vito-data-dev-dsh-plugins--	v0	--Users-vito-data-dev-dsh-plugins--/e94d41bd-f557-4f8f-92a0-854bb5f27a79/session.jsonl.zstd	559466	false	unreadable:descriptor-v2	-	false
e9640382-219a-4a39-a716-30f854461418	--Users-vito-data-dev-mumu--	v3	--Users-vito-data-dev-mumu--/e9640382-219a-4a39-a716-30f854461418/session.v3.jsonl.zstd	109852	true	readable	52	false
e9ddf3dc-f0cb-423d-9bc1-4d8b61bae43d	--Users-vito-data-dev-dsh-plugins--	v0	--Users-vito-data-dev-dsh-plugins--/e9ddf3dc-f0cb-423d-9bc1-4d8b61bae43d/session.jsonl.zstd	25173	false	unreadable:descriptor-v2	-	false
e9e94e84-6e4f-47ac-8453-cf4bf3f1145d	--Users-vito-data-dev-mumu--	v3	--Users-vito-data-dev-mumu--/e9e94e84-6e4f-47ac-8453-cf4bf3f1145d/session.v3.jsonl.zstd	296237	true	readable	209	false
e9f2035b-788f-40ce-947f-d78503981661	--Users-vito-data-dev-mumu--	v3	--Users-vito-data-dev-mumu--/e9f2035b-788f-40ce-947f-d78503981661/session.v3.jsonl.zstd	297269	true	readable	205	false
e9f7fec9-9849-4197-b171-bb6103c88671	--Users-vito-data-dev-dsh-plugins--	v3	--Users-vito-data-dev-dsh-plugins--/e9f7fec9-9849-4197-b171-bb6103c88671/session.v3.jsonl.zstd	208718	true	readable	116	false
ea00ff39-9c66-4332-b587-457c29371f62	--Users-vito-data-dev-mumu--	v3	--Users-vito-data-dev-mumu--/ea00ff39-9c66-4332-b587-457c29371f62/session.v3.jsonl.zstd	98446	true	readable	55	false
ebb3888d-cc50-4c47-8858-9e4b08cf72c7	--Users-vito-data-dev-mumu--	v3	--Users-vito-data-dev-mumu--/ebb3888d-cc50-4c47-8858-9e4b08cf72c7/session.v3.jsonl.zstd	415060	true	readable	241	false
ebc31151-f9fc-4121-b04f-675698cab033	--Users-vito-data-dev-device-sim--	v0	--Users-vito-data-dev-device-sim--/ebc31151-f9fc-4121-b04f-675698cab033/session.jsonl.zstd	3920756	false	unreadable:other	-	false
ebceac49-6b12-4ec9-912e-e9d8f79f3588	--Users-vito-data-dev-mumu--	v3	--Users-vito-data-dev-mumu--/ebceac49-6b12-4ec9-912e-e9d8f79f3588/session.v3.jsonl.zstd	38145	true	readable	28	false
ebfca50a-2233-4e77-9f2f-9a9bf14bb912	--Users-vito-data-dev-dsh-relay--	v0	--Users-vito-data-dev-dsh-relay--/ebfca50a-2233-4e77-9f2f-9a9bf14bb912/session.jsonl.zstd	3850	true	readable	5	false
ec513d09-8a6b-4d30-ba4d-df58fbde93be	--Users-vito-data-dev-mumu--	v3	--Users-vito-data-dev-mumu--/ec513d09-8a6b-4d30-ba4d-df58fbde93be/session.v3.jsonl.zstd	40861	true	readable	28	false
eddacb20-4224-4688-a896-ae2f10b46d95	--Users-vito-data-dev-mumu--	v3	--Users-vito-data-dev-mumu--/eddacb20-4224-4688-a896-ae2f10b46d95/session.v3.jsonl.zstd	248460	true	readable	100	false
ee7bfbd0-970a-4db4-91d9-7caa5ee2d90c	--Users-vito-data-dev-mumu--	v3	--Users-vito-data-dev-mumu--/ee7bfbd0-970a-4db4-91d9-7caa5ee2d90c/session.v3.jsonl.zstd	1138172	true	readable	188	false
eea9bd15-85c8-4acd-a04c-d055dea20d91	--Users-vito-data-dev-mumu--	v3	--Users-vito-data-dev-mumu--/eea9bd15-85c8-4acd-a04c-d055dea20d91/session.v3.jsonl.zstd	41168	true	readable	28	false
ef1deb1a-4a72-4f61-930e-d488dfcbae81	--Users-vito-data-dev-mumu--	v3	--Users-vito-data-dev-mumu--/ef1deb1a-4a72-4f61-930e-d488dfcbae81/session.v3.jsonl.zstd	49387	true	readable	28	false
efc39262-2033-42d2-9e23-cc282cfd34b2	--Users-vito-data-dev-mumu--	v3	--Users-vito-data-dev-mumu--/efc39262-2033-42d2-9e23-cc282cfd34b2/session.v3.jsonl.zstd	103706	true	readable	40	false
f058c284-a695-4925-b467-484cd0b8abfb	--Users-vito-data-dev-others--	v0	--Users-vito-data-dev-others--/f058c284-a695-4925-b467-484cd0b8abfb/session.jsonl.zstd	6027	true	readable	5	false
f0b23931-3c69-4bb9-a74e-50873e2da689	--Users-vito-data-dev-mumu--	v3	--Users-vito-data-dev-mumu--/f0b23931-3c69-4bb9-a74e-50873e2da689/session.v3.jsonl.zstd	60996	true	readable	19	false
f12323f1-0892-4acc-88b8-f3caab80863f	--Users-vito-data-dev-dsh-tui--	v0	--Users-vito-data-dev-dsh-tui--/f12323f1-0892-4acc-88b8-f3caab80863f/session.jsonl.zstd	17211	true	readable	22	false
f1c26c91-c517-4634-bd4b-62518218d381	--Users-vito-data-dev-dsh-relay--	v0	--Users-vito-data-dev-dsh-relay--/f1c26c91-c517-4634-bd4b-62518218d381/session.jsonl.zstd	621909	false	unreadable:descriptor-v2	-	false
f27e72a0-1945-4239-a754-b76615048add	--Users-vito-data-dev-device-sim--	v0	--Users-vito-data-dev-device-sim--/f27e72a0-1945-4239-a754-b76615048add/session.jsonl.zstd	2699466	false	unreadable:other	-	false
f2a4959e-bfd5-4487-baa7-e1dd660754d0	--Users-vito-data-dev-mumu--	v3	--Users-vito-data-dev-mumu--/f2a4959e-bfd5-4487-baa7-e1dd660754d0/session.v3.jsonl.zstd	44238	true	readable	31	false
f2cc78df-e4bb-49e7-85cf-bd4a7cd81d77	--Users-vito-data-dev-mumu--	v3	--Users-vito-data-dev-mumu--/f2cc78df-e4bb-49e7-85cf-bd4a7cd81d77/session.v3.jsonl.zstd	460253	true	readable	180	false
f2d62d0e-b975-4aaa-9533-e18e6cd495c4	--Users-vito-data-dev-mumu--	v3	--Users-vito-data-dev-mumu--/f2d62d0e-b975-4aaa-9533-e18e6cd495c4/session.v3.jsonl.zstd	475967	true	readable	191	false
f31680a0-323d-4d41-bef7-f193305dc9d0	--Users-vito-data-dev-mumu--	v3	--Users-vito-data-dev-mumu--/f31680a0-323d-4d41-bef7-f193305dc9d0/session.v3.jsonl.zstd	287641	true	readable	127	false
f31c7dab-c627-454e-b7c8-bb39f82bcb56	--Users-vito-data-dev-mumu--	v3	--Users-vito-data-dev-mumu--/f31c7dab-c627-454e-b7c8-bb39f82bcb56/session.v3.jsonl.zstd	40477	true	readable	28	false
f321b338-1752-4b42-a89f-d51f9fb0533d	--Users-vito-data-dev-device-sim--	v0	--Users-vito-data-dev-device-sim--/f321b338-1752-4b42-a89f-d51f9fb0533d/session.jsonl.zstd	3973	true	readable	5	false
f42cf5f8-58c9-43f3-8cdf-15ea626cc407	--Users-vito-data-dev-others--	v3	--Users-vito-data-dev-others--/f42cf5f8-58c9-43f3-8cdf-15ea626cc407/session.v3.jsonl.zstd	226057	true	readable	229	false
f43b3956-eb00-4f1a-9bc5-ce97f6f98610	--Users-vito-data-dev-dsh-plugins--	v3	--Users-vito-data-dev-dsh-plugins--/f43b3956-eb00-4f1a-9bc5-ce97f6f98610/session.v3.jsonl.zstd	35197	true	readable	27	false
f447774f-135f-40e8-b880-9a2aed457737	--Users-vito-data-dev-dsh-plugins--	v3	--Users-vito-data-dev-dsh-plugins--/f447774f-135f-40e8-b880-9a2aed457737/session.v3.jsonl.zstd	178102	true	readable	130	false
f481ad47-1c8e-4e2f-a2bd-fbc5d89cb61f	--Users-vito-data-dev-mumu--	v3	--Users-vito-data-dev-mumu--/f481ad47-1c8e-4e2f-a2bd-fbc5d89cb61f/session.v3.jsonl.zstd	529813	true	readable	203	false
f4b31c1e-68c3-4430-b752-af03837da8e2	--Users-vito-data-dev-mumu--	v3	--Users-vito-data-dev-mumu--/f4b31c1e-68c3-4430-b752-af03837da8e2/session.v3.jsonl.zstd	39517	true	readable	28	false
f53d0de8-5f47-4b38-93c7-72e111d3975c	--Users-vito-data-dev-mumu--	v3	--Users-vito-data-dev-mumu--/f53d0de8-5f47-4b38-93c7-72e111d3975c/session.v3.jsonl.zstd	356972	true	readable	123	false
f5593a50-3745-493a-b6bc-3ea883be5330	--Users-vito-data-dev-mumu--	v3	--Users-vito-data-dev-mumu--/f5593a50-3745-493a-b6bc-3ea883be5330/session.v3.jsonl.zstd	535151	true	readable	197	false
f5e0ccaa-4765-4ce9-aab7-85002556539e	--Users-vito-data-dev-others--	v0	--Users-vito-data-dev-others--/f5e0ccaa-4765-4ce9-aab7-85002556539e/session.jsonl.zstd	3407	true	readable	5	false
f7615c6b-fd97-462e-9996-b50a47a0d63b	--Users-vito-data-dev-mumu--	v3	--Users-vito-data-dev-mumu--/f7615c6b-fd97-462e-9996-b50a47a0d63b/session.v3.jsonl.zstd	36756	true	readable	28	false
f7839e7c-439b-4af1-bf59-e76ad92e1e68	--Users-vito-data-dev-mumu--	v3	--Users-vito-data-dev-mumu--/f7839e7c-439b-4af1-bf59-e76ad92e1e68/session.v3.jsonl.zstd	645646	true	readable	160	false
f7e0fa4a-897a-4da1-943c-50c9a17b961f	--Users-vito-data-dev-mumu--	v3	--Users-vito-data-dev-mumu--/f7e0fa4a-897a-4da1-943c-50c9a17b961f/session.v3.jsonl.zstd	43114	true	readable	28	false
f806f7cd-9a00-436f-b1a8-e7cd51ab016a	--Users-vito-data-dev-mumu--	v3	--Users-vito-data-dev-mumu--/f806f7cd-9a00-436f-b1a8-e7cd51ab016a/session.v3.jsonl.zstd	363871	true	readable	160	false
f8b8f0e8-71e1-4dce-9ca9-c3d6e3a041f5	--Users-vito-data-dev-mumu--	v3	--Users-vito-data-dev-mumu--/f8b8f0e8-71e1-4dce-9ca9-c3d6e3a041f5/session.v3.jsonl.zstd	46327	true	readable	28	false
f927e209-7d8e-4063-a578-4bbd762e4308	--Users-vito-data-dev-dsh-plugins--	v0	--Users-vito-data-dev-dsh-plugins--/f927e209-7d8e-4063-a578-4bbd762e4308/session.jsonl.zstd	803394	false	unreadable:descriptor-v2	-	false
f98bf8ec-9162-489e-a39a-f53d9d3c4e1e	--Users-vito-data-dev-mumu--	v3	--Users-vito-data-dev-mumu--/f98bf8ec-9162-489e-a39a-f53d9d3c4e1e/session.v3.jsonl.zstd	61297	true	readable	37	false
f99bd198-7cac-46aa-be2d-b726e2143bdc	--Users-vito-data-dev-others--	v0	--Users-vito-data-dev-others--/f99bd198-7cac-46aa-be2d-b726e2143bdc/session.jsonl.zstd	3244	true	readable	4	false
f9edfd2c-351d-45c3-b69e-b8f6dd91abfa	--Users-vito-data-dev-dsh-tui--	v0	--Users-vito-data-dev-dsh-tui--/f9edfd2c-351d-45c3-b69e-b8f6dd91abfa/session.jsonl.zstd	3569	true	readable	5	false
fa20502b-e05d-474d-b7f4-4630f8c0e38a	--Users-vito-data-dev-mumu--	v3	--Users-vito-data-dev-mumu--/fa20502b-e05d-474d-b7f4-4630f8c0e38a/session.v3.jsonl.zstd	13173	true	readable	34	false
fa9864f2-6c59-404e-a2ee-9393183bdb0f	--Users-vito-data-dev-mumu--	v3	--Users-vito-data-dev-mumu--/fa9864f2-6c59-404e-a2ee-9393183bdb0f/session.v3.jsonl.zstd	164063	true	readable	120	false
fad27be9-4b8a-4dcd-93c3-ebbb45fdcec0	--Users-vito-data-dev-mumu--	v3	--Users-vito-data-dev-mumu--/fad27be9-4b8a-4dcd-93c3-ebbb45fdcec0/session.v3.jsonl.zstd	79287	true	readable	40	false
fb698fcf-57eb-45c2-af1c-73e7508b1897	--Users-vito-data-dev-dsh-plugins--	v0	--Users-vito-data-dev-dsh-plugins--/fb698fcf-57eb-45c2-af1c-73e7508b1897/session.jsonl.zstd	376735	false	unreadable:descriptor-v2	-	false
fb784176-52f6-438e-86f6-120bc3c17256	--Users-vito-data-dev-mumu--	v3	--Users-vito-data-dev-mumu--/fb784176-52f6-438e-86f6-120bc3c17256/session.v3.jsonl.zstd	190908	true	readable	52	false
fbade5c1-facd-4f39-9055-b72dd64e1c88	--Users-vito-data-dev-others--	v0	--Users-vito-data-dev-others--/fbade5c1-facd-4f39-9055-b72dd64e1c88/session.jsonl.zstd	3630	true	readable	5	false
fbb33252-32b2-4852-bc1c-432babb3f9d3	--Users-vito-data-dev-dsh-plugins--	v0	--Users-vito-data-dev-dsh-plugins--/fbb33252-32b2-4852-bc1c-432babb3f9d3/session.jsonl.zstd	1825	true	readable	5	false
fbd66346-78b7-491a-a8c1-3ebfdf598cc8	--Users-vito-data-dev-dsh-tui--	v0	--Users-vito-data-dev-dsh-tui--/fbd66346-78b7-491a-a8c1-3ebfdf598cc8/session.jsonl.zstd	3400	true	readable	5	false
fbf273b4-5b5a-4557-8ace-256ca554c3b3	--Users-vito-data-dev-dsh-tui--	v0	--Users-vito-data-dev-dsh-tui--/fbf273b4-5b5a-4557-8ace-256ca554c3b3/session.jsonl.zstd	3701	true	readable	5	false
fc017bf0-069f-49b6-b92e-123484410586	--Users-vito-data-dev-mumu--	v3	--Users-vito-data-dev-mumu--/fc017bf0-069f-49b6-b92e-123484410586/session.v3.jsonl.zstd	41558	true	readable	28	false
fc6b7be8-3c5f-4339-83a9-9cca093001c7	--Users-vito-data-dev-mumu--	v3	--Users-vito-data-dev-mumu--/fc6b7be8-3c5f-4339-83a9-9cca093001c7/session.v3.jsonl.zstd	86815	true	readable	40	false
fc82dbcf-08be-4e28-9385-abb2419f848c	--Users-vito-data-dev-mumu--	v3	--Users-vito-data-dev-mumu--/fc82dbcf-08be-4e28-9385-abb2419f848c/session.v3.jsonl.zstd	168866	true	readable	96	false
fc95ce51-4f65-446a-9626-44f4e863c616	--Users-vito-data-dev-dsh-relay--	v0	--Users-vito-data-dev-dsh-relay--/fc95ce51-4f65-446a-9626-44f4e863c616/session.jsonl.zstd	3177	true	readable	5	false
fd33eb59-3c76-45f9-9460-5b412f573de9	--Users-vito-data-dev-mumu--	v3	--Users-vito-data-dev-mumu--/fd33eb59-3c76-45f9-9460-5b412f573de9/session.v3.jsonl.zstd	13160	true	readable	34	false
fdd07572-72bf-46da-be66-30a8b45d6c65	--Users-vito-data-dev-others--	v0	--Users-vito-data-dev-others--/fdd07572-72bf-46da-be66-30a8b45d6c65/session.jsonl.zstd	116563	false	unreadable:descriptor-v2	-	false
fdfe320e-e9f2-4aa8-b9de-a680a73fe53a	--Users-vito-data-dev-others--	v0	--Users-vito-data-dev-others--/fdfe320e-e9f2-4aa8-b9de-a680a73fe53a/session.jsonl.zstd	1259229	true	readable	584	false
fe7ec9fe-3d19-4c71-a357-205e54e463b2	--Users-vito-data-dev-mumu--	v3	--Users-vito-data-dev-mumu--/fe7ec9fe-3d19-4c71-a357-205e54e463b2/session.v3.jsonl.zstd	231571	true	readable	145	false
fe924c76-ee2f-4ac8-bf37-bbbfbf671e41	--Users-vito-data-dev-mumu--	v3	--Users-vito-data-dev-mumu--/fe924c76-ee2f-4ac8-bf37-bbbfbf671e41/session.v3.jsonl.zstd	609188	true	readable	210	false
fe9bd398-f8d9-4361-b818-d380440cbb7c	--Users-vito-data-dev-dsh-plugins--	v0	--Users-vito-data-dev-dsh-plugins--/fe9bd398-f8d9-4361-b818-d380440cbb7c/session.jsonl.zstd	3681	true	readable	5	false
fece10de-a365-4e48-b5fe-2f41e430bcc8	--Users-vito-data-dev-mumu--	v3	--Users-vito-data-dev-mumu--/fece10de-a365-4e48-b5fe-2f41e430bcc8/session.v3.jsonl.zstd	450163	true	readable	240	false
fed3a8f5-5753-4887-b857-d7584434c909	--Users-vito-data-dev-mumu--	v3	--Users-vito-data-dev-mumu--/fed3a8f5-5753-4887-b857-d7584434c909/session.v3.jsonl.zstd	202093	true	readable	157	false
ff4492dc-3904-4931-8eff-02a99ac81d3f	--Users-vito-data-dev-dsh-plugins--	v0	--Users-vito-data-dev-dsh-plugins--/ff4492dc-3904-4931-8eff-02a99ac81d3f/session.jsonl.zstd	940945	false	unreadable:descriptor-v2	-	false
ff47d00c-df23-4598-9f15-33298635fce1	--Users-vito-data-dev-mumu--	v3	--Users-vito-data-dev-mumu--/ff47d00c-df23-4598-9f15-33298635fce1/session.v3.jsonl.zstd	225144	true	readable	171	false
ff8dd1cb-8e3f-4d55-95d6-6a508aa0923f	--Users-vito-data-dev-others--	v0	--Users-vito-data-dev-others--/ff8dd1cb-8e3f-4d55-95d6-6a508aa0923f/session.jsonl.zstd	412490	false	unreadable:descriptor-v2	-	false
ff9f03b2-1efa-4189-95ec-833970f61862	--Users-vito-data-dev-mumu--	v3	--Users-vito-data-dev-mumu--/ff9f03b2-1efa-4189-95ec-833970f61862/session.v3.jsonl.zstd	102625	true	readable	55	false
mac-dev-default	--Users-vito-data-dev-dsh-plugins--	v0	--Users-vito-data-dev-dsh-plugins--/mac-dev-default/session.jsonl.zstd	358	true	readable	4	false
session-00d3598d-2540-4ae7-84a1-6b089ab5c779	--Users-vito-data-dev-dsh-plugins--	v0	--Users-vito-data-dev-dsh-plugins--/session-00d3598d-2540-4ae7-84a1-6b089ab5c779/session.jsonl.zstd	3428	true	readable	4	false
session-00f68804-ef05-47e4-ab2f-73b2b66e1bf1	--Users-vito-data-dev-mumu--	v3	--Users-vito-data-dev-mumu--/session-00f68804-ef05-47e4-ab2f-73b2b66e1bf1/session.v3.jsonl.zstd	912354	true	readable	857	true
session-01d30eae-f464-40d0-b937-b0677368ba8b	--Users-vito-data-dev-dsh-plugins--	v0	--Users-vito-data-dev-dsh-plugins--/session-01d30eae-f464-40d0-b937-b0677368ba8b/session.jsonl.zstd	1953347	true	readable	921	false
session-01ee1db2-b8cb-4752-8308-846261e948e7	--Users-vito-.dsh-relay-mirrors--	v0	--Users-vito-.dsh-relay-mirrors--/session-01ee1db2-b8cb-4752-8308-846261e948e7/session.jsonl.zstd	576	true	readable	9	false
session-01f33197-847b-4b51-8d90-470325551eb2	--Users-vito-data-dev-others--	v3	--Users-vito-data-dev-others--/session-01f33197-847b-4b51-8d90-470325551eb2/session.v3.jsonl.zstd	1774848	true	readable	1396	false
session-0235f290-63f8-4568-91c7-c590b8825c64	--Users-vito-data-dev-mumu--	v3	--Users-vito-data-dev-mumu--/session-0235f290-63f8-4568-91c7-c590b8825c64/session.v3.jsonl.zstd	1148683	true	readable	1072	false
session-02def51a-27bc-4a99-8302-59470978ef79	--Users-vito-data-dev-dsh-relay--	v0	--Users-vito-data-dev-dsh-relay--/session-02def51a-27bc-4a99-8302-59470978ef79/session.jsonl.zstd	474	true	readable	5	false
session-03778e07-1652-4c31-b067-0c07b8e08209	--Users-vito-data-dev-others--	v3	--Users-vito-data-dev-others--/session-03778e07-1652-4c31-b067-0c07b8e08209/session.v3.jsonl.zstd	1027425	true	readable	455	false
session-03af9003-f1e5-45e8-bd18-39cb862ccbba	--Users-vito-.dsh-relay-mirrors--	v0	--Users-vito-.dsh-relay-mirrors--/session-03af9003-f1e5-45e8-bd18-39cb862ccbba/session.jsonl.zstd	54680	false	unreadable:other	-	false
session-04b11029-51b9-4ee7-b051-a0f3e4fc5eb4	--Users-vito-data-dev-dsh-plugins--	v0	--Users-vito-data-dev-dsh-plugins--/session-04b11029-51b9-4ee7-b051-a0f3e4fc5eb4/session.jsonl.zstd	2054	true	readable	4	false
session-04b4ae4e-c5b3-4472-b07b-f89c25950f95	--Users-vito-.dsh-relay-mirrors--	v0	--Users-vito-.dsh-relay-mirrors--/session-04b4ae4e-c5b3-4472-b07b-f89c25950f95/session.jsonl.zstd	320	true	readable	3	false
session-04d38176-4de7-4a31-8d1e-c3050e35a1cf	--Users-vito-data-dev-others--	v0	--Users-vito-data-dev-others--/session-04d38176-4de7-4a31-8d1e-c3050e35a1cf/session.jsonl.zstd	473	true	readable	5	false
session-04ef390c-2405-4062-aa34-ed4df13bca02	--Users-vito-.dsh-relay-mirrors--	v0	--Users-vito-.dsh-relay-mirrors--/session-04ef390c-2405-4062-aa34-ed4df13bca02/session.jsonl.zstd	152594	false	unreadable:other	-	false
session-05945b34-1062-4cb4-82ab-1bf7258ee40a	--Users-vito-data-dev-others--	v0	--Users-vito-data-dev-others--/session-05945b34-1062-4cb4-82ab-1bf7258ee40a/session.jsonl.zstd	470	true	readable	5	false
session-0603940c-2609-4ab6-b4b3-1e103998e669	--Users-vito-data-dev-mumu--	v3	--Users-vito-data-dev-mumu--/session-0603940c-2609-4ab6-b4b3-1e103998e669/session.v3.jsonl.zstd	1140424	true	readable	1184	false
session-0635b798-7c96-4845-8e2c-926faf23d7ac	--Users-vito-data-dev-dsh-relay--	v0	--Users-vito-data-dev-dsh-relay--/session-0635b798-7c96-4845-8e2c-926faf23d7ac/session.jsonl.zstd	475	true	readable	5	false
session-06524b14-a2fc-4309-ae4e-14a5ab573f00	--Users-vito-data-dev-dsh-plugins--	v0	--Users-vito-data-dev-dsh-plugins--/session-06524b14-a2fc-4309-ae4e-14a5ab573f00/session.jsonl.zstd	2074	true	readable	4	false
session-0686d1f1-9d2c-4636-b543-3cf63811f4fb	--Users-vito-data-dev-others--	v0	--Users-vito-data-dev-others--/session-0686d1f1-9d2c-4636-b543-3cf63811f4fb/session.jsonl.zstd	468	true	readable	5	false
session-06a0d724-c2f0-4278-9c21-fd9affdecd2a	--Users-vito-data-dev-others--	v0	--Users-vito-data-dev-others--/session-06a0d724-c2f0-4278-9c21-fd9affdecd2a/session.jsonl.zstd	128909	true	readable	156	false
session-06baaa08-42d6-4dfa-aa3e-219ef5f88e87	--Users-vito-data-dev-others--	v0	--Users-vito-data-dev-others--/session-06baaa08-42d6-4dfa-aa3e-219ef5f88e87/session.jsonl.zstd	3890	true	readable	5	false
session-07985ad1-2f25-4c7b-b511-74a39882fa99	--Users-vito-data-dev-dsh-plugins--	v0	--Users-vito-data-dev-dsh-plugins--/session-07985ad1-2f25-4c7b-b511-74a39882fa99/session.jsonl.zstd	2069	true	readable	5	false
session-07e4f59c-d6f0-49c8-82d6-97d35e758e08	--Users-vito-.dsh-relay-mirrors--	v0	--Users-vito-.dsh-relay-mirrors--/session-07e4f59c-d6f0-49c8-82d6-97d35e758e08/session.jsonl.zstd	150089	false	unreadable:other	-	false
session-0854dfe2-837f-4d85-a0b9-a7de0c8381fa	--Users-vito-data-dev-others--	v0	--Users-vito-data-dev-others--/session-0854dfe2-837f-4d85-a0b9-a7de0c8381fa/session.jsonl.zstd	2382	true	readable	4	false
session-08acc050-c38d-4d9b-b121-cbc836f1d126	--Users-vito-.dsh-relay-mirrors--	v0	--Users-vito-.dsh-relay-mirrors--/session-08acc050-c38d-4d9b-b121-cbc836f1d126/session.jsonl.zstd	240488	false	unreadable:other	-	false
session-0a6b4304-4d65-41a9-a0ef-8921cf0f2b38	--Users-vito-data-dev-dsh-plugins--	v0	--Users-vito-data-dev-dsh-plugins--/session-0a6b4304-4d65-41a9-a0ef-8921cf0f2b38/session.jsonl.zstd	7990	true	readable	11	false
session-0ac05ba9-5ac3-4004-b743-537b66308426	--Users-vito-data-dev-dsh-plugins--	v0	--Users-vito-data-dev-dsh-plugins--/session-0ac05ba9-5ac3-4004-b743-537b66308426/session.jsonl.zstd	3957	true	readable	5	false
session-0b32369d-c275-4fab-9456-7933cd1a28dc	--Users-vito-data-dev-dsh-plugins--	v0	--Users-vito-data-dev-dsh-plugins--/session-0b32369d-c275-4fab-9456-7933cd1a28dc/session.jsonl.zstd	4094	true	readable	5	false
session-0b460ee2-1c8a-4d22-87f1-59f800beead5	--Users-vito-data-dev-others--	v3	--Users-vito-data-dev-others--/session-0b460ee2-1c8a-4d22-87f1-59f800beead5/session.v3.jsonl.zstd	2446	true	readable	5	false
session-0b738737-8194-4688-b276-28e44d07356f	--Users-vito-data-dev-mumu--	v3	--Users-vito-data-dev-mumu--/session-0b738737-8194-4688-b276-28e44d07356f/session.v3.jsonl.zstd	836662	true	readable	657	false
session-0b822f0f-5524-4454-abfd-50fd39fda290	--Users-vito-data-dev-others--	v0	--Users-vito-data-dev-others--/session-0b822f0f-5524-4454-abfd-50fd39fda290/session.jsonl.zstd	1432651	true	readable	787	false
session-0bb23e1f-4071-4b20-8e1f-0f9468a0429c	--Users-vito-data-dev-dsh-endless--	v0	--Users-vito-data-dev-dsh-endless--/session-0bb23e1f-4071-4b20-8e1f-0f9468a0429c/session.jsonl.zstd	7357	true	readable	20	false
session-0c9d5be2-944a-4978-b839-2eeff639198b	--Users-vito-data-dev-endless-dsh--	v0	--Users-vito-data-dev-endless-dsh--/session-0c9d5be2-944a-4978-b839-2eeff639198b/session.jsonl.zstd	3728	true	readable	4	false
session-0ce69145-932c-4c30-bf7d-f00687e72636	--Users-vito-.dsh-relay-mirrors--	v0	--Users-vito-.dsh-relay-mirrors--/session-0ce69145-932c-4c30-bf7d-f00687e72636/session.jsonl.zstd	1460	false	unreadable:other	-	false
session-0d3987af-7c25-41fa-9370-d8abb870da53	--Users-vito-.dsh-relay-mirrors--	v0	--Users-vito-.dsh-relay-mirrors--/session-0d3987af-7c25-41fa-9370-d8abb870da53/session.jsonl.zstd	152004	false	unreadable:other	-	false
session-0da132a7-efbd-487c-91f9-e962a19bd575	--Users-vito-data-dev-mumu--	v3	--Users-vito-data-dev-mumu--/session-0da132a7-efbd-487c-91f9-e962a19bd575/session.v3.jsonl.zstd	1315541	true	readable	1090	false
session-0de2d227-13bc-4050-8da6-da1d75c621c3	--Users-vito-data-dev-dsh-plugins--	v0	--Users-vito-data-dev-dsh-plugins--/session-0de2d227-13bc-4050-8da6-da1d75c621c3/session.jsonl.zstd	2194	true	readable	4	false
session-0e0f0bee-6b70-4ce7-8735-9b7332340c2e	--Users-vito-data-dev-dsh-plugins--	v0	--Users-vito-data-dev-dsh-plugins--/session-0e0f0bee-6b70-4ce7-8735-9b7332340c2e/session.jsonl.zstd	1929	true	readable	4	false
session-0e2f67c6-a4b1-4a3d-b3e6-6b0ed5dfbf20	--Users-vito-data-dev-dsh-relay--	v0	--Users-vito-data-dev-dsh-relay--/session-0e2f67c6-a4b1-4a3d-b3e6-6b0ed5dfbf20/session.jsonl.zstd	2410	true	readable	5	false
session-0e51e568-50f3-4327-b2e8-bffdb9ebc923	--Users-vito-.dsh-relay-mirrors--	v0	--Users-vito-.dsh-relay-mirrors--/session-0e51e568-50f3-4327-b2e8-bffdb9ebc923/session.jsonl.zstd	11511	false	unreadable:other	-	false
session-0e9ee499-8cf7-4c22-9394-feb62ac1598d	--Users-vito-data-dev-endless-dsh--	v0	--Users-vito-data-dev-endless-dsh--/session-0e9ee499-8cf7-4c22-9394-feb62ac1598d/session.jsonl.zstd	3966	true	readable	5	false
session-0f7aeff6-a1e1-4144-8034-7b623515fc6f	--Users-vito-data-dev-others--	v0	--Users-vito-data-dev-others--/session-0f7aeff6-a1e1-4144-8034-7b623515fc6f/session.jsonl.zstd	354461	true	readable	425	false
session-0fc1612b-1a92-47d0-abad-0548c092a7ff	--Users-vito-.dsh-relay-mirrors--	v0	--Users-vito-.dsh-relay-mirrors--/session-0fc1612b-1a92-47d0-abad-0548c092a7ff/session.jsonl.zstd	322	true	readable	3	false
session-1	--Users-vito-data-dev-others--	v0	--Users-vito-data-dev-others--/session-1/session.jsonl.zstd	2143	true	readable	5	false
session-10f0cd88-c1a5-4ed0-914e-05d51295cc73	--Users-vito-.dsh-relay-mirrors--	v0	--Users-vito-.dsh-relay-mirrors--/session-10f0cd88-c1a5-4ed0-914e-05d51295cc73/session.jsonl.zstd	468	true	readable	6	false
session-11886cd5-31cd-44d9-8657-47c219cee746	--Users-vito-data-dev-dsh-plugins--	v0	--Users-vito-data-dev-dsh-plugins--/session-11886cd5-31cd-44d9-8657-47c219cee746/session.jsonl.zstd	2206	true	readable	5	false
session-12d0a263-f91a-4ebc-bd65-ca9bd462219f	--Users-vito-.dsh-relay-mirrors--	v0	--Users-vito-.dsh-relay-mirrors--/session-12d0a263-f91a-4ebc-bd65-ca9bd462219f/session.jsonl.zstd	85225	false	unreadable:other	-	false
session-12d50ddd-2df7-44ee-a63f-a299092e4263	--Users-vito-data-dev-others--	v0	--Users-vito-data-dev-others--/session-12d50ddd-2df7-44ee-a63f-a299092e4263/session.jsonl.zstd	473	true	readable	5	false
session-13004cff-099a-4100-b78b-21bf6b2cf7bd	--Users-vito-.dsh-relay-mirrors--	v0	--Users-vito-.dsh-relay-mirrors--/session-13004cff-099a-4100-b78b-21bf6b2cf7bd/session.jsonl.zstd	623	true	readable	7	false
session-13370fde-53c3-4ea7-ba0c-28ff5d066aa4	--Users-vito-data-dev-dsh-plugins--	v0	--Users-vito-data-dev-dsh-plugins--/session-13370fde-53c3-4ea7-ba0c-28ff5d066aa4/session.jsonl.zstd	2461	true	readable	5	false
session-13480f35-ad2e-466a-9a8c-9577bf88b6b2	--Users-vito-.dsh-relay-mirrors--	v0	--Users-vito-.dsh-relay-mirrors--/session-13480f35-ad2e-466a-9a8c-9577bf88b6b2/session.jsonl.zstd	323	true	readable	3	false
session-135d3c47-acb0-476c-b218-f160237a9ffd	--Users-vito-data-dev-mumu--	v3	--Users-vito-data-dev-mumu--/session-135d3c47-acb0-476c-b218-f160237a9ffd/session.v3.jsonl.zstd	1619849	true	readable	1371	false
session-13a7ab4d-3861-487c-8763-83e22a2115f7	--Users-vito-data-dev-dsh-plugins--	v0	--Users-vito-data-dev-dsh-plugins--/session-13a7ab4d-3861-487c-8763-83e22a2115f7/session.jsonl.zstd	2592	true	readable	5	false
session-13b73345-5da7-4e46-befa-508b5cb3edea	--Users-vito-.dsh-relay-mirrors--	v0	--Users-vito-.dsh-relay-mirrors--/session-13b73345-5da7-4e46-befa-508b5cb3edea/session.jsonl.zstd	13112	false	unreadable:other	-	false
session-13d6d87a-4675-4383-883b-d77ddbc3f971	--Users-vito-.dsh-relay-mirrors--	v0	--Users-vito-.dsh-relay-mirrors--/session-13d6d87a-4675-4383-883b-d77ddbc3f971/session.jsonl.zstd	317	true	readable	3	false
session-13d73bba-cb88-4f3e-87f5-11bc7c6030fa	--Users-vito-data-dev-dsh-plugins--	v0	--Users-vito-data-dev-dsh-plugins--/session-13d73bba-cb88-4f3e-87f5-11bc7c6030fa/session.jsonl.zstd	2208	true	readable	5	false
session-151fb6ab-3b45-458a-a872-33ad83b7081c	--Users-vito-data-dev-dsh-endless--	v0	--Users-vito-data-dev-dsh-endless--/session-151fb6ab-3b45-458a-a872-33ad83b7081c/session.jsonl.zstd	7294	true	readable	20	false
session-152137c4-d925-49ec-b3b3-a4f4053d5afc	--Users-vito-.dsh-relay-mirrors--	v0	--Users-vito-.dsh-relay-mirrors--/session-152137c4-d925-49ec-b3b3-a4f4053d5afc/session.jsonl.zstd	497	true	readable	5	false
session-15bc0a75-01b8-4df6-ba5d-b5356c6cccbd	--private-tmp-dsh-tui-depcheck--	v0	--private-tmp-dsh-tui-depcheck--/session-15bc0a75-01b8-4df6-ba5d-b5356c6cccbd/session.jsonl.zstd	12566	true	readable	20	false
session-15fb0ea9-d45b-40dc-8ad0-f95a7948be3c	--Users-vito-data-dev-mumu--	v3	--Users-vito-data-dev-mumu--/session-15fb0ea9-d45b-40dc-8ad0-f95a7948be3c/session.v3.jsonl.zstd	3059772	true	readable	2524	false
session-15fd071e-149c-4704-bbc4-f50a4fea258c	--Users-vito-.dsh-relay-mirrors--	v0	--Users-vito-.dsh-relay-mirrors--/session-15fd071e-149c-4704-bbc4-f50a4fea258c/session.jsonl.zstd	317	true	readable	3	false
session-165f4f76-c60f-44ee-962d-3085f53ace33	--Users-vito-data-dev-mumu--	v3	--Users-vito-data-dev-mumu--/session-165f4f76-c60f-44ee-962d-3085f53ace33/session.v3.jsonl.zstd	2807359	true	readable	2992	false
session-16a193a1-a155-4671-af58-4f69102adedb	--Users-vito-data-dev-dsh-relay--	v0	--Users-vito-data-dev-dsh-relay--/session-16a193a1-a155-4671-af58-4f69102adedb/session.jsonl.zstd	471	true	readable	5	false
session-170b6da7-dec4-406a-b02a-06b4a284b138	--Users-vito-.dsh-relay-mirrors--	v0	--Users-vito-.dsh-relay-mirrors--/session-170b6da7-dec4-406a-b02a-06b4a284b138/session.jsonl.zstd	159890	false	unreadable:other	-	false
session-17dd20ae-5d12-444b-942c-ca376b2800ec	--Users-vito-data-dev-others--	v0	--Users-vito-data-dev-others--/session-17dd20ae-5d12-444b-942c-ca376b2800ec/session.jsonl.zstd	470	true	readable	5	false
session-18a12a15-05f6-402c-a12a-0638acd1cc58	--Users-vito-data-dev-others--	v0	--Users-vito-data-dev-others--/session-18a12a15-05f6-402c-a12a-0638acd1cc58/session.jsonl.zstd	2519	true	readable	5	false
session-18dc4651-141b-47c9-9c9c-02f26215d866	--Users-vito-data-dev-others--	v0	--Users-vito-data-dev-others--/session-18dc4651-141b-47c9-9c9c-02f26215d866/session.jsonl.zstd	3660515	true	readable	1581	false
session-18edf89d-2f04-48cc-a74d-94f17c94a5d1	--private-tmp-dsh-tui-depcheck--	v0	--private-tmp-dsh-tui-depcheck--/session-18edf89d-2f04-48cc-a74d-94f17c94a5d1/session.jsonl.zstd	295	true	readable	3	false
session-1902d4ac-aa65-4ade-a6bd-c58e299a3f8f	--Users-vito-data-dev-dsh-plugins--	v0	--Users-vito-data-dev-dsh-plugins--/session-1902d4ac-aa65-4ade-a6bd-c58e299a3f8f/session.jsonl.zstd	2482	true	readable	7	false
session-19835a47-1825-44e2-b387-2014ae1fd40d	--private-tmp-dsh-tui-depcheck--	v0	--private-tmp-dsh-tui-depcheck--/session-19835a47-1825-44e2-b387-2014ae1fd40d/session.jsonl.zstd	297	true	readable	3	false
session-1992728f-66b0-4da9-b718-d79fd6ae89c6	--Users-vito-.dsh-relay-mirrors--	v0	--Users-vito-.dsh-relay-mirrors--/session-1992728f-66b0-4da9-b718-d79fd6ae89c6/session.jsonl.zstd	3582	false	unreadable:other	-	false
session-1a043886-0ed2-4da2-87cf-0dc7e96c309e	--Users-vito-data-dev-dsh-plugins--	v0	--Users-vito-data-dev-dsh-plugins--/session-1a043886-0ed2-4da2-87cf-0dc7e96c309e/session.jsonl.zstd	2209	true	readable	5	false
session-1ac157aa-f3b7-4736-9400-d583094c23b9	--Users-vito-data-dev-others--	v0	--Users-vito-data-dev-others--/session-1ac157aa-f3b7-4736-9400-d583094c23b9/session.jsonl.zstd	476886	false	unreadable:other	-	false
session-1b14bfaa-10bb-4dd6-b667-bede1b9b73c3	--private-tmp-dsh-tui-depcheck--	v0	--private-tmp-dsh-tui-depcheck--/session-1b14bfaa-10bb-4dd6-b667-bede1b9b73c3/session.jsonl.zstd	12683	true	readable	19	false
session-1b174210-8469-4de4-b968-a47fbdcaa8d7	--Users-vito-data-dev-others--	v0	--Users-vito-data-dev-others--/session-1b174210-8469-4de4-b968-a47fbdcaa8d7/session.jsonl.zstd	7000	true	readable	7	false
session-1ba525b3-61d5-4b8d-b5a8-e028c0d7a7ef	--Users-vito-.dsh-relay-mirrors--	v0	--Users-vito-.dsh-relay-mirrors--/session-1ba525b3-61d5-4b8d-b5a8-e028c0d7a7ef/session.jsonl.zstd	318	true	readable	3	false
session-1c23ff8f-e3fb-4842-b882-2af23e508177	--Users-vito-data-dev-dsh-plugins--	v0	--Users-vito-data-dev-dsh-plugins--/session-1c23ff8f-e3fb-4842-b882-2af23e508177/session.jsonl.zstd	727929	true	readable	401	false
session-1c3eabab-7fc7-4783-a123-c577cba28db9	--Users-vito--	v0	--Users-vito--/session-1c3eabab-7fc7-4783-a123-c577cba28db9/session.jsonl.zstd	2073	true	readable	5	false
session-1cdb8068-d3da-4cdd-a37d-db92197c62d4	--Users-vito-data-dev-dsh-relay--	v0	--Users-vito-data-dev-dsh-relay--/session-1cdb8068-d3da-4cdd-a37d-db92197c62d4/session.jsonl.zstd	473	true	readable	5	false
session-1da9b19c-d29e-4fe2-8027-5ade9288f124	--Users-vito-.dsh-relay-mirrors--	v0	--Users-vito-.dsh-relay-mirrors--/session-1da9b19c-d29e-4fe2-8027-5ade9288f124/session.jsonl.zstd	56569	false	unreadable:other	-	false
session-1dd6a00f-1fce-4358-b624-fcf670bb00bb	--Users-vito-data-dev-dsh-plugins--	v0	--Users-vito-data-dev-dsh-plugins--/session-1dd6a00f-1fce-4358-b624-fcf670bb00bb/session.jsonl.zstd	2397	true	readable	5	false
session-1e44f584-f7bf-45b7-9679-a76788ed3437	--Users-vito-data-dev-dsh-relay--	v0	--Users-vito-data-dev-dsh-relay--/session-1e44f584-f7bf-45b7-9679-a76788ed3437/session.jsonl.zstd	474	true	readable	5	false
session-1f4696d3-cca4-45a3-9cce-01f040b6d515	--Users-vito-data-dev-others--	v0	--Users-vito-data-dev-others--/session-1f4696d3-cca4-45a3-9cce-01f040b6d515/session.jsonl.zstd	3873	true	readable	5	false
session-1fa6fc2f-651b-4df2-8132-ad208529ac5c	--Users-vito-data-dev-dsh-plugins--	v3	--Users-vito-data-dev-dsh-plugins--/session-1fa6fc2f-651b-4df2-8132-ad208529ac5c/session.v3.jsonl.zstd	15131	true	readable	32	false
session-2	--Users-vito-data-dev-device-sim--	v0	--Users-vito-data-dev-device-sim--/session-2/session.jsonl.zstd	478147	false	unreadable:other	-	false
session-212c25c4-6b9f-4583-8457-3300ca58f45f	--private-tmp-dsh-ticket06-ws3--	v3	--private-tmp-dsh-ticket06-ws3--/session-212c25c4-6b9f-4583-8457-3300ca58f45f/session.v3.jsonl.zstd	2187	true	readable	5	false
session-21520192-5264-418d-a1d6-0584fa01499f	--Users-vito-data-dev-dsh-plugins--	v0	--Users-vito-data-dev-dsh-plugins--/session-21520192-5264-418d-a1d6-0584fa01499f/session.jsonl.zstd	1929	true	readable	4	false
session-234eed86-ab5b-4882-8e46-046f92d466ed	--Users-vito-data-dev-dsh-plugins--	v0	--Users-vito-data-dev-dsh-plugins--/session-234eed86-ab5b-4882-8e46-046f92d466ed/session.jsonl.zstd	2211	true	readable	5	false
session-23535223-b201-4910-bf12-c25ac9ce5eb5	--Users-vito-.dsh-relay-mirrors--	v0	--Users-vito-.dsh-relay-mirrors--/session-23535223-b201-4910-bf12-c25ac9ce5eb5/session.jsonl.zstd	165093	false	unreadable:other	-	false
session-23e68471-db36-4237-a704-3aec2f98f9ee	--Users-vito-.dsh-sessions--	v0	--Users-vito-.dsh-sessions--/session-23e68471-db36-4237-a704-3aec2f98f9ee/session.jsonl.zstd	469	true	readable	5	false
session-23f8b342-289e-4dda-b975-600df805ce77	--Users-vito-data-dev-others--	v3	--Users-vito-data-dev-others--/session-23f8b342-289e-4dda-b975-600df805ce77/session.v3.jsonl.zstd	320200	true	readable	378	false
session-24b1bfda-f40d-4276-8896-5f8e21fe7260	--Users-vito-data-dev-mumu--	v3	--Users-vito-data-dev-mumu--/session-24b1bfda-f40d-4276-8896-5f8e21fe7260/session.v3.jsonl.zstd	643793	true	readable	600	false
session-25054cd5-ca70-4936-9202-55adeabc427a	--private-tmp-dsh-tui-depcheck--	v0	--private-tmp-dsh-tui-depcheck--/session-25054cd5-ca70-4936-9202-55adeabc427a/session.jsonl.zstd	294	true	readable	3	false
session-2584e6e1-49fb-417c-b5cd-0919144d5b38	--Users-vito-data-dev-mumu--	v3	--Users-vito-data-dev-mumu--/session-2584e6e1-49fb-417c-b5cd-0919144d5b38/session.v3.jsonl.zstd	2493	true	readable	5	false
session-260ff422-c1d5-4486-8dce-bb97c7255d3f	--Users-vito-data-dev-dsh-relay--	v0	--Users-vito-data-dev-dsh-relay--/session-260ff422-c1d5-4486-8dce-bb97c7255d3f/session.jsonl.zstd	1686971	true	readable	336	false
session-271c64b7-6e35-4dff-aedf-70e861939c4e	--Users-vito-data-dev-dsh-plugins--	v0	--Users-vito-data-dev-dsh-plugins--/session-271c64b7-6e35-4dff-aedf-70e861939c4e/session.jsonl.zstd	1932	true	readable	4	false
session-277f0214-3a65-4373-898b-466f72b87966	--Users-vito-data-dev-mumu--	v3	--Users-vito-data-dev-mumu--/session-277f0214-3a65-4373-898b-466f72b87966/session.v3.jsonl.zstd	1305802	true	readable	1384	false
session-27c638b5-fabb-4147-9f65-26861cc951b7	--Users-vito-data-dev-dsh-plugins--	v0	--Users-vito-data-dev-dsh-plugins--/session-27c638b5-fabb-4147-9f65-26861cc951b7/session.jsonl.zstd	2397	true	readable	5	false
session-27ea95f2-079a-4613-b16e-a8825b56a211	--Users-vito-data-dev-dsh-relay--	v0	--Users-vito-data-dev-dsh-relay--/session-27ea95f2-079a-4613-b16e-a8825b56a211/session.jsonl.zstd	470	true	readable	5	false
session-282ee0cc-16ca-4733-a9fa-425380af0820	--Users-vito-data-dev-mumu--	v3	--Users-vito-data-dev-mumu--/session-282ee0cc-16ca-4733-a9fa-425380af0820/session.v3.jsonl.zstd	2120884	true	readable	1469	false
session-28778f0b-e251-4eda-aeef-70df07f4edc3	--Users-vito-data-dev-dsh-relay--	v0	--Users-vito-data-dev-dsh-relay--/session-28778f0b-e251-4eda-aeef-70df07f4edc3/session.jsonl.zstd	472	true	readable	5	false
session-28797e98-032d-463b-a1c5-717afb0f4cf1	--Users-vito-data-dev-device-sim--	v0	--Users-vito-data-dev-device-sim--/session-28797e98-032d-463b-a1c5-717afb0f4cf1/session.jsonl.zstd	3558	true	readable	5	false
session-28d43d5b-af19-45fe-9d47-cd1a56761462	--Users-vito-data-dev-dsh-plugins--	v0	--Users-vito-data-dev-dsh-plugins--/session-28d43d5b-af19-45fe-9d47-cd1a56761462/session.jsonl.zstd	7780	true	readable	20	false
session-291c37fa-4974-4b6d-951b-ee86d596fb83	--Users-vito-data-dev-dsh-plugins--	v3	--Users-vito-data-dev-dsh-plugins--/session-291c37fa-4974-4b6d-951b-ee86d596fb83/session.v3.jsonl.zstd	1505257	true	readable	1403	false
session-2993a97f-46ec-4985-b2fe-74ae36bf5a01	--Users-vito-.dsh-relay-mirrors--	v0	--Users-vito-.dsh-relay-mirrors--/session-2993a97f-46ec-4985-b2fe-74ae36bf5a01/session.jsonl.zstd	495	true	readable	5	false
session-2a760bf3-3241-4a28-bcff-cba3a0849c85	--Users-vito-data-dev-dsh-endless--	v3	--Users-vito-data-dev-dsh-endless--/session-2a760bf3-3241-4a28-bcff-cba3a0849c85/session.v3.jsonl.zstd	179704	true	readable	124	false
session-2befe8e4-316e-4e4a-9795-aeb871cd15ae	--Users-vito-.dsh-relay-mirrors--	v0	--Users-vito-.dsh-relay-mirrors--/session-2befe8e4-316e-4e4a-9795-aeb871cd15ae/session.jsonl.zstd	294384	false	unreadable:other	-	false
session-2bf9dc8e-8779-4402-8c2a-d3f9a3ae34bf	--Users-vito-.dsh-relay-mirrors--	v0	--Users-vito-.dsh-relay-mirrors--/session-2bf9dc8e-8779-4402-8c2a-d3f9a3ae34bf/session.jsonl.zstd	495	true	readable	5	false
session-2c83adf6-de30-4e94-9b20-b101657008af	--private-tmp-dsh-tui-depcheck--	v0	--private-tmp-dsh-tui-depcheck--/session-2c83adf6-de30-4e94-9b20-b101657008af/session.jsonl.zstd	12135	true	readable	18	false
session-2ccf311d-db24-48ea-89c5-55aa3dac1686	--Users-vito-.dsh-relay-mirrors--	v0	--Users-vito-.dsh-relay-mirrors--/session-2ccf311d-db24-48ea-89c5-55aa3dac1686/session.jsonl.zstd	322	true	readable	3	false
session-2cddeed7-2b89-464d-8180-c241a8688e21	--Users-vito-.dsh-relay-mirrors--	v0	--Users-vito-.dsh-relay-mirrors--/session-2cddeed7-2b89-464d-8180-c241a8688e21/session.jsonl.zstd	136934	false	unreadable:other	-	false
session-2d292b6f-7eda-4692-8e20-fecb977378ec	--Users-vito-data-dev-others--	v3	--Users-vito-data-dev-others--/session-2d292b6f-7eda-4692-8e20-fecb977378ec/session.v3.jsonl.zstd	165228	true	readable	212	false
session-2d3bdb61-e3d7-4374-95cd-202363258b29	--Users-vito-data-dev-others--	v0	--Users-vito-data-dev-others--/session-2d3bdb61-e3d7-4374-95cd-202363258b29/session.jsonl.zstd	468	true	readable	5	false
session-2d52c257-4b59-46b1-8331-7f28ed06b1d5	--Users-vito-data-dev-mumu--	v3	--Users-vito-data-dev-mumu--/session-2d52c257-4b59-46b1-8331-7f28ed06b1d5/session.v3.jsonl.zstd	2493	true	readable	5	false
session-2deb7463-01a0-4e3b-b240-3a05f916a5f9	--Users-vito-.dsh-relay-mirrors--	v0	--Users-vito-.dsh-relay-mirrors--/session-2deb7463-01a0-4e3b-b240-3a05f916a5f9/session.jsonl.zstd	471	true	readable	5	false
session-2df6d819-1a15-46b6-87b2-91978d6e3c1e	--Users-vito-.dsh-relay-mirrors--	v0	--Users-vito-.dsh-relay-mirrors--/session-2df6d819-1a15-46b6-87b2-91978d6e3c1e/session.jsonl.zstd	497	true	readable	5	false
session-2e6bd52d-7863-4107-8f07-b00f2d7b6992	--Users-vito-data-dev-others--	v0	--Users-vito-data-dev-others--/session-2e6bd52d-7863-4107-8f07-b00f2d7b6992/session.jsonl.zstd	3589	true	readable	5	false
session-2eddbbd0-8954-4b1e-b33b-29ea52645982	--Users-vito-data-dev-others--	v0	--Users-vito-data-dev-others--/session-2eddbbd0-8954-4b1e-b33b-29ea52645982/session.jsonl.zstd	622	true	readable	7	false
session-2ef6742a-58a9-4551-a520-044c49aeb5a4	--Users-vito-data-dev-others--	v0	--Users-vito-data-dev-others--/session-2ef6742a-58a9-4551-a520-044c49aeb5a4/session.jsonl.zstd	467	true	readable	5	false
session-2f0c2a2b-7bcf-4fdb-a701-9d769878bb26	--Users-vito-.dsh-relay-mirrors--	v0	--Users-vito-.dsh-relay-mirrors--/session-2f0c2a2b-7bcf-4fdb-a701-9d769878bb26/session.jsonl.zstd	4080	false	unreadable:other	-	false
session-2f1d2982-8320-4ce4-a3a5-a219848105c2	--Users-vito-data-dev-accept-matt-flow--	v0	--Users-vito-data-dev-accept-matt-flow--/session-2f1d2982-8320-4ce4-a3a5-a219848105c2/session.jsonl.zstd	113398	true	readable	90	false
session-2f8528fb-74c2-4d98-b173-5d1baeca79fb	--Users-vito-.dsh-relay-mirrors--	v0	--Users-vito-.dsh-relay-mirrors--/session-2f8528fb-74c2-4d98-b173-5d1baeca79fb/session.jsonl.zstd	107835	false	unreadable:other	-	false
session-2ff87ea1-6b04-463c-a663-a0f1eaf4d9c5	--Users-vito-.dsh-relay-mirrors--	v0	--Users-vito-.dsh-relay-mirrors--/session-2ff87ea1-6b04-463c-a663-a0f1eaf4d9c5/session.jsonl.zstd	658	true	readable	9	false
session-2ff9af5d-df46-4734-9cba-86737d08bee8	--Users-vito-data-dev-others--	v3	--Users-vito-data-dev-others--/session-2ff9af5d-df46-4734-9cba-86737d08bee8/session.v3.jsonl.zstd	7772	true	readable	20	false
session-3	--Users-vito-data-dev-device-sim--	v0	--Users-vito-data-dev-device-sim--/session-3/session.jsonl.zstd	4508760	false	unreadable:other	-	false
session-30308d30-4536-4be9-8ae1-74d284527855	--Users-vito-data-dev-others--	v0	--Users-vito-data-dev-others--/session-30308d30-4536-4be9-8ae1-74d284527855/session.jsonl.zstd	3807	true	readable	4	false
session-3095a0ce-463a-49b1-8138-ca5a815f0770	--Users-vito-.dsh-relay-mirrors--	v0	--Users-vito-.dsh-relay-mirrors--/session-3095a0ce-463a-49b1-8138-ca5a815f0770/session.jsonl.zstd	318	true	readable	3	false
session-30af24ac-bd8e-4d30-b64b-6015e128a6b2	--Users-vito-.dsh-relay-mirrors--	v0	--Users-vito-.dsh-relay-mirrors--/session-30af24ac-bd8e-4d30-b64b-6015e128a6b2/session.jsonl.zstd	474	true	readable	5	false
session-30f8931f-4fbb-402a-a2ba-84926553e95d	--Users-vito-data-dev-dsh-plugins--	v0	--Users-vito-data-dev-dsh-plugins--/session-30f8931f-4fbb-402a-a2ba-84926553e95d/session.jsonl.zstd	2430	true	readable	5	false
session-310315d3-b0ae-4bbc-b1d1-aed2641294c2	--Users-vito-data-dev-dsh-plugins--	v0	--Users-vito-data-dev-dsh-plugins--/session-310315d3-b0ae-4bbc-b1d1-aed2641294c2/session.jsonl.zstd	209024	true	readable	193	false
session-316a7d72-1798-4e71-803e-06e78c7609f7	--Users-vito-data-dev-others--	v0	--Users-vito-data-dev-others--/session-316a7d72-1798-4e71-803e-06e78c7609f7/session.jsonl.zstd	3447	true	readable	4	false
session-31a5dacb-1e1e-4f03-9a5c-59ab7b52c58d	--Users-vito-.dsh-relay-mirrors--	v0	--Users-vito-.dsh-relay-mirrors--/session-31a5dacb-1e1e-4f03-9a5c-59ab7b52c58d/session.jsonl.zstd	12314	false	unreadable:other	-	false
session-3216872a-c52d-42b3-a9a7-8bd0e8ee0f1a	--Users-vito-data-dev-others--	v0	--Users-vito-data-dev-others--/session-3216872a-c52d-42b3-a9a7-8bd0e8ee0f1a/session.jsonl.zstd	6992	true	readable	7	false
session-322d9b64-2ad0-4e5b-9999-24cd03f4c5e2	--Users-vito-data-dev-accept-matt-flow--	v0	--Users-vito-data-dev-accept-matt-flow--/session-322d9b64-2ad0-4e5b-9999-24cd03f4c5e2/session.jsonl.zstd	210159	true	readable	118	false
session-32fec7a7-2fb0-4cfd-a4e7-a9c311ca2523	--Users-vito-data-dev-mumu--	v3	--Users-vito-data-dev-mumu--/session-32fec7a7-2fb0-4cfd-a4e7-a9c311ca2523/session.v3.jsonl.zstd	882875	true	readable	698	false
session-3302baba-6311-4eb3-9652-c3f07ef6d16c	--Users-vito-data-dev-others--	v0	--Users-vito-data-dev-others--/session-3302baba-6311-4eb3-9652-c3f07ef6d16c/session.jsonl.zstd	5941861	true	readable	2586	false
session-362a23b6-1afe-476c-9c2a-8e08d9331549	--Users-vito-data-dev-dsh-relay--	v0	--Users-vito-data-dev-dsh-relay--/session-362a23b6-1afe-476c-9c2a-8e08d9331549/session.jsonl.zstd	316552	false	unreadable:other	-	false
session-3630c696-0f0d-4e25-992b-6a674f8b52c2	--Users-vito-.dsh-relay-mirrors--	v0	--Users-vito-.dsh-relay-mirrors--/session-3630c696-0f0d-4e25-992b-6a674f8b52c2/session.jsonl.zstd	68838	false	unreadable:other	-	false
session-364c53b2-031e-482a-bd03-a0625685d8d7	--Users-vito-.dsh-relay-mirrors--	v0	--Users-vito-.dsh-relay-mirrors--/session-364c53b2-031e-482a-bd03-a0625685d8d7/session.jsonl.zstd	493	true	readable	5	false
session-366d6221-8b0d-4f41-aed5-260302ca058d	--Users-vito-data-dev-others--	v0	--Users-vito-data-dev-others--/session-366d6221-8b0d-4f41-aed5-260302ca058d/session.jsonl.zstd	255090	true	readable	212	false
session-3670ce01-413a-4888-b717-b47eece72355	--Users-vito-.dsh-relay-mirrors--	v0	--Users-vito-.dsh-relay-mirrors--/session-3670ce01-413a-4888-b717-b47eece72355/session.jsonl.zstd	468	true	readable	5	false
session-3690b4e5-160f-4243-a053-ebd8756661f9	--Users-vito-.dsh-relay-mirrors--	v0	--Users-vito-.dsh-relay-mirrors--/session-3690b4e5-160f-4243-a053-ebd8756661f9/session.jsonl.zstd	7074	false	unreadable:other	-	false
session-36e3a9c5-1e8d-44ae-9b26-654f24cd425a	--Users-vito-data-dev-endless-dsh--	v0	--Users-vito-data-dev-endless-dsh--/session-36e3a9c5-1e8d-44ae-9b26-654f24cd425a/session.jsonl.zstd	14469347	false	unreadable:other	-	false
session-37c5e4a3-7bab-47e1-b7fd-5ef2223edcd5	--Users-vito-data-dev-others--	v0	--Users-vito-data-dev-others--/session-37c5e4a3-7bab-47e1-b7fd-5ef2223edcd5/session.jsonl.zstd	467	true	readable	5	false
session-383c6667-710b-49e8-981b-187bacd6affd	--Users-vito-data-dev-device-sim--	v0	--Users-vito-data-dev-device-sim--/session-383c6667-710b-49e8-981b-187bacd6affd/session.jsonl.zstd	1961	true	readable	4	false
session-387fcef4-11b2-4300-acdc-f41ffa477ee6	--Users-vito-data-dev-mumu--	v3	--Users-vito-data-dev-mumu--/session-387fcef4-11b2-4300-acdc-f41ffa477ee6/session.v3.jsonl.zstd	2566	true	readable	5	false
session-397c8fbf-6b14-4491-8b98-9f043df18712	--Users-vito-data-dev-mumu--	v3	--Users-vito-data-dev-mumu--/session-397c8fbf-6b14-4491-8b98-9f043df18712/session.v3.jsonl.zstd	1384612	true	readable	1158	false
session-39d47d50-cce3-4a0e-b20b-26d4dbeddef0	--Users-vito-data-dev-others--	v3	--Users-vito-data-dev-others--/session-39d47d50-cce3-4a0e-b20b-26d4dbeddef0/session.v3.jsonl.zstd	2352	true	readable	5	false
session-3a682613-9945-49aa-9b62-9f334f489cee	--Users-vito-data-dev-dsh-plugins--	v0	--Users-vito-data-dev-dsh-plugins--/session-3a682613-9945-49aa-9b62-9f334f489cee/session.jsonl.zstd	1174200	true	readable	603	false
session-3a76d78d-1621-4d53-9ce2-2475f618c895	--Users-vito-data-dev-dsh-relay--	v0	--Users-vito-data-dev-dsh-relay--/session-3a76d78d-1621-4d53-9ce2-2475f618c895/session.jsonl.zstd	2407	true	readable	5	false
session-3ac6a6ae-9a19-44d3-8899-c016e216c772	--Users-vito-data-dev-device-sim--	v0	--Users-vito-data-dev-device-sim--/session-3ac6a6ae-9a19-44d3-8899-c016e216c772/session.jsonl.zstd	395541	false	unreadable:other	-	false
session-3ae71769-4410-4e0d-873c-96c9a4bc5497	--Users-vito-data-dev-dsh-plugins--	v0	--Users-vito-data-dev-dsh-plugins--/session-3ae71769-4410-4e0d-873c-96c9a4bc5497/session.jsonl.zstd	3823	true	readable	4	false
session-3b15c409-0fdd-43cf-b099-d9ba2744b803	--Users-vito-data-dev-dsh-relay--	v0	--Users-vito-data-dev-dsh-relay--/session-3b15c409-0fdd-43cf-b099-d9ba2744b803/session.jsonl.zstd	320	true	readable	3	false
session-3b83d25e-dd83-446e-9b6c-4d9e2fef328c	--Users-vito-data-dev-aimesh3.0--	v3	--Users-vito-data-dev-aimesh3.0--/session-3b83d25e-dd83-446e-9b6c-4d9e2fef328c/session.v3.jsonl.zstd	438858	true	readable	217	false
session-3c6237b4-4dd3-40dd-8102-89a920d911a8	--Users-vito-data-dev-dsh-plugins--	v0	--Users-vito-data-dev-dsh-plugins--/session-3c6237b4-4dd3-40dd-8102-89a920d911a8/session.jsonl.zstd	1377234	true	readable	843	false
session-3c77cc75-5c1e-410a-b74f-1297660ae89b	--Users-vito-data-dev-others--	v0	--Users-vito-data-dev-others--/session-3c77cc75-5c1e-410a-b74f-1297660ae89b/session.jsonl.zstd	2462	true	readable	5	false
session-3c787487-7875-4106-9db8-3ae1adf90b78	--Users-vito-data-dev-dsh-endless--	v0	--Users-vito-data-dev-dsh-endless--/session-3c787487-7875-4106-9db8-3ae1adf90b78/session.jsonl.zstd	2293	true	readable	4	false
session-3c8fc6c1-58a2-4834-adf4-43819540af0f	--Users-vito-data-dev-dsh-plugins--	v0	--Users-vito-data-dev-dsh-plugins--/session-3c8fc6c1-58a2-4834-adf4-43819540af0f/session.jsonl.zstd	1911631	true	readable	1109	false
session-3d236229-e056-41aa-b688-73893823ced3	--Users-vito-data-dev-others--	v0	--Users-vito-data-dev-others--/session-3d236229-e056-41aa-b688-73893823ced3/session.jsonl.zstd	3894	true	readable	5	false
session-3d32cadb-b666-428e-a7cc-63995c061297	--Users-vito-data-dev-dsh-plugins--	v0	--Users-vito-data-dev-dsh-plugins--/session-3d32cadb-b666-428e-a7cc-63995c061297/session.jsonl.zstd	2292	true	readable	4	false
session-3e25d2b3-0040-4185-b0be-ae3e8d09b7f4	--Users-vito-data-dev-dsh-plugins--	v0	--Users-vito-data-dev-dsh-plugins--/session-3e25d2b3-0040-4185-b0be-ae3e8d09b7f4/session.jsonl.zstd	4077	true	readable	7	false
session-3e57e965-a4b4-4d1f-9f06-082ec1a8e251	--Users-vito-data-dev-dsh-relay--	v0	--Users-vito-data-dev-dsh-relay--/session-3e57e965-a4b4-4d1f-9f06-082ec1a8e251/session.jsonl.zstd	473	true	readable	5	false
session-3f349b2d-42ad-4bac-803a-01a942de7ab9	--Users-vito-data-dev-dsh-plugins--	v0	--Users-vito-data-dev-dsh-plugins--/session-3f349b2d-42ad-4bac-803a-01a942de7ab9/session.jsonl.zstd	3840	true	readable	4	false
session-3f99aad7-4423-4330-9cfc-98cf619990c1	--Users-vito-data-dev-dsh-relay--	v0	--Users-vito-data-dev-dsh-relay--/session-3f99aad7-4423-4330-9cfc-98cf619990c1/session.jsonl.zstd	431494	true	readable	211	false
session-4	--Users-vito-data-dev-device-sim--	v0	--Users-vito-data-dev-device-sim--/session-4/session.jsonl.zstd	2695675	false	unreadable:other	-	false
session-4164f421-2134-4a47-84e7-4ae757cfbad2	--Users-vito-.dsh-relay-mirrors--	v0	--Users-vito-.dsh-relay-mirrors--/session-4164f421-2134-4a47-84e7-4ae757cfbad2/session.jsonl.zstd	206465	false	unreadable:other	-	false
session-41e90a9a-a804-48ad-9f05-64580189286e	--Users-vito-data-dev-others--	v0	--Users-vito-data-dev-others--/session-41e90a9a-a804-48ad-9f05-64580189286e/session.jsonl.zstd	468	true	readable	5	false
session-43452d88-e7be-4081-a0c1-c840cb5d7adc	--Users-vito-.dsh-relay-mirrors--	v0	--Users-vito-.dsh-relay-mirrors--/session-43452d88-e7be-4081-a0c1-c840cb5d7adc/session.jsonl.zstd	625	true	readable	7	false
session-44682193-75bd-45e9-9dda-388bd9a88500	--Users-vito-data-dev-mumu--	v3	--Users-vito-data-dev-mumu--/session-44682193-75bd-45e9-9dda-388bd9a88500/session.v3.jsonl.zstd	570312	true	readable	615	false
session-448f6107-b663-4d07-9e9e-d9aaba6f9283	--Users-vito-.dsh-relay-mirrors--	v0	--Users-vito-.dsh-relay-mirrors--/session-448f6107-b663-4d07-9e9e-d9aaba6f9283/session.jsonl.zstd	623	true	readable	7	false
session-4533e03a-112c-4a58-b0ec-e2bc5b7945e8	--Users-vito-data-dev-others--	v0	--Users-vito-data-dev-others--/session-4533e03a-112c-4a58-b0ec-e2bc5b7945e8/session.jsonl.zstd	3585	true	readable	5	false
session-461bbb1e-d8a0-4d94-803a-b186e0c64f9e	--Users-vito-data-dev-dsh-plugins--	v3	--Users-vito-data-dev-dsh-plugins--/session-461bbb1e-d8a0-4d94-803a-b186e0c64f9e/session.v3.jsonl.zstd	2883	true	readable	13	false
session-4691ee6d-362a-45d1-90c2-4f667fd7bdee	--Users-vito-.dsh-relay-mirrors--	v0	--Users-vito-.dsh-relay-mirrors--/session-4691ee6d-362a-45d1-90c2-4f667fd7bdee/session.jsonl.zstd	830	true	readable	9	false
session-46a24a6f-c91a-4f41-a85f-6d5463875896	--Users-vito-data-dev-mumu--	v3	--Users-vito-data-dev-mumu--/session-46a24a6f-c91a-4f41-a85f-6d5463875896/session.v3.jsonl.zstd	870878	true	readable	739	false
session-4778a1b9-b06d-4060-bc4b-2b19b5782bc4	--Users-vito-.dsh-relay-mirrors--	v0	--Users-vito-.dsh-relay-mirrors--/session-4778a1b9-b06d-4060-bc4b-2b19b5782bc4/session.jsonl.zstd	133698	false	unreadable:other	-	false
session-485c46ea-527d-4499-b1ac-faa3350c7660	--Users-vito-.dsh-relay-mirrors--	v0	--Users-vito-.dsh-relay-mirrors--/session-485c46ea-527d-4499-b1ac-faa3350c7660/session.jsonl.zstd	6517	false	unreadable:other	-	false
session-48e859a6-a7ce-4899-aeb1-b8bde20e30b7	--Users-vito-data-dev-dsh-plugins--	v0	--Users-vito-data-dev-dsh-plugins--/session-48e859a6-a7ce-4899-aeb1-b8bde20e30b7/session.jsonl.zstd	2290	true	readable	4	false
session-48f7e1b4-c233-4cad-9532-3d56517aa2b9	--Users-vito-data-dev-others--	v3	--Users-vito-data-dev-others--/session-48f7e1b4-c233-4cad-9532-3d56517aa2b9/session.v3.jsonl.zstd	694777	true	readable	1412	false
session-49ece592-47ff-4fa1-8e53-77030ac62e40	--Users-vito-data-dev-dsh-relay--	v0	--Users-vito-data-dev-dsh-relay--/session-49ece592-47ff-4fa1-8e53-77030ac62e40/session.jsonl.zstd	470	true	readable	5	false
session-4ac740fa-47e2-41db-b8d3-1b791b237a7f	--Users-vito-data-dev-dsh-plugins--	v0	--Users-vito-data-dev-dsh-plugins--/session-4ac740fa-47e2-41db-b8d3-1b791b237a7f/session.jsonl.zstd	2073	true	readable	4	false
session-4b65bec5-660b-4d59-a824-87b7601ad556	--Users-vito-data-dev-others--	v0	--Users-vito-data-dev-others--/session-4b65bec5-660b-4d59-a824-87b7601ad556/session.jsonl.zstd	471	true	readable	5	false
session-4bb752bc-49b9-4e33-9fd7-b3cc28a005a7	--Users-vito-data-dev-mumu--	v3	--Users-vito-data-dev-mumu--/session-4bb752bc-49b9-4e33-9fd7-b3cc28a005a7/session.v3.jsonl.zstd	991761	true	readable	742	false
session-4bc2ae71-6e85-45ce-b258-d442f2149532	--Users-vito-data-dev-others--	v0	--Users-vito-data-dev-others--/session-4bc2ae71-6e85-45ce-b258-d442f2149532/session.jsonl.zstd	467	true	readable	5	false
session-4c0f29e7-a869-4f79-ac34-5c99db9be2cb	--Users-vito-data-dev-others--	v0	--Users-vito-data-dev-others--/session-4c0f29e7-a869-4f79-ac34-5c99db9be2cb/session.jsonl.zstd	3595	true	readable	5	false
session-4c66af75-ff66-4311-9451-445c8ee3b7f5	--private-tmp-dsh-ticket06-ws3--	v3	--private-tmp-dsh-ticket06-ws3--/session-4c66af75-ff66-4311-9451-445c8ee3b7f5/session.v3.jsonl.zstd	43802	true	readable	65	false
session-4c8694ba-0412-4b5e-bb8e-92f4e085f29f	--Users-vito-data-dev-dsh-plugins--	v3	--Users-vito-data-dev-dsh-plugins--/session-4c8694ba-0412-4b5e-bb8e-92f4e085f29f/session.v3.jsonl.zstd	2225	true	readable	5	false
session-4ca99180-bff4-4565-b36d-fb9394fa08ff	--Users-vito-.dsh-relay-mirrors--	v0	--Users-vito-.dsh-relay-mirrors--/session-4ca99180-bff4-4565-b36d-fb9394fa08ff/session.jsonl.zstd	737526	false	unreadable:other	-	false
session-4cd6cff8-1d57-4b6d-b4b0-2e387081b425	--Users-vito-data-dev-others--	v0	--Users-vito-data-dev-others--/session-4cd6cff8-1d57-4b6d-b4b0-2e387081b425/session.jsonl.zstd	15953	true	readable	22	false
session-4de4e14c-d441-4da3-83af-65328bc2b64e	--Users-vito-.dsh-relay-mirrors--	v0	--Users-vito-.dsh-relay-mirrors--/session-4de4e14c-d441-4da3-83af-65328bc2b64e/session.jsonl.zstd	623	true	readable	7	false
session-4e73ead6-aeb9-42d1-8a8e-515b5af11fda	--Users-vito-.dsh-relay-mirrors--	v0	--Users-vito-.dsh-relay-mirrors--/session-4e73ead6-aeb9-42d1-8a8e-515b5af11fda/session.jsonl.zstd	162100	false	unreadable:other	-	false
session-4e82ff6f-8c3d-4e07-9c6e-458c46aa342d	--Users-vito-data-dev-dsh-plugins--	v0	--Users-vito-data-dev-dsh-plugins--/session-4e82ff6f-8c3d-4e07-9c6e-458c46aa342d/session.jsonl.zstd	1004867	true	readable	578	false
session-4ec493e7-ff5c-4bc3-9872-22b8c799fc55	--Users-vito-data-dev-others--	v0	--Users-vito-data-dev-others--/session-4ec493e7-ff5c-4bc3-9872-22b8c799fc55/session.jsonl.zstd	255616	true	readable	227	false
session-4eecf98c-ccc1-42dd-822a-3a96199aa62c	--Users-vito-data-dev-dsh-plugins--	v3	--Users-vito-data-dev-dsh-plugins--/session-4eecf98c-ccc1-42dd-822a-3a96199aa62c/session.v3.jsonl.zstd	1761148	true	readable	1171	true
session-5	--Users-vito-data-dev-device-sim--	v0	--Users-vito-data-dev-device-sim--/session-5/session.jsonl.zstd	2695737	false	unreadable:other	-	false
session-50a209e0-885f-4f93-8fce-5611d17a256c	--Users-vito-.dsh-relay-mirrors--	v0	--Users-vito-.dsh-relay-mirrors--/session-50a209e0-885f-4f93-8fce-5611d17a256c/session.jsonl.zstd	502	true	readable	5	false
session-50cd3602-e8b2-474d-8fa3-c2cf7fee9859	--Users-vito-data-dev-dsh-relay--	v0	--Users-vito-data-dev-dsh-relay--/session-50cd3602-e8b2-474d-8fa3-c2cf7fee9859/session.jsonl.zstd	337214	true	readable	250	false
session-5135e8c3-65b3-4a6d-8962-52bb6c71a22c	--Users-vito-.dsh-relay-mirrors--	v0	--Users-vito-.dsh-relay-mirrors--/session-5135e8c3-65b3-4a6d-8962-52bb6c71a22c/session.jsonl.zstd	504	true	readable	5	false
session-51ad0d9d-3469-429f-bdb2-6131005e4349	--Users-vito-.dsh-relay-mirrors--	v0	--Users-vito-.dsh-relay-mirrors--/session-51ad0d9d-3469-429f-bdb2-6131005e4349/session.jsonl.zstd	473	true	readable	6	false
session-51d7c1c4-dfd1-429f-8d24-136c4f168884	--Users-vito-data-dev-others--	v0	--Users-vito-data-dev-others--/session-51d7c1c4-dfd1-429f-8d24-136c4f168884/session.jsonl.zstd	3805	true	readable	4	false
session-5217cc59-cf9a-4268-84e3-e3098f13bad1	--Users-vito-data-dev-others--	v0	--Users-vito-data-dev-others--/session-5217cc59-cf9a-4268-84e3-e3098f13bad1/session.jsonl.zstd	468	true	readable	5	false
session-52204158-8a93-46fe-b3c7-b5d1ba546537	--Users-vito-data-dev-mumu--	v3	--Users-vito-data-dev-mumu--/session-52204158-8a93-46fe-b3c7-b5d1ba546537/session.v3.jsonl.zstd	906360	true	readable	469	false
session-52a4ac2c-dd4e-48f7-8582-0ad25429f633	--Users-vito-data-dev-mumu--	v3	--Users-vito-data-dev-mumu--/session-52a4ac2c-dd4e-48f7-8582-0ad25429f633/session.v3.jsonl.zstd	2421140	true	readable	2006	false
session-52abea74-c2e2-4c27-b3ca-bd72ac82406b	--Users-vito-.dsh-relay-mirrors--	v0	--Users-vito-.dsh-relay-mirrors--/session-52abea74-c2e2-4c27-b3ca-bd72ac82406b/session.jsonl.zstd	162531	false	unreadable:other	-	false
session-52afaa72-2011-4deb-b66f-6a3f5327a15c	--Users-vito-data-dev-dsh-plugins--	v0	--Users-vito-data-dev-dsh-plugins--/session-52afaa72-2011-4deb-b66f-6a3f5327a15c/session.jsonl.zstd	2459	true	readable	4	false
session-52ff5cf6-0495-4910-be45-c43ddc4cfd2b	--Users-vito-data-dev-endless-dsh--	v0	--Users-vito-data-dev-endless-dsh--/session-52ff5cf6-0495-4910-be45-c43ddc4cfd2b/session.jsonl.zstd	1946181	true	readable	1815	false
session-532a7a7a-8f04-4b07-acf4-d9b783b9d81b	--Users-vito-data-dev-dsh-plugins--	v0	--Users-vito-data-dev-dsh-plugins--/session-532a7a7a-8f04-4b07-acf4-d9b783b9d81b/session.jsonl.zstd	3427	true	readable	4	false
session-5354c33a-3a18-4a1b-a873-5a99aff15380	--Users-vito-data-dev-others--	v3	--Users-vito-data-dev-others--/session-5354c33a-3a18-4a1b-a873-5a99aff15380/session.v3.jsonl.zstd	2426	true	readable	6	false
session-535e7bf6-175d-42dc-be3e-38afbf24ba2d	--Users-vito-data-dev-others--	v3	--Users-vito-data-dev-others--/session-535e7bf6-175d-42dc-be3e-38afbf24ba2d/session.v3.jsonl.zstd	68902	true	readable	66	false
session-53b13519-9350-4a0c-aa3d-6da0ef1dc930	--Users-vito-data-dev-dsh-plugins--	v0	--Users-vito-data-dev-dsh-plugins--/session-53b13519-9350-4a0c-aa3d-6da0ef1dc930/session.jsonl.zstd	3188	true	readable	5	false
session-53d2e5c0-4a6d-45b5-a35a-cb5a45069576	--Users-vito-data-dev-others--	v0	--Users-vito-data-dev-others--/session-53d2e5c0-4a6d-45b5-a35a-cb5a45069576/session.jsonl.zstd	3650	true	readable	5	false
session-5467dcc6-7d5f-41fe-a35e-c7a51f018465	--Users-vito-data-dev-dsh-plugins--	v0	--Users-vito-data-dev-dsh-plugins--/session-5467dcc6-7d5f-41fe-a35e-c7a51f018465/session.jsonl.zstd	2333	true	readable	5	false
session-54a63231-5dd0-471b-825d-093182c635e3	--Users-vito-data-dev-dsh-plugins--	v0	--Users-vito-data-dev-dsh-plugins--/session-54a63231-5dd0-471b-825d-093182c635e3/session.jsonl.zstd	2071	true	readable	4	false
session-54ed2f1f-31d6-4dff-9a8e-3b1de0ddde0b	--Users-vito-data-dev-mumu--	v3	--Users-vito-data-dev-mumu--/session-54ed2f1f-31d6-4dff-9a8e-3b1de0ddde0b/session.v3.jsonl.zstd	352205	true	readable	188	false
session-54f5f04d-775f-48ff-ae27-9274b7512bbf	--Users-vito-data-dev-device-sim--	v0	--Users-vito-data-dev-device-sim--/session-54f5f04d-775f-48ff-ae27-9274b7512bbf/session.jsonl.zstd	2542	true	readable	5	false
session-5504a7fb-87b1-4c4c-8d85-6d2d280ae28e	--Users-vito-data-dev-others--	v0	--Users-vito-data-dev-others--/session-5504a7fb-87b1-4c4c-8d85-6d2d280ae28e/session.jsonl.zstd	468	true	readable	5	false
session-55087d72-089d-4581-8906-293fb31cfb2b	--Users-vito-data-dev-mumu--	v3	--Users-vito-data-dev-mumu--/session-55087d72-089d-4581-8906-293fb31cfb2b/session.v3.jsonl.zstd	1564975	true	readable	1247	false
session-55b52039-65a5-40fe-ab03-ec7316b9ef1b	--Users-vito-data-dev-others--	v0	--Users-vito-data-dev-others--/session-55b52039-65a5-40fe-ab03-ec7316b9ef1b/session.jsonl.zstd	470	true	readable	5	false
session-56050234-0723-405e-9395-026ca0349d35	--Users-vito-data-dev-dsh-relay--	v0	--Users-vito-data-dev-dsh-relay--/session-56050234-0723-405e-9395-026ca0349d35/session.jsonl.zstd	319	true	readable	3	false
session-5627aa24-6d91-4595-ad39-b44cb85e7047	--Users-vito-.dsh-relay-mirrors--	v0	--Users-vito-.dsh-relay-mirrors--/session-5627aa24-6d91-4595-ad39-b44cb85e7047/session.jsonl.zstd	474	true	readable	5	false
session-5639c717-999f-4b7d-8616-34750da4d343	--Users-vito-.dsh-relay-mirrors--	v0	--Users-vito-.dsh-relay-mirrors--/session-5639c717-999f-4b7d-8616-34750da4d343/session.jsonl.zstd	322	true	readable	3	false
session-56a3a127-a6d6-4575-b382-7da89bfd3e99	--Users-vito-data-dev-dsh-endless--	v0	--Users-vito-data-dev-dsh-endless--/session-56a3a127-a6d6-4575-b382-7da89bfd3e99/session.jsonl.zstd	1787300	true	readable	945	false
session-56d64e6a-0308-4b36-abd5-ca06b2dce355	--Users-vito-.dsh-relay-mirrors--	v0	--Users-vito-.dsh-relay-mirrors--/session-56d64e6a-0308-4b36-abd5-ca06b2dce355/session.jsonl.zstd	168127	false	unreadable:other	-	false
session-570b4fb1-3164-4be1-b896-09b50e90ba19	--Users-vito-.dsh-relay-mirrors--	v0	--Users-vito-.dsh-relay-mirrors--/session-570b4fb1-3164-4be1-b896-09b50e90ba19/session.jsonl.zstd	153302	false	unreadable:other	-	false
session-57bb7a39-8a7a-4582-8a29-9320e529071b	--Users-vito-.dsh-relay-mirrors--	v0	--Users-vito-.dsh-relay-mirrors--/session-57bb7a39-8a7a-4582-8a29-9320e529071b/session.jsonl.zstd	9137	false	unreadable:other	-	false
session-5816c0de-4ebe-401c-ac25-6af12ef413dc	--Users-vito-data-dev-dsh-plugins--	v0	--Users-vito-data-dev-dsh-plugins--/session-5816c0de-4ebe-401c-ac25-6af12ef413dc/session.jsonl.zstd	3961	true	readable	4	false
session-583a5762-e46e-47d1-b877-95d0231c58d6	--Users-vito-data-dev-dsh-plugins--	v0	--Users-vito-data-dev-dsh-plugins--/session-583a5762-e46e-47d1-b877-95d0231c58d6/session.jsonl.zstd	33536	true	readable	34	false
session-58d510b4-837e-4872-b6c1-00dd2fa11a07	--Users-vito-data-dev-dsh-plugins--	v0	--Users-vito-data-dev-dsh-plugins--/session-58d510b4-837e-4872-b6c1-00dd2fa11a07/session.jsonl.zstd	13211267	true	readable	15828	false
session-59340c5c-f54f-4b0a-a973-af78828c0278	--Users-vito-data-dev-mumu--	v3	--Users-vito-data-dev-mumu--/session-59340c5c-f54f-4b0a-a973-af78828c0278/session.v3.jsonl.zstd	1665611	true	readable	1320	false
session-5964343b-b1ab-4006-8c57-9207d8b1d599	--Users-vito-data-dev-mumu--	v3	--Users-vito-data-dev-mumu--/session-5964343b-b1ab-4006-8c57-9207d8b1d599/session.v3.jsonl.zstd	898459	true	readable	600	false
session-5968a176-e071-47eb-bb0d-ecd32632dfd9	--Users-vito-data-dev-others--	v0	--Users-vito-data-dev-others--/session-5968a176-e071-47eb-bb0d-ecd32632dfd9/session.jsonl.zstd	3634	true	readable	4	false
session-5a12b50d-3310-4070-94e6-55fb0d7add14	--Users-vito-.dsh-relay-mirrors--	v0	--Users-vito-.dsh-relay-mirrors--/session-5a12b50d-3310-4070-94e6-55fb0d7add14/session.jsonl.zstd	168212	false	unreadable:other	-	false
session-5aadb4b7-9927-44e0-926a-d9335bccd05e	--Users-vito--	v0	--Users-vito--/session-5aadb4b7-9927-44e0-926a-d9335bccd05e/session.jsonl.zstd	2073	true	readable	5	false
session-5ac05599-a37d-4001-82e0-fb93bd74366a	--Users-vito-.dsh-relay-mirrors--	v0	--Users-vito-.dsh-relay-mirrors--/session-5ac05599-a37d-4001-82e0-fb93bd74366a/session.jsonl.zstd	1011	true	readable	11	false
session-5b40495e-9899-4191-a91b-4f06f7f99b61	--Users-vito-data-dev-dsh-relay--	v0	--Users-vito-data-dev-dsh-relay--/session-5b40495e-9899-4191-a91b-4f06f7f99b61/session.jsonl.zstd	472	true	readable	5	false
session-5b75c16f-0995-4a27-bbf9-176d071e2747	--Users-vito-data-dev-dsh-plugins--	v0	--Users-vito-data-dev-dsh-plugins--/session-5b75c16f-0995-4a27-bbf9-176d071e2747/session.jsonl.zstd	1198027	true	readable	898	false
session-5bb90c26-28c2-4156-aa0f-81fc8f7bb804	--Users-vito-data-dev-dsh-relay--	v0	--Users-vito-data-dev-dsh-relay--/session-5bb90c26-28c2-4156-aa0f-81fc8f7bb804/session.jsonl.zstd	471	true	readable	5	false
session-5c15b3bb-6800-492a-b518-03771fac0aac	--Users-vito-data-dev-dsh-plugins--	v0	--Users-vito-data-dev-dsh-plugins--/session-5c15b3bb-6800-492a-b518-03771fac0aac/session.jsonl.zstd	2209	true	readable	5	false
session-5c1c2582-012b-401b-8fec-12b97a14e53a	--Users-vito-data-dev-dsh-plugins--	v0	--Users-vito-data-dev-dsh-plugins--/session-5c1c2582-012b-401b-8fec-12b97a14e53a/session.jsonl.zstd	20405	true	readable	21	false
session-5c292ed0-3908-4bf7-862c-75bcaad3f4f5	--Users-vito-.dsh-relay-mirrors--	v0	--Users-vito-.dsh-relay-mirrors--/session-5c292ed0-3908-4bf7-862c-75bcaad3f4f5/session.jsonl.zstd	217501	false	unreadable:other	-	false
session-5c4ba88f-b20d-41ea-b39a-56284c9e7b5e	--Users-vito-data-dev-dsh-plugins--	v0	--Users-vito-data-dev-dsh-plugins--/session-5c4ba88f-b20d-41ea-b39a-56284c9e7b5e/session.jsonl.zstd	3451	true	readable	4	false
session-5cb9490f-e3ef-4920-a242-440d9f72e1c6	--Users-vito-data-dev-mumu--	v3	--Users-vito-data-dev-mumu--/session-5cb9490f-e3ef-4920-a242-440d9f72e1c6/session.v3.jsonl.zstd	1620082	true	readable	1219	false
session-5d0a2539-e937-497e-8b39-836b7ae3b312	--Users-vito-data-dev-dsh-plugins--	v0	--Users-vito-data-dev-dsh-plugins--/session-5d0a2539-e937-497e-8b39-836b7ae3b312/session.jsonl.zstd	2575	true	readable	5	false
session-5d272d60-9216-4757-a377-8076e717a94b	--Users-vito-data-dev-others--	v0	--Users-vito-data-dev-others--/session-5d272d60-9216-4757-a377-8076e717a94b/session.jsonl.zstd	469	true	readable	5	false
session-5dc296eb-d034-4222-90b6-80ad6c852aba	--Users-vito-data-dev-dsh-endless--	v3	--Users-vito-data-dev-dsh-endless--/session-5dc296eb-d034-4222-90b6-80ad6c852aba/session.v3.jsonl.zstd	1182891	true	readable	965	false
session-5dc2c7e8-83cf-4506-80cb-8949e23aee3a	--Users-vito-.dsh-relay-mirrors--	v0	--Users-vito-.dsh-relay-mirrors--/session-5dc2c7e8-83cf-4506-80cb-8949e23aee3a/session.jsonl.zstd	493	true	readable	5	false
session-5dd222e4-71a7-412e-bb3d-0cd25a567afa	--Users-vito-data-dev-others--	v0	--Users-vito-data-dev-others--/session-5dd222e4-71a7-412e-bb3d-0cd25a567afa/session.jsonl.zstd	468	true	readable	5	false
session-5e29e7fe-49a3-410e-af9c-eba40fe875d0	--Users-vito-data-dev-others--	v0	--Users-vito-data-dev-others--/session-5e29e7fe-49a3-410e-af9c-eba40fe875d0/session.jsonl.zstd	621	true	readable	7	false
session-5ed34c7b-11d6-451c-b7fa-052968695968	--private-tmp-dsh-ticket06-ws3--	v3	--private-tmp-dsh-ticket06-ws3--/session-5ed34c7b-11d6-451c-b7fa-052968695968/session.v3.jsonl.zstd	27308	true	readable	38	false
session-6	--Users-vito-data-dev-device-sim--	v0	--Users-vito-data-dev-device-sim--/session-6/session.jsonl.zstd	2695796	false	unreadable:other	-	false
session-602861dc-f7ee-4e18-872c-2e8c92aef94a	--Users-vito-data-dev-others--	v3	--Users-vito-data-dev-others--/session-602861dc-f7ee-4e18-872c-2e8c92aef94a/session.v3.jsonl.zstd	587020	true	readable	666	false
session-608156d1-1136-43a5-8b0a-c3729453cf00	--Users-vito-data-dev-mumu--	v3	--Users-vito-data-dev-mumu--/session-608156d1-1136-43a5-8b0a-c3729453cf00/session.v3.jsonl.zstd	1245999	true	readable	794	false
session-60afb87b-3d6c-443a-a0f7-8ec47eac6106	--Users-vito-.dsh-relay-mirrors--	v0	--Users-vito-.dsh-relay-mirrors--/session-60afb87b-3d6c-443a-a0f7-8ec47eac6106/session.jsonl.zstd	1806	false	unreadable:other	-	false
session-60ed0fed-1257-46a4-933b-4b70af3d71f1	--Users-vito-data-dev-others--	v0	--Users-vito-data-dev-others--/session-60ed0fed-1257-46a4-933b-4b70af3d71f1/session.jsonl.zstd	466	true	readable	5	false
session-62797120-990a-4f49-8694-45014f8a9aba	--private-tmp-dsh-tui-depcheck--	v0	--private-tmp-dsh-tui-depcheck--/session-62797120-990a-4f49-8694-45014f8a9aba/session.jsonl.zstd	14458	true	readable	24	false
session-62afa294-9da3-47a6-ba4c-b6582c7b47e3	--Users-vito-data-dev-others--	v0	--Users-vito-data-dev-others--/session-62afa294-9da3-47a6-ba4c-b6582c7b47e3/session.jsonl.zstd	330967	true	readable	253	false
session-63474dc8-99c0-488b-be86-c3d4003b6478	--Users-vito-data-dev-dsh-plugins--	v0	--Users-vito-data-dev-dsh-plugins--/session-63474dc8-99c0-488b-be86-c3d4003b6478/session.jsonl.zstd	2291	true	readable	5	false
session-635da9c3-ea06-401d-bdda-d6f49c01f12a	--Users-vito-data-dev-others--	v0	--Users-vito-data-dev-others--/session-635da9c3-ea06-401d-bdda-d6f49c01f12a/session.jsonl.zstd	470	true	readable	5	false
session-638f4bdf-7228-499b-b9c1-8947e2b4fb2c	--Users-vito-data-dev-dsh-plugins--	v0	--Users-vito-data-dev-dsh-plugins--/session-638f4bdf-7228-499b-b9c1-8947e2b4fb2c/session.jsonl.zstd	1909385	true	readable	968	false
session-64674fa5-d3e5-49d7-88ba-6a1abff21a82	--Users-vito-data-dev-dsh-plugins--	v0	--Users-vito-data-dev-dsh-plugins--/session-64674fa5-d3e5-49d7-88ba-6a1abff21a82/session.jsonl.zstd	7866	true	readable	7	false
session-64773af8-d671-4fad-8a2f-0a75a8fbe919	--Users-vito-data-dev-mumu--	v3	--Users-vito-data-dev-mumu--/session-64773af8-d671-4fad-8a2f-0a75a8fbe919/session.v3.jsonl.zstd	2625116	true	readable	2496	false
session-647ba2ce-fb26-446c-b346-26e8c81eca27	--Users-vito-.dsh-relay-mirrors--	v0	--Users-vito-.dsh-relay-mirrors--/session-647ba2ce-fb26-446c-b346-26e8c81eca27/session.jsonl.zstd	316	true	readable	3	false
session-64b6da93-9f8a-4392-867b-0381ca095b7d	--Users-vito-data-dev-dsh-plugins--	v0	--Users-vito-data-dev-dsh-plugins--/session-64b6da93-9f8a-4392-867b-0381ca095b7d/session.jsonl.zstd	344486	true	readable	277	false
session-653ec809-7719-46b1-97fa-e141ca1202cc	--Users-vito-data-dev-others--	v3	--Users-vito-data-dev-others--/session-653ec809-7719-46b1-97fa-e141ca1202cc/session.v3.jsonl.zstd	2429	true	readable	6	false
session-65a7fefb-328b-4088-b635-658a04b4bd49	--Users-vito-.dsh-relay-mirrors--	v0	--Users-vito-.dsh-relay-mirrors--/session-65a7fefb-328b-4088-b635-658a04b4bd49/session.jsonl.zstd	627	true	readable	7	false
session-65e713ad-babd-47bd-b27a-d08b48755a7e	--private-tmp-dsh-ticket06-ws--	v3	--private-tmp-dsh-ticket06-ws--/session-65e713ad-babd-47bd-b27a-d08b48755a7e/session.v3.jsonl.zstd	104492	true	readable	156	false
session-663c2b05-01bf-49cc-b880-f52ab40094f3	--Users-vito-.dsh-relay-mirrors--	v0	--Users-vito-.dsh-relay-mirrors--/session-663c2b05-01bf-49cc-b880-f52ab40094f3/session.jsonl.zstd	472	true	readable	5	false
session-665a8414-45d7-4f4d-a73e-acb658c1df03	--Users-vito-data-dev-others--	v0	--Users-vito-data-dev-others--/session-665a8414-45d7-4f4d-a73e-acb658c1df03/session.jsonl.zstd	465	true	readable	5	false
session-669a73ef-a0da-443f-bb38-6e119c213bce	--Users-vito-data-dev-dsh-relay--	v0	--Users-vito-data-dev-dsh-relay--/session-669a73ef-a0da-443f-bb38-6e119c213bce/session.jsonl.zstd	2650	true	readable	5	false
session-66c4c76f-c872-4c2d-bdd9-64d68d960f35	--Users-vito-.dsh-relay-mirrors--	v0	--Users-vito-.dsh-relay-mirrors--/session-66c4c76f-c872-4c2d-bdd9-64d68d960f35/session.jsonl.zstd	162232	false	unreadable:other	-	false
session-671f7daf-062f-4a18-8732-fda7f70f9249	--Users-vito-data-dev-others--	v0	--Users-vito-data-dev-others--/session-671f7daf-062f-4a18-8732-fda7f70f9249/session.jsonl.zstd	467	true	readable	5	false
session-672e692e-1165-4e6a-9cf4-54d559151f4c	--Users-vito-data-dev-others--	v0	--Users-vito-data-dev-others--/session-672e692e-1165-4e6a-9cf4-54d559151f4c/session.jsonl.zstd	3878	true	readable	5	false
session-67622ebe-b8a5-498e-b23d-d5e473e2ec84	--Users-vito-data-dev-dsh-plugins--	v0	--Users-vito-data-dev-dsh-plugins--/session-67622ebe-b8a5-498e-b23d-d5e473e2ec84/session.jsonl.zstd	3078001	true	readable	1394	false
session-6846f8fa-18eb-4ce8-8f85-4b6a36b37aff	--private-tmp-dsh-ticket06-ws3--	v3	--private-tmp-dsh-ticket06-ws3--/session-6846f8fa-18eb-4ce8-8f85-4b6a36b37aff/session.v3.jsonl.zstd	47594	true	readable	68	false
session-687e16f8-75c4-4e58-8386-babde5ddcefc	--Users-vito-.dsh-relay-mirrors--	v0	--Users-vito-.dsh-relay-mirrors--/session-687e16f8-75c4-4e58-8386-babde5ddcefc/session.jsonl.zstd	497	true	readable	5	false
session-68850f94-5a91-47fb-8ab7-e70c6a4b5e74	--Users-vito-data-dev-dsh-plugins--	v0	--Users-vito-data-dev-dsh-plugins--/session-68850f94-5a91-47fb-8ab7-e70c6a4b5e74/session.jsonl.zstd	2212	true	readable	5	false
session-68be9ba1-7d30-4d4d-ab71-f48b8f6c85ff	--Users-vito-data-dev-dsh-plugins--	v3	--Users-vito-data-dev-dsh-plugins--/session-68be9ba1-7d30-4d4d-ab71-f48b8f6c85ff/session.v3.jsonl.zstd	11244	true	readable	34	false
session-692bc462-b29b-4fb6-bb5a-f738ed911086	--Users-vito-data-dev-dsh-relay--	v0	--Users-vito-data-dev-dsh-relay--/session-692bc462-b29b-4fb6-bb5a-f738ed911086/session.jsonl.zstd	473	true	readable	5	false
session-69708546-6b48-4602-b75f-5c8237643e80	--Users-vito-data-dev-dsh-plugins--	v0	--Users-vito-data-dev-dsh-plugins--/session-69708546-6b48-4602-b75f-5c8237643e80/session.jsonl.zstd	2074	true	readable	4	false
session-69ae6dad-8089-4c54-b2ef-aea06bbe8126	--Users-vito-.dsh-relay-mirrors--	v0	--Users-vito-.dsh-relay-mirrors--/session-69ae6dad-8089-4c54-b2ef-aea06bbe8126/session.jsonl.zstd	776	true	readable	9	false
session-69b06611-d609-421e-9f1d-19c650c2c489	--Users-vito-.dsh-relay-mirrors--	v0	--Users-vito-.dsh-relay-mirrors--/session-69b06611-d609-421e-9f1d-19c650c2c489/session.jsonl.zstd	295273	false	unreadable:other	-	false
session-69bff96b-4c7f-4d84-8e03-fc4837ef69b9	--Users-vito-.dsh-relay-mirrors--	v0	--Users-vito-.dsh-relay-mirrors--/session-69bff96b-4c7f-4d84-8e03-fc4837ef69b9/session.jsonl.zstd	318	true	readable	3	false
session-6a0999d6-3627-49b1-b52f-faa27a49eb9a	--Users-vito-data-dev-dsh-plugins--	v0	--Users-vito-data-dev-dsh-plugins--/session-6a0999d6-3627-49b1-b52f-faa27a49eb9a/session.jsonl.zstd	3524	true	readable	4	false
session-6abb1a84-9cf5-47a4-9d9a-79225aca825c	--Users-vito-Mumu~0020Inbox-20260917-~6570~5B66-2025~20142026~5B66~5E74~7B2C~4E8C~5B66~671F~9AD8~4E8C~5E74~7EA7~5B66~4E1A~8D28~91CF~68C0~6D4B1--	v3	--Users-vito-Mumu~0020Inbox-20260917-~6570~5B66-2025~20142026~5B66~5E74~7B2C~4E8C~5B66~671F~9AD8~4E8C~5E74~7EA7~5B66~4E1A~8D28~91CF~68C0~6D4B1--/session-6abb1a84-9cf5-47a4-9d9a-79225aca825c/session.v3.jsonl.zstd	87311	true	readable	77	false
session-6ae4d1ee-92a0-4ecd-bdd9-978a70cc51d1	--Users-vito-data-dev-dsh-plugins--	v3	--Users-vito-data-dev-dsh-plugins--/session-6ae4d1ee-92a0-4ecd-bdd9-978a70cc51d1/session.v3.jsonl.zstd	1254115	true	readable	1266	false
session-6b1411df-246d-4390-9f5c-423d23f3ae92	--Users-vito-.dsh-relay-mirrors--	v0	--Users-vito-.dsh-relay-mirrors--/session-6b1411df-246d-4390-9f5c-423d23f3ae92/session.jsonl.zstd	630	true	readable	7	false
session-6b1c297e-599d-42a9-8f73-758bf32a3ba0	--Users-vito-.dsh-relay-mirrors--	v0	--Users-vito-.dsh-relay-mirrors--/session-6b1c297e-599d-42a9-8f73-758bf32a3ba0/session.jsonl.zstd	497	true	readable	5	false
session-6b2ce46d-fbac-4b1c-9066-a113d3ed1a4f	--Users-vito-data-dev-dsh-endless--	v3	--Users-vito-data-dev-dsh-endless--/session-6b2ce46d-fbac-4b1c-9066-a113d3ed1a4f/session.v3.jsonl.zstd	1412376	true	readable	1209	false
session-6b3d0588-2b9a-490c-9ce4-9091abc85c27	--Users-vito-data-dev-dsh-plugins--	v0	--Users-vito-data-dev-dsh-plugins--/session-6b3d0588-2b9a-490c-9ce4-9091abc85c27/session.jsonl.zstd	2291	true	readable	4	false
session-6b4fcc3b-404a-4a9a-be27-5cb44dc0bd70	--Users-vito-.dsh-relay-mirrors--	v0	--Users-vito-.dsh-relay-mirrors--/session-6b4fcc3b-404a-4a9a-be27-5cb44dc0bd70/session.jsonl.zstd	141128	false	unreadable:other	-	false
session-6b82b771-bf5f-4ea8-b985-834ddf701406	--Users-vito-data-dev-others--	v3	--Users-vito-data-dev-others--/session-6b82b771-bf5f-4ea8-b985-834ddf701406/session.v3.jsonl.zstd	856221	true	readable	838	false
session-6bdce9d2-b9aa-406c-b3e3-d1784c9f6509	--Users-vito-data-dev-others--	v0	--Users-vito-data-dev-others--/session-6bdce9d2-b9aa-406c-b3e3-d1784c9f6509/session.jsonl.zstd	1889754	true	readable	737	false
session-6be572c6-6d52-4974-a220-484f5a67758a	--Users-vito-data-dev-accept-matt-flow--	v0	--Users-vito-data-dev-accept-matt-flow--/session-6be572c6-6d52-4974-a220-484f5a67758a/session.jsonl.zstd	15287	true	readable	35	false
session-6c127ecf-43f4-47d1-a425-7951befb2113	--Users-vito-.dsh-relay-mirrors--	v0	--Users-vito-.dsh-relay-mirrors--/session-6c127ecf-43f4-47d1-a425-7951befb2113/session.jsonl.zstd	176521	false	unreadable:other	-	false
session-6c2684bf-b3b8-4cd5-acd4-ae3083c685ef	--Users-vito-data-dev-others--	v0	--Users-vito-data-dev-others--/session-6c2684bf-b3b8-4cd5-acd4-ae3083c685ef/session.jsonl.zstd	470	true	readable	5	false
session-6c568d34-c449-402c-9e1b-e599c2285f70	--Users-vito-data-dev-endless-dsh--	v0	--Users-vito-data-dev-endless-dsh--/session-6c568d34-c449-402c-9e1b-e599c2285f70/session.jsonl.zstd	546	true	readable	4	false
session-6cc0d773-153e-459a-8b5c-0f3c002603da	--Users-vito-data-dev-dsh-plugins--	v3	--Users-vito-data-dev-dsh-plugins--/session-6cc0d773-153e-459a-8b5c-0f3c002603da/session.v3.jsonl.zstd	925794	true	readable	648	false
session-6d3c8b1a-f252-4572-babf-84c2075cf86c	--Users-vito-data-dev-dsh-plugins--	v3	--Users-vito-data-dev-dsh-plugins--/session-6d3c8b1a-f252-4572-babf-84c2075cf86c/session.v3.jsonl.zstd	2252	true	readable	4	false
session-6d401c22-06b7-42b0-a6fe-b8764cd584d6	--Users-vito-data-dev-dsh-plugins--	v0	--Users-vito-data-dev-dsh-plugins--/session-6d401c22-06b7-42b0-a6fe-b8764cd584d6/session.jsonl.zstd	1732556	true	readable	960	false
session-6d9a2c1b-8f12-4453-882c-43e8cc7fa091	--Users-vito-.dsh-relay-mirrors--	v0	--Users-vito-.dsh-relay-mirrors--/session-6d9a2c1b-8f12-4453-882c-43e8cc7fa091/session.jsonl.zstd	497	true	readable	5	false
session-6e705606-8da4-464c-aae6-bdb00784ba49	--Users-vito-.dsh-relay-mirrors--	v0	--Users-vito-.dsh-relay-mirrors--/session-6e705606-8da4-464c-aae6-bdb00784ba49/session.jsonl.zstd	5046	false	unreadable:other	-	false
session-6e75a36e-8819-4d9c-9861-c3815edf3b33	--Users-vito-data-dev-dsh-plugins--	v3	--Users-vito-data-dev-dsh-plugins--/session-6e75a36e-8819-4d9c-9861-c3815edf3b33/session.v3.jsonl.zstd	1475564	true	readable	1506	false
session-6f1c2310-018a-44e9-a1b1-ea80785c81e9	--Users-vito-data-dev-dsh-plugins--	v0	--Users-vito-data-dev-dsh-plugins--/session-6f1c2310-018a-44e9-a1b1-ea80785c81e9/session.jsonl.zstd	2291	true	readable	4	false
session-6f8b2b6a-b8a7-4281-966c-9e2c1e19eb32	--Users-vito-data-dev-mumu--	v3	--Users-vito-data-dev-mumu--/session-6f8b2b6a-b8a7-4281-966c-9e2c1e19eb32/session.v3.jsonl.zstd	710197	true	readable	481	false
session-6fb3e228-9d99-49f3-8edd-e3891a589aa0	--Users-vito-data-dev-dsh-relay--	v0	--Users-vito-data-dev-dsh-relay--/session-6fb3e228-9d99-49f3-8edd-e3891a589aa0/session.jsonl.zstd	3343	true	readable	5	false
session-7	--Users-vito-data-dev-device-sim--	v0	--Users-vito-data-dev-device-sim--/session-7/session.jsonl.zstd	3127152	false	unreadable:other	-	false
session-70458537-fc20-4737-b32a-94dede051c0a	--private-tmp-dsh-tui-depcheck--	v0	--private-tmp-dsh-tui-depcheck--/session-70458537-fc20-4737-b32a-94dede051c0a/session.jsonl.zstd	12045	true	readable	18	false
session-704d3c96-3555-4eef-b4fe-baabc932c39a	--Users-vito-.dsh-relay-mirrors--	v0	--Users-vito-.dsh-relay-mirrors--/session-704d3c96-3555-4eef-b4fe-baabc932c39a/session.jsonl.zstd	643	true	readable	7	false
session-7071a3e6-85dc-4695-b1a1-c2cff29a82b8	--Users-vito-data-dev-others--	v0	--Users-vito-data-dev-others--/session-7071a3e6-85dc-4695-b1a1-c2cff29a82b8/session.jsonl.zstd	470	true	readable	5	false
session-707edaa3-7468-4c87-9cbc-61f10af30cdb	--Users-vito-data-dev-others--	v0	--Users-vito-data-dev-others--/session-707edaa3-7468-4c87-9cbc-61f10af30cdb/session.jsonl.zstd	469	true	readable	5	false
session-7081fe5c-0f76-495c-97bb-54c8f11e6fd4	--Users-vito-.dsh-relay-mirrors--	v0	--Users-vito-.dsh-relay-mirrors--/session-7081fe5c-0f76-495c-97bb-54c8f11e6fd4/session.jsonl.zstd	318	true	readable	3	false
session-710fec27-082b-4604-8eac-17f8b923f650	--Users-vito-data-dev-dsh-plugins--	v0	--Users-vito-data-dev-dsh-plugins--/session-710fec27-082b-4604-8eac-17f8b923f650/session.jsonl.zstd	1497192	true	readable	967	false
session-7110d7b9-2a82-477f-a7bc-b942526d46b0	--Users-vito-.dsh-relay-mirrors--	v0	--Users-vito-.dsh-relay-mirrors--/session-7110d7b9-2a82-477f-a7bc-b942526d46b0/session.jsonl.zstd	12300	false	unreadable:other	-	false
session-71308363-401b-4113-9c56-c76912a4b64e	--Users-vito-data-dev-dsh-plugins--	v0	--Users-vito-data-dev-dsh-plugins--/session-71308363-401b-4113-9c56-c76912a4b64e/session.jsonl.zstd	2071	true	readable	4	false
session-713fa72a-193f-4978-a193-392403ad79cf	--Users-vito-data-dev-dsh-plugins--	v0	--Users-vito-data-dev-dsh-plugins--/session-713fa72a-193f-4978-a193-392403ad79cf/session.jsonl.zstd	2290	true	readable	4	false
session-71a24e85-a40d-44a9-934f-e64968ec085d	--Users-vito-data-dev-dsh-plugins--	v0	--Users-vito-data-dev-dsh-plugins--/session-71a24e85-a40d-44a9-934f-e64968ec085d/session.jsonl.zstd	1020647	true	readable	676	false
session-71b7824c-4d96-4202-b6eb-20ee4cd46e47	--Users-vito-data-dev-mumu--	v3	--Users-vito-data-dev-mumu--/session-71b7824c-4d96-4202-b6eb-20ee4cd46e47/session.v3.jsonl.zstd	1126220	true	readable	1165	false
session-71c21972-420c-4d1a-b521-f226ae44a855	--Users-vito-.dsh-relay-mirrors--	v0	--Users-vito-.dsh-relay-mirrors--/session-71c21972-420c-4d1a-b521-f226ae44a855/session.jsonl.zstd	1153	true	readable	13	false
session-72a90c35-cfe6-401c-ab6d-dd11ec628248	--Users-vito-data-dev-dsh-plugins--	v0	--Users-vito-data-dev-dsh-plugins--/session-72a90c35-cfe6-401c-ab6d-dd11ec628248/session.jsonl.zstd	3751	true	readable	4	false
session-733f93bf-4f2c-44bd-91f3-fba3bbf1503d	--Users-vito-data-dev-dsh-relay--	v0	--Users-vito-data-dev-dsh-relay--/session-733f93bf-4f2c-44bd-91f3-fba3bbf1503d/session.jsonl.zstd	319	true	readable	3	false
session-73401755-1a23-4538-be53-bc3eb55f7436	--Users-vito-.dsh-relay-mirrors--	v0	--Users-vito-.dsh-relay-mirrors--/session-73401755-1a23-4538-be53-bc3eb55f7436/session.jsonl.zstd	566395	false	unreadable:other	-	false
session-7376bb9b-2b5e-4384-ac96-7394735a6a9b	--Users-vito-.dsh-relay-mirrors--	v0	--Users-vito-.dsh-relay-mirrors--/session-7376bb9b-2b5e-4384-ac96-7394735a6a9b/session.jsonl.zstd	977	true	readable	11	false
session-73cc3c87-51cd-4dbc-9703-01d0d6e5bedb	--Users-vito-data-dev-dsh-plugins--	v0	--Users-vito-data-dev-dsh-plugins--/session-73cc3c87-51cd-4dbc-9703-01d0d6e5bedb/session.jsonl.zstd	2073	true	readable	4	false
session-73dfaa4b-b6c2-40ec-a804-81ca1470202d	--Users-vito-data-dev-dsh-plugins--	v0	--Users-vito-data-dev-dsh-plugins--/session-73dfaa4b-b6c2-40ec-a804-81ca1470202d/session.jsonl.zstd	1138895	true	readable	1843	false
session-73e5667d-40c1-4fb7-ab8c-d6fd3065d4bf	--Users-vito-data-dev-dsh-plugins--	v0	--Users-vito-data-dev-dsh-plugins--/session-73e5667d-40c1-4fb7-ab8c-d6fd3065d4bf/session.jsonl.zstd	720235	true	readable	417	false
session-73fa4d8c-ad8f-41f1-8074-7024ca5211c1	--Users-vito-data-dev-others--	v0	--Users-vito-data-dev-others--/session-73fa4d8c-ad8f-41f1-8074-7024ca5211c1/session.jsonl.zstd	468	true	readable	5	false
session-74a89153-9ef5-4d3b-b8cb-97c38d89e73f	--Users-vito-.dsh-relay-mirrors--	v0	--Users-vito-.dsh-relay-mirrors--/session-74a89153-9ef5-4d3b-b8cb-97c38d89e73f/session.jsonl.zstd	161184	false	unreadable:other	-	false
session-74c377af-2c43-4e20-935b-5a5799473e77	--Users-vito-data-dev-dsh-relay--	v0	--Users-vito-data-dev-dsh-relay--/session-74c377af-2c43-4e20-935b-5a5799473e77/session.jsonl.zstd	471	true	readable	5	false
session-76129283-665b-4c1d-97d8-1b5f6b2703bb	--Users-vito-data-dev-dsh-plugins--	v0	--Users-vito-data-dev-dsh-plugins--/session-76129283-665b-4c1d-97d8-1b5f6b2703bb/session.jsonl.zstd	2889319	true	readable	1437	false
session-764bd184-a004-40ff-9a4d-6687ad8321f0	--Users-vito-.dsh-relay-mirrors--	v0	--Users-vito-.dsh-relay-mirrors--/session-764bd184-a004-40ff-9a4d-6687ad8321f0/session.jsonl.zstd	781	true	readable	9	false
session-7689d771-b104-4ffd-b675-cfac3d874777	--Users-vito-.dsh-relay-mirrors--	v0	--Users-vito-.dsh-relay-mirrors--/session-7689d771-b104-4ffd-b675-cfac3d874777/session.jsonl.zstd	319	true	readable	3	false
session-76cc79f7-d6e0-455e-aaf7-1ca40559b2d9	--Users-vito-data-dev-others--	v3	--Users-vito-data-dev-others--/session-76cc79f7-d6e0-455e-aaf7-1ca40559b2d9/session.v3.jsonl.zstd	147358	true	readable	71	false
session-76f0c53b-d9b1-4f79-9262-bfad13885de9	--Users-vito-.dsh-relay-mirrors--	v0	--Users-vito-.dsh-relay-mirrors--/session-76f0c53b-d9b1-4f79-9262-bfad13885de9/session.jsonl.zstd	631	true	readable	7	false
session-774e3b6b-e848-4267-9e24-d6fd45e5e2d1	--Users-vito-data-dev-others--	v0	--Users-vito-data-dev-others--/session-774e3b6b-e848-4267-9e24-d6fd45e5e2d1/session.jsonl.zstd	467	true	readable	5	false
session-775e6f5e-75a2-494c-afc7-69b31a4fca23	--Users-vito-data-dev-dsh-plugins--	v0	--Users-vito-data-dev-dsh-plugins--/session-775e6f5e-75a2-494c-afc7-69b31a4fca23/session.jsonl.zstd	1346081	true	readable	856	false
session-78be8236-7079-4a85-9d0f-79283e8100ea	--Users-vito-data-dev-dsh-plugins--	v0	--Users-vito-data-dev-dsh-plugins--/session-78be8236-7079-4a85-9d0f-79283e8100ea/session.jsonl.zstd	2619929	true	readable	1566	false
session-78c63aaa-44ed-424f-80c9-2ed8c66862e8	--Users-vito-data-dev-others--	v0	--Users-vito-data-dev-others--/session-78c63aaa-44ed-424f-80c9-2ed8c66862e8/session.jsonl.zstd	466	true	readable	5	false
session-790011e0-d59a-4d7a-a384-cfb89498bcca	--Users-vito-data-dev-dsh-plugins--	v0	--Users-vito-data-dev-dsh-plugins--/session-790011e0-d59a-4d7a-a384-cfb89498bcca/session.jsonl.zstd	2208	true	readable	5	false
session-790248b5-7ef8-45f6-ba0e-57c6084cea51	--Users-vito--	v0	--Users-vito--/session-790248b5-7ef8-45f6-ba0e-57c6084cea51/session.jsonl.zstd	1977	true	readable	5	false
session-790de343-3a12-4c7b-9f46-b013411e7a09	--Users-vito-data-dev-dsh-plugins--	v0	--Users-vito-data-dev-dsh-plugins--/session-790de343-3a12-4c7b-9f46-b013411e7a09/session.jsonl.zstd	3428	true	readable	4	false
session-7924c659-2127-4e23-90e9-98dde3fdfc9d	--Users-vito-data-dev-others--	v0	--Users-vito-data-dev-others--/session-7924c659-2127-4e23-90e9-98dde3fdfc9d/session.jsonl.zstd	467	true	readable	5	false
session-799efb5d-150c-41ef-b1f7-b103cbae4d5e	--Users-vito-data-dev-others--	v0	--Users-vito-data-dev-others--/session-799efb5d-150c-41ef-b1f7-b103cbae4d5e/session.jsonl.zstd	898862	true	readable	771	false
session-79f9c221-3026-4500-b601-f2b028cf961e	--Users-vito-data-dev-others--	v0	--Users-vito-data-dev-others--/session-79f9c221-3026-4500-b601-f2b028cf961e/session.jsonl.zstd	3450	true	readable	4	false
session-7af80b78-5e2b-4020-963a-af33c8c2afd3	--Users-vito-Mumu~0020Inbox-20260917-~6570~5B66-2025~20142026~5B66~5E74~7B2C~4E8C~5B66~671F~9AD8~4E8C~5E74~7EA7~5B66~4E1A~8D28~91CF~68C0~6D4B--	v3	--Users-vito-Mumu~0020Inbox-20260917-~6570~5B66-2025~20142026~5B66~5E74~7B2C~4E8C~5B66~671F~9AD8~4E8C~5E74~7EA7~5B66~4E1A~8D28~91CF~68C0~6D4B--/session-7af80b78-5e2b-4020-963a-af33c8c2afd3/session.v3.jsonl.zstd	88508	true	readable	97	false
session-7b15b289-e926-4650-8b69-bbaa896fe0a7	--Users-vito-data-dev-dsh-plugins--	v0	--Users-vito-data-dev-dsh-plugins--/session-7b15b289-e926-4650-8b69-bbaa896fe0a7/session.jsonl.zstd	3519	true	readable	4	false
session-7b39322b-7384-40e0-be69-22b8f0648f74	--Users-vito-data-dev-dsh-plugins--	v3	--Users-vito-data-dev-dsh-plugins--/session-7b39322b-7384-40e0-be69-22b8f0648f74/session.v3.jsonl.zstd	2417	true	readable	6	false
session-7bd6f98f-a65f-467e-90e8-5fb835e223bb	--Users-vito-.dsh-relay-mirrors--	v0	--Users-vito-.dsh-relay-mirrors--/session-7bd6f98f-a65f-467e-90e8-5fb835e223bb/session.jsonl.zstd	646	true	readable	7	false
session-7c806cb2-a34e-4e6b-898f-aef96fd7a7b0	--Users-vito-.dsh-relay-mirrors--	v0	--Users-vito-.dsh-relay-mirrors--/session-7c806cb2-a34e-4e6b-898f-aef96fd7a7b0/session.jsonl.zstd	22642	false	unreadable:other	-	false
session-7ca288db-b77c-4560-bf76-9e93a1491caa	--Users-vito-data-dev-others--	v0	--Users-vito-data-dev-others--/session-7ca288db-b77c-4560-bf76-9e93a1491caa/session.jsonl.zstd	75260	true	readable	58	false
session-7cbc883a-62de-4bfa-a704-5f0fcebdede6	--Users-vito-.dsh-relay-mirrors--	v0	--Users-vito-.dsh-relay-mirrors--/session-7cbc883a-62de-4bfa-a704-5f0fcebdede6/session.jsonl.zstd	320	true	readable	3	false
session-7d76372c-53b2-4c0f-a362-63889bdcf5cc	--Users-vito-data-dev-dsh-plugins--	v0	--Users-vito-data-dev-dsh-plugins--/session-7d76372c-53b2-4c0f-a362-63889bdcf5cc/session.jsonl.zstd	4101	true	readable	5	false
session-7df93486-88ca-4098-913e-28b8f9f0aeca	--Users-vito-data-dev-others--	v0	--Users-vito-data-dev-others--/session-7df93486-88ca-4098-913e-28b8f9f0aeca/session.jsonl.zstd	468	true	readable	5	false
session-7e521eb6-bd36-4028-97c4-6df121c7c32b	--Users-vito-data-dev-dsh-endless--	v0	--Users-vito-data-dev-dsh-endless--/session-7e521eb6-bd36-4028-97c4-6df121c7c32b/session.jsonl.zstd	156652	true	readable	123	false
session-7e585e04-b284-4bfb-ada0-e6524b799597	--Users-vito-data-dev-dsh-plugins--	v0	--Users-vito-data-dev-dsh-plugins--/session-7e585e04-b284-4bfb-ada0-e6524b799597/session.jsonl.zstd	3452	true	readable	4	false
session-7e9cc877-f2ce-4226-9261-5032c63a88be	--Users-vito-data-dev-dsh-plugins--	v0	--Users-vito-data-dev-dsh-plugins--/session-7e9cc877-f2ce-4226-9261-5032c63a88be/session.jsonl.zstd	1071833	true	readable	2551	false
session-7ea5b657-4494-4039-b21e-65384ae65458	--Users-vito-data-dev-dsh-endless--	v3	--Users-vito-data-dev-dsh-endless--/session-7ea5b657-4494-4039-b21e-65384ae65458/session.v3.jsonl.zstd	2576	true	readable	5	false
session-7f019652-89fb-4928-a4bb-8a440826080a	--Users-vito-data-dev-others--	v0	--Users-vito-data-dev-others--/session-7f019652-89fb-4928-a4bb-8a440826080a/session.jsonl.zstd	3806	true	readable	4	false
session-7f084fab-6f44-4094-9724-6c89b6229f24	--Users-vito-.dsh-relay-mirrors--	v0	--Users-vito-.dsh-relay-mirrors--/session-7f084fab-6f44-4094-9724-6c89b6229f24/session.jsonl.zstd	279518	false	unreadable:other	-	false
session-7fa21836-abb9-4f52-94e3-93f4cc4e1d4a	--Users-vito-data-dev-dsh-plugins--	v0	--Users-vito-data-dev-dsh-plugins--/session-7fa21836-abb9-4f52-94e3-93f4cc4e1d4a/session.jsonl.zstd	4103	true	readable	5	false
session-8	--Users-vito-data-dev-device-sim--	v0	--Users-vito-data-dev-device-sim--/session-8/session.jsonl.zstd	3179738	false	unreadable:other	-	false
session-8000fe9b-33a2-4f4f-80a3-d234939d266b	--Users-vito-.dsh-relay-mirrors--	v0	--Users-vito-.dsh-relay-mirrors--/session-8000fe9b-33a2-4f4f-80a3-d234939d266b/session.jsonl.zstd	630	true	readable	7	false
session-8011949b-8319-4bb7-b625-7dc81cd27d37	--Users-vito-data-dev-dsh-plugins--	v3	--Users-vito-data-dev-dsh-plugins--/session-8011949b-8319-4bb7-b625-7dc81cd27d37/session.v3.jsonl.zstd	7505	true	readable	19	false
session-8075e84b-bad5-4e46-8e89-9f3350fe19ba	--Users-vito-.dsh-relay-mirrors--	v0	--Users-vito-.dsh-relay-mirrors--/session-8075e84b-bad5-4e46-8e89-9f3350fe19ba/session.jsonl.zstd	166600	false	unreadable:other	-	false
session-81a7b99b-8470-447a-a90a-29c64dea9e53	--Users-vito-data-dev-mumu--	v3	--Users-vito-data-dev-mumu--/session-81a7b99b-8470-447a-a90a-29c64dea9e53/session.v3.jsonl.zstd	1767088	true	readable	1253	false
session-81a9d935-cd3c-46fc-adb6-aef73118deee	--Users-vito-data-dev-others-test--	v0	--Users-vito-data-dev-others-test--/session-81a9d935-cd3c-46fc-adb6-aef73118deee/session.jsonl.zstd	2055	true	readable	5	false
session-820076af-7bbc-4ef8-9a77-3f3ce140eee7	--Users-vito-data-dev-dsh-plugins--	v0	--Users-vito-data-dev-dsh-plugins--/session-820076af-7bbc-4ef8-9a77-3f3ce140eee7/session.jsonl.zstd	3841	true	readable	4	false
session-830d3cae-178e-48ea-b9b3-311df18a6245	--Users-vito-data-dev-dsh-plugins--	v0	--Users-vito-data-dev-dsh-plugins--/session-830d3cae-178e-48ea-b9b3-311df18a6245/session.jsonl.zstd	4099	true	readable	5	false
session-83ac577e-4bf6-498b-b81b-b933ce09879a	--Users-vito-data-dev-others--	v3	--Users-vito-data-dev-others--/session-83ac577e-4bf6-498b-b81b-b933ce09879a/session.v3.jsonl.zstd	2537	true	readable	6	false
session-84211619-93aa-40e7-ada8-62b592c85fd4	--Users-vito-data-dev-mumu--	v3	--Users-vito-data-dev-mumu--/session-84211619-93aa-40e7-ada8-62b592c85fd4/session.v3.jsonl.zstd	1090302	true	readable	1095	false
session-84c40183-3642-4d03-b0d6-de485f9c77d0	--Users-vito-data-dev-others--	v3	--Users-vito-data-dev-others--/session-84c40183-3642-4d03-b0d6-de485f9c77d0/session.v3.jsonl.zstd	2445	true	readable	5	false
session-84dd966d-3b79-4f00-830a-d14bff867934	--Users-vito-.dsh-relay-mirrors--	v0	--Users-vito-.dsh-relay-mirrors--/session-84dd966d-3b79-4f00-830a-d14bff867934/session.jsonl.zstd	319	true	readable	3	false
session-84df430f-27ac-427c-8ef1-d93a39825997	--Users-vito-data-dev-dsh-relay--	v0	--Users-vito-data-dev-dsh-relay--/session-84df430f-27ac-427c-8ef1-d93a39825997/session.jsonl.zstd	468	true	readable	5	false
session-8599762a-0c50-4e8b-8c6c-c26a9ecd9470	--Users-vito-data-dev-others--	v0	--Users-vito-data-dev-others--/session-8599762a-0c50-4e8b-8c6c-c26a9ecd9470/session.jsonl.zstd	3870	true	readable	5	false
session-86377bb2-9943-4e75-a88a-e25dfd55523e	--Users-vito-.dsh-relay-mirrors--	v0	--Users-vito-.dsh-relay-mirrors--/session-86377bb2-9943-4e75-a88a-e25dfd55523e/session.jsonl.zstd	649	true	readable	7	false
session-8646ceec-7208-44b7-987c-9a27fc525ad5	--Users-vito-data-dev-others--	v0	--Users-vito-data-dev-others--/session-8646ceec-7208-44b7-987c-9a27fc525ad5/session.jsonl.zstd	468	true	readable	5	false
session-875f6950-6b78-4081-844b-12d0821a8be5	--Users-vito-data-dev-dsh-plugins--	v0	--Users-vito-data-dev-dsh-plugins--/session-875f6950-6b78-4081-844b-12d0821a8be5/session.jsonl.zstd	4102	true	readable	5	false
session-877ae1d2-1981-4729-9f55-29e2e9d6b431	--Users-vito-.dsh-relay-mirrors--	v0	--Users-vito-.dsh-relay-mirrors--/session-877ae1d2-1981-4729-9f55-29e2e9d6b431/session.jsonl.zstd	782	true	readable	9	false
session-8837008a-2b3a-470b-9d28-8cbd79523b45	--Users-vito-data-dev-dsh-plugins--	v0	--Users-vito-data-dev-dsh-plugins--/session-8837008a-2b3a-470b-9d28-8cbd79523b45/session.jsonl.zstd	2317	true	readable	5	false
session-88533493-36aa-486a-ad7a-d2c30e68a3ae	--Users-vito-data-dev-others--	v0	--Users-vito-data-dev-others--/session-88533493-36aa-486a-ad7a-d2c30e68a3ae/session.jsonl.zstd	464	true	readable	5	false
session-88b4d0f7-ab8c-4287-92d0-e76c61a67e50	--Users-vito--	v0	--Users-vito--/session-88b4d0f7-ab8c-4287-92d0-e76c61a67e50/session.jsonl.zstd	2097	true	readable	5	false
session-8a155ed5-baba-4715-8fa3-e6fb254bc51c	--Users-vito-.dsh-relay-mirrors--	v0	--Users-vito-.dsh-relay-mirrors--/session-8a155ed5-baba-4715-8fa3-e6fb254bc51c/session.jsonl.zstd	626	true	readable	7	false
session-8a3577c4-d6fb-488a-9323-375d6ab2b69f	--Users-vito-.dsh-relay-mirrors--	v0	--Users-vito-.dsh-relay-mirrors--/session-8a3577c4-d6fb-488a-9323-375d6ab2b69f/session.jsonl.zstd	320	true	readable	3	false
session-8a6af194-5c23-483b-a12a-b11725cd58cf	--Users-vito-data-dev-others--	v0	--Users-vito-data-dev-others--/session-8a6af194-5c23-483b-a12a-b11725cd58cf/session.jsonl.zstd	471	true	readable	5	false
session-8a943b18-9f0c-4bc0-8ef7-91fd5aeee5a9	--Users-vito-data-dev-mumu--	v3	--Users-vito-data-dev-mumu--/session-8a943b18-9f0c-4bc0-8ef7-91fd5aeee5a9/session.v3.jsonl.zstd	1307082	true	readable	1332	false
session-8ada0bec-5aac-410d-9608-82d7e0c64b4d	--Users-vito-data-dev-others--	v0	--Users-vito-data-dev-others--/session-8ada0bec-5aac-410d-9608-82d7e0c64b4d/session.jsonl.zstd	466	true	readable	5	false
session-8b01bc27-c136-48de-ac76-ed4b97e11d49	--Users-vito-data-dev-dsh-plugins--	v0	--Users-vito-data-dev-dsh-plugins--/session-8b01bc27-c136-48de-ac76-ed4b97e11d49/session.jsonl.zstd	3264	true	readable	4	false
session-8b034bd9-3a5e-4b5d-b14f-788f8b4b764f	--Users-vito-data-dev-dsh-plugins--	v0	--Users-vito-data-dev-dsh-plugins--/session-8b034bd9-3a5e-4b5d-b14f-788f8b4b764f/session.jsonl.zstd	2458	true	readable	4	false
session-8b525585-fb18-4865-b878-e8b35b00dd39	--Users-vito-data-dev-device-sim--	v0	--Users-vito-data-dev-device-sim--/session-8b525585-fb18-4865-b878-e8b35b00dd39/session.jsonl.zstd	2477	true	readable	5	false
session-8ba78c87-cb28-4718-92e2-c6288f1f841b	--private-tmp-dsh-tui-depcheck--	v0	--private-tmp-dsh-tui-depcheck--/session-8ba78c87-cb28-4718-92e2-c6288f1f841b/session.jsonl.zstd	12166	true	readable	18	false
session-8bb9e744-d9b1-46a7-926e-8c20faaf5811	--private-tmp--	v3	--private-tmp--/session-8bb9e744-d9b1-46a7-926e-8c20faaf5811/session.v3.jsonl.zstd	1344533	true	readable	1683	false
session-8bcccc92-7142-409d-b38d-29b59c38ee96	--Users-vito-.dsh-relay-mirrors--	v0	--Users-vito-.dsh-relay-mirrors--/session-8bcccc92-7142-409d-b38d-29b59c38ee96/session.jsonl.zstd	2307022	false	unreadable:other	-	false
session-8bff1f86-f429-445c-88bb-1e8ffce85e50	--Users-vito-data-dev-dsh-relay--	v0	--Users-vito-data-dev-dsh-relay--/session-8bff1f86-f429-445c-88bb-1e8ffce85e50/session.jsonl.zstd	2203	true	readable	5	false
session-8d176fac-6498-4316-9386-223dd57fb627	--Users-vito-data-dev-dsh-plugins--	v0	--Users-vito-data-dev-dsh-plugins--/session-8d176fac-6498-4316-9386-223dd57fb627/session.jsonl.zstd	3190	true	readable	5	false
session-8d1a7cb1-1903-4e5d-94c7-c5c79157d050	--Users-vito-Mumu~0020Inbox-20260917-~6570~5B66-2025~20142026~5B66~5E74~7B2C~4E8C~5B66~671F~9AD8~4E8C~5E74~7EA7~5B66~4E1A~8D28~91CF~68C0~6D4B--	v3	--Users-vito-Mumu~0020Inbox-20260917-~6570~5B66-2025~20142026~5B66~5E74~7B2C~4E8C~5B66~671F~9AD8~4E8C~5E74~7EA7~5B66~4E1A~8D28~91CF~68C0~6D4B--/session-8d1a7cb1-1903-4e5d-94c7-c5c79157d050/session.v3.jsonl.zstd	458563	true	readable	569	false
session-8dc14f0d-467d-4f3f-abcc-5258ebf342f5	--Users-vito-data-dev-dsh-plugins--	v3	--Users-vito-data-dev-dsh-plugins--/session-8dc14f0d-467d-4f3f-abcc-5258ebf342f5/session.v3.jsonl.zstd	2420	true	readable	6	false
session-8dd80d96-34fb-40b4-aeda-1810c8a46902	--Users-vito-data-dev-others--	v0	--Users-vito-data-dev-others--/session-8dd80d96-34fb-40b4-aeda-1810c8a46902/session.jsonl.zstd	7768	true	readable	19	false
session-8ddc3c09-ff52-4d4f-88da-10e3a70d1881	--Users-vito-.dsh-relay-mirrors--	v0	--Users-vito-.dsh-relay-mirrors--/session-8ddc3c09-ff52-4d4f-88da-10e3a70d1881/session.jsonl.zstd	660	true	readable	7	false
session-8e8e2170-6599-47b6-8883-9ef886f22a37	--Users-vito-.dsh-relay-mirrors--	v0	--Users-vito-.dsh-relay-mirrors--/session-8e8e2170-6599-47b6-8883-9ef886f22a37/session.jsonl.zstd	294279	false	unreadable:other	-	false
session-8ecaac15-204e-4700-9926-be5c7c05b0aa	--Users-vito-data-dev-dsh-plugins--	v0	--Users-vito-data-dev-dsh-plugins--/session-8ecaac15-204e-4700-9926-be5c7c05b0aa/session.jsonl.zstd	3536099	true	readable	1837	false
session-8fadcf83-19de-4d1d-8413-bef55fb464fe	--Users-vito-.dsh-relay-mirrors--	v0	--Users-vito-.dsh-relay-mirrors--/session-8fadcf83-19de-4d1d-8413-bef55fb464fe/session.jsonl.zstd	160335	false	unreadable:other	-	false
session-9026d624-dad5-4fbd-be60-582a583c7253	--Users-vito-data-dev-others--	v0	--Users-vito-data-dev-others--/session-9026d624-dad5-4fbd-be60-582a583c7253/session.jsonl.zstd	469	true	readable	5	false
session-904d0093-3552-483b-b437-0b3e50616bce	--Users-vito-data-dev-others--	v0	--Users-vito-data-dev-others--/session-904d0093-3552-483b-b437-0b3e50616bce/session.jsonl.zstd	377803	true	readable	237	false
session-90686d69-758f-4203-99ee-ba7b43dab8a2	--Users-vito-.dsh-relay-mirrors--	v0	--Users-vito-.dsh-relay-mirrors--/session-90686d69-758f-4203-99ee-ba7b43dab8a2/session.jsonl.zstd	320	true	readable	3	false
session-90a3bf3d-7058-4179-a1e2-b0a786882d19	--Users-vito-data-dev-accept-matt-flow--	v0	--Users-vito-data-dev-accept-matt-flow--/session-90a3bf3d-7058-4179-a1e2-b0a786882d19/session.jsonl.zstd	10450	true	readable	36	false
session-910fe7af-82f2-4498-9996-8a06f0bad841	--Users-vito-data-dev-dsh-plugins--	v0	--Users-vito-data-dev-dsh-plugins--/session-910fe7af-82f2-4498-9996-8a06f0bad841/session.jsonl.zstd	401374	true	readable	338	false
session-91c428e2-b6b5-4f11-acea-14143312fccb	--Users-vito-data-dev-dsh-plugins--	v0	--Users-vito-data-dev-dsh-plugins--/session-91c428e2-b6b5-4f11-acea-14143312fccb/session.jsonl.zstd	476	true	readable	5	false
session-921509af-0862-400b-a9d6-40a728b1ad91	--Users-vito-data-dev-others--	v0	--Users-vito-data-dev-others--/session-921509af-0862-400b-a9d6-40a728b1ad91/session.jsonl.zstd	7572	true	readable	20	false
session-927ede6e-0c96-460a-bbe4-f90dd5340a46	--Users-vito-.dsh-relay-mirrors--	v0	--Users-vito-.dsh-relay-mirrors--/session-927ede6e-0c96-460a-bbe4-f90dd5340a46/session.jsonl.zstd	494	true	readable	5	false
session-92e33912-d131-44ad-8218-a4bd13ad70c1	--private-tmp-dsh-ticket06-ws--	v3	--private-tmp-dsh-ticket06-ws--/session-92e33912-d131-44ad-8218-a4bd13ad70c1/session.v3.jsonl.zstd	1846	true	readable	4	false
session-931c3401-3fb1-44f6-9b6a-43b1e9e4b80c	--Users-vito-.dsh-relay-mirrors--	v0	--Users-vito-.dsh-relay-mirrors--/session-931c3401-3fb1-44f6-9b6a-43b1e9e4b80c/session.jsonl.zstd	245428	false	unreadable:other	-	false
session-93a540e9-de72-4653-800b-0e7036dff775	--Users-vito-data-dev-dsh-plugins--	v3	--Users-vito-data-dev-dsh-plugins--/session-93a540e9-de72-4653-800b-0e7036dff775/session.v3.jsonl.zstd	2924	true	readable	13	false
session-94e43292-cecd-40ca-b7d0-ce00f5195049	--Users-vito-data-dev-others--	v0	--Users-vito-data-dev-others--/session-94e43292-cecd-40ca-b7d0-ce00f5195049/session.jsonl.zstd	3807	true	readable	4	false
session-95be7a0e-c37e-443a-b7fb-ab9ee26b317a	--Users-vito-data-dev-others--	v0	--Users-vito-data-dev-others--/session-95be7a0e-c37e-443a-b7fb-ab9ee26b317a/session.jsonl.zstd	12860	true	readable	21	false
session-9604ec36-18da-451e-b0d3-5f057f4472c4	--Users-vito-data-dev-others--	v0	--Users-vito-data-dev-others--/session-9604ec36-18da-451e-b0d3-5f057f4472c4/session.jsonl.zstd	3964	true	readable	5	false
session-9609acac-b773-42bf-a2a7-284e893a3559	--Users-vito-data-dev-others--	v0	--Users-vito-data-dev-others--/session-9609acac-b773-42bf-a2a7-284e893a3559/session.jsonl.zstd	317	true	readable	3	false
session-9618dbb7-8459-4183-ace9-c56bf138bbd0	--Users-vito-.dsh-relay-mirrors--	v0	--Users-vito-.dsh-relay-mirrors--/session-9618dbb7-8459-4183-ace9-c56bf138bbd0/session.jsonl.zstd	496	true	readable	5	false
session-961d1b86-4629-4a1e-8467-d2815e3aaaa1	--Users-vito-data-dev-dsh-relay--	v0	--Users-vito-data-dev-dsh-relay--/session-961d1b86-4629-4a1e-8467-d2815e3aaaa1/session.jsonl.zstd	2406	true	readable	5	false
session-973c37e0-3cb1-4810-849b-424cfed8874d	--Users-vito-data-dev-dsh-plugins--	v0	--Users-vito-data-dev-dsh-plugins--/session-973c37e0-3cb1-4810-849b-424cfed8874d/session.jsonl.zstd	1177617	true	readable	550	false
session-97454c0c-3fae-40e2-9303-47922e07a5da	--Users-vito-.dsh-relay-mirrors--	v0	--Users-vito-.dsh-relay-mirrors--/session-97454c0c-3fae-40e2-9303-47922e07a5da/session.jsonl.zstd	493	true	readable	5	false
session-98933c40-803e-4734-9f08-4992a7c12e25	--Users-vito-data-dev-dsh-relay--	v0	--Users-vito-data-dev-dsh-relay--/session-98933c40-803e-4734-9f08-4992a7c12e25/session.jsonl.zstd	986742	true	readable	394	false
session-98b3510b-e22f-4916-a776-ab5f83cdd2dc	--Users-vito-data-dev-dsh-plugins--	v0	--Users-vito-data-dev-dsh-plugins--/session-98b3510b-e22f-4916-a776-ab5f83cdd2dc/session.jsonl.zstd	4104	true	readable	5	false
session-98d744e3-7247-4fda-a8d7-70095c892101	--Users-vito-Mumu~0020Inbox-20260917-~6570~5B66-2025~20142026~5B66~5E74~7B2C~4E8C~5B66~671F~9AD8~4E8C~5E74~7EA7~5B66~4E1A~8D28~91CF~68C0~6D4B--	v3	--Users-vito-Mumu~0020Inbox-20260917-~6570~5B66-2025~20142026~5B66~5E74~7B2C~4E8C~5B66~671F~9AD8~4E8C~5E74~7EA7~5B66~4E1A~8D28~91CF~68C0~6D4B--/session-98d744e3-7247-4fda-a8d7-70095c892101/session.v3.jsonl.zstd	2181	true	readable	6	false
session-98ec234b-b853-4219-bd17-6ea4556bd83e	--private-tmp-dsh-tui-depcheck--	v0	--private-tmp-dsh-tui-depcheck--/session-98ec234b-b853-4219-bd17-6ea4556bd83e/session.jsonl.zstd	12124	true	readable	18	false
session-9a1b8a3e-5711-419c-a401-c5dfd82c0c30	--Users-vito-data-dev-dsh-plugins--	v0	--Users-vito-data-dev-dsh-plugins--/session-9a1b8a3e-5711-419c-a401-c5dfd82c0c30/session.jsonl.zstd	3590	true	readable	5	false
session-9a2c8064-ecae-400f-b8fc-e53c5c97331b	--Users-vito-data-dev-dsh-plugins--	v0	--Users-vito-data-dev-dsh-plugins--/session-9a2c8064-ecae-400f-b8fc-e53c5c97331b/session.jsonl.zstd	2067	true	readable	5	false
session-9a7c59c4-be67-43f5-a4af-37dc59d716c1	--Users-vito-data-dev-dsh-relay--	v0	--Users-vito-data-dev-dsh-relay--/session-9a7c59c4-be67-43f5-a4af-37dc59d716c1/session.jsonl.zstd	467	true	readable	5	false
session-9a7e9be4-0ab7-4106-9814-34771cffd40f	--Users-vito-data-dev-endless-dsh--	v0	--Users-vito-data-dev-endless-dsh--/session-9a7e9be4-0ab7-4106-9814-34771cffd40f/session.jsonl.zstd	3725	true	readable	4	false
session-9a857a07-2ee8-4cfc-be3a-a51eb6f020d8	--Users-vito-data-dev-dsh-plugins--	v0	--Users-vito-data-dev-dsh-plugins--/session-9a857a07-2ee8-4cfc-be3a-a51eb6f020d8/session.jsonl.zstd	1246233	true	readable	667	false
session-9ac69249-4345-415a-b7dc-6bc019d388dd	--Users-vito-data-dev-dsh-plugins--	v0	--Users-vito-data-dev-dsh-plugins--/session-9ac69249-4345-415a-b7dc-6bc019d388dd/session.jsonl.zstd	1842937	true	readable	1432	false
session-9adee2ee-1314-4fc4-874f-560f358bf1f5	--Users-vito-data-dev-dsh-plugins--	v0	--Users-vito-data-dev-dsh-plugins--/session-9adee2ee-1314-4fc4-874f-560f358bf1f5/session.jsonl.zstd	2209	true	readable	5	false
session-9ae79a18-8d26-4b77-bcc0-11bd873afa3e	--Users-vito-data-dev-dsh-plugins--	v0	--Users-vito-data-dev-dsh-plugins--/session-9ae79a18-8d26-4b77-bcc0-11bd873afa3e/session.jsonl.zstd	2428	true	readable	5	false
session-9b2ab8f6-34b7-4cdb-897b-024f86f64ffd	--Users-vito-data-dev-others--	v0	--Users-vito-data-dev-others--/session-9b2ab8f6-34b7-4cdb-897b-024f86f64ffd/session.jsonl.zstd	473	true	readable	5	false
session-9c24f8e8-630a-41fa-923c-cc13f90ff28a	--Users-vito-.dsh-relay-mirrors--	v0	--Users-vito-.dsh-relay-mirrors--/session-9c24f8e8-630a-41fa-923c-cc13f90ff28a/session.jsonl.zstd	11544	false	unreadable:other	-	false
session-9c4e3566-535d-486c-9eab-a8443334345e	--Users-vito-.dsh-relay-mirrors--	v0	--Users-vito-.dsh-relay-mirrors--/session-9c4e3566-535d-486c-9eab-a8443334345e/session.jsonl.zstd	623	true	readable	7	false
session-9c519f8f-a606-42ab-8491-26099c3db2c2	--Users-vito-data-dev-others--	v3	--Users-vito-data-dev-others--/session-9c519f8f-a606-42ab-8491-26099c3db2c2/session.v3.jsonl.zstd	1139860	true	readable	768	false
session-9c5ab6ca-1788-4f17-b268-e85b4820dc4a	--Users-vito-data-dev-dsh-relay--	v0	--Users-vito-data-dev-dsh-relay--/session-9c5ab6ca-1788-4f17-b268-e85b4820dc4a/session.jsonl.zstd	319	true	readable	3	false
session-9c91a0c2-4565-4e03-b45f-018a3dd93675	--Users-vito-data-dev-dsh-plugins--	v0	--Users-vito-data-dev-dsh-plugins--/session-9c91a0c2-4565-4e03-b45f-018a3dd93675/session.jsonl.zstd	2212	true	readable	5	false
session-9cac91bd-f27d-42da-951e-2feabb5c8b34	--Users-vito-Mumu~0020Inbox-20260917-~6570~5B66-2025~20142026~5B66~5E74~7B2C~4E8C~5B66~671F~9AD8~4E8C~5E74~7EA7~5B66~4E1A~8D28~91CF~68C0~6D4B2--	v3	--Users-vito-Mumu~0020Inbox-20260917-~6570~5B66-2025~20142026~5B66~5E74~7B2C~4E8C~5B66~671F~9AD8~4E8C~5E74~7EA7~5B66~4E1A~8D28~91CF~68C0~6D4B2--/session-9cac91bd-f27d-42da-951e-2feabb5c8b34/session.v3.jsonl.zstd	753198	true	readable	950	false
session-9cbc9872-15c2-4475-9695-dc6715dffac9	--Users-vito-.dsh-relay-mirrors--	v0	--Users-vito-.dsh-relay-mirrors--/session-9cbc9872-15c2-4475-9695-dc6715dffac9/session.jsonl.zstd	496	true	readable	5	false
session-9cc8cb20-1e6c-4983-95b9-bc4826db2abe	--Users-vito-data-dev-dsh-plugins--	v0	--Users-vito-data-dev-dsh-plugins--/session-9cc8cb20-1e6c-4983-95b9-bc4826db2abe/session.jsonl.zstd	2354	true	readable	4	false
session-9cfd469a-6786-40ce-ae3d-92a9626be660	--Users-vito-.dsh-relay-mirrors--	v0	--Users-vito-.dsh-relay-mirrors--/session-9cfd469a-6786-40ce-ae3d-92a9626be660/session.jsonl.zstd	502	true	readable	5	false
session-9d02f026-fa3a-44a3-ba03-157946f25599	--Users-vito-data-dev-device-sim--	v0	--Users-vito-data-dev-device-sim--/session-9d02f026-fa3a-44a3-ba03-157946f25599/session.jsonl.zstd	1027	true	readable	4	false
session-9d0408ce-edfa-4975-97cb-44258c550b3c	--Users-vito-data-dev-others--	v0	--Users-vito-data-dev-others--/session-9d0408ce-edfa-4975-97cb-44258c550b3c/session.jsonl.zstd	2478	true	readable	5	false
session-9d55b340-1139-4b83-97f7-bd18dc741d2f	--Users-vito-data-dev-others--	v0	--Users-vito-data-dev-others--/session-9d55b340-1139-4b83-97f7-bd18dc741d2f/session.jsonl.zstd	2341	true	readable	4	false
session-9dc0a68b-fc3a-4cd1-88b6-0fe5ae825f44	--Users-vito-.dsh-relay-mirrors--	v0	--Users-vito-.dsh-relay-mirrors--/session-9dc0a68b-fc3a-4cd1-88b6-0fe5ae825f44/session.jsonl.zstd	263303	false	unreadable:other	-	false
session-9e1c2b7c-5f43-4166-b4c2-6bd5e5efd543	--Users-vito-.dsh-relay-mirrors--	v0	--Users-vito-.dsh-relay-mirrors--/session-9e1c2b7c-5f43-4166-b4c2-6bd5e5efd543/session.jsonl.zstd	159887	false	unreadable:other	-	false
session-9ea19c18-e640-42e5-b127-b4b1b5c3dcac	--Users-vito-data-dev-dsh-plugins--	v0	--Users-vito-data-dev-dsh-plugins--/session-9ea19c18-e640-42e5-b127-b4b1b5c3dcac/session.jsonl.zstd	2651786	true	readable	1503	false
session-9ef69d61-aabb-4318-b257-7672d01514ab	--Users-vito-data-dev-mumu--	v3	--Users-vito-data-dev-mumu--/session-9ef69d61-aabb-4318-b257-7672d01514ab/session.v3.jsonl.zstd	1082270	true	readable	995	false
session-a021aa93-669d-4fdd-b76d-0928a1d2a58d	--Users-vito-.dsh-relay-mirrors--	v0	--Users-vito-.dsh-relay-mirrors--/session-a021aa93-669d-4fdd-b76d-0928a1d2a58d/session.jsonl.zstd	629	true	readable	7	false
session-a123b843-2045-4d5e-92f6-e9824f50f55e	--Users-vito-.dsh-relay-mirrors--	v0	--Users-vito-.dsh-relay-mirrors--/session-a123b843-2045-4d5e-92f6-e9824f50f55e/session.jsonl.zstd	140429	false	unreadable:other	-	false
session-a2b11bec-81d0-4b1c-8500-bd67f00ed391	--Users-vito-data-dev-dsh-plugins--	v3	--Users-vito-data-dev-dsh-plugins--/session-a2b11bec-81d0-4b1c-8500-bd67f00ed391/session.v3.jsonl.zstd	2364	true	readable	5	false
session-a2f9dd52-3157-4004-9628-e93e7e2c35bb	--Users-vito-data-dev-others--	v0	--Users-vito-data-dev-others--/session-a2f9dd52-3157-4004-9628-e93e7e2c35bb/session.jsonl.zstd	8992	true	readable	20	false
session-a34b447c-18fd-425c-8d92-832a50a545e9	--Users-vito-data-dev-device-sim--	v0	--Users-vito-data-dev-device-sim--/session-a34b447c-18fd-425c-8d92-832a50a545e9/session.jsonl.zstd	3779	true	readable	4	false
session-a3ae096a-a367-4bcd-bcc0-039b1d082a50	--Users-vito-.dsh-relay-mirrors--	v0	--Users-vito-.dsh-relay-mirrors--/session-a3ae096a-a367-4bcd-bcc0-039b1d082a50/session.jsonl.zstd	153726	false	unreadable:other	-	false
session-a4204635-0f55-4168-b50b-b8c783587dbb	--Users-vito-data-dev-dsh-plugins--	v0	--Users-vito-data-dev-dsh-plugins--/session-a4204635-0f55-4168-b50b-b8c783587dbb/session.jsonl.zstd	7867	true	readable	7	false
session-a437804e-fe7c-441b-991e-e2586a345fb9	--Users-vito-data-dev-dsh-plugins--	v0	--Users-vito-data-dev-dsh-plugins--/session-a437804e-fe7c-441b-991e-e2586a345fb9/session.jsonl.zstd	3845	true	readable	4	false
session-a484aa0b-4e0f-431b-9200-8f9c705d85d0	--Users-vito-data-dev-dsh-plugins--	v0	--Users-vito-data-dev-dsh-plugins--/session-a484aa0b-4e0f-431b-9200-8f9c705d85d0/session.jsonl.zstd	2071	true	readable	4	false
session-a4b7298f-797f-49d8-80c1-eee1499db074	--Users-vito-data-dev-dsh-plugins--	v0	--Users-vito-data-dev-dsh-plugins--/session-a4b7298f-797f-49d8-80c1-eee1499db074/session.jsonl.zstd	2068	true	readable	4	false
session-a5294243-3635-489f-8be5-9eb2733a1a06	--Users-vito-.dsh-relay-mirrors--	v0	--Users-vito-.dsh-relay-mirrors--/session-a5294243-3635-489f-8be5-9eb2733a1a06/session.jsonl.zstd	607658	false	unreadable:other	-	false
session-a544cc8d-c93e-49d0-b6bb-efa476258a5f	--Users-vito-data-dev-dsh-plugins--	v0	--Users-vito-data-dev-dsh-plugins--/session-a544cc8d-c93e-49d0-b6bb-efa476258a5f/session.jsonl.zstd	2293	true	readable	4	false
session-a56547ef-697c-4585-b6d7-1eddb60e9795	--Users-vito-.dsh-relay-mirrors--	v0	--Users-vito-.dsh-relay-mirrors--/session-a56547ef-697c-4585-b6d7-1eddb60e9795/session.jsonl.zstd	494	true	readable	5	false
session-a57a4869-105e-468f-baeb-6f3bc46e8b6e	--private-tmp-dsh-ticket06-ws3--	v3	--private-tmp-dsh-ticket06-ws3--/session-a57a4869-105e-468f-baeb-6f3bc46e8b6e/session.v3.jsonl.zstd	47183	true	readable	69	false
session-a632271f-a336-41e8-b14c-06a9c5f1c928	--Users-vito-data-dev-others--	v3	--Users-vito-data-dev-others--/session-a632271f-a336-41e8-b14c-06a9c5f1c928/session.v3.jsonl.zstd	186510	true	readable	149	false
session-a6382b87-4044-4742-8ce8-c04dbf7360ba	--Users-vito-data-dev-dsh-plugins--	v0	--Users-vito-data-dev-dsh-plugins--/session-a6382b87-4044-4742-8ce8-c04dbf7360ba/session.jsonl.zstd	2208	true	readable	5	false
session-a63deb9f-2ccc-42ca-bf1a-6028a529ae10	--private-tmp-dsh-tui-depcheck--	v0	--private-tmp-dsh-tui-depcheck--/session-a63deb9f-2ccc-42ca-bf1a-6028a529ae10/session.jsonl.zstd	378	true	readable	4	false
session-a6586cac-1a31-4934-afd6-c0b6338d7985	--Users-vito-data-dev-others--	v0	--Users-vito-data-dev-others--/session-a6586cac-1a31-4934-afd6-c0b6338d7985/session.jsonl.zstd	3957	true	readable	5	false
session-a68a4d5b-dd61-4967-a7f4-099c3db47cb9	--Users-vito-data-dev-dsh-plugins--	v0	--Users-vito-data-dev-dsh-plugins--/session-a68a4d5b-dd61-4967-a7f4-099c3db47cb9/session.jsonl.zstd	2291	true	readable	4	false
session-a69e6d65-1d1b-49e7-b65d-b4e42737e082	--Users-vito-data-dev-dsh-plugins--	v0	--Users-vito-data-dev-dsh-plugins--/session-a69e6d65-1d1b-49e7-b65d-b4e42737e082/session.jsonl.zstd	956213	true	readable	474	false
session-a6b1775f-d75b-4f38-93eb-d0ef01fb5ffa	--Users-vito-data-dev-dsh-relay--	v0	--Users-vito-data-dev-dsh-relay--/session-a6b1775f-d75b-4f38-93eb-d0ef01fb5ffa/session.jsonl.zstd	626	true	readable	7	false
session-a6e28012-9d1a-45e1-bcb9-3b24cda9b240	--Users-vito-data-dev-dsh-plugins--	v0	--Users-vito-data-dev-dsh-plugins--/session-a6e28012-9d1a-45e1-bcb9-3b24cda9b240/session.jsonl.zstd	2518	true	readable	5	false
session-a7639dd0-36cb-41bc-95f5-110d65ac0375	--Users-vito-data-dev-dsh-plugins--	v3	--Users-vito-data-dev-dsh-plugins--/session-a7639dd0-36cb-41bc-95f5-110d65ac0375/session.v3.jsonl.zstd	1263331	true	readable	1454	false
session-a764d93f-3bbf-409e-9971-e2bcdbee16b7	--Users-vito-data-dev-mumu--	v3	--Users-vito-data-dev-mumu--/session-a764d93f-3bbf-409e-9971-e2bcdbee16b7/session.v3.jsonl.zstd	514102	true	readable	321	false
session-a77d637f-a3ed-4462-bcbd-e1d2755ae7b2	--Users-vito--	v0	--Users-vito--/session-a77d637f-a3ed-4462-bcbd-e1d2755ae7b2/session.jsonl.zstd	1977	true	readable	5	false
session-a7ac260b-30c4-4b01-8f75-3bf6be713edc	--Users-vito-data-dev-dsh-plugins--	v0	--Users-vito-data-dev-dsh-plugins--/session-a7ac260b-30c4-4b01-8f75-3bf6be713edc/session.jsonl.zstd	2294	true	readable	4	false
session-a7ea1335-8e18-4c3b-942f-22484abc5456	--Users-vito-data-dev-dsh-plugins--	v0	--Users-vito-data-dev-dsh-plugins--/session-a7ea1335-8e18-4c3b-942f-22484abc5456/session.jsonl.zstd	2293	true	readable	4	false
session-a7f18435-b59c-4441-9db9-565792416f8e	--Users-vito-data-dev-dsh-plugins--	v3	--Users-vito-data-dev-dsh-plugins--/session-a7f18435-b59c-4441-9db9-565792416f8e/session.v3.jsonl.zstd	2253	true	readable	4	false
session-a801c3a1-d25d-4cfd-9396-f2cd0793d974	--Users-vito-.dsh-relay-mirrors--	v0	--Users-vito-.dsh-relay-mirrors--/session-a801c3a1-d25d-4cfd-9396-f2cd0793d974/session.jsonl.zstd	3657	false	unreadable:other	-	false
session-a8088184-0ea4-40b6-a4d2-ad933c007a15	--Users-vito-.dsh-relay-mirrors--	v0	--Users-vito-.dsh-relay-mirrors--/session-a8088184-0ea4-40b6-a4d2-ad933c007a15/session.jsonl.zstd	927	true	readable	12	false
session-a87fed6f-e166-4f7a-9a86-df7447ec22c6	--Users-vito-data-dev-dsh-plugins--	v3	--Users-vito-data-dev-dsh-plugins--/session-a87fed6f-e166-4f7a-9a86-df7447ec22c6/session.v3.jsonl.zstd	2623	true	readable	9	false
session-a89c8d34-9bd2-46c6-8986-1da0e7cefca8	--Users-vito-data-dev-dsh-plugins--	v0	--Users-vito-data-dev-dsh-plugins--/session-a89c8d34-9bd2-46c6-8986-1da0e7cefca8/session.jsonl.zstd	3525	true	readable	4	false
session-a8c0d1fd-cb99-4153-9c72-31d439747518	--Users-vito-data-dev-device-sim--	v0	--Users-vito-data-dev-device-sim--/session-a8c0d1fd-cb99-4153-9c72-31d439747518/session.jsonl.zstd	6121964	false	unreadable:other	-	false
session-a8c3453f-5fc2-4b9d-bfe2-4e52322fb344	--Users-vito-.dsh-relay-mirrors--	v0	--Users-vito-.dsh-relay-mirrors--/session-a8c3453f-5fc2-4b9d-bfe2-4e52322fb344/session.jsonl.zstd	366	true	readable	8	false
session-a9211fc5-f8b5-4a15-933d-2a3abe508b2e	--Users-vito-.dsh-relay-mirrors--	v0	--Users-vito-.dsh-relay-mirrors--/session-a9211fc5-f8b5-4a15-933d-2a3abe508b2e/session.jsonl.zstd	318	true	readable	3	false
session-a926f711-3d4d-4797-a8e5-0126f42e4515	--Users-vito-.dsh-relay-mirrors--	v0	--Users-vito-.dsh-relay-mirrors--/session-a926f711-3d4d-4797-a8e5-0126f42e4515/session.jsonl.zstd	471	true	readable	5	false
session-a97869c6-7c4d-4798-9cf3-877ed631bc21	--Users-vito-.dsh-relay-mirrors--	v0	--Users-vito-.dsh-relay-mirrors--/session-a97869c6-7c4d-4798-9cf3-877ed631bc21/session.jsonl.zstd	629	true	readable	7	false
session-aa81b176-7790-450a-ad6d-f49559006b6b	--Users-vito-.dsh-relay-mirrors--	v0	--Users-vito-.dsh-relay-mirrors--/session-aa81b176-7790-450a-ad6d-f49559006b6b/session.jsonl.zstd	959509	false	unreadable:other	-	false
session-aae53343-f3fa-47e3-8abc-68da403e12a5	--Users-vito-data-dev-dsh-plugins--	v0	--Users-vito-data-dev-dsh-plugins--/session-aae53343-f3fa-47e3-8abc-68da403e12a5/session.jsonl.zstd	2608	true	readable	5	false
session-ab432afe-7a10-4247-991c-d4cad2dd917d	--private-tmp-dsh-tui-depcheck--	v0	--private-tmp-dsh-tui-depcheck--/session-ab432afe-7a10-4247-991c-d4cad2dd917d/session.jsonl.zstd	12237	true	readable	18	false
session-ab4c9552-8938-4cba-9f1a-24b9a8ada830	--Users-vito-data-dev-llm-proxy--	v3	--Users-vito-data-dev-llm-proxy--/session-ab4c9552-8938-4cba-9f1a-24b9a8ada830/session.v3.jsonl.zstd	78660	true	readable	106	false
session-ac14e890-2713-4e69-b225-d9af3ec34251	--Users-vito-data-dev-dsh-plugins--	v0	--Users-vito-data-dev-dsh-plugins--/session-ac14e890-2713-4e69-b225-d9af3ec34251/session.jsonl.zstd	1195979	true	readable	2362	false
session-ac1c578f-73fa-4c50-b323-d12808fe22f2	--Users-vito-data-dev-dsh-plugins--	v3	--Users-vito-data-dev-dsh-plugins--/session-ac1c578f-73fa-4c50-b323-d12808fe22f2/session.v3.jsonl.zstd	1613568	true	readable	1792	true
session-ac51d1a5-ecb9-42d6-bc10-4a64953207af	--Users-vito-data-dev-others--	v0	--Users-vito-data-dev-others--/session-ac51d1a5-ecb9-42d6-bc10-4a64953207af/session.jsonl.zstd	471	true	readable	5	false
session-ac5a5e3c-88ac-4db4-863e-327330434d37	--Users-vito-.dsh-relay-mirrors--	v0	--Users-vito-.dsh-relay-mirrors--/session-ac5a5e3c-88ac-4db4-863e-327330434d37/session.jsonl.zstd	318	true	readable	3	false
session-ac5bd686-a7ba-44d0-a463-fc27c3b1ec0a	--Users-vito-.dsh-relay-mirrors--	v0	--Users-vito-.dsh-relay-mirrors--/session-ac5bd686-a7ba-44d0-a463-fc27c3b1ec0a/session.jsonl.zstd	321	true	readable	3	false
session-acba1770-7b91-4858-b919-80cd1dd0c43e	--Users-vito-data-dev-mumu--	v3	--Users-vito-data-dev-mumu--/session-acba1770-7b91-4858-b919-80cd1dd0c43e/session.v3.jsonl.zstd	737557	true	readable	601	false
session-acf971e9-8d4a-4c18-a488-cc90f7b52b2d	--Users-vito-data-dev-dsh-plugins--	v0	--Users-vito-data-dev-dsh-plugins--/session-acf971e9-8d4a-4c18-a488-cc90f7b52b2d/session.jsonl.zstd	1994981	true	readable	1473	false
session-ad44082b-05b4-47c6-9480-0f9daef9e523	--Users-vito-data-dev-dsh-plugins--	v3	--Users-vito-data-dev-dsh-plugins--/session-ad44082b-05b4-47c6-9480-0f9daef9e523/session.v3.jsonl.zstd	462972	true	readable	508	true
session-ae28c74f-8005-47d8-a58f-c56dd19a04d8	--Users-vito-data-dev-dsh-plugins--	v0	--Users-vito-data-dev-dsh-plugins--/session-ae28c74f-8005-47d8-a58f-c56dd19a04d8/session.jsonl.zstd	3426	true	readable	4	false
session-ae714135-01ac-4c13-9bf8-38bb835ea089	--Users-vito-.dsh-relay-mirrors--	v0	--Users-vito-.dsh-relay-mirrors--/session-ae714135-01ac-4c13-9bf8-38bb835ea089/session.jsonl.zstd	290186	false	unreadable:other	-	false
session-ae7b815d-88c6-4450-b644-ad36442bffe9	--Users-vito-data-dev-others--	v0	--Users-vito-data-dev-others--/session-ae7b815d-88c6-4450-b644-ad36442bffe9/session.jsonl.zstd	111740	true	readable	84	false
session-aebc6e9c-577b-4a47-b08d-2f3c154888cf	--Users-vito--	v3	--Users-vito--/session-aebc6e9c-577b-4a47-b08d-2f3c154888cf/session.v3.jsonl.zstd	1968	true	readable	6	false
session-aec20a92-8d5d-4acb-9ec2-c6761e4de054	--Users-vito-data-dev-dsh-plugins--	v0	--Users-vito-data-dev-dsh-plugins--/session-aec20a92-8d5d-4acb-9ec2-c6761e4de054/session.jsonl.zstd	902311	true	readable	608	false
session-af0ceb6a-6472-4896-9d39-3d480abb5103	--Users-vito-data-dev-dsh-relay--	v0	--Users-vito-data-dev-dsh-relay--/session-af0ceb6a-6472-4896-9d39-3d480abb5103/session.jsonl.zstd	7416749	true	readable	6093	false
session-af3cf883-40db-4f46-9360-58334d11eded	--Users-vito-data-dev-others--	v0	--Users-vito-data-dev-others--/session-af3cf883-40db-4f46-9360-58334d11eded/session.jsonl.zstd	3887	true	readable	5	false
session-af5b6571-2bc3-42ff-9325-d1e23a7b3c78	--Users-vito-data-dev-web3-api_auto--	v0	--Users-vito-data-dev-web3-api_auto--/session-af5b6571-2bc3-42ff-9325-d1e23a7b3c78/session.jsonl.zstd	1992	true	readable	5	false
session-af5dfef1-01ee-44ce-a53d-abba022b604c	--Users-vito-data-dev-mumu--	v3	--Users-vito-data-dev-mumu--/session-af5dfef1-01ee-44ce-a53d-abba022b604c/session.v3.jsonl.zstd	1411252	true	readable	1295	false
session-af93d98c-154e-40a3-b354-3ad586ae7dbd	--Users-vito-data-dev-dsh-plugins--	v0	--Users-vito-data-dev-dsh-plugins--/session-af93d98c-154e-40a3-b354-3ad586ae7dbd/session.jsonl.zstd	959160	true	readable	1941	false
session-afd68297-6e7d-473d-a315-9aa529585b6e	--Users-vito-.dsh-relay-mirrors--	v0	--Users-vito-.dsh-relay-mirrors--/session-afd68297-6e7d-473d-a315-9aa529585b6e/session.jsonl.zstd	130819	false	unreadable:other	-	false
session-b0260cef-44ab-427b-ada4-aee1c0702ec5	--Users-vito-data-dev-others--	v3	--Users-vito-data-dev-others--/session-b0260cef-44ab-427b-ada4-aee1c0702ec5/session.v3.jsonl.zstd	189780	true	readable	158	false
session-b034a131-d3ab-4ebf-9f08-8263fdbcc76a	--Users-vito-data-dev-dsh-relay--	v0	--Users-vito-data-dev-dsh-relay--/session-b034a131-d3ab-4ebf-9f08-8263fdbcc76a/session.jsonl.zstd	5947	true	readable	6	false
session-b036a9be-a552-46ed-b17e-9c9f09782a29	--Users-vito-.dsh-relay-mirrors--	v0	--Users-vito-.dsh-relay-mirrors--/session-b036a9be-a552-46ed-b17e-9c9f09782a29/session.jsonl.zstd	649	true	readable	7	false
session-b037abf1-e65e-4319-962f-9ad09c16465c	--Users-vito-data-dev-endless-dsh--	v0	--Users-vito-data-dev-endless-dsh--/session-b037abf1-e65e-4319-962f-9ad09c16465c/session.jsonl.zstd	305827	true	readable	223	false
session-b06a9552-9774-492c-99dd-363efcb7b86e	--Users-vito-data-dev-others--	v0	--Users-vito-data-dev-others--/session-b06a9552-9774-492c-99dd-363efcb7b86e/session.jsonl.zstd	466	true	readable	5	false
session-b098a765-47a4-4b6b-a123-1a12524b1e95	--Users-vito-.dsh-relay-mirrors--	v0	--Users-vito-.dsh-relay-mirrors--/session-b098a765-47a4-4b6b-a123-1a12524b1e95/session.jsonl.zstd	19661	false	unreadable:other	-	false
session-b0e64c7b-ab81-4fc2-97a7-a0fd3ce06bb1	--Users-vito-.dsh-relay-mirrors--	v0	--Users-vito-.dsh-relay-mirrors--/session-b0e64c7b-ab81-4fc2-97a7-a0fd3ce06bb1/session.jsonl.zstd	4057305	false	unreadable:other	-	false
session-b12c470c-c599-418f-a084-5b294bbe42e7	--Users-vito-.dsh-relay-mirrors--	v0	--Users-vito-.dsh-relay-mirrors--/session-b12c470c-c599-418f-a084-5b294bbe42e7/session.jsonl.zstd	345099	false	unreadable:other	-	false
session-b149912a-338b-40bf-a2d1-8ab3a2a61d76	--Users-vito-data-dev-others--	v0	--Users-vito-data-dev-others--/session-b149912a-338b-40bf-a2d1-8ab3a2a61d76/session.jsonl.zstd	1279345	true	readable	1898	false
session-b1f40bac-f0b0-4ebe-9923-3e8d8b7f71e8	--Users-vito-data-dev-dsh-plugins--	v0	--Users-vito-data-dev-dsh-plugins--/session-b1f40bac-f0b0-4ebe-9923-3e8d8b7f71e8/session.jsonl.zstd	3526	true	readable	4	false
session-b20637a2-7d84-4b74-adfa-f1ed8b8a2d6b	--Users-vito-data-dev-others--	v0	--Users-vito-data-dev-others--/session-b20637a2-7d84-4b74-adfa-f1ed8b8a2d6b/session.jsonl.zstd	68460	false	unreadable:other	-	false
session-b27f76c5-8d34-4add-a750-31a67b205b99	--Users-vito-data-dev-dsh-plugins--	v0	--Users-vito-data-dev-dsh-plugins--/session-b27f76c5-8d34-4add-a750-31a67b205b99/session.jsonl.zstd	2074	true	readable	4	false
session-b2d38468-69c6-47ba-aebf-1299a4788270	--Users-vito-data-dev-mumu--	v3	--Users-vito-data-dev-mumu--/session-b2d38468-69c6-47ba-aebf-1299a4788270/session.v3.jsonl.zstd	2663	true	readable	6	false
session-b2d76681-51f5-4a7e-96ca-f9c5afbae98d	--Users-vito-data-dev-dsh-relay--	v0	--Users-vito-data-dev-dsh-relay--/session-b2d76681-51f5-4a7e-96ca-f9c5afbae98d/session.jsonl.zstd	1609038	true	readable	496	false
session-b343bdb3-e496-4bc9-aebd-3ba9f2acd20a	--Users-vito-.dsh-relay-mirrors--	v0	--Users-vito-.dsh-relay-mirrors--/session-b343bdb3-e496-4bc9-aebd-3ba9f2acd20a/session.jsonl.zstd	471	true	readable	6	false
session-b36fcc5a-c478-48c4-8e22-f2fcdca537e0	--Users-vito-.dsh-relay-mirrors--	v0	--Users-vito-.dsh-relay-mirrors--/session-b36fcc5a-c478-48c4-8e22-f2fcdca537e0/session.jsonl.zstd	315	true	readable	3	false
session-b37192fc-9615-40d1-802e-5cde9d924042	--Users-vito-data-dev-others--	v0	--Users-vito-data-dev-others--/session-b37192fc-9615-40d1-802e-5cde9d924042/session.jsonl.zstd	470	true	readable	5	false
session-b3770a78-1c9a-4d32-9ea1-e0f967982d8a	--Users-vito-data-dev-others--	v0	--Users-vito-data-dev-others--/session-b3770a78-1c9a-4d32-9ea1-e0f967982d8a/session.jsonl.zstd	1351442	true	readable	976	false
session-b3798e72-27e2-4aed-821f-de22f18919f3	--Users-vito-data-dev-dsh-plugins--	v0	--Users-vito-data-dev-dsh-plugins--/session-b3798e72-27e2-4aed-821f-de22f18919f3/session.jsonl.zstd	2004	true	readable	5	false
session-b37d9389-b093-4473-81b2-4e3138c5cc01	--Users-vito-.dsh-relay-mirrors--	v0	--Users-vito-.dsh-relay-mirrors--/session-b37d9389-b093-4473-81b2-4e3138c5cc01/session.jsonl.zstd	322	true	readable	3	false
session-b3bbbec6-d988-4605-94b9-112e6934ef41	--Users-vito-data-dev-others--	v0	--Users-vito-data-dev-others--/session-b3bbbec6-d988-4605-94b9-112e6934ef41/session.jsonl.zstd	475	true	readable	5	false
session-b3f7c3a1-30c3-4910-8b81-5e005f97f2ab	--Users-vito-.dsh-relay-mirrors--	v0	--Users-vito-.dsh-relay-mirrors--/session-b3f7c3a1-30c3-4910-8b81-5e005f97f2ab/session.jsonl.zstd	241977	false	unreadable:other	-	false
session-b40912ed-b032-4ef2-b9b2-4ed8a63045de	--Users-vito-.dsh-relay-mirrors--	v0	--Users-vito-.dsh-relay-mirrors--/session-b40912ed-b032-4ef2-b9b2-4ed8a63045de/session.jsonl.zstd	631	true	readable	7	false
session-b4165a45-bccf-4a99-85f4-9ae21fd34041	--Users-vito-data-dev-dsh-plugins--	v0	--Users-vito-data-dev-dsh-plugins--/session-b4165a45-bccf-4a99-85f4-9ae21fd34041/session.jsonl.zstd	2070562	true	readable	1159	false
session-b4732ebc-41dd-4f79-ac16-7dbab810873c	--Users-vito-data-dev-others--	v3	--Users-vito-data-dev-others--/session-b4732ebc-41dd-4f79-ac16-7dbab810873c/session.v3.jsonl.zstd	2451	true	readable	5	false
session-b4f40e36-a0f4-43b5-92ad-99724d44ad60	--Users-vito-data-dev-dsh-plugins--	v0	--Users-vito-data-dev-dsh-plugins--/session-b4f40e36-a0f4-43b5-92ad-99724d44ad60/session.jsonl.zstd	3426	true	readable	4	false
session-b4f90ace-921e-4654-9843-c4c8948c3623	--Users-vito-data-dev-dsh-plugins--	v0	--Users-vito-data-dev-dsh-plugins--/session-b4f90ace-921e-4654-9843-c4c8948c3623/session.jsonl.zstd	1998	true	readable	5	false
session-b55307bc-2d74-474e-9e57-dfb7c974a7ca	--Users-vito-data-dev-others--	v0	--Users-vito-data-dev-others--/session-b55307bc-2d74-474e-9e57-dfb7c974a7ca/session.jsonl.zstd	466	true	readable	5	false
session-b55402d5-d196-4233-9cfe-6c7058ea0f61	--Users-vito-.dsh-relay-mirrors--	v0	--Users-vito-.dsh-relay-mirrors--/session-b55402d5-d196-4233-9cfe-6c7058ea0f61/session.jsonl.zstd	11545	false	unreadable:other	-	false
session-b6060d03-8b47-43d7-8a87-c67dcd1ab93d	--Users-vito-data-dev-dsh-plugins--	v0	--Users-vito-data-dev-dsh-plugins--/session-b6060d03-8b47-43d7-8a87-c67dcd1ab93d/session.jsonl.zstd	338048	true	readable	252	false
session-b60c3b60-78f1-4a02-9b2e-7552f056a009	--Users-vito-data-dev-dsh-plugins--	v0	--Users-vito-data-dev-dsh-plugins--/session-b60c3b60-78f1-4a02-9b2e-7552f056a009/session.jsonl.zstd	1933	true	readable	4	false
session-b6275d64-102e-40ca-921d-1243a228d51f	--Users-vito-data-dev-dsh-plugins--	v3	--Users-vito-data-dev-dsh-plugins--/session-b6275d64-102e-40ca-921d-1243a228d51f/session.v3.jsonl.zstd	1852793	true	readable	1711	true
session-b62767cf-632b-4da9-89c7-3e013d0bca52	--Users-vito-data-dev-others--	v0	--Users-vito-data-dev-others--/session-b62767cf-632b-4da9-89c7-3e013d0bca52/session.jsonl.zstd	316	true	readable	3	false
session-b6555d93-fffa-4b4b-89aa-ae277d5adda3	--Users-vito-data-dev-dsh-plugins--	v3	--Users-vito-data-dev-dsh-plugins--/session-b6555d93-fffa-4b4b-89aa-ae277d5adda3/session.v3.jsonl.zstd	1237821	true	readable	923	true
session-b65dec48-fd6e-434a-9006-52f8188ad1bb	--Users-vito-data-dev-mumu--	v3	--Users-vito-data-dev-mumu--/session-b65dec48-fd6e-434a-9006-52f8188ad1bb/session.v3.jsonl.zstd	1622117	true	readable	1510	false
session-b665faf9-45b8-4ef4-8617-10cc831eb554	--Users-vito-data-dev-others--	v3	--Users-vito-data-dev-others--/session-b665faf9-45b8-4ef4-8617-10cc831eb554/session.v3.jsonl.zstd	2968	true	readable	10	false
session-b73e0928-4ef9-4f90-a25d-cf059b84f03d	--Users-vito-.dsh-relay-mirrors--	v0	--Users-vito-.dsh-relay-mirrors--/session-b73e0928-4ef9-4f90-a25d-cf059b84f03d/session.jsonl.zstd	116381	false	unreadable:other	-	false
session-b7732800-0764-4f05-9dec-06330e435a82	--Users-vito-.dsh-relay-mirrors--	v0	--Users-vito-.dsh-relay-mirrors--/session-b7732800-0764-4f05-9dec-06330e435a82/session.jsonl.zstd	573211	false	unreadable:other	-	false
session-b817d5eb-be0e-407c-9ad3-b6f7010aaed5	--Users-vito-data-dev-dsh-plugins--	v0	--Users-vito-data-dev-dsh-plugins--/session-b817d5eb-be0e-407c-9ad3-b6f7010aaed5/session.jsonl.zstd	2210	true	readable	5	false
session-b893967f-5686-44da-9579-27d24bbe1fe1	--Users-vito-.dsh-relay-mirrors--	v0	--Users-vito-.dsh-relay-mirrors--/session-b893967f-5686-44da-9579-27d24bbe1fe1/session.jsonl.zstd	1262830	false	unreadable:other	-	false
session-b9049a00-d47b-4864-b997-bd8691070c00	--Users-vito-data-dev-dsh-plugins--	v0	--Users-vito-data-dev-dsh-plugins--/session-b9049a00-d47b-4864-b997-bd8691070c00/session.jsonl.zstd	2067	true	readable	5	false
session-b90e1b9e-96df-4749-90f7-00602ce070b2	--Users-vito-data-dev-others--	v3	--Users-vito-data-dev-others--/session-b90e1b9e-96df-4749-90f7-00602ce070b2/session.v3.jsonl.zstd	2495	true	readable	6	false
session-b95ac170-e599-4d8e-b2bf-5837306583ac	--Users-vito-data-dev-others--	v0	--Users-vito-data-dev-others--/session-b95ac170-e599-4d8e-b2bf-5837306583ac/session.jsonl.zstd	472	true	readable	5	false
session-b9a6719e-a859-4dd1-8c20-c9d5044990ea	--Users-vito-data-dev-dsh-plugins--	v3	--Users-vito-data-dev-dsh-plugins--/session-b9a6719e-a859-4dd1-8c20-c9d5044990ea/session.v3.jsonl.zstd	1103318	true	readable	499	false
session-ba1060f3-3cba-410f-8369-6130cb859b58	--Users-vito-data-dev-dsh-relay--	v0	--Users-vito-data-dev-dsh-relay--/session-ba1060f3-3cba-410f-8369-6130cb859b58/session.jsonl.zstd	473	true	readable	5	false
session-ba4e4402-7d88-4e2a-802d-0f867ae1c241	--Users-vito-.dsh-relay-mirrors--	v0	--Users-vito-.dsh-relay-mirrors--/session-ba4e4402-7d88-4e2a-802d-0f867ae1c241/session.jsonl.zstd	288855	false	unreadable:other	-	false
session-ba92942c-b611-4b70-81ea-3d48e332df71	--Users-vito-data-dev-dsh-relay--	v0	--Users-vito-data-dev-dsh-relay--/session-ba92942c-b611-4b70-81ea-3d48e332df71/session.jsonl.zstd	473	true	readable	5	false
session-bb7b5fb6-76a5-47c0-88f7-5122503df879	--Users-vito-data-dev-dsh-plugins--	v0	--Users-vito-data-dev-dsh-plugins--/session-bb7b5fb6-76a5-47c0-88f7-5122503df879/session.jsonl.zstd	1727708	true	readable	1025	false
session-bc8abfc9-e288-4bde-9014-ed4c5f7ddf79	--Users-vito-data-dev-dsh-relay--	v0	--Users-vito-data-dev-dsh-relay--/session-bc8abfc9-e288-4bde-9014-ed4c5f7ddf79/session.jsonl.zstd	467	true	readable	5	false
session-bd86d0ee-efc7-4d8e-871f-85ced3fa8bc9	--Users-vito-.dsh-relay-mirrors--	v0	--Users-vito-.dsh-relay-mirrors--/session-bd86d0ee-efc7-4d8e-871f-85ced3fa8bc9/session.jsonl.zstd	11546	false	unreadable:other	-	false
session-bdc08d64-0a3d-4519-bf01-c01aab1215f6	--Users-vito-data-dev-dsh-endless--	v3	--Users-vito-data-dev-dsh-endless--/session-bdc08d64-0a3d-4519-bf01-c01aab1215f6/session.v3.jsonl.zstd	2578	true	readable	5	false
session-bdd8c0f5-2589-4019-b4e9-407c521a2d5b	--Users-vito-.dsh-relay-mirrors--	v0	--Users-vito-.dsh-relay-mirrors--/session-bdd8c0f5-2589-4019-b4e9-407c521a2d5b/session.jsonl.zstd	477	true	readable	6	false
session-be26e8f7-b92e-4b31-a310-935b93c1723a	--Users-vito-data-dev-dsh-plugins--	v0	--Users-vito-data-dev-dsh-plugins--/session-be26e8f7-b92e-4b31-a310-935b93c1723a/session.jsonl.zstd	838501	true	readable	799	false
session-be55e046-7a38-4295-bcff-a135cd9ac5d5	--Users-vito-data-dev-others--	v0	--Users-vito-data-dev-others--/session-be55e046-7a38-4295-bcff-a135cd9ac5d5/session.jsonl.zstd	186491	true	readable	126	false
session-bf310264-d5a0-419b-8b74-afb12602b7d0	--Users-vito-.dsh-relay-mirrors--	v0	--Users-vito-.dsh-relay-mirrors--/session-bf310264-d5a0-419b-8b74-afb12602b7d0/session.jsonl.zstd	37846	false	unreadable:other	-	false
session-bf413258-2cf9-4e62-ab0f-1fd348730a96	--Users-vito-data-dev-dsh-plugins--	v0	--Users-vito-data-dev-dsh-plugins--/session-bf413258-2cf9-4e62-ab0f-1fd348730a96/session.jsonl.zstd	1212275	true	readable	2516	false
session-bf5c868c-fda8-4794-85b0-b47952871929	--Users-vito-.dsh-relay-mirrors--	v0	--Users-vito-.dsh-relay-mirrors--/session-bf5c868c-fda8-4794-85b0-b47952871929/session.jsonl.zstd	322	true	readable	3	false
session-bfe4c6f9-b598-4d68-bcd9-4b22f1b0ad49	--Users-vito-.dsh-relay-mirrors--	v0	--Users-vito-.dsh-relay-mirrors--/session-bfe4c6f9-b598-4d68-bcd9-4b22f1b0ad49/session.jsonl.zstd	3785	false	unreadable:other	-	false
session-c08aed0f-9601-4b75-a278-6c58c2b5f00d	--Users-vito-data-dev-dsh-plugins--	v0	--Users-vito-data-dev-dsh-plugins--/session-c08aed0f-9601-4b75-a278-6c58c2b5f00d/session.jsonl.zstd	2070	true	readable	5	false
session-c09af248-7ca6-4173-91ed-076fd8c07fe8	--Users-vito-data-dev-dsh-endless--	v0	--Users-vito-data-dev-dsh-endless--/session-c09af248-7ca6-4173-91ed-076fd8c07fe8/session.jsonl.zstd	551701	true	readable	420	false
session-c0af93b8-1cc1-41c0-9be1-f602f7194339	--Users-vito-data-dev-dsh-plugins--	v0	--Users-vito-data-dev-dsh-plugins--/session-c0af93b8-1cc1-41c0-9be1-f602f7194339/session.jsonl.zstd	3451	true	readable	4	false
session-c123d415-8954-4866-a190-75e37308b139	--Users-vito-data-dev-dsh-plugins--	v3	--Users-vito-data-dev-dsh-plugins--/session-c123d415-8954-4866-a190-75e37308b139/session.v3.jsonl.zstd	495287	true	readable	281	false
session-c12fad77-63a1-4927-9cc7-00ef3a46dbad	--Users-vito-Downloads-abc--	v3	--Users-vito-Downloads-abc--/session-c12fad77-63a1-4927-9cc7-00ef3a46dbad/session.v3.jsonl.zstd	114951	true	readable	75	false
session-c1607509-7b7a-4ad3-9250-2f7181aca25f	--Users-vito-data-dev-mumu--	v3	--Users-vito-data-dev-mumu--/session-c1607509-7b7a-4ad3-9250-2f7181aca25f/session.v3.jsonl.zstd	728134	true	readable	321	false
session-c1d0df92-43eb-44d7-917e-3ff26028df49	--Users-vito-.dsh-relay-mirrors--	v0	--Users-vito-.dsh-relay-mirrors--/session-c1d0df92-43eb-44d7-917e-3ff26028df49/session.jsonl.zstd	2476517	false	unreadable:other	-	false
session-c29abdc7-ec26-491c-9b58-0346e0f8c6bf	--Users-vito-data-dev-mumu--	v3	--Users-vito-data-dev-mumu--/session-c29abdc7-ec26-491c-9b58-0346e0f8c6bf/session.v3.jsonl.zstd	2335505	true	readable	2351	false
session-c2dc3e36-8a75-439d-af4c-a961b9e61bbe	--Users-vito-data-dev-dsh-plugins--	v0	--Users-vito-data-dev-dsh-plugins--/session-c2dc3e36-8a75-439d-af4c-a961b9e61bbe/session.jsonl.zstd	254498	true	readable	258	false
session-c33a2e72-34dc-450d-a6ee-c3caa819a85d	--Users-vito-.dsh-relay-mirrors--	v0	--Users-vito-.dsh-relay-mirrors--/session-c33a2e72-34dc-450d-a6ee-c3caa819a85d/session.jsonl.zstd	166663	false	unreadable:other	-	false
session-c379c9d0-dfd8-40a5-9988-d697dd5ed8c3	--Users-vito-.dsh-relay-mirrors--	v0	--Users-vito-.dsh-relay-mirrors--/session-c379c9d0-dfd8-40a5-9988-d697dd5ed8c3/session.jsonl.zstd	20204	false	unreadable:other	-	false
session-c3931b27-176e-4ec8-8cbc-ce9b97b58d8f	--Users-vito-data-dev-mumu--	v3	--Users-vito-data-dev-mumu--/session-c3931b27-176e-4ec8-8cbc-ce9b97b58d8f/session.v3.jsonl.zstd	1493209	true	readable	1576	false
session-c3ad648f-a23f-468e-a2b7-14b157d9c51c	--Users-vito-data-dev-others--	v0	--Users-vito-data-dev-others--/session-c3ad648f-a23f-468e-a2b7-14b157d9c51c/session.jsonl.zstd	778	true	readable	9	false
session-c42dab25-1de7-40bf-829c-448870e21f92	--Users-vito-data-dev-dsh-plugins--	v0	--Users-vito-data-dev-dsh-plugins--/session-c42dab25-1de7-40bf-829c-448870e21f92/session.jsonl.zstd	334089	true	readable	195	false
session-c436977c-a696-4ae0-b06f-17d798c04d4d	--Users-vito-data-dev-dsh-plugins--	v0	--Users-vito-data-dev-dsh-plugins--/session-c436977c-a696-4ae0-b06f-17d798c04d4d/session.jsonl.zstd	2292	true	readable	5	false
session-c48ba137-3bce-4e2a-9858-ce074430e432	--Users-vito-data-dev-dsh-plugins--	v0	--Users-vito-data-dev-dsh-plugins--/session-c48ba137-3bce-4e2a-9858-ce074430e432/session.jsonl.zstd	3972	true	readable	5	false
session-c4ef4da2-7dca-4a1b-8208-c73d6261f14a	--Users-vito-data-dev-dsh-plugins--	v0	--Users-vito-data-dev-dsh-plugins--/session-c4ef4da2-7dca-4a1b-8208-c73d6261f14a/session.jsonl.zstd	3841	true	readable	4	false
session-c503bfcd-196a-4eb2-89de-6791bf73e204	--Users-vito-data-dev-dsh-relay--	v0	--Users-vito-data-dev-dsh-relay--/session-c503bfcd-196a-4eb2-89de-6791bf73e204/session.jsonl.zstd	1229616	true	readable	324	false
session-c508e04b-8626-4742-8e09-119181b59f02	--private-tmp-dsh-ticket06-ws2--	v3	--private-tmp-dsh-ticket06-ws2--/session-c508e04b-8626-4742-8e09-119181b59f02/session.v3.jsonl.zstd	68258	true	readable	108	false
session-c51d9106-540e-4d7d-8ddc-619d7006dc68	--Users-vito-data-dev-device-sim--	v0	--Users-vito-data-dev-device-sim--/session-c51d9106-540e-4d7d-8ddc-619d7006dc68/session.jsonl.zstd	3336	true	readable	4	false
session-c594222b-5d07-4e95-8957-9807c04acf0c	--Users-vito-data-dev-others--	v3	--Users-vito-data-dev-others--/session-c594222b-5d07-4e95-8957-9807c04acf0c/session.v3.jsonl.zstd	325095	true	readable	275	false
session-c71eab49-7e92-4b97-9e00-a01ab77ef6cf	--Users-vito-.dsh-relay-mirrors--	v0	--Users-vito-.dsh-relay-mirrors--/session-c71eab49-7e92-4b97-9e00-a01ab77ef6cf/session.jsonl.zstd	230149	false	unreadable:other	-	false
session-c85211d4-295f-467c-9220-5854b4b392aa	--Users-vito-.dsh-relay-mirrors--	v0	--Users-vito-.dsh-relay-mirrors--/session-c85211d4-295f-467c-9220-5854b4b392aa/session.jsonl.zstd	320	true	readable	3	false
session-c85ee989-622e-4e06-832b-535144655d97	--Users-vito-data-dev-others--	v3	--Users-vito-data-dev-others--/session-c85ee989-622e-4e06-832b-535144655d97/session.v3.jsonl.zstd	940309	true	readable	1191	false
session-c8760237-c0c2-45c6-a892-ac01222b66af	--Users-vito-data-dev-mumu--	v3	--Users-vito-data-dev-mumu--/session-c8760237-c0c2-45c6-a892-ac01222b66af/session.v3.jsonl.zstd	2527	true	readable	5	false
session-c8adfbf1-9191-4998-a3e7-4fc4bb89ea8e	--Users-vito-data-dev-others--	v0	--Users-vito-data-dev-others--/session-c8adfbf1-9191-4998-a3e7-4fc4bb89ea8e/session.jsonl.zstd	159582	true	readable	216	false
session-c8b972a9-c632-4f1a-8900-16132c4609b3	--Users-vito-data-dev-dsh-plugins--	v0	--Users-vito-data-dev-dsh-plugins--/session-c8b972a9-c632-4f1a-8900-16132c4609b3/session.jsonl.zstd	2376	true	readable	5	false
session-c8cd0aa9-c089-4a3c-b595-543d159109db	--Users-vito-data-dev-dsh-plugins--	v0	--Users-vito-data-dev-dsh-plugins--/session-c8cd0aa9-c089-4a3c-b595-543d159109db/session.jsonl.zstd	3450	true	readable	4	false
session-c904b69b-0fb7-4273-9498-a68a99b1a3a1	--Users-vito-.dsh-relay-mirrors--	v0	--Users-vito-.dsh-relay-mirrors--/session-c904b69b-0fb7-4273-9498-a68a99b1a3a1/session.jsonl.zstd	321	true	readable	3	false
session-c95547ce-7e4d-4f07-a0c3-86ca9da5b8e8	--Users-vito-.dsh-relay-mirrors--	v0	--Users-vito-.dsh-relay-mirrors--/session-c95547ce-7e4d-4f07-a0c3-86ca9da5b8e8/session.jsonl.zstd	622	true	readable	7	false
session-c9a1f541-bb1b-4980-a9bb-fb299bd60da5	--Users-vito-Downloads-typesafe.ai--	v3	--Users-vito-Downloads-typesafe.ai--/session-c9a1f541-bb1b-4980-a9bb-fb299bd60da5/session.v3.jsonl.zstd	564089	true	readable	463	false
session-c9fc8789-e4d7-4cbb-86aa-2ef219832a76	--Users-vito-data-dev-dsh-plugins--	v0	--Users-vito-data-dev-dsh-plugins--/session-c9fc8789-e4d7-4cbb-86aa-2ef219832a76/session.jsonl.zstd	2314	true	readable	6	false
session-ca17a44e-1dec-46c4-a8d8-27afce03dcfe	--Users-vito-data-dev-others--	v0	--Users-vito-data-dev-others--/session-ca17a44e-1dec-46c4-a8d8-27afce03dcfe/session.jsonl.zstd	3662	true	readable	5	false
session-ca51bcb8-5295-45d4-9950-9d293bc89cd1	--Users-vito-data-dev-mumu--	v3	--Users-vito-data-dev-mumu--/session-ca51bcb8-5295-45d4-9950-9d293bc89cd1/session.v3.jsonl.zstd	2071070	true	readable	1824	false
session-ca942f57-036c-47c4-93de-b3ed818e1321	--Users-vito-data-dev-others--	v0	--Users-vito-data-dev-others--/session-ca942f57-036c-47c4-93de-b3ed818e1321/session.jsonl.zstd	468	true	readable	5	false
session-cb130c2c-5fa4-4bf6-8e1f-0e91f03095e3	--Users-vito-.dsh-relay-mirrors--	v0	--Users-vito-.dsh-relay-mirrors--/session-cb130c2c-5fa4-4bf6-8e1f-0e91f03095e3/session.jsonl.zstd	816	true	readable	9	false
session-cca924a2-c7d8-4a60-9e85-8835119ae394	--Users-vito-.dsh-relay-mirrors--	v0	--Users-vito-.dsh-relay-mirrors--/session-cca924a2-c7d8-4a60-9e85-8835119ae394/session.jsonl.zstd	935	false	unreadable:other	-	false
session-ccdf5690-ffe2-408d-8398-fc826108ca94	--Users-vito-.dsh-relay-mirrors--	v0	--Users-vito-.dsh-relay-mirrors--/session-ccdf5690-ffe2-408d-8398-fc826108ca94/session.jsonl.zstd	136919	false	unreadable:other	-	false
session-cda6a732-9126-4cf6-aafa-5eb556b6c09e	--Users-vito-.dsh-relay-mirrors--	v0	--Users-vito-.dsh-relay-mirrors--/session-cda6a732-9126-4cf6-aafa-5eb556b6c09e/session.jsonl.zstd	623	true	readable	7	false
session-ce470dbc-6bcb-400d-b743-bcfdc75af1ca	--Users-vito-data-dev-dsh-plugins--	v0	--Users-vito-data-dev-dsh-plugins--/session-ce470dbc-6bcb-400d-b743-bcfdc75af1ca/session.jsonl.zstd	2065	true	readable	5	false
session-ce4cc8b0-555b-44e1-a0d2-de3b555e35d9	--Users-vito-data-dev-dsh-plugins--	v0	--Users-vito-data-dev-dsh-plugins--/session-ce4cc8b0-555b-44e1-a0d2-de3b555e35d9/session.jsonl.zstd	4099	true	readable	5	false
session-cf0c8584-6799-4af5-b136-43ef7df22835	--Users-vito-data-dev-mumu--	v3	--Users-vito-data-dev-mumu--/session-cf0c8584-6799-4af5-b136-43ef7df22835/session.v3.jsonl.zstd	1241123	true	readable	1075	false
session-cf26412f-310a-49f9-888c-e364718111bc	--private-tmp-dsh-tui-depcheck--	v0	--private-tmp-dsh-tui-depcheck--/session-cf26412f-310a-49f9-888c-e364718111bc/session.jsonl.zstd	297	true	readable	3	false
session-cf373dd1-f957-4a3f-847f-3a3e02230ef9	--Users-vito-data-dev-dsh-relay--	v0	--Users-vito-data-dev-dsh-relay--/session-cf373dd1-f957-4a3f-847f-3a3e02230ef9/session.jsonl.zstd	479	true	readable	5	false
session-cf7b53a9-7509-48fe-bb4e-39773bb6ed46	--Users-vito-data-dev-endless-dsh--	v0	--Users-vito-data-dev-endless-dsh--/session-cf7b53a9-7509-48fe-bb4e-39773bb6ed46/session.jsonl.zstd	7591	true	readable	7	false
session-cf939732-538b-407f-b962-246a6aa7e9a3	--Users-vito-data-dev-others--	v0	--Users-vito-data-dev-others--/session-cf939732-538b-407f-b962-246a6aa7e9a3/session.jsonl.zstd	911864	false	unreadable:other	-	false
session-d00b360d-5ba0-4a14-9f62-56ab333c8b63	--Users-vito-data-dev-mumu--	v3	--Users-vito-data-dev-mumu--/session-d00b360d-5ba0-4a14-9f62-56ab333c8b63/session.v3.jsonl.zstd	1540524	true	readable	1337	false
session-d05cf27d-9060-419f-b869-636e410b52d8	--Users-vito-.dsh-relay-mirrors--	v0	--Users-vito-.dsh-relay-mirrors--/session-d05cf27d-9060-419f-b869-636e410b52d8/session.jsonl.zstd	318	true	readable	3	false
session-d1b0b6ad-7dc5-4a86-b15e-364e5e6791dc	--Users-vito-data-dev-dsh-endless--	v0	--Users-vito-data-dev-dsh-endless--/session-d1b0b6ad-7dc5-4a86-b15e-364e5e6791dc/session.jsonl.zstd	3147345	true	readable	1930	false
session-d1b298da-9452-45f9-bcf6-fd86f98e3085	--Users-vito-data-dev-others--	v3	--Users-vito-data-dev-others--/session-d1b298da-9452-45f9-bcf6-fd86f98e3085/session.v3.jsonl.zstd	214081	true	readable	122	false
session-d1fe33ac-4eb9-4807-8866-534982e6da6d	--Users-vito-.dsh-relay-mirrors--	v0	--Users-vito-.dsh-relay-mirrors--/session-d1fe33ac-4eb9-4807-8866-534982e6da6d/session.jsonl.zstd	140677	false	unreadable:other	-	false
session-d24f326d-d424-4194-8588-c49dd49d652c	--Users-vito-data-dev-dsh-plugins--	v0	--Users-vito-data-dev-dsh-plugins--/session-d24f326d-d424-4194-8588-c49dd49d652c/session.jsonl.zstd	973819	true	readable	528	false
session-d2ff0ed3-019e-4f14-8ee7-1d9bb1093e9b	--Users-vito-.dsh-relay-mirrors--	v0	--Users-vito-.dsh-relay-mirrors--/session-d2ff0ed3-019e-4f14-8ee7-1d9bb1093e9b/session.jsonl.zstd	163546	false	unreadable:other	-	false
session-d3388763-211b-4f0f-8142-974b6242d156	--Users-vito-.dsh-relay-mirrors--	v0	--Users-vito-.dsh-relay-mirrors--/session-d3388763-211b-4f0f-8142-974b6242d156/session.jsonl.zstd	12299	false	unreadable:other	-	false
session-d424bd3c-e40b-4cf8-b090-70f086c98abb	--Users-vito-data-dev-dsh-plugins--	v0	--Users-vito-data-dev-dsh-plugins--/session-d424bd3c-e40b-4cf8-b090-70f086c98abb/session.jsonl.zstd	4586980	true	readable	1318	false
session-d428c103-ce95-4dac-80f5-9b3210f7ae40	--Users-vito-.dsh-relay-mirrors--	v0	--Users-vito-.dsh-relay-mirrors--/session-d428c103-ce95-4dac-80f5-9b3210f7ae40/session.jsonl.zstd	121599	false	unreadable:other	-	false
session-d4f0ecf3-8a6b-4aaf-9505-27e9184907fc	--Users-vito-data-dev-device-sim--	v0	--Users-vito-data-dev-device-sim--/session-d4f0ecf3-8a6b-4aaf-9505-27e9184907fc/session.jsonl.zstd	3495	true	readable	6	false
session-d543c822-b0c1-4793-a55e-f323299245a1	--Users-vito-data-dev-others--	v3	--Users-vito-data-dev-others--/session-d543c822-b0c1-4793-a55e-f323299245a1/session.v3.jsonl.zstd	625497	true	readable	410	false
session-d59ba092-d1dd-4620-91ff-26e5ee068524	--Users-vito-.dsh-relay-mirrors--	v0	--Users-vito-.dsh-relay-mirrors--/session-d59ba092-d1dd-4620-91ff-26e5ee068524/session.jsonl.zstd	505	true	readable	5	false
session-d60d8017-1360-4edb-b811-6fdda79a7c1a	--Users-vito-data-dev-others--	v3	--Users-vito-data-dev-others--/session-d60d8017-1360-4edb-b811-6fdda79a7c1a/session.v3.jsonl.zstd	1094246	true	readable	852	false
session-d6530e85-646f-49e0-95e2-ac366057a558	--Users-vito-data-dev-others--	v3	--Users-vito-data-dev-others--/session-d6530e85-646f-49e0-95e2-ac366057a558/session.v3.jsonl.zstd	245609	true	readable	229	false
session-d6d6d6b1-49df-4f3b-9148-856a9ed9c9e7	--Users-vito-data-dev-dsh-plugins--	v0	--Users-vito-data-dev-dsh-plugins--/session-d6d6d6b1-49df-4f3b-9148-856a9ed9c9e7/session.jsonl.zstd	310233	true	readable	169	false
session-d6daa72e-4313-4b4f-87d9-9dfb1fef13a6	--Users-vito-.dsh-relay-mirrors--	v0	--Users-vito-.dsh-relay-mirrors--/session-d6daa72e-4313-4b4f-87d9-9dfb1fef13a6/session.jsonl.zstd	655	true	readable	7	false
session-d6f00935-cff8-4a33-a9fd-93bd91ead4f5	--Users-vito-.dsh-relay-mirrors--	v0	--Users-vito-.dsh-relay-mirrors--/session-d6f00935-cff8-4a33-a9fd-93bd91ead4f5/session.jsonl.zstd	11539	false	unreadable:other	-	false
session-d74efc8d-685c-4d6b-96b0-39970109f2c9	--Users-vito-data-dev-others--	v0	--Users-vito-data-dev-others--/session-d74efc8d-685c-4d6b-96b0-39970109f2c9/session.jsonl.zstd	472	true	readable	5	false
session-d771b7ad-710c-4176-af6f-71aa20dc563f	--Users-vito-.dsh-relay-mirrors--	v0	--Users-vito-.dsh-relay-mirrors--/session-d771b7ad-710c-4176-af6f-71aa20dc563f/session.jsonl.zstd	291986	false	unreadable:other	-	false
session-d7d06347-db32-41ba-9ba5-31d0fc04881a	--Users-vito-data-dev-dsh-plugins--	v0	--Users-vito-data-dev-dsh-plugins--/session-d7d06347-db32-41ba-9ba5-31d0fc04881a/session.jsonl.zstd	2211	true	readable	5	false
session-d8100d6e-fa7c-487a-aac8-8dbd50e7f60d	--Users-vito-data-dev-endless-dsh--	v0	--Users-vito-data-dev-endless-dsh--/session-d8100d6e-fa7c-487a-aac8-8dbd50e7f60d/session.jsonl.zstd	1018175	true	readable	368	false
session-d8576c2a-288d-4024-a2fb-5345fc5361ad	--Users-vito-.dsh-relay-mirrors--	v0	--Users-vito-.dsh-relay-mirrors--/session-d8576c2a-288d-4024-a2fb-5345fc5361ad/session.jsonl.zstd	497	true	readable	5	false
session-d8816d0b-9a13-4d19-8a17-b61af47576fa	--private-tmp-dsh-ticket06-ws3--	v3	--private-tmp-dsh-ticket06-ws3--/session-d8816d0b-9a13-4d19-8a17-b61af47576fa/session.v3.jsonl.zstd	47206	true	readable	69	false
session-d8a06885-f507-4805-8d6e-e5194c7a4b92	--Users-vito-data-dev-dsh-plugins--	v0	--Users-vito-data-dev-dsh-plugins--/session-d8a06885-f507-4805-8d6e-e5194c7a4b92/session.jsonl.zstd	2474	true	readable	4	false
session-d8c0e6cd-1c0b-42d6-852d-aacedeb9a1b6	--Users-vito-data-dev-dsh-plugins--	v0	--Users-vito-data-dev-dsh-plugins--/session-d8c0e6cd-1c0b-42d6-852d-aacedeb9a1b6/session.jsonl.zstd	1699832	true	readable	1109	false
session-d90178cb-1a57-4dab-8d3e-76e56aa7adc0	--Users-vito-.dsh-relay-mirrors--	v0	--Users-vito-.dsh-relay-mirrors--/session-d90178cb-1a57-4dab-8d3e-76e56aa7adc0/session.jsonl.zstd	319	true	readable	3	false
session-d9791251-1438-4506-a594-abe3b47ab43f	--Users-vito-data-dev-others--	v0	--Users-vito-data-dev-others--/session-d9791251-1438-4506-a594-abe3b47ab43f/session.jsonl.zstd	401371	true	readable	241	false
session-d982d9f7-8b22-42ba-a873-23dc08dada06	--Users-vito-data-dev-dsh-plugins--	v0	--Users-vito-data-dev-dsh-plugins--/session-d982d9f7-8b22-42ba-a873-23dc08dada06/session.jsonl.zstd	3447	true	readable	4	false
session-da24110e-d71e-40d4-b344-29f57a57371b	--Users-vito-data-dev-others--	v0	--Users-vito-data-dev-others--/session-da24110e-d71e-40d4-b344-29f57a57371b/session.jsonl.zstd	291704	true	readable	160	false
session-dade8759-c566-4653-902a-cc2830b3893b	--Users-vito-.dsh-relay-mirrors--	v0	--Users-vito-.dsh-relay-mirrors--/session-dade8759-c566-4653-902a-cc2830b3893b/session.jsonl.zstd	493	true	readable	5	false
session-dbe098c9-531d-4887-a6e2-aaa0ac66953e	--Users-vito-data-dev-dsh-plugins--	v3	--Users-vito-data-dev-dsh-plugins--/session-dbe098c9-531d-4887-a6e2-aaa0ac66953e/session.v3.jsonl.zstd	2328	true	readable	5	false
session-dc812240-b957-4782-bad7-c1452067b9b3	--Users-vito-data-dev-dsh-plugins--	v0	--Users-vito-data-dev-dsh-plugins--/session-dc812240-b957-4782-bad7-c1452067b9b3/session.jsonl.zstd	1901159	true	readable	1045	false
session-dcd43c1f-a45f-4b7d-8017-3d4f8f47cfdb	--Users-vito-data-dev-others--	v0	--Users-vito-data-dev-others--/session-dcd43c1f-a45f-4b7d-8017-3d4f8f47cfdb/session.jsonl.zstd	468	true	readable	5	false
session-dd3f4278-236a-4f48-b0f1-19f94cfe254b	--Users-vito-data-dev-others--	v0	--Users-vito-data-dev-others--/session-dd3f4278-236a-4f48-b0f1-19f94cfe254b/session.jsonl.zstd	194309	true	readable	165	false
session-dd42e0c5-9d80-424c-b55b-32904e55f3be	--Users-vito-.dsh-relay-mirrors--	v0	--Users-vito-.dsh-relay-mirrors--/session-dd42e0c5-9d80-424c-b55b-32904e55f3be/session.jsonl.zstd	12276	false	unreadable:other	-	false
session-dd4af43d-df7f-4f68-b38b-1b661eabb1bd	--Users-vito-.dsh-relay-mirrors--	v0	--Users-vito-.dsh-relay-mirrors--/session-dd4af43d-df7f-4f68-b38b-1b661eabb1bd/session.jsonl.zstd	217059	false	unreadable:other	-	false
session-dd4bbdff-c40e-43f0-b7fb-b5b4f1dcc188	--Users-vito-.dsh-relay-mirrors--	v0	--Users-vito-.dsh-relay-mirrors--/session-dd4bbdff-c40e-43f0-b7fb-b5b4f1dcc188/session.jsonl.zstd	477	true	readable	5	false
session-ddd2c6e5-49a7-4b58-9ac7-a6ba376745d9	--Users-vito-data-dev-dsh-relay--	v0	--Users-vito-data-dev-dsh-relay--/session-ddd2c6e5-49a7-4b58-9ac7-a6ba376745d9/session.jsonl.zstd	45362424	true	readable	34551	false
session-de0b3892-d1fa-4cad-b65a-f6427f661f9a	--Users-vito-data-dev-dsh-plugins--	v0	--Users-vito-data-dev-dsh-plugins--/session-de0b3892-d1fa-4cad-b65a-f6427f661f9a/session.jsonl.zstd	2475	true	readable	4	false
session-de271f49-e96f-42d9-83f8-5f7ec02f1428	--Users-vito-data-dev-mumu--	v3	--Users-vito-data-dev-mumu--/session-de271f49-e96f-42d9-83f8-5f7ec02f1428/session.v3.jsonl.zstd	1598309	true	readable	1241	false
session-dea5b4f3-027c-4b1b-a802-18b23e7d05c6	--Users-vito-.dsh-relay-mirrors--	v0	--Users-vito-.dsh-relay-mirrors--/session-dea5b4f3-027c-4b1b-a802-18b23e7d05c6/session.jsonl.zstd	494	true	readable	5	false
session-dec2794b-d0de-42a0-934f-49a856294f9b	--Users-vito-.dsh-relay-mirrors--	v0	--Users-vito-.dsh-relay-mirrors--/session-dec2794b-d0de-42a0-934f-49a856294f9b/session.jsonl.zstd	265324	false	unreadable:other	-	false
session-dee7c568-c191-46ca-8614-fb0b5d29538e	--Users-vito--	v0	--Users-vito--/session-dee7c568-c191-46ca-8614-fb0b5d29538e/session.jsonl.zstd	2075	true	readable	5	false
session-df76624e-ba01-4e75-b689-f7c014247232	--Users-vito-.dsh-relay-mirrors--	v0	--Users-vito-.dsh-relay-mirrors--/session-df76624e-ba01-4e75-b689-f7c014247232/session.jsonl.zstd	159929	false	unreadable:other	-	false
session-df7d4bab-2971-424b-a45f-b51633abfcd4	--Users-vito-.dsh-relay-mirrors--	v0	--Users-vito-.dsh-relay-mirrors--/session-df7d4bab-2971-424b-a45f-b51633abfcd4/session.jsonl.zstd	321	true	readable	3	false
session-e01ee831-264b-4409-b0ab-2c3fa256e019	--Users-vito-data-dev-others--	v0	--Users-vito-data-dev-others--/session-e01ee831-264b-4409-b0ab-2c3fa256e019/session.jsonl.zstd	471	true	readable	5	false
session-e050910e-f56b-4c22-a8e1-5d816479fbaa	--Users-vito-data-dev-dsh-plugins--	v0	--Users-vito-data-dev-dsh-plugins--/session-e050910e-f56b-4c22-a8e1-5d816479fbaa/session.jsonl.zstd	233675	true	readable	149	false
session-e0867e30-7429-4144-9248-ccf3a2f93ccf	--Users-vito-data-dev-dsh-plugins--	v0	--Users-vito-data-dev-dsh-plugins--/session-e0867e30-7429-4144-9248-ccf3a2f93ccf/session.jsonl.zstd	4100	true	readable	5	false
session-e0cd5bb3-e10d-458d-9f80-518a4a77deff	--Users-vito-data-dev-others--	v0	--Users-vito-data-dev-others--/session-e0cd5bb3-e10d-458d-9f80-518a4a77deff/session.jsonl.zstd	468	true	readable	5	false
session-e1117261-862f-481d-a886-8dfc348534c6	--Users-vito-.dsh-relay-mirrors--	v0	--Users-vito-.dsh-relay-mirrors--/session-e1117261-862f-481d-a886-8dfc348534c6/session.jsonl.zstd	471	true	readable	5	false
session-e1bd1c25-594b-4d96-88e2-127eac560628	--Users-vito-data-dev-dsh-relay--	v0	--Users-vito-data-dev-dsh-relay--/session-e1bd1c25-594b-4d96-88e2-127eac560628/session.jsonl.zstd	337596	true	readable	231	false
session-e1e9aca6-2056-4ebf-9f17-b69b6a225687	--Users-vito-data-dev-others--	v0	--Users-vito-data-dev-others--/session-e1e9aca6-2056-4ebf-9f17-b69b6a225687/session.jsonl.zstd	468	true	readable	5	false
session-e2fb9ddb-259d-4571-8c03-12307b07535b	--Users-vito-data-dev-others--	v0	--Users-vito-data-dev-others--/session-e2fb9ddb-259d-4571-8c03-12307b07535b/session.jsonl.zstd	50349	true	readable	51	false
session-e328e4cd-758e-415a-aa0a-56a0c7e50698	--Users-vito-.dsh-relay-mirrors--	v0	--Users-vito-.dsh-relay-mirrors--/session-e328e4cd-758e-415a-aa0a-56a0c7e50698/session.jsonl.zstd	140553	false	unreadable:other	-	false
session-e3556010-6d2a-4ab6-bdfc-661071dc627d	--Users-vito-data-dev-dsh-plugins--	v0	--Users-vito-data-dev-dsh-plugins--/session-e3556010-6d2a-4ab6-bdfc-661071dc627d/session.jsonl.zstd	2088236	true	readable	819	false
session-e35f7c72-5076-4b81-8057-59805973aa9f	--Users-vito-data-dev-device-sim--	v3	--Users-vito-data-dev-device-sim--/session-e35f7c72-5076-4b81-8057-59805973aa9f/session.v3.jsonl.zstd	600471	true	readable	489	false
session-e3b16c56-3bdc-4f7d-86f3-a7aa2d2e6ea7	--Users-vito-data-dev-accept-matt-flow--	v0	--Users-vito-data-dev-accept-matt-flow--/session-e3b16c56-3bdc-4f7d-86f3-a7aa2d2e6ea7/session.jsonl.zstd	2111	true	readable	5	false
session-e3b4f4b6-4b0e-45aa-89f2-7c7c63833783	--Users-vito-data-dev-dsh-plugins--	v0	--Users-vito-data-dev-dsh-plugins--/session-e3b4f4b6-4b0e-45aa-89f2-7c7c63833783/session.jsonl.zstd	3846	true	readable	4	false
session-e52564be-0da7-4385-8174-3b718acb3d1e	--Users-vito-.dsh-relay-mirrors--	v0	--Users-vito-.dsh-relay-mirrors--/session-e52564be-0da7-4385-8174-3b718acb3d1e/session.jsonl.zstd	316	true	readable	3	false
session-e6466491-c35b-4d45-aeba-ccc98758bc28	--Users-vito-.dsh-relay-mirrors--	v0	--Users-vito-.dsh-relay-mirrors--/session-e6466491-c35b-4d45-aeba-ccc98758bc28/session.jsonl.zstd	448898	false	unreadable:other	-	false
session-e6f0c448-d081-4c34-b741-8ee358fa7685	--Users-vito-data-dev-dsh-plugins--	v0	--Users-vito-data-dev-dsh-plugins--/session-e6f0c448-d081-4c34-b741-8ee358fa7685/session.jsonl.zstd	2213	true	readable	5	false
session-e6f8a53d-1e6d-438d-9dd1-da5866d33c88	--Users-vito-data-dev-dsh-plugins--	v0	--Users-vito-data-dev-dsh-plugins--/session-e6f8a53d-1e6d-438d-9dd1-da5866d33c88/session.jsonl.zstd	2316	true	readable	5	false
session-e70a83b3-7bd2-46b5-88c9-31d340f4f4b3	--Users-vito-data-dev-others--	v3	--Users-vito-data-dev-others--/session-e70a83b3-7bd2-46b5-88c9-31d340f4f4b3/session.v3.jsonl.zstd	158611	true	readable	133	false
session-e71ede5e-8721-41a2-92aa-6dab38689f48	--Users-vito-data-dev-others--	v3	--Users-vito-data-dev-others--/session-e71ede5e-8721-41a2-92aa-6dab38689f48/session.v3.jsonl.zstd	343890	true	readable	260	false
session-e7d57732-3dbb-48c1-8f68-60a49dcf0565	--Users-vito-data-dev-dsh-plugins--	v0	--Users-vito-data-dev-dsh-plugins--/session-e7d57732-3dbb-48c1-8f68-60a49dcf0565/session.jsonl.zstd	6923727	true	readable	16724	false
session-e7ef2cec-5124-4796-91a8-71180f78b4af	--Users-vito-data-dev-dsh-plugins--	v3	--Users-vito-data-dev-dsh-plugins--/session-e7ef2cec-5124-4796-91a8-71180f78b4af/session.v3.jsonl.zstd	210195	true	readable	190	false
session-e8212e0b-9e40-41d7-8225-0471c537a780	--Users-vito-.dsh-relay-mirrors--	v0	--Users-vito-.dsh-relay-mirrors--/session-e8212e0b-9e40-41d7-8225-0471c537a780/session.jsonl.zstd	317	true	readable	3	false
session-e8b03468-104d-40c7-ab9e-f70a5c3aa695	--Users-vito-.dsh-relay-mirrors--	v0	--Users-vito-.dsh-relay-mirrors--/session-e8b03468-104d-40c7-ab9e-f70a5c3aa695/session.jsonl.zstd	368	true	readable	8	false
session-e8b473e7-c3c9-47ca-bdba-d326c787adb2	--Users-vito-.dsh-relay-mirrors--	v0	--Users-vito-.dsh-relay-mirrors--/session-e8b473e7-c3c9-47ca-bdba-d326c787adb2/session.jsonl.zstd	317	true	readable	3	false
session-e8d07e6e-bb48-4614-9bdc-d1997bab02e7	--Users-vito-data-dev-others--	v0	--Users-vito-data-dev-others--/session-e8d07e6e-bb48-4614-9bdc-d1997bab02e7/session.jsonl.zstd	3871	true	readable	5	false
session-e9bb7345-7042-4c4a-9a65-998752cefce4	--Users-vito-data-dev-others--	v0	--Users-vito-data-dev-others--/session-e9bb7345-7042-4c4a-9a65-998752cefce4/session.jsonl.zstd	6390	true	readable	26	false
session-ea13ff30-55b4-4b7e-952c-d5fa6721c22e	--Users-vito-data-dev-dsh-plugins--	v0	--Users-vito-data-dev-dsh-plugins--/session-ea13ff30-55b4-4b7e-952c-d5fa6721c22e/session.jsonl.zstd	2214	true	readable	5	false
session-ea287a6f-49f3-42ea-82e2-5025c5598fc4	--Users-vito-data-dev-dsh-plugins--	v0	--Users-vito-data-dev-dsh-plugins--/session-ea287a6f-49f3-42ea-82e2-5025c5598fc4/session.jsonl.zstd	21860	true	readable	27	false
session-ea3ecc09-eee3-4fb4-bbb6-c85ea8bb2fba	--Users-vito-.dsh-relay-mirrors--	v0	--Users-vito-.dsh-relay-mirrors--/session-ea3ecc09-eee3-4fb4-bbb6-c85ea8bb2fba/session.jsonl.zstd	495	true	readable	5	false
session-ea4d509f-3f8d-4f28-9af2-4dd71f0f442b	--Users-vito-.dsh-relay-mirrors--	v0	--Users-vito-.dsh-relay-mirrors--/session-ea4d509f-3f8d-4f28-9af2-4dd71f0f442b/session.jsonl.zstd	623	true	readable	7	false
session-eb37381c-c602-471e-8b86-6a250571dd0e	--Users-vito-data-dev-mumu--	v3	--Users-vito-data-dev-mumu--/session-eb37381c-c602-471e-8b86-6a250571dd0e/session.v3.jsonl.zstd	1854832	true	readable	1686	false
session-ebb8a4ae-17d1-4754-a350-77a1f91206ec	--Users-vito-data-dev-dsh-plugins--	v0	--Users-vito-data-dev-dsh-plugins--/session-ebb8a4ae-17d1-4754-a350-77a1f91206ec/session.jsonl.zstd	124036	true	readable	128	false
session-ebd74865-22a7-414b-a22e-7454b7625673	--Users-vito-.dsh-relay-mirrors--	v0	--Users-vito-.dsh-relay-mirrors--/session-ebd74865-22a7-414b-a22e-7454b7625673/session.jsonl.zstd	493	true	readable	5	false
session-ec8b7a0e-b97c-4a9a-9518-b77ad513ed21	--Users-vito-.dsh-relay-mirrors--	v0	--Users-vito-.dsh-relay-mirrors--/session-ec8b7a0e-b97c-4a9a-9518-b77ad513ed21/session.jsonl.zstd	22001	false	unreadable:other	-	false
session-ecb55d3a-86ce-4034-9d90-8f2642c48645	--Users-vito-data-dev-dsh-plugins--	v0	--Users-vito-data-dev-dsh-plugins--/session-ecb55d3a-86ce-4034-9d90-8f2642c48645/session.jsonl.zstd	1052486	true	readable	643	false
session-ecb9f37d-e78d-4549-a114-a4b68e5c3b89	--Users-vito-.dsh-relay-mirrors--	v0	--Users-vito-.dsh-relay-mirrors--/session-ecb9f37d-e78d-4549-a114-a4b68e5c3b89/session.jsonl.zstd	229044	false	unreadable:other	-	false
session-eccc8a5f-9fad-4983-a51d-8b2e969e2c77	--Users-vito-data-dev-others--	v3	--Users-vito-data-dev-others--/session-eccc8a5f-9fad-4983-a51d-8b2e969e2c77/session.v3.jsonl.zstd	101931	true	readable	109	false
session-ed63e837-3fc7-4be2-8864-e2fadb757db5	--Users-vito-data-dev-accept-matt-flow--	v0	--Users-vito-data-dev-accept-matt-flow--/session-ed63e837-3fc7-4be2-8864-e2fadb757db5/session.jsonl.zstd	259233	true	readable	138	false
session-edbaa2f9-88e9-4201-b433-34a88adde1d9	--Users-vito-data-dev-mumu--	v3	--Users-vito-data-dev-mumu--/session-edbaa2f9-88e9-4201-b433-34a88adde1d9/session.v3.jsonl.zstd	618983	true	readable	622	false
session-edca4d6d-f3b6-4bad-a2c4-843b465bd3d0	--Users-vito-.dsh-relay-mirrors--	v0	--Users-vito-.dsh-relay-mirrors--/session-edca4d6d-f3b6-4bad-a2c4-843b465bd3d0/session.jsonl.zstd	671	true	readable	9	false
session-edd28c06-d6b9-4f9c-842d-0984b0778581	--Users-vito-data-dev-others--	v0	--Users-vito-data-dev-others--/session-edd28c06-d6b9-4f9c-842d-0984b0778581/session.jsonl.zstd	3586	true	readable	5	false
session-ee577732-90f0-471e-be54-ae2fc68b5f4d	--Users-vito--	v3	--Users-vito--/session-ee577732-90f0-471e-be54-ae2fc68b5f4d/session.v3.jsonl.zstd	1972	true	readable	5	false
session-ef24ca92-41a6-445a-9d4c-04e73a2a10ce	--Users-vito-data-dev-device-sim--	v0	--Users-vito-data-dev-device-sim--/session-ef24ca92-41a6-445a-9d4c-04e73a2a10ce/session.jsonl.zstd	3588	true	readable	4	false
session-efa2d12e-5d00-4744-94b1-61f363f7ab54	--Users-vito-.dsh-relay-mirrors--	v0	--Users-vito-.dsh-relay-mirrors--/session-efa2d12e-5d00-4744-94b1-61f363f7ab54/session.jsonl.zstd	15267	false	unreadable:other	-	false
session-f01707fb-3173-4e93-b797-a25db7231fb2	--Users-vito-.dsh-relay-mirrors--	v0	--Users-vito-.dsh-relay-mirrors--/session-f01707fb-3173-4e93-b797-a25db7231fb2/session.jsonl.zstd	147758	false	unreadable:other	-	false
session-f05b968c-ec8f-49eb-bc88-904b1cab0e5d	--Users-vito-.dsh-relay-mirrors--	v0	--Users-vito-.dsh-relay-mirrors--/session-f05b968c-ec8f-49eb-bc88-904b1cab0e5d/session.jsonl.zstd	11522	false	unreadable:other	-	false
session-f0720a06-6059-4993-beb3-cc8aad0d57b6	--Users-vito-data-dev-accept-matt-flow--	v0	--Users-vito-data-dev-accept-matt-flow--/session-f0720a06-6059-4993-beb3-cc8aad0d57b6/session.jsonl.zstd	24319	true	readable	21	false
session-f13e5dea-0108-4210-b40e-6ef1b7cd1400	--Users-vito-data-dev-others--	v3	--Users-vito-data-dev-others--/session-f13e5dea-0108-4210-b40e-6ef1b7cd1400/session.v3.jsonl.zstd	2354	true	readable	5	false
session-f1712618-bde1-4182-b57d-7489723f49a9	--Users-vito-data-dev-accept-matt-flow--	v0	--Users-vito-data-dev-accept-matt-flow--/session-f1712618-bde1-4182-b57d-7489723f49a9/session.jsonl.zstd	93101	true	readable	39	false
session-f1ebe849-2460-48cc-96bb-b2e9063a658b	--Users-vito-data-dev-dsh-plugins--	v0	--Users-vito-data-dev-dsh-plugins--/session-f1ebe849-2460-48cc-96bb-b2e9063a658b/session.jsonl.zstd	1019251	true	readable	499	false
session-f1fde978-d8ad-4ab7-9d3e-9c8a855f0f59	--Users-vito-data-dev-dsh-plugins--	v3	--Users-vito-data-dev-dsh-plugins--/session-f1fde978-d8ad-4ab7-9d3e-9c8a855f0f59/session.v3.jsonl.zstd	1584439	true	readable	1462	true
session-f29f7168-e06c-4780-b4f5-6130de7eb737	--Users-vito-data-dev-accept-matt-flow--	v0	--Users-vito-data-dev-accept-matt-flow--/session-f29f7168-e06c-4780-b4f5-6130de7eb737/session.jsonl.zstd	2061	true	readable	5	false
session-f2b2010f-53fe-4788-be73-42b7bfb73205	--Users-vito-data-dev-mumu--	v3	--Users-vito-data-dev-mumu--/session-f2b2010f-53fe-4788-be73-42b7bfb73205/session.v3.jsonl.zstd	622478	true	readable	493	false
session-f336058d-f0ac-4528-bcf0-4b655fca5692	--Users-vito-data-dev-dsh-endless--	v3	--Users-vito-data-dev-dsh-endless--/session-f336058d-f0ac-4528-bcf0-4b655fca5692/session.v3.jsonl.zstd	206931	true	readable	225	false
session-f3a26b5c-559d-4e31-a964-b5ec2c629caa	--Users-vito-.dsh-relay-mirrors--	v0	--Users-vito-.dsh-relay-mirrors--/session-f3a26b5c-559d-4e31-a964-b5ec2c629caa/session.jsonl.zstd	497	true	readable	5	false
session-f3e9f028-90a3-4f25-ae00-7a088c0d1e04	--Users-vito-.dsh-relay-mirrors--	v0	--Users-vito-.dsh-relay-mirrors--/session-f3e9f028-90a3-4f25-ae00-7a088c0d1e04/session.jsonl.zstd	779	true	readable	9	false
session-f4ae4c35-1405-4a11-a1c1-d1386b8c4513	--private-tmp-dsh-tui-depcheck--	v0	--private-tmp-dsh-tui-depcheck--/session-f4ae4c35-1405-4a11-a1c1-d1386b8c4513/session.jsonl.zstd	12470	true	readable	19	false
session-f61be217-6316-49cd-b179-98515785ab74	--Users-vito-data-dev-dsh-plugins--	v0	--Users-vito-data-dev-dsh-plugins--/session-f61be217-6316-49cd-b179-98515785ab74/session.jsonl.zstd	4099	true	readable	5	false
session-f6fc92f8-7bc6-4a0d-bd59-f94f621ba051	--Users-vito-data-dev-others--	v3	--Users-vito-data-dev-others--/session-f6fc92f8-7bc6-4a0d-bd59-f94f621ba051/session.v3.jsonl.zstd	228465	true	readable	153	false
session-f71ed82e-daa4-4324-8dcb-929a3960770d	--Users-vito-.dsh-relay-mirrors--	v0	--Users-vito-.dsh-relay-mirrors--/session-f71ed82e-daa4-4324-8dcb-929a3960770d/session.jsonl.zstd	182651	false	unreadable:other	-	false
session-f720828e-c8e4-4ad4-9d5f-db2f413c9adc	--Users-vito-.dsh-relay-mirrors--	v0	--Users-vito-.dsh-relay-mirrors--/session-f720828e-c8e4-4ad4-9d5f-db2f413c9adc/session.jsonl.zstd	319	true	readable	3	false
session-f73ddb7a-4e51-4b58-ab20-6cc40f62bddf	--Users-vito-data-dev-mumu--	v3	--Users-vito-data-dev-mumu--/session-f73ddb7a-4e51-4b58-ab20-6cc40f62bddf/session.v3.jsonl.zstd	1402727	true	readable	1238	false
session-f745cd85-deba-40f6-a6f8-ea0f669fa8a0	--Users-vito-data-dev-accept-matt-flow--	v0	--Users-vito-data-dev-accept-matt-flow--/session-f745cd85-deba-40f6-a6f8-ea0f669fa8a0/session.jsonl.zstd	9826	true	readable	26	false
session-f7be9b74-5bfc-4fe1-ac80-dee03317a397	--Users-vito-.dsh-relay-mirrors--	v0	--Users-vito-.dsh-relay-mirrors--/session-f7be9b74-5bfc-4fe1-ac80-dee03317a397/session.jsonl.zstd	663	true	readable	9	false
session-f7d3ced3-8743-48fd-984a-69d96d9f3393	--Users-vito-data-dev-others--	v0	--Users-vito-data-dev-others--/session-f7d3ced3-8743-48fd-984a-69d96d9f3393/session.jsonl.zstd	467	true	readable	5	false
session-f7f6f48f-b785-4efc-889d-74d78c426bb4	--Users-vito-.dsh-relay-mirrors--	v0	--Users-vito-.dsh-relay-mirrors--/session-f7f6f48f-b785-4efc-889d-74d78c426bb4/session.jsonl.zstd	19649	false	unreadable:other	-	false
session-f7faee3a-9757-4df4-bfa2-2832bf416b85	--Users-vito-data-dev-mumu--	v3	--Users-vito-data-dev-mumu--/session-f7faee3a-9757-4df4-bfa2-2832bf416b85/session.v3.jsonl.zstd	1836973	true	readable	2063	false
session-fa4ca505-0aaf-4dfb-8fa8-89b9d32e33bc	--Users-vito-data-dev-dsh-endless--	v0	--Users-vito-data-dev-dsh-endless--/session-fa4ca505-0aaf-4dfb-8fa8-89b9d32e33bc/session.jsonl.zstd	312431	true	readable	220	false
session-fac61945-dbe1-49aa-969a-fd1c735aebaa	--Users-vito-.dsh-relay-mirrors--	v0	--Users-vito-.dsh-relay-mirrors--/session-fac61945-dbe1-49aa-969a-fd1c735aebaa/session.jsonl.zstd	634	true	readable	7	false
session-faf4ab52-0469-40ad-8ee4-db54fa312bfe	--Users-vito-data-dev-dsh-plugins--	v0	--Users-vito-data-dev-dsh-plugins--/session-faf4ab52-0469-40ad-8ee4-db54fa312bfe/session.jsonl.zstd	7929	true	readable	9	false
session-fc74fa78-e769-43b7-b3b1-f88464d2338e	--Users-vito-data-dev-dsh-plugins--	v0	--Users-vito-data-dev-dsh-plugins--/session-fc74fa78-e769-43b7-b3b1-f88464d2338e/session.jsonl.zstd	4135	true	readable	9	false
session-fcf45eb5-d9e9-4390-824b-1c527fb99617	--Users-vito-data-dev-others--	v0	--Users-vito-data-dev-others--/session-fcf45eb5-d9e9-4390-824b-1c527fb99617/session.jsonl.zstd	3803	true	readable	4	false
session-fd2d2f41-2c95-4289-9c30-b4dbf2d89c11	--Users-vito-data-dev-others--	v0	--Users-vito-data-dev-others--/session-fd2d2f41-2c95-4289-9c30-b4dbf2d89c11/session.jsonl.zstd	3667	true	readable	5	false
session-fd6403f0-55ab-4b29-8f07-1616b71b0a73	--Users-vito-data-dev-dsh-plugins--	v3	--Users-vito-data-dev-dsh-plugins--/session-fd6403f0-55ab-4b29-8f07-1616b71b0a73/session.v3.jsonl.zstd	2193	true	readable	4	false
session-fe4079c6-c4e7-44e3-bd63-006e931b8ede	--Users-vito-data-dev-dsh-plugins--	v0	--Users-vito-data-dev-dsh-plugins--/session-fe4079c6-c4e7-44e3-bd63-006e931b8ede/session.jsonl.zstd	2071	true	readable	4	false
session-fe6474d2-c2a6-480b-8063-3a0c09f9fb67	--Users-vito-data-dev-dsh-plugins--	v0	--Users-vito-data-dev-dsh-plugins--/session-fe6474d2-c2a6-480b-8063-3a0c09f9fb67/session.jsonl.zstd	1411257	true	readable	821	false
session-fe94447e-262f-4fbb-bd6f-42c5b353ce12	--Users-vito-data-dev-others--	v0	--Users-vito-data-dev-others--/session-fe94447e-262f-4fbb-bd6f-42c5b353ce12/session.jsonl.zstd	3807	true	readable	4	false
session-fecb1951-08af-430e-8b9e-eea322068238	--Users-vito-data-dev-dsh-plugins--	v0	--Users-vito-data-dev-dsh-plugins--/session-fecb1951-08af-430e-8b9e-eea322068238/session.jsonl.zstd	2572	true	readable	5	false
session-feec4215-fafb-4699-ac76-dc89db2c00f1	--Users-vito-.dsh-relay-mirrors--	v0	--Users-vito-.dsh-relay-mirrors--/session-feec4215-fafb-4699-ac76-dc89db2c00f1/session.jsonl.zstd	499	true	readable	5	false
session-ff3be5b5-ef73-4345-b335-517dfd688965	--Users-vito-.dsh-relay-mirrors--	v0	--Users-vito-.dsh-relay-mirrors--/session-ff3be5b5-ef73-4345-b335-517dfd688965/session.jsonl.zstd	622	true	readable	7	false
session-ffe1a9bc-ecd9-4618-b769-b722037a4321	--Users-vito-.dsh-relay-mirrors--	v0	--Users-vito-.dsh-relay-mirrors--/session-ffe1a9bc-ecd9-4618-b769-b722037a4321/session.jsonl.zstd	7729857	false	unreadable:other	-	false
session-ffeb0c38-15fd-4c23-8bde-65057933c3a7	--Users-vito-.dsh-relay-mirrors--	v0	--Users-vito-.dsh-relay-mirrors--/session-ffeb0c38-15fd-4c23-8bde-65057933c3a7/session.jsonl.zstd	322	true	readable	3	false
session-ffff9cd3-6b77-4a94-9dfe-5a03671196fe	--Users-vito-.dsh-relay-mirrors--	v0	--Users-vito-.dsh-relay-mirrors--/session-ffff9cd3-6b77-4a94-9dfe-5a03671196fe/session.jsonl.zstd	321	true	readable	3	false
session-live-5620a94b-4b16-4b21-9f0a-775065e35b1a	--Users-vito-data-dev-dsh-tui--	v0	--Users-vito-data-dev-dsh-tui--/session-live-5620a94b-4b16-4b21-9f0a-775065e35b1a/session.jsonl.zstd	35607	true	readable	48	false
session-live-7ad337f0-a500-4e78-92c7-6659c7bdb97f	--Users-vito-data-dev-dsh-tui--	v0	--Users-vito-data-dev-dsh-tui--/session-live-7ad337f0-a500-4e78-92c7-6659c7bdb97f/session.jsonl.zstd	35381	true	readable	50	false
session-live-7fbd6a9d-e439-4693-8095-f1a624c41e56	--Users-vito-data-dev-dsh-tui--	v0	--Users-vito-data-dev-dsh-tui--/session-live-7fbd6a9d-e439-4693-8095-f1a624c41e56/session.jsonl.zstd	33461	true	readable	48	false
session-live-ca401d65-ae39-4624-9838-ee068cd4e570	--Users-vito-data-dev-dsh-tui--	v0	--Users-vito-data-dev-dsh-tui--/session-live-ca401d65-ae39-4624-9838-ee068cd4e570/session.jsonl.zstd	36278	true	readable	48	false
session-smoke-016747b3-1654-4a0d-8237-47a86f6b1c52	--Users-vito-data-dev-dsh-tui--	v0	--Users-vito-data-dev-dsh-tui--/session-smoke-016747b3-1654-4a0d-8237-47a86f6b1c52/session.jsonl.zstd	413	false	unreadable:other	-	false
session-smoke-46e4375a-fbf1-4782-a5d6-cd09e9d6f31f	--Users-vito-data-dev-dsh-tui--	v0	--Users-vito-data-dev-dsh-tui--/session-smoke-46e4375a-fbf1-4782-a5d6-cd09e9d6f31f/session.jsonl.zstd	410	false	unreadable:other	-	false
session-smoke-b6c3e73a-39a3-4973-9b86-bb46038e96f3	--Users-vito-data-dev-dsh-tui--	v0	--Users-vito-data-dev-dsh-tui--/session-smoke-b6c3e73a-39a3-4973-9b86-bb46038e96f3/session.jsonl.zstd	411	false	unreadable:other	-	false
session-smoke-c8ca0d15-929d-41d0-9a6b-ef59c76a14c3	--Users-vito-data-dev-dsh-tui--	v0	--Users-vito-data-dev-dsh-tui--/session-smoke-c8ca0d15-929d-41d0-9a6b-ef59c76a14c3/session.jsonl.zstd	407	false	unreadable:other	-	false
session-smoke-e8b8a07e-1782-4eb7-b2c7-acfd88dfd204	--Users-vito-data-dev-dsh-tui--	v0	--Users-vito-data-dev-dsh-tui--/session-smoke-e8b8a07e-1782-4eb7-b2c7-acfd88dfd204/session.jsonl.zstd	407	false	unreadable:other	-	false
session-smoke-ee41bb64-22bf-47e9-bc68-671a26e75629	--Users-vito-data-dev-dsh-tui--	v0	--Users-vito-data-dev-dsh-tui--/session-smoke-ee41bb64-22bf-47e9-bc68-671a26e75629/session.jsonl.zstd	410	false	unreadable:other	-	false
tui-probe-sess	--Users-vito-data-dev-dsh-relay--	v0	--Users-vito-data-dev-dsh-relay--/tui-probe-sess/session.jsonl.zstd	276	true	readable	3	false
verify-iso-1788098263910	--Users-vito-data-dev-dsh-relay--	v0	--Users-vito-data-dev-dsh-relay--/verify-iso-1788098263910/session.jsonl.zstd	304	true	readable	3	false
verify-macdev	--Users-vito-data-dev-dsh-relay--	v0	--Users-vito-data-dev-dsh-relay--/verify-macdev/session.jsonl.zstd	277	true	readable	3	false
verify-preset-1788096984174	--Users-vito-data-dev-dsh-relay--	v0	--Users-vito-data-dev-dsh-relay--/verify-preset-1788096984174/session.jsonl.zstd	381	true	readable	4	false
