kind,id,path,detail
unreadable:descriptor-v2	059274cd-c30b-4a72-8a81-0ed88c6e457b	--Users-vito-data-dev-others--/059274cd-c30b-4a72-8a81-0ed88c6e457b/session.jsonl.zstd	failed to read stored session "059274cd-c30b-4a72-8a81-0ed88c6e457b": subagent/descriptor 0 uses unsupported descriptor version 2; source v0 artifact remains unchanged (raw log: /tmp/dsh-t10-run/home/sessions/--Users-vito-data-dev-others--/059274cd-c30b-4a72-8a81-0ed88c6e457b/session.jsonl.zstd)
unreadable:descriptor-v2	06d87d27-bc58-408b-9f42-6af1e5e44516	--Users-vito-data-dev-dsh-plugins--/06d87d27-bc58-408b-9f42-6af1e5e44516/session.jsonl.zstd	failed to read stored session "06d87d27-bc58-408b-9f42-6af1e5e44516": subagent/descriptor 0 uses unsupported descriptor version 2; source v0 artifact remains unchanged (raw log: /tmp/dsh-t10-run/home/sessions/--Users-vito-data-dev-dsh-plugins--/06d87d27-bc58-408b-9f42-6af1e5e44516/session.jsonl.zstd
unreadable:other	075c590c-1f13-4e88-8436-d0e990a67521	--Users-vito-data-dev-others--/075c590c-1f13-4e88-8436-d0e990a67521/session.jsonl.zstd	failed to read stored session "075c590c-1f13-4e88-8436-d0e990a67521": format v2 surface before first step cannot acquire a system head without changing chronology; source v0 artifact remains unchanged (raw log: /tmp/dsh-t10-run/home/sessions/--Users-vito-data-dev-others--/075c590c-1f13-4e88-8436-d0e
unreadable:descriptor-v2	0a6e60db-2bc5-47ef-9b64-eedcf7ece225	--Users-vito-data-dev-dsh-plugins--/0a6e60db-2bc5-47ef-9b64-eedcf7ece225/session.jsonl.zstd	failed to read stored session "0a6e60db-2bc5-47ef-9b64-eedcf7ece225": subagent/descriptor 0 uses unsupported descriptor version 2; source v0 artifact remains unchanged (raw log: /tmp/dsh-t10-run/home/sessions/--Users-vito-data-dev-dsh-plugins--/0a6e60db-2bc5-47ef-9b64-eedcf7ece225/session.jsonl.zstd
unreadable:descriptor-v2	0a6f8333-5554-4320-8f54-6afdf72de0a0	--Users-vito-data-dev-dsh-plugins--/0a6f8333-5554-4320-8f54-6afdf72de0a0/session.jsonl.zstd	failed to read stored session "0a6f8333-5554-4320-8f54-6afdf72de0a0": subagent/descriptor 0 uses unsupported descriptor version 2; source v0 artifact remains unchanged (raw log: /tmp/dsh-t10-run/home/sessions/--Users-vito-data-dev-dsh-plugins--/0a6f8333-5554-4320-8f54-6afdf72de0a0/session.jsonl.zstd
unreadable:descriptor-v2	0f5df655-5d0e-490c-b22e-08b22c7e63f6	--Users-vito-data-dev-dsh-plugins--/0f5df655-5d0e-490c-b22e-08b22c7e63f6/session.jsonl.zstd	failed to read stored session "0f5df655-5d0e-490c-b22e-08b22c7e63f6": subagent/descriptor 0 uses unsupported descriptor version 2; source v0 artifact remains unchanged (raw log: /tmp/dsh-t10-run/home/sessions/--Users-vito-data-dev-dsh-plugins--/0f5df655-5d0e-490c-b22e-08b22c7e63f6/session.jsonl.zstd
unreadable:descriptor-v2	12743a7c-fb8f-48c1-9455-5a6b0ada380f	--Users-vito-data-dev-dsh-plugins--/12743a7c-fb8f-48c1-9455-5a6b0ada380f/session.jsonl.zstd	failed to read stored session "12743a7c-fb8f-48c1-9455-5a6b0ada380f": subagent/descriptor 0 uses unsupported descriptor version 2; source v0 artifact remains unchanged (raw log: /tmp/dsh-t10-run/home/sessions/--Users-vito-data-dev-dsh-plugins--/12743a7c-fb8f-48c1-9455-5a6b0ada380f/session.jsonl.zstd
unreadable:descriptor-v2	14386b3d-fee7-45e0-8714-8a959c9d9b4c	--Users-vito-data-dev-dsh-plugins--/14386b3d-fee7-45e0-8714-8a959c9d9b4c/session.jsonl.zstd	failed to read stored session "14386b3d-fee7-45e0-8714-8a959c9d9b4c": subagent/descriptor 0 uses unsupported descriptor version 2; source v0 artifact remains unchanged (raw log: /tmp/dsh-t10-run/home/sessions/--Users-vito-data-dev-dsh-plugins--/14386b3d-fee7-45e0-8714-8a959c9d9b4c/session.jsonl.zstd
unreadable:other	16b40e63-5314-4c13-a986-3ebad57b5865	--Users-vito-data-dev-others--/16b40e63-5314-4c13-a986-3ebad57b5865/session.jsonl.zstd	failed to read stored session "16b40e63-5314-4c13-a986-3ebad57b5865": assistant/message 125 does not cite its complete v1 chunk attempt; source v0 artifact remains unchanged (raw log: /tmp/dsh-t10-run/home/sessions/--Users-vito-data-dev-others--/16b40e63-5314-4c13-a986-3ebad57b5865/session.jsonl.zst
unreadable:descriptor-v2	16d24035-04bb-4351-88f4-0451160174a7	--Users-vito-data-dev-others--/16d24035-04bb-4351-88f4-0451160174a7/session.jsonl.zstd	failed to read stored session "16d24035-04bb-4351-88f4-0451160174a7": subagent/descriptor 0 uses unsupported descriptor version 2; source v0 artifact remains unchanged (raw log: /tmp/dsh-t10-run/home/sessions/--Users-vito-data-dev-others--/16d24035-04bb-4351-88f4-0451160174a7/session.jsonl.zstd)
unreadable:descriptor-v2	177ef6ab-9371-4d74-9ca6-3559dcdc6c5c	--Users-vito-data-dev-dsh-plugins--/177ef6ab-9371-4d74-9ca6-3559dcdc6c5c/session.jsonl.zstd	failed to read stored session "177ef6ab-9371-4d74-9ca6-3559dcdc6c5c": subagent/descriptor 0 uses unsupported descriptor version 2; source v0 artifact remains unchanged (raw log: /tmp/dsh-t10-run/home/sessions/--Users-vito-data-dev-dsh-plugins--/177ef6ab-9371-4d74-9ca6-3559dcdc6c5c/session.jsonl.zstd
unreadable:descriptor-v2	18355d04-73aa-4929-8f6c-4646f15c0da9	--Users-vito-data-dev-dsh-plugins--/18355d04-73aa-4929-8f6c-4646f15c0da9/session.jsonl.zstd	failed to read stored session "18355d04-73aa-4929-8f6c-4646f15c0da9": subagent/descriptor 0 uses unsupported descriptor version 2; source v0 artifact remains unchanged (raw log: /tmp/dsh-t10-run/home/sessions/--Users-vito-data-dev-dsh-plugins--/18355d04-73aa-4929-8f6c-4646f15c0da9/session.jsonl.zstd
unreadable:descriptor-v2	18ef8135-a939-451c-aaba-38d9055f03fd	--Users-vito-data-dev-dsh-plugins--/18ef8135-a939-451c-aaba-38d9055f03fd/session.jsonl.zstd	failed to read stored session "18ef8135-a939-451c-aaba-38d9055f03fd": subagent/descriptor 0 uses unsupported descriptor version 2; source v0 artifact remains unchanged (raw log: /tmp/dsh-t10-run/home/sessions/--Users-vito-data-dev-dsh-plugins--/18ef8135-a939-451c-aaba-38d9055f03fd/session.jsonl.zstd
unreadable:descriptor-v2	19cdef1c-b56b-445f-8a5a-310b7ab59351	--Users-vito-data-dev-others--/19cdef1c-b56b-445f-8a5a-310b7ab59351/session.jsonl.zstd	failed to read stored session "19cdef1c-b56b-445f-8a5a-310b7ab59351": subagent/descriptor 0 uses unsupported descriptor version 2; source v0 artifact remains unchanged (raw log: /tmp/dsh-t10-run/home/sessions/--Users-vito-data-dev-others--/19cdef1c-b56b-445f-8a5a-310b7ab59351/session.jsonl.zstd)
unreadable:descriptor-v2	19e2f33f-25f4-43d0-9210-8d72edc86b66	--Users-vito-data-dev-others--/19e2f33f-25f4-43d0-9210-8d72edc86b66/session.jsonl.zstd	failed to read stored session "19e2f33f-25f4-43d0-9210-8d72edc86b66": subagent/descriptor 0 uses unsupported descriptor version 2; source v0 artifact remains unchanged (raw log: /tmp/dsh-t10-run/home/sessions/--Users-vito-data-dev-others--/19e2f33f-25f4-43d0-9210-8d72edc86b66/session.jsonl.zstd)
unreadable:descriptor-v2	1e2df621-45e3-49ff-bcd5-ff4b12156e1f	--Users-vito-data-dev-dsh-plugins--/1e2df621-45e3-49ff-bcd5-ff4b12156e1f/session.jsonl.zstd	failed to read stored session "1e2df621-45e3-49ff-bcd5-ff4b12156e1f": subagent/descriptor 0 uses unsupported descriptor version 2; source v0 artifact remains unchanged (raw log: /tmp/dsh-t10-run/home/sessions/--Users-vito-data-dev-dsh-plugins--/1e2df621-45e3-49ff-bcd5-ff4b12156e1f/session.jsonl.zstd
unreadable:descriptor-v2	20181627-c377-406a-b3e9-9a05b380b626	--Users-vito-data-dev-dsh-plugins--/20181627-c377-406a-b3e9-9a05b380b626/session.jsonl.zstd	failed to read stored session "20181627-c377-406a-b3e9-9a05b380b626": subagent/descriptor 0 uses unsupported descriptor version 2; source v0 artifact remains unchanged (raw log: /tmp/dsh-t10-run/home/sessions/--Users-vito-data-dev-dsh-plugins--/20181627-c377-406a-b3e9-9a05b380b626/session.jsonl.zstd
unreadable:other	2344bcf2-7331-4910-86c0-3f2008032768	--Users-vito-data-dev-device-sim--/2344bcf2-7331-4910-86c0-3f2008032768/session.jsonl.zstd	failed to read stored session "2344bcf2-7331-4910-86c0-3f2008032768": @deepseek-ai/dsh-session-format-v0-to-v1 refuses this format v0 Session: session/title 57071 data lacks required member "messageSeqs"; source v0 artifact remains unchanged (raw log: /tmp/dsh-t10-run/home/sessions/--Users-vito-data
unreadable:descriptor-v2	2525bcf3-d7d5-4aa4-9e22-0596c9c17e5f	--Users-vito-data-dev-dsh-plugins--/2525bcf3-d7d5-4aa4-9e22-0596c9c17e5f/session.jsonl.zstd	failed to read stored session "2525bcf3-d7d5-4aa4-9e22-0596c9c17e5f": subagent/descriptor 7 uses unsupported descriptor version 2; source v0 artifact remains unchanged (raw log: /tmp/dsh-t10-run/home/sessions/--Users-vito-data-dev-dsh-plugins--/2525bcf3-d7d5-4aa4-9e22-0596c9c17e5f/session.jsonl.zstd
unreadable:descriptor-v2	27ca25ec-348d-4504-b060-cb669d47e41e	--Users-vito-data-dev-others--/27ca25ec-348d-4504-b060-cb669d47e41e/session.jsonl.zstd	failed to read stored session "27ca25ec-348d-4504-b060-cb669d47e41e": subagent/descriptor 7 uses unsupported descriptor version 2; source v0 artifact remains unchanged (raw log: /tmp/dsh-t10-run/home/sessions/--Users-vito-data-dev-others--/27ca25ec-348d-4504-b060-cb669d47e41e/session.jsonl.zstd)
unreadable:descriptor-v2	2b32657e-c69c-4723-936f-d40c09507e4e	--Users-vito-data-dev-dsh-plugins--/2b32657e-c69c-4723-936f-d40c09507e4e/session.jsonl.zstd	failed to read stored session "2b32657e-c69c-4723-936f-d40c09507e4e": subagent/descriptor 0 uses unsupported descriptor version 2; source v0 artifact remains unchanged (raw log: /tmp/dsh-t10-run/home/sessions/--Users-vito-data-dev-dsh-plugins--/2b32657e-c69c-4723-936f-d40c09507e4e/session.jsonl.zstd
unreadable:descriptor-v2	2c96bf94-abf2-495a-a4b2-d77aeb2b45f2	--Users-vito-data-dev-dsh-plugins--/2c96bf94-abf2-495a-a4b2-d77aeb2b45f2/session.jsonl.zstd	failed to read stored session "2c96bf94-abf2-495a-a4b2-d77aeb2b45f2": subagent/descriptor 0 uses unsupported descriptor version 2; source v0 artifact remains unchanged (raw log: /tmp/dsh-t10-run/home/sessions/--Users-vito-data-dev-dsh-plugins--/2c96bf94-abf2-495a-a4b2-d77aeb2b45f2/session.jsonl.zstd
unreadable:descriptor-v2	2edaf61e-9099-49a5-b706-2adf089fb868	--Users-vito-data-dev-dsh-relay--/2edaf61e-9099-49a5-b706-2adf089fb868/session.jsonl.zstd	failed to read stored session "2edaf61e-9099-49a5-b706-2adf089fb868": subagent/descriptor 7 uses unsupported descriptor version 2; source v0 artifact remains unchanged (raw log: /tmp/dsh-t10-run/home/sessions/--Users-vito-data-dev-dsh-relay--/2edaf61e-9099-49a5-b706-2adf089fb868/session.jsonl.zstd)
unreadable:other	2fcd30b1-cb32-460a-b2d1-80e0fe2237fa	--Users-vito-data-dev-dsh-relay--/2fcd30b1-cb32-460a-b2d1-80e0fe2237fa/session.jsonl.zstd	failed to read stored session "2fcd30b1-cb32-460a-b2d1-80e0fe2237fa": @deepseek-ai/dsh-session-format-v0-to-v1 refuses this format v0 Session: session/title 496074 data lacks required member "messageSeqs"; source v0 artifact remains unchanged (raw log: /tmp/dsh-t10-run/home/sessions/--Users-vito-dat
unreadable:descriptor-v2	3080249d-3b0d-4996-9a4b-360e21f094c6	--Users-vito-data-dev-dsh-plugins--/3080249d-3b0d-4996-9a4b-360e21f094c6/session.jsonl.zstd	failed to read stored session "3080249d-3b0d-4996-9a4b-360e21f094c6": subagent/descriptor 0 uses unsupported descriptor version 2; source v0 artifact remains unchanged (raw log: /tmp/dsh-t10-run/home/sessions/--Users-vito-data-dev-dsh-plugins--/3080249d-3b0d-4996-9a4b-360e21f094c6/session.jsonl.zstd
unreadable:descriptor-v2	32b5e777-c48f-423b-aea7-0e15d64da963	--Users-vito-data-dev-dsh-plugins--/32b5e777-c48f-423b-aea7-0e15d64da963/session.jsonl.zstd	failed to read stored session "32b5e777-c48f-423b-aea7-0e15d64da963": subagent/descriptor 0 uses unsupported descriptor version 2; source v0 artifact remains unchanged (raw log: /tmp/dsh-t10-run/home/sessions/--Users-vito-data-dev-dsh-plugins--/32b5e777-c48f-423b-aea7-0e15d64da963/session.jsonl.zstd
unreadable:other	35cd980b-01da-400e-822b-282a852063b2	--Users-vito-data-dev-device-sim--/35cd980b-01da-400e-822b-282a852063b2/session.jsonl.zstd	failed to read stored session "35cd980b-01da-400e-822b-282a852063b2": @deepseek-ai/dsh-session-format-v0-to-v1 refuses this format v0 Session: session/title 57071 data lacks required member "messageSeqs"; source v0 artifact remains unchanged (raw log: /tmp/dsh-t10-run/home/sessions/--Users-vito-data
unreadable:descriptor-v2	361c6c15-fa49-477e-bd2a-97dd42730fc5	--Users-vito-data-dev-dsh-plugins--/361c6c15-fa49-477e-bd2a-97dd42730fc5/session.jsonl.zstd	failed to read stored session "361c6c15-fa49-477e-bd2a-97dd42730fc5": subagent/descriptor 0 uses unsupported descriptor version 2; source v0 artifact remains unchanged (raw log: /tmp/dsh-t10-run/home/sessions/--Users-vito-data-dev-dsh-plugins--/361c6c15-fa49-477e-bd2a-97dd42730fc5/session.jsonl.zstd
unreadable:descriptor-v2	370946af-39b0-4ec0-8220-cdb07eaf1c73	--Users-vito-data-dev-dsh-plugins--/370946af-39b0-4ec0-8220-cdb07eaf1c73/session.jsonl.zstd	failed to read stored session "370946af-39b0-4ec0-8220-cdb07eaf1c73": subagent/descriptor 0 uses unsupported descriptor version 2; source v0 artifact remains unchanged (raw log: /tmp/dsh-t10-run/home/sessions/--Users-vito-data-dev-dsh-plugins--/370946af-39b0-4ec0-8220-cdb07eaf1c73/session.jsonl.zstd
unreadable:descriptor-v2	382b4b68-7ffc-4268-bcc1-5e5e92133bf5	--Users-vito-data-dev-dsh-plugins--/382b4b68-7ffc-4268-bcc1-5e5e92133bf5/session.jsonl.zstd	failed to read stored session "382b4b68-7ffc-4268-bcc1-5e5e92133bf5": subagent/descriptor 0 uses unsupported descriptor version 2; source v0 artifact remains unchanged (raw log: /tmp/dsh-t10-run/home/sessions/--Users-vito-data-dev-dsh-plugins--/382b4b68-7ffc-4268-bcc1-5e5e92133bf5/session.jsonl.zstd
unreadable:other	3bf1cdd0-716e-463d-a77a-86758dce7f57	--Users-vito-data-dev-device-sim--/3bf1cdd0-716e-463d-a77a-86758dce7f57/session.jsonl.zstd	failed to read stored session "3bf1cdd0-716e-463d-a77a-86758dce7f57": @deepseek-ai/dsh-session-format-v0-to-v1 refuses this format v0 Session: session/title 57071 data lacks required member "messageSeqs"; source v0 artifact remains unchanged (raw log: /tmp/dsh-t10-run/home/sessions/--Users-vito-data
unreadable:descriptor-v2	3d78bcf2-9a4b-4b08-9dae-c89d80f7166c	--Users-vito-data-dev-others--/3d78bcf2-9a4b-4b08-9dae-c89d80f7166c/session.jsonl.zstd	failed to read stored session "3d78bcf2-9a4b-4b08-9dae-c89d80f7166c": subagent/descriptor 0 uses unsupported descriptor version 2; source v0 artifact remains unchanged (raw log: /tmp/dsh-t10-run/home/sessions/--Users-vito-data-dev-others--/3d78bcf2-9a4b-4b08-9dae-c89d80f7166c/session.jsonl.zstd)
unreadable:descriptor-v2	3f604250-8394-4538-a147-9d86165cb2af	--Users-vito-data-dev-others--/3f604250-8394-4538-a147-9d86165cb2af/session.jsonl.zstd	failed to read stored session "3f604250-8394-4538-a147-9d86165cb2af": subagent/descriptor 0 uses unsupported descriptor version 2; source v0 artifact remains unchanged (raw log: /tmp/dsh-t10-run/home/sessions/--Users-vito-data-dev-others--/3f604250-8394-4538-a147-9d86165cb2af/session.jsonl.zstd)
unreadable:other	407e40ff-c704-462a-a77d-c238708b17d6	--Users-vito-data-dev-others--/407e40ff-c704-462a-a77d-c238708b17d6/session.jsonl.zstd	failed to read stored session "407e40ff-c704-462a-a77d-c238708b17d6": format v2 surface before first step cannot acquire a system head without changing chronology; source v0 artifact remains unchanged (raw log: /tmp/dsh-t10-run/home/sessions/--Users-vito-data-dev-others--/407e40ff-c704-462a-a77d-c23
unreadable:descriptor-v2	503558df-f2f0-4467-bc62-d62c73c8e8df	--Users-vito-data-dev-dsh-plugins--/503558df-f2f0-4467-bc62-d62c73c8e8df/session.jsonl.zstd	failed to read stored session "503558df-f2f0-4467-bc62-d62c73c8e8df": subagent/descriptor 0 uses unsupported descriptor version 2; source v0 artifact remains unchanged (raw log: /tmp/dsh-t10-run/home/sessions/--Users-vito-data-dev-dsh-plugins--/503558df-f2f0-4467-bc62-d62c73c8e8df/session.jsonl.zstd
unreadable:other	51401fb4-84bb-4ec2-8839-3f8794a418e9	--Users-vito-data-dev-device-sim--/51401fb4-84bb-4ec2-8839-3f8794a418e9/session.jsonl.zstd	failed to read stored session "51401fb4-84bb-4ec2-8839-3f8794a418e9": @deepseek-ai/dsh-session-format-v0-to-v1 refuses this format v0 Session: session/title 57071 data lacks required member "messageSeqs"; source v0 artifact remains unchanged (raw log: /tmp/dsh-t10-run/home/sessions/--Users-vito-data
unreadable:other	53504eac-ad12-433c-b801-1597b22e1dd2	--Users-vito-data-dev-dsh-tui--/53504eac-ad12-433c-b801-1597b22e1dd2/session.jsonl.zstd	failed to read stored session "53504eac-ad12-433c-b801-1597b22e1dd2": @deepseek-ai/dsh-session-format-v0-to-v1 refuses this format v0 Session: session/title 74847 data lacks required member "messageSeqs"; source v0 artifact remains unchanged (raw log: /tmp/dsh-t10-run/home/sessions/--Users-vito-data
unreadable:other	566720af-b28e-4059-a1b6-583b76f7f881	--Users-vito-data-dev-device-sim--/566720af-b28e-4059-a1b6-583b76f7f881/session.jsonl.zstd	failed to read stored session "566720af-b28e-4059-a1b6-583b76f7f881": @deepseek-ai/dsh-session-format-v0-to-v1 refuses this format v0 Session: session/title 57071 data lacks required member "messageSeqs"; source v0 artifact remains unchanged (raw log: /tmp/dsh-t10-run/home/sessions/--Users-vito-data
unreadable:descriptor-v2	574bbad0-ca7b-4a57-9e13-00021c1cffdd	--Users-vito-data-dev-dsh-plugins--/574bbad0-ca7b-4a57-9e13-00021c1cffdd/session.jsonl.zstd	failed to read stored session "574bbad0-ca7b-4a57-9e13-00021c1cffdd": subagent/descriptor 0 uses unsupported descriptor version 2; source v0 artifact remains unchanged (raw log: /tmp/dsh-t10-run/home/sessions/--Users-vito-data-dev-dsh-plugins--/574bbad0-ca7b-4a57-9e13-00021c1cffdd/session.jsonl.zstd
unreadable:descriptor-v2	5c423e2f-038a-4fa3-8440-9ebdd7d805f1	--Users-vito-data-dev-dsh-plugins--/5c423e2f-038a-4fa3-8440-9ebdd7d805f1/session.jsonl.zstd	failed to read stored session "5c423e2f-038a-4fa3-8440-9ebdd7d805f1": subagent/descriptor 0 uses unsupported descriptor version 2; source v0 artifact remains unchanged (raw log: /tmp/dsh-t10-run/home/sessions/--Users-vito-data-dev-dsh-plugins--/5c423e2f-038a-4fa3-8440-9ebdd7d805f1/session.jsonl.zstd
unreadable:descriptor-v2	5ec2e2d7-ce91-43ed-b2b5-2e32e8dae0bf	--Users-vito-data-dev-others--/5ec2e2d7-ce91-43ed-b2b5-2e32e8dae0bf/session.jsonl.zstd	failed to read stored session "5ec2e2d7-ce91-43ed-b2b5-2e32e8dae0bf": subagent/descriptor 0 uses unsupported descriptor version 2; source v0 artifact remains unchanged (raw log: /tmp/dsh-t10-run/home/sessions/--Users-vito-data-dev-others--/5ec2e2d7-ce91-43ed-b2b5-2e32e8dae0bf/session.jsonl.zstd)
unreadable:other	5f4cbdd8-9a20-400a-912a-be7501397e60	--Users-vito-data-dev-others--/5f4cbdd8-9a20-400a-912a-be7501397e60/session.jsonl.zstd	failed to read stored session "5f4cbdd8-9a20-400a-912a-be7501397e60": format v2 surface before first step cannot acquire a system head without changing chronology; source v0 artifact remains unchanged (raw log: /tmp/dsh-t10-run/home/sessions/--Users-vito-data-dev-others--/5f4cbdd8-9a20-400a-912a-be7
unreadable:descriptor-v2	631eda94-7cf8-4bf5-a995-8a43d48dda68	--Users-vito-data-dev-dsh-plugins--/631eda94-7cf8-4bf5-a995-8a43d48dda68/session.jsonl.zstd	failed to read stored session "631eda94-7cf8-4bf5-a995-8a43d48dda68": subagent/descriptor 0 uses unsupported descriptor version 2; source v0 artifact remains unchanged (raw log: /tmp/dsh-t10-run/home/sessions/--Users-vito-data-dev-dsh-plugins--/631eda94-7cf8-4bf5-a995-8a43d48dda68/session.jsonl.zstd
unreadable:descriptor-v2	6599da30-a154-4b7f-9983-ebc93c72abdc	--Users-vito-data-dev-dsh-plugins--/6599da30-a154-4b7f-9983-ebc93c72abdc/session.jsonl.zstd	failed to read stored session "6599da30-a154-4b7f-9983-ebc93c72abdc": subagent/descriptor 0 uses unsupported descriptor version 2; source v0 artifact remains unchanged (raw log: /tmp/dsh-t10-run/home/sessions/--Users-vito-data-dev-dsh-plugins--/6599da30-a154-4b7f-9983-ebc93c72abdc/session.jsonl.zstd
unreadable:other	66463f7b-b8e9-444e-9f84-bebeb24aa06a	--Users-vito-data-dev-device-sim--/66463f7b-b8e9-444e-9f84-bebeb24aa06a/session.jsonl.zstd	failed to read stored session "66463f7b-b8e9-444e-9f84-bebeb24aa06a": @deepseek-ai/dsh-session-format-v0-to-v1 refuses this format v0 Session: session/title 57071 data lacks required member "messageSeqs"; source v0 artifact remains unchanged (raw log: /tmp/dsh-t10-run/home/sessions/--Users-vito-data
unreadable:descriptor-v2	674745f5-2736-4bb7-a96d-06cf27e3d4c0	--Users-vito-data-dev-others--/674745f5-2736-4bb7-a96d-06cf27e3d4c0/session.jsonl.zstd	failed to read stored session "674745f5-2736-4bb7-a96d-06cf27e3d4c0": subagent/descriptor 0 uses unsupported descriptor version 2; source v0 artifact remains unchanged (raw log: /tmp/dsh-t10-run/home/sessions/--Users-vito-data-dev-others--/674745f5-2736-4bb7-a96d-06cf27e3d4c0/session.jsonl.zstd)
unreadable:descriptor-v2	6881b07d-f5c5-41d9-88a5-623208fe96e6	--Users-vito-data-dev-dsh-plugins--/6881b07d-f5c5-41d9-88a5-623208fe96e6/session.jsonl.zstd	failed to read stored session "6881b07d-f5c5-41d9-88a5-623208fe96e6": subagent/descriptor 0 uses unsupported descriptor version 2; source v0 artifact remains unchanged (raw log: /tmp/dsh-t10-run/home/sessions/--Users-vito-data-dev-dsh-plugins--/6881b07d-f5c5-41d9-88a5-623208fe96e6/session.jsonl.zstd
unreadable:descriptor-v2	6a8361ae-06ed-417a-af4f-db905acd52f5	--Users-vito-data-dev-dsh-plugins--/6a8361ae-06ed-417a-af4f-db905acd52f5/session.jsonl.zstd	failed to read stored session "6a8361ae-06ed-417a-af4f-db905acd52f5": subagent/descriptor 0 uses unsupported descriptor version 2; source v0 artifact remains unchanged (raw log: /tmp/dsh-t10-run/home/sessions/--Users-vito-data-dev-dsh-plugins--/6a8361ae-06ed-417a-af4f-db905acd52f5/session.jsonl.zstd
unreadable:other	6cfe842f-abc2-4226-839d-987106171074	--Users-vito-data-dev-device-sim--/6cfe842f-abc2-4226-839d-987106171074/session.jsonl.zstd	failed to read stored session "6cfe842f-abc2-4226-839d-987106171074": @deepseek-ai/dsh-session-format-v0-to-v1 refuses this format v0 Session: session/title 57071 data lacks required member "messageSeqs"; source v0 artifact remains unchanged (raw log: /tmp/dsh-t10-run/home/sessions/--Users-vito-data
unreadable:descriptor-v2	6dec32b3-266f-418c-b736-82ba5c94d130	--Users-vito-data-dev-dsh-plugins--/6dec32b3-266f-418c-b736-82ba5c94d130/session.jsonl.zstd	failed to read stored session "6dec32b3-266f-418c-b736-82ba5c94d130": subagent/descriptor 0 uses unsupported descriptor version 2; source v0 artifact remains unchanged (raw log: /tmp/dsh-t10-run/home/sessions/--Users-vito-data-dev-dsh-plugins--/6dec32b3-266f-418c-b736-82ba5c94d130/session.jsonl.zstd
unreadable:descriptor-v2	6fc70a7d-d8a2-4da2-8603-ca1d0e1fa861	--Users-vito-data-dev-others--/6fc70a7d-d8a2-4da2-8603-ca1d0e1fa861/session.jsonl.zstd	failed to read stored session "6fc70a7d-d8a2-4da2-8603-ca1d0e1fa861": subagent/descriptor 0 uses unsupported descriptor version 2; source v0 artifact remains unchanged (raw log: /tmp/dsh-t10-run/home/sessions/--Users-vito-data-dev-others--/6fc70a7d-d8a2-4da2-8603-ca1d0e1fa861/session.jsonl.zstd)
unreadable:descriptor-v2	7193945a-b74a-44f9-9b96-fe69dcfc8d21	--Users-vito-data-dev-dsh-relay--/7193945a-b74a-44f9-9b96-fe69dcfc8d21/session.jsonl.zstd	failed to read stored session "7193945a-b74a-44f9-9b96-fe69dcfc8d21": subagent/descriptor 7 uses unsupported descriptor version 2; source v0 artifact remains unchanged (raw log: /tmp/dsh-t10-run/home/sessions/--Users-vito-data-dev-dsh-relay--/7193945a-b74a-44f9-9b96-fe69dcfc8d21/session.jsonl.zstd)
unreadable:descriptor-v2	73a8a87b-5a24-4dc7-8841-dfd78e477d2a	--Users-vito-data-dev-others--/73a8a87b-5a24-4dc7-8841-dfd78e477d2a/session.jsonl.zstd	failed to read stored session "73a8a87b-5a24-4dc7-8841-dfd78e477d2a": subagent/descriptor 0 uses unsupported descriptor version 2; source v0 artifact remains unchanged (raw log: /tmp/dsh-t10-run/home/sessions/--Users-vito-data-dev-others--/73a8a87b-5a24-4dc7-8841-dfd78e477d2a/session.jsonl.zstd)
unreadable:other	7a326546-d094-4717-9d80-de6ca5b39d83	--Users-vito-data-dev-device-sim--/7a326546-d094-4717-9d80-de6ca5b39d83/session.jsonl.zstd	failed to read stored session "7a326546-d094-4717-9d80-de6ca5b39d83": cannot safely transform unclassified message source; source v0 artifact remains unchanged (raw log: /tmp/dsh-t10-run/home/sessions/--Users-vito-data-dev-device-sim--/7a326546-d094-4717-9d80-de6ca5b39d83/session.jsonl.zstd)
unreadable:other	7adf3162-b45f-4afc-bb77-a0d89e4e7cfa	--Users-vito-data-dev-device-sim--/7adf3162-b45f-4afc-bb77-a0d89e4e7cfa/session.jsonl.zstd	failed to read stored session "7adf3162-b45f-4afc-bb77-a0d89e4e7cfa": @deepseek-ai/dsh-session-format-v0-to-v1 refuses this format v0 Session: session/title 57071 data lacks required member "messageSeqs"; source v0 artifact remains unchanged (raw log: /tmp/dsh-t10-run/home/sessions/--Users-vito-data
unreadable:other	7fcd498a-4646-4aee-81b0-9a1bd67d547f	--Users-vito-data-dev-device-sim--/7fcd498a-4646-4aee-81b0-9a1bd67d547f/session.jsonl.zstd	failed to read stored session "7fcd498a-4646-4aee-81b0-9a1bd67d547f": @deepseek-ai/dsh-session-format-v0-to-v1 refuses this format v0 Session: session/title 57071 data lacks required member "messageSeqs"; source v0 artifact remains unchanged (raw log: /tmp/dsh-t10-run/home/sessions/--Users-vito-data
unreadable:descriptor-v2	80bf1aac-8b1b-4abd-b87b-ab4f80f4ef5d	--Users-vito-data-dev-dsh-plugins--/80bf1aac-8b1b-4abd-b87b-ab4f80f4ef5d/session.jsonl.zstd	failed to read stored session "80bf1aac-8b1b-4abd-b87b-ab4f80f4ef5d": subagent/descriptor 7 uses unsupported descriptor version 2; source v0 artifact remains unchanged (raw log: /tmp/dsh-t10-run/home/sessions/--Users-vito-data-dev-dsh-plugins--/80bf1aac-8b1b-4abd-b87b-ab4f80f4ef5d/session.jsonl.zstd
unreadable:other	847b116e-e20f-40b1-9335-0062bfa2c88a	--Users-vito-data-dev-device-sim--/847b116e-e20f-40b1-9335-0062bfa2c88a/session.jsonl.zstd	failed to read stored session "847b116e-e20f-40b1-9335-0062bfa2c88a": cannot safely transform unclassified message source; source v0 artifact remains unchanged (raw log: /tmp/dsh-t10-run/home/sessions/--Users-vito-data-dev-device-sim--/847b116e-e20f-40b1-9335-0062bfa2c88a/session.jsonl.zstd)
unreadable:other	8658437f-3dc5-4fdc-8476-0da87f704a6e	--Users-vito-data-dev-device-sim--/8658437f-3dc5-4fdc-8476-0da87f704a6e/session.jsonl.zstd	failed to read stored session "8658437f-3dc5-4fdc-8476-0da87f704a6e": cannot safely transform unclassified message source; source v0 artifact remains unchanged (raw log: /tmp/dsh-t10-run/home/sessions/--Users-vito-data-dev-device-sim--/8658437f-3dc5-4fdc-8476-0da87f704a6e/session.jsonl.zstd)
unreadable:descriptor-v2	892cf344-89d3-4961-899a-f648912875ee	--Users-vito-data-dev-dsh-plugins--/892cf344-89d3-4961-899a-f648912875ee/session.jsonl.zstd	failed to read stored session "892cf344-89d3-4961-899a-f648912875ee": subagent/descriptor 0 uses unsupported descriptor version 2; source v0 artifact remains unchanged (raw log: /tmp/dsh-t10-run/home/sessions/--Users-vito-data-dev-dsh-plugins--/892cf344-89d3-4961-899a-f648912875ee/session.jsonl.zstd
unreadable:descriptor-v2	8cca2600-0fc7-4480-9193-67713eff1c51	--Users-vito-data-dev-others--/8cca2600-0fc7-4480-9193-67713eff1c51/session.jsonl.zstd	failed to read stored session "8cca2600-0fc7-4480-9193-67713eff1c51": subagent/descriptor 0 uses unsupported descriptor version 2; source v0 artifact remains unchanged (raw log: /tmp/dsh-t10-run/home/sessions/--Users-vito-data-dev-others--/8cca2600-0fc7-4480-9193-67713eff1c51/session.jsonl.zstd)
unreadable:other	8fea7414-a332-4e80-a5d6-1b17f888ab4d	--Users-vito-data-dev-device-sim--/8fea7414-a332-4e80-a5d6-1b17f888ab4d/session.jsonl.zstd	failed to read stored session "8fea7414-a332-4e80-a5d6-1b17f888ab4d": @deepseek-ai/dsh-session-format-v0-to-v1 refuses this format v0 Session: session/title 57071 data lacks required member "messageSeqs"; source v0 artifact remains unchanged (raw log: /tmp/dsh-t10-run/home/sessions/--Users-vito-data
unreadable:descriptor-v2	91a319ae-4f5c-4e52-9388-08efdaef215e	--Users-vito-data-dev-others--/91a319ae-4f5c-4e52-9388-08efdaef215e/session.jsonl.zstd	failed to read stored session "91a319ae-4f5c-4e52-9388-08efdaef215e": subagent/descriptor 0 uses unsupported descriptor version 2; source v0 artifact remains unchanged (raw log: /tmp/dsh-t10-run/home/sessions/--Users-vito-data-dev-others--/91a319ae-4f5c-4e52-9388-08efdaef215e/session.jsonl.zstd)
unreadable:descriptor-v2	928ec3e4-c41e-45e8-ae0f-df710a4379bb	--Users-vito-data-dev-dsh-plugins--/928ec3e4-c41e-45e8-ae0f-df710a4379bb/session.jsonl.zstd	failed to read stored session "928ec3e4-c41e-45e8-ae0f-df710a4379bb": subagent/descriptor 0 uses unsupported descriptor version 2; source v0 artifact remains unchanged (raw log: /tmp/dsh-t10-run/home/sessions/--Users-vito-data-dev-dsh-plugins--/928ec3e4-c41e-45e8-ae0f-df710a4379bb/session.jsonl.zstd
unreadable:other	995f49ed-ba09-4654-9a03-c02069af9886	--Users-vito-data-dev-others--/995f49ed-ba09-4654-9a03-c02069af9886/session.jsonl.zstd	failed to read stored session "995f49ed-ba09-4654-9a03-c02069af9886": format v2 surface before first step cannot acquire a system head without changing chronology; source v0 artifact remains unchanged (raw log: /tmp/dsh-t10-run/home/sessions/--Users-vito-data-dev-others--/995f49ed-ba09-4654-9a03-c02
unreadable:descriptor-v2	9cdf92f3-d9bd-4ec8-9874-350a8e778c9b	--Users-vito-data-dev-others--/9cdf92f3-d9bd-4ec8-9874-350a8e778c9b/session.jsonl.zstd	failed to read stored session "9cdf92f3-d9bd-4ec8-9874-350a8e778c9b": subagent/descriptor 0 uses unsupported descriptor version 2; source v0 artifact remains unchanged (raw log: /tmp/dsh-t10-run/home/sessions/--Users-vito-data-dev-others--/9cdf92f3-d9bd-4ec8-9874-350a8e778c9b/session.jsonl.zstd)
unreadable:descriptor-v2	a0927aeb-a760-4980-8f8c-a42a2f547e43	--Users-vito-data-dev-dsh-relay--/a0927aeb-a760-4980-8f8c-a42a2f547e43/session.jsonl.zstd	failed to read stored session "a0927aeb-a760-4980-8f8c-a42a2f547e43": subagent/descriptor 7 uses unsupported descriptor version 2; source v0 artifact remains unchanged (raw log: /tmp/dsh-t10-run/home/sessions/--Users-vito-data-dev-dsh-relay--/a0927aeb-a760-4980-8f8c-a42a2f547e43/session.jsonl.zstd)
unreadable:descriptor-v2	a1be8928-7e81-406e-a839-70ef77d5b2c9	--Users-vito-data-dev-dsh-plugins--/a1be8928-7e81-406e-a839-70ef77d5b2c9/session.jsonl.zstd	failed to read stored session "a1be8928-7e81-406e-a839-70ef77d5b2c9": subagent/descriptor 0 uses unsupported descriptor version 2; source v0 artifact remains unchanged (raw log: /tmp/dsh-t10-run/home/sessions/--Users-vito-data-dev-dsh-plugins--/a1be8928-7e81-406e-a839-70ef77d5b2c9/session.jsonl.zstd
unreadable:descriptor-v2	a3b9e367-00d3-49b6-a9f4-d806ddb5902a	--Users-vito-data-dev-others--/a3b9e367-00d3-49b6-a9f4-d806ddb5902a/session.jsonl.zstd	failed to read stored session "a3b9e367-00d3-49b6-a9f4-d806ddb5902a": subagent/descriptor 0 uses unsupported descriptor version 2; source v0 artifact remains unchanged (raw log: /tmp/dsh-t10-run/home/sessions/--Users-vito-data-dev-others--/a3b9e367-00d3-49b6-a9f4-d806ddb5902a/session.jsonl.zstd)
unreadable:other	a524a1ce-84ae-4044-a5f6-4a3015e1e8ed	--Users-vito-data-dev-device-sim--/a524a1ce-84ae-4044-a5f6-4a3015e1e8ed/session.jsonl.zstd	failed to read stored session "a524a1ce-84ae-4044-a5f6-4a3015e1e8ed": @deepseek-ai/dsh-session-format-v0-to-v1 refuses this format v0 Session: session/title 57071 data lacks required member "messageSeqs"; source v0 artifact remains unchanged (raw log: /tmp/dsh-t10-run/home/sessions/--Users-vito-data
unreadable:descriptor-v2	aaf35831-32ac-490a-8d83-51c11fce32bf	--Users-vito-data-dev-dsh-relay--/aaf35831-32ac-490a-8d83-51c11fce32bf/session.jsonl.zstd	failed to read stored session "aaf35831-32ac-490a-8d83-51c11fce32bf": subagent/descriptor 7 uses unsupported descriptor version 2; source v0 artifact remains unchanged (raw log: /tmp/dsh-t10-run/home/sessions/--Users-vito-data-dev-dsh-relay--/aaf35831-32ac-490a-8d83-51c11fce32bf/session.jsonl.zstd)
unreadable:descriptor-v2	b15352d7-bc25-4082-97f0-6ca2c43f3f46	--Users-vito-data-dev-dsh-plugins--/b15352d7-bc25-4082-97f0-6ca2c43f3f46/session.jsonl.zstd	failed to read stored session "b15352d7-bc25-4082-97f0-6ca2c43f3f46": subagent/descriptor 0 uses unsupported descriptor version 2; source v0 artifact remains unchanged (raw log: /tmp/dsh-t10-run/home/sessions/--Users-vito-data-dev-dsh-plugins--/b15352d7-bc25-4082-97f0-6ca2c43f3f46/session.jsonl.zstd
unreadable:descriptor-v2	b18c4fa0-ba0e-4dc2-9bdd-562e5ba99b58	--Users-vito-data-dev-others--/b18c4fa0-ba0e-4dc2-9bdd-562e5ba99b58/session.jsonl.zstd	failed to read stored session "b18c4fa0-ba0e-4dc2-9bdd-562e5ba99b58": subagent/descriptor 0 uses unsupported descriptor version 2; source v0 artifact remains unchanged (raw log: /tmp/dsh-t10-run/home/sessions/--Users-vito-data-dev-others--/b18c4fa0-ba0e-4dc2-9bdd-562e5ba99b58/session.jsonl.zstd)
unreadable:descriptor-v2	b4cfcbf7-cd3b-4fdb-97a3-72aa746a4504	--Users-vito-data-dev-dsh-plugins--/b4cfcbf7-cd3b-4fdb-97a3-72aa746a4504/session.jsonl.zstd	failed to read stored session "b4cfcbf7-cd3b-4fdb-97a3-72aa746a4504": subagent/descriptor 0 uses unsupported descriptor version 2; source v0 artifact remains unchanged (raw log: /tmp/dsh-t10-run/home/sessions/--Users-vito-data-dev-dsh-plugins--/b4cfcbf7-cd3b-4fdb-97a3-72aa746a4504/session.jsonl.zstd
unreadable:other	b8bcee33-561e-4167-8232-61c0848854eb	--Users-vito-data-dev-device-sim--/b8bcee33-561e-4167-8232-61c0848854eb/session.jsonl.zstd	failed to read stored session "b8bcee33-561e-4167-8232-61c0848854eb": @deepseek-ai/dsh-session-format-v0-to-v1 refuses this format v0 Session: session/title 57071 data lacks required member "messageSeqs"; source v0 artifact remains unchanged (raw log: /tmp/dsh-t10-run/home/sessions/--Users-vito-data
unreadable:descriptor-v2	ba732533-9e8a-4fa7-ac29-d1c83a1505e7	--Users-vito-data-dev-dsh-plugins--/ba732533-9e8a-4fa7-ac29-d1c83a1505e7/session.jsonl.zstd	failed to read stored session "ba732533-9e8a-4fa7-ac29-d1c83a1505e7": subagent/descriptor 0 uses unsupported descriptor version 2; source v0 artifact remains unchanged (raw log: /tmp/dsh-t10-run/home/sessions/--Users-vito-data-dev-dsh-plugins--/ba732533-9e8a-4fa7-ac29-d1c83a1505e7/session.jsonl.zstd
unreadable:other	bcaa6935-1f6b-4c1f-99e9-8ff59dfd8390	--Users-vito-data-dev-device-sim--/bcaa6935-1f6b-4c1f-99e9-8ff59dfd8390/session.jsonl.zstd	failed to read stored session "bcaa6935-1f6b-4c1f-99e9-8ff59dfd8390": cannot safely transform unclassified message source; source v0 artifact remains unchanged (raw log: /tmp/dsh-t10-run/home/sessions/--Users-vito-data-dev-device-sim--/bcaa6935-1f6b-4c1f-99e9-8ff59dfd8390/session.jsonl.zstd)
unreadable:descriptor-v2	c0ae4c73-bd09-4497-849c-ead76ceb768d	--Users-vito-data-dev-dsh-plugins--/c0ae4c73-bd09-4497-849c-ead76ceb768d/session.jsonl.zstd	failed to read stored session "c0ae4c73-bd09-4497-849c-ead76ceb768d": subagent/descriptor 0 uses unsupported descriptor version 2; source v0 artifact remains unchanged (raw log: /tmp/dsh-t10-run/home/sessions/--Users-vito-data-dev-dsh-plugins--/c0ae4c73-bd09-4497-849c-ead76ceb768d/session.jsonl.zstd
unreadable:descriptor-v2	c116f889-4a04-4b53-961e-c579f1983661	--Users-vito-data-dev-dsh-plugins--/c116f889-4a04-4b53-961e-c579f1983661/session.jsonl.zstd	failed to read stored session "c116f889-4a04-4b53-961e-c579f1983661": subagent/descriptor 0 uses unsupported descriptor version 2; source v0 artifact remains unchanged (raw log: /tmp/dsh-t10-run/home/sessions/--Users-vito-data-dev-dsh-plugins--/c116f889-4a04-4b53-961e-c579f1983661/session.jsonl.zstd
unreadable:other	c8f32cb3-8c46-404d-817a-43379aca7d2d	--Users-vito-data-dev-device-sim--/c8f32cb3-8c46-404d-817a-43379aca7d2d/session.jsonl.zstd	failed to read stored session "c8f32cb3-8c46-404d-817a-43379aca7d2d": @deepseek-ai/dsh-session-format-v0-to-v1 refuses this format v0 Session: session/title 57071 data lacks required member "messageSeqs"; source v0 artifact remains unchanged (raw log: /tmp/dsh-t10-run/home/sessions/--Users-vito-data
unreadable:descriptor-v2	cb0a9880-5143-4edf-89dc-6c07e8bffff0	--Users-vito-data-dev-others--/cb0a9880-5143-4edf-89dc-6c07e8bffff0/session.jsonl.zstd	failed to read stored session "cb0a9880-5143-4edf-89dc-6c07e8bffff0": subagent/descriptor 0 uses unsupported descriptor version 2; source v0 artifact remains unchanged (raw log: /tmp/dsh-t10-run/home/sessions/--Users-vito-data-dev-others--/cb0a9880-5143-4edf-89dc-6c07e8bffff0/session.jsonl.zstd)
unreadable:descriptor-v2	cd66b67a-5ae6-443e-9baa-8c21f0426810	--Users-vito-data-dev-others--/cd66b67a-5ae6-443e-9baa-8c21f0426810/session.jsonl.zstd	failed to read stored session "cd66b67a-5ae6-443e-9baa-8c21f0426810": subagent/descriptor 0 uses unsupported descriptor version 2; source v0 artifact remains unchanged (raw log: /tmp/dsh-t10-run/home/sessions/--Users-vito-data-dev-others--/cd66b67a-5ae6-443e-9baa-8c21f0426810/session.jsonl.zstd)
unreadable:other	cdfea255-1255-42c2-adb6-61e9c4d7a80e	--Users-vito-data-dev-others--/cdfea255-1255-42c2-adb6-61e9c4d7a80e/session.jsonl.zstd	failed to read stored session "cdfea255-1255-42c2-adb6-61e9c4d7a80e": format v2 surface before first step cannot acquire a system head without changing chronology; source v0 artifact remains unchanged (raw log: /tmp/dsh-t10-run/home/sessions/--Users-vito-data-dev-others--/cdfea255-1255-42c2-adb6-61e
unreadable:descriptor-v2	cef0d4da-e9e9-4122-b15b-dd228ca34563	--Users-vito-data-dev-others--/cef0d4da-e9e9-4122-b15b-dd228ca34563/session.jsonl.zstd	failed to read stored session "cef0d4da-e9e9-4122-b15b-dd228ca34563": subagent/descriptor 0 uses unsupported descriptor version 2; source v0 artifact remains unchanged (raw log: /tmp/dsh-t10-run/home/sessions/--Users-vito-data-dev-others--/cef0d4da-e9e9-4122-b15b-dd228ca34563/session.jsonl.zstd)
unreadable:other	cfd5fae4-35d1-4bee-a948-cd940891310a	--Users-vito-data-dev-device-sim--/cfd5fae4-35d1-4bee-a948-cd940891310a/session.jsonl.zstd	failed to read stored session "cfd5fae4-35d1-4bee-a948-cd940891310a": cannot safely transform unclassified message source; source v0 artifact remains unchanged (raw log: /tmp/dsh-t10-run/home/sessions/--Users-vito-data-dev-device-sim--/cfd5fae4-35d1-4bee-a948-cd940891310a/session.jsonl.zstd)
unreadable:descriptor-v2	d2172b0d-3c07-4aed-9f67-e5c40940b20a	--Users-vito-data-dev-dsh-plugins--/d2172b0d-3c07-4aed-9f67-e5c40940b20a/session.jsonl.zstd	failed to read stored session "d2172b0d-3c07-4aed-9f67-e5c40940b20a": subagent/descriptor 0 uses unsupported descriptor version 2; source v0 artifact remains unchanged (raw log: /tmp/dsh-t10-run/home/sessions/--Users-vito-data-dev-dsh-plugins--/d2172b0d-3c07-4aed-9f67-e5c40940b20a/session.jsonl.zstd
unreadable:descriptor-v2	d5d97ba0-7c4e-4028-ac00-b7026f27cb59	--Users-vito-data-dev-others--/d5d97ba0-7c4e-4028-ac00-b7026f27cb59/session.jsonl.zstd	failed to read stored session "d5d97ba0-7c4e-4028-ac00-b7026f27cb59": subagent/descriptor 0 uses unsupported descriptor version 2; source v0 artifact remains unchanged (raw log: /tmp/dsh-t10-run/home/sessions/--Users-vito-data-dev-others--/d5d97ba0-7c4e-4028-ac00-b7026f27cb59/session.jsonl.zstd)
unreadable:descriptor-v2	d60439b5-6e4b-4777-9fc9-d17cea9b0a6b	--Users-vito-data-dev-others--/d60439b5-6e4b-4777-9fc9-d17cea9b0a6b/session.jsonl.zstd	failed to read stored session "d60439b5-6e4b-4777-9fc9-d17cea9b0a6b": subagent/descriptor 0 uses unsupported descriptor version 2; source v0 artifact remains unchanged (raw log: /tmp/dsh-t10-run/home/sessions/--Users-vito-data-dev-others--/d60439b5-6e4b-4777-9fc9-d17cea9b0a6b/session.jsonl.zstd)
unreadable:other	d873ae1d-b032-4f02-9c8c-a20b7434f09a	--Users-vito-data-dev-device-sim--/d873ae1d-b032-4f02-9c8c-a20b7434f09a/session.jsonl.zstd	failed to read stored session "d873ae1d-b032-4f02-9c8c-a20b7434f09a": @deepseek-ai/dsh-session-format-v0-to-v1 refuses this format v0 Session: session/title 57071 data lacks required member "messageSeqs"; source v0 artifact remains unchanged (raw log: /tmp/dsh-t10-run/home/sessions/--Users-vito-data
unreadable:descriptor-v2	d89789fa-0e48-484f-8104-72bc2c19d9a1	--Users-vito-data-dev-dsh-plugins--/d89789fa-0e48-484f-8104-72bc2c19d9a1/session.jsonl.zstd	failed to read stored session "d89789fa-0e48-484f-8104-72bc2c19d9a1": subagent/descriptor 0 uses unsupported descriptor version 2; source v0 artifact remains unchanged (raw log: /tmp/dsh-t10-run/home/sessions/--Users-vito-data-dev-dsh-plugins--/d89789fa-0e48-484f-8104-72bc2c19d9a1/session.jsonl.zstd
unreadable:other	db89fe43-0e19-45e9-b67d-d9f2e0097157	--Users-vito-data-dev-device-sim--/db89fe43-0e19-45e9-b67d-d9f2e0097157/session.jsonl.zstd	failed to read stored session "db89fe43-0e19-45e9-b67d-d9f2e0097157": @deepseek-ai/dsh-session-format-v0-to-v1 refuses this format v0 Session: session/title 57071 data lacks required member "messageSeqs"; source v0 artifact remains unchanged (raw log: /tmp/dsh-t10-run/home/sessions/--Users-vito-data
unreadable:other	dfd8940c-0bee-46d9-95c9-880f788292f4	--Users-vito-data-dev-device-sim--/dfd8940c-0bee-46d9-95c9-880f788292f4/session.jsonl.zstd	failed to read stored session "dfd8940c-0bee-46d9-95c9-880f788292f4": @deepseek-ai/dsh-session-format-v0-to-v1 refuses this format v0 Session: session/title 57071 data lacks required member "messageSeqs"; source v0 artifact remains unchanged (raw log: /tmp/dsh-t10-run/home/sessions/--Users-vito-data
unreadable:descriptor-v2	e818c39d-3fdd-4211-afdd-b2f79215cabb	--Users-vito-data-dev-dsh-plugins--/e818c39d-3fdd-4211-afdd-b2f79215cabb/session.jsonl.zstd	failed to read stored session "e818c39d-3fdd-4211-afdd-b2f79215cabb": subagent/descriptor 0 uses unsupported descriptor version 2; source v0 artifact remains unchanged (raw log: /tmp/dsh-t10-run/home/sessions/--Users-vito-data-dev-dsh-plugins--/e818c39d-3fdd-4211-afdd-b2f79215cabb/session.jsonl.zstd
unreadable:descriptor-v2	e94d41bd-f557-4f8f-92a0-854bb5f27a79	--Users-vito-data-dev-dsh-plugins--/e94d41bd-f557-4f8f-92a0-854bb5f27a79/session.jsonl.zstd	failed to read stored session "e94d41bd-f557-4f8f-92a0-854bb5f27a79": subagent/descriptor 7 uses unsupported descriptor version 2; source v0 artifact remains unchanged (raw log: /tmp/dsh-t10-run/home/sessions/--Users-vito-data-dev-dsh-plugins--/e94d41bd-f557-4f8f-92a0-854bb5f27a79/session.jsonl.zstd
unreadable:descriptor-v2	e9ddf3dc-f0cb-423d-9bc1-4d8b61bae43d	--Users-vito-data-dev-dsh-plugins--/e9ddf3dc-f0cb-423d-9bc1-4d8b61bae43d/session.jsonl.zstd	failed to read stored session "e9ddf3dc-f0cb-423d-9bc1-4d8b61bae43d": subagent/descriptor 0 uses unsupported descriptor version 2; source v0 artifact remains unchanged (raw log: /tmp/dsh-t10-run/home/sessions/--Users-vito-data-dev-dsh-plugins--/e9ddf3dc-f0cb-423d-9bc1-4d8b61bae43d/session.jsonl.zstd
unreadable:other	ebc31151-f9fc-4121-b04f-675698cab033	--Users-vito-data-dev-device-sim--/ebc31151-f9fc-4121-b04f-675698cab033/session.jsonl.zstd	failed to read stored session "ebc31151-f9fc-4121-b04f-675698cab033": @deepseek-ai/dsh-session-format-v0-to-v1 refuses this format v0 Session: session/title 57071 data lacks required member "messageSeqs"; source v0 artifact remains unchanged (raw log: /tmp/dsh-t10-run/home/sessions/--Users-vito-data
unreadable:descriptor-v2	f1c26c91-c517-4634-bd4b-62518218d381	--Users-vito-data-dev-dsh-relay--/f1c26c91-c517-4634-bd4b-62518218d381/session.jsonl.zstd	failed to read stored session "f1c26c91-c517-4634-bd4b-62518218d381": subagent/descriptor 7 uses unsupported descriptor version 2; source v0 artifact remains unchanged (raw log: /tmp/dsh-t10-run/home/sessions/--Users-vito-data-dev-dsh-relay--/f1c26c91-c517-4634-bd4b-62518218d381/session.jsonl.zstd)
unreadable:other	f27e72a0-1945-4239-a754-b76615048add	--Users-vito-data-dev-device-sim--/f27e72a0-1945-4239-a754-b76615048add/session.jsonl.zstd	failed to read stored session "f27e72a0-1945-4239-a754-b76615048add": @deepseek-ai/dsh-session-format-v0-to-v1 refuses this format v0 Session: session/title 57071 data lacks required member "messageSeqs"; source v0 artifact remains unchanged (raw log: /tmp/dsh-t10-run/home/sessions/--Users-vito-data
unreadable:descriptor-v2	f927e209-7d8e-4063-a578-4bbd762e4308	--Users-vito-data-dev-dsh-plugins--/f927e209-7d8e-4063-a578-4bbd762e4308/session.jsonl.zstd	failed to read stored session "f927e209-7d8e-4063-a578-4bbd762e4308": subagent/descriptor 0 uses unsupported descriptor version 2; source v0 artifact remains unchanged (raw log: /tmp/dsh-t10-run/home/sessions/--Users-vito-data-dev-dsh-plugins--/f927e209-7d8e-4063-a578-4bbd762e4308/session.jsonl.zstd
unreadable:descriptor-v2	fb698fcf-57eb-45c2-af1c-73e7508b1897	--Users-vito-data-dev-dsh-plugins--/fb698fcf-57eb-45c2-af1c-73e7508b1897/session.jsonl.zstd	failed to read stored session "fb698fcf-57eb-45c2-af1c-73e7508b1897": subagent/descriptor 7 uses unsupported descriptor version 2; source v0 artifact remains unchanged (raw log: /tmp/dsh-t10-run/home/sessions/--Users-vito-data-dev-dsh-plugins--/fb698fcf-57eb-45c2-af1c-73e7508b1897/session.jsonl.zstd
unreadable:descriptor-v2	fdd07572-72bf-46da-be66-30a8b45d6c65	--Users-vito-data-dev-others--/fdd07572-72bf-46da-be66-30a8b45d6c65/session.jsonl.zstd	failed to read stored session "fdd07572-72bf-46da-be66-30a8b45d6c65": subagent/descriptor 0 uses unsupported descriptor version 2; source v0 artifact remains unchanged (raw log: /tmp/dsh-t10-run/home/sessions/--Users-vito-data-dev-others--/fdd07572-72bf-46da-be66-30a8b45d6c65/session.jsonl.zstd)
unreadable:descriptor-v2	ff4492dc-3904-4931-8eff-02a99ac81d3f	--Users-vito-data-dev-dsh-plugins--/ff4492dc-3904-4931-8eff-02a99ac81d3f/session.jsonl.zstd	failed to read stored session "ff4492dc-3904-4931-8eff-02a99ac81d3f": subagent/descriptor 0 uses unsupported descriptor version 2; source v0 artifact remains unchanged (raw log: /tmp/dsh-t10-run/home/sessions/--Users-vito-data-dev-dsh-plugins--/ff4492dc-3904-4931-8eff-02a99ac81d3f/session.jsonl.zstd
unreadable:descriptor-v2	ff8dd1cb-8e3f-4d55-95d6-6a508aa0923f	--Users-vito-data-dev-others--/ff8dd1cb-8e3f-4d55-95d6-6a508aa0923f/session.jsonl.zstd	failed to read stored session "ff8dd1cb-8e3f-4d55-95d6-6a508aa0923f": subagent/descriptor 0 uses unsupported descriptor version 2; source v0 artifact remains unchanged (raw log: /tmp/dsh-t10-run/home/sessions/--Users-vito-data-dev-others--/ff8dd1cb-8e3f-4d55-95d6-6a508aa0923f/session.jsonl.zstd)
active-writer	session-00f68804-ef05-47e4-ab2f-73b2b66e1bf1	--Users-vito-data-dev-mumu--/session-00f68804-ef05-47e4-ab2f-73b2b66e1bf1/session.v3.jsonl.zstd	held session.lock at inventory snapshot
unreadable:other	session-03af9003-f1e5-45e8-bd18-39cb862ccbba	--Users-vito-.dsh-relay-mirrors--/session-03af9003-f1e5-45e8-bd18-39cb862ccbba/session.jsonl.zstd	failed to read stored session "session-03af9003-f1e5-45e8-bd18-39cb862ccbba": format v2 surface before first step cannot acquire a system head without changing chronology; source v0 artifact remains unchanged (raw log: /tmp/dsh-t10-run/home/sessions/--Users-vito-.dsh-relay-mirrors--/session-03af9003
unreadable:other	session-04ef390c-2405-4062-aa34-ed4df13bca02	--Users-vito-.dsh-relay-mirrors--/session-04ef390c-2405-4062-aa34-ed4df13bca02/session.jsonl.zstd	failed to read stored session "session-04ef390c-2405-4062-aa34-ed4df13bca02": assistant/message 160 does not cite its complete v1 chunk attempt; source v0 artifact remains unchanged (raw log: /tmp/dsh-t10-run/home/sessions/--Users-vito-.dsh-relay-mirrors--/session-04ef390c-2405-4062-aa34-ed4df13bca0
unreadable:other	session-07e4f59c-d6f0-49c8-82d6-97d35e758e08	--Users-vito-.dsh-relay-mirrors--/session-07e4f59c-d6f0-49c8-82d6-97d35e758e08/session.jsonl.zstd	failed to read stored session "session-07e4f59c-d6f0-49c8-82d6-97d35e758e08": assistant/message 160 does not cite its complete v1 chunk attempt; source v0 artifact remains unchanged (raw log: /tmp/dsh-t10-run/home/sessions/--Users-vito-.dsh-relay-mirrors--/session-07e4f59c-d6f0-49c8-82d6-97d35e758e0
unreadable:other	session-08acc050-c38d-4d9b-b121-cbc836f1d126	--Users-vito-.dsh-relay-mirrors--/session-08acc050-c38d-4d9b-b121-cbc836f1d126/session.jsonl.zstd	failed to read stored session "session-08acc050-c38d-4d9b-b121-cbc836f1d126": assistant/message 160 does not cite its complete v1 chunk attempt; source v0 artifact remains unchanged (raw log: /tmp/dsh-t10-run/home/sessions/--Users-vito-.dsh-relay-mirrors--/session-08acc050-c38d-4d9b-b121-cbc836f1d12
unreadable:other	session-0ce69145-932c-4c30-bf7d-f00687e72636	--Users-vito-.dsh-relay-mirrors--/session-0ce69145-932c-4c30-bf7d-f00687e72636/session.jsonl.zstd	failed to read stored session "session-0ce69145-932c-4c30-bf7d-f00687e72636": format v2 surface before first step cannot acquire a system head without changing chronology; source v0 artifact remains unchanged (raw log: /tmp/dsh-t10-run/home/sessions/--Users-vito-.dsh-relay-mirrors--/session-0ce69145
unreadable:other	session-0d3987af-7c25-41fa-9370-d8abb870da53	--Users-vito-.dsh-relay-mirrors--/session-0d3987af-7c25-41fa-9370-d8abb870da53/session.jsonl.zstd	failed to read stored session "session-0d3987af-7c25-41fa-9370-d8abb870da53": assistant/message 160 does not cite its complete v1 chunk attempt; source v0 artifact remains unchanged (raw log: /tmp/dsh-t10-run/home/sessions/--Users-vito-.dsh-relay-mirrors--/session-0d3987af-7c25-41fa-9370-d8abb870da5
unreadable:other	session-0e51e568-50f3-4327-b2e8-bffdb9ebc923	--Users-vito-.dsh-relay-mirrors--/session-0e51e568-50f3-4327-b2e8-bffdb9ebc923/session.jsonl.zstd	failed to read stored session "session-0e51e568-50f3-4327-b2e8-bffdb9ebc923": assistant/message 110 does not cite its complete v1 chunk attempt; source v0 artifact remains unchanged (raw log: /tmp/dsh-t10-run/home/sessions/--Users-vito-.dsh-relay-mirrors--/session-0e51e568-50f3-4327-b2e8-bffdb9ebc92
unreadable:other	session-12d0a263-f91a-4ebc-bd65-ca9bd462219f	--Users-vito-.dsh-relay-mirrors--/session-12d0a263-f91a-4ebc-bd65-ca9bd462219f/session.jsonl.zstd	failed to read stored session "session-12d0a263-f91a-4ebc-bd65-ca9bd462219f": assistant/message 46 does not cite its complete v1 chunk attempt; source v0 artifact remains unchanged (raw log: /tmp/dsh-t10-run/home/sessions/--Users-vito-.dsh-relay-mirrors--/session-12d0a263-f91a-4ebc-bd65-ca9bd462219f
unreadable:other	session-13b73345-5da7-4e46-befa-508b5cb3edea	--Users-vito-.dsh-relay-mirrors--/session-13b73345-5da7-4e46-befa-508b5cb3edea/session.jsonl.zstd	failed to read stored session "session-13b73345-5da7-4e46-befa-508b5cb3edea": assistant/message 110 does not cite its complete v1 chunk attempt; source v0 artifact remains unchanged (raw log: /tmp/dsh-t10-run/home/sessions/--Users-vito-.dsh-relay-mirrors--/session-13b73345-5da7-4e46-befa-508b5cb3ede
unreadable:other	session-170b6da7-dec4-406a-b02a-06b4a284b138	--Users-vito-.dsh-relay-mirrors--/session-170b6da7-dec4-406a-b02a-06b4a284b138/session.jsonl.zstd	failed to read stored session "session-170b6da7-dec4-406a-b02a-06b4a284b138": assistant/message 160 does not cite its complete v1 chunk attempt; source v0 artifact remains unchanged (raw log: /tmp/dsh-t10-run/home/sessions/--Users-vito-.dsh-relay-mirrors--/session-170b6da7-dec4-406a-b02a-06b4a284b13
unreadable:other	session-1992728f-66b0-4da9-b718-d79fd6ae89c6	--Users-vito-.dsh-relay-mirrors--/session-1992728f-66b0-4da9-b718-d79fd6ae89c6/session.jsonl.zstd	failed to read stored session "session-1992728f-66b0-4da9-b718-d79fd6ae89c6": Session migration from v0 to v4 refuses the transformed artifact: session/title messageSeqs must cite distinct earlier human user/message events; source v0 artifact remains unchanged (raw log: /tmp/dsh-t10-run/home/session
unreadable:other	session-1ac157aa-f3b7-4736-9400-d583094c23b9	--Users-vito-data-dev-others--/session-1ac157aa-f3b7-4736-9400-d583094c23b9/session.jsonl.zstd	failed to read stored session "session-1ac157aa-f3b7-4736-9400-d583094c23b9": format v2 surface before first step cannot acquire a system head without changing chronology; source v0 artifact remains unchanged (raw log: /tmp/dsh-t10-run/home/sessions/--Users-vito-data-dev-others--/session-1ac157aa-f3
unreadable:other	session-1da9b19c-d29e-4fe2-8027-5ade9288f124	--Users-vito-.dsh-relay-mirrors--/session-1da9b19c-d29e-4fe2-8027-5ade9288f124/session.jsonl.zstd	failed to read stored session "session-1da9b19c-d29e-4fe2-8027-5ade9288f124": format v2 surface before first step cannot acquire a system head without changing chronology; source v0 artifact remains unchanged (raw log: /tmp/dsh-t10-run/home/sessions/--Users-vito-.dsh-relay-mirrors--/session-1da9b19c
unreadable:other	session-2	--Users-vito-data-dev-device-sim--/session-2/session.jsonl.zstd	failed to read stored session "session-2": cannot safely transform unclassified message source; source v0 artifact remains unchanged (raw log: /tmp/dsh-t10-run/home/sessions/--Users-vito-data-dev-device-sim--/session-2/session.jsonl.zstd)
unreadable:other	session-23535223-b201-4910-bf12-c25ac9ce5eb5	--Users-vito-.dsh-relay-mirrors--/session-23535223-b201-4910-bf12-c25ac9ce5eb5/session.jsonl.zstd	failed to read stored session "session-23535223-b201-4910-bf12-c25ac9ce5eb5": assistant/message 160 does not cite its complete v1 chunk attempt; source v0 artifact remains unchanged (raw log: /tmp/dsh-t10-run/home/sessions/--Users-vito-.dsh-relay-mirrors--/session-23535223-b201-4910-bf12-c25ac9ce5eb
unreadable:other	session-2befe8e4-316e-4e4a-9795-aeb871cd15ae	--Users-vito-.dsh-relay-mirrors--/session-2befe8e4-316e-4e4a-9795-aeb871cd15ae/session.jsonl.zstd	failed to read stored session "session-2befe8e4-316e-4e4a-9795-aeb871cd15ae": assistant/message 160 does not cite its complete v1 chunk attempt; source v0 artifact remains unchanged (raw log: /tmp/dsh-t10-run/home/sessions/--Users-vito-.dsh-relay-mirrors--/session-2befe8e4-316e-4e4a-9795-aeb871cd15a
unreadable:other	session-2cddeed7-2b89-464d-8180-c241a8688e21	--Users-vito-.dsh-relay-mirrors--/session-2cddeed7-2b89-464d-8180-c241a8688e21/session.jsonl.zstd	failed to read stored session "session-2cddeed7-2b89-464d-8180-c241a8688e21": assistant/message 161 does not cite its complete v1 chunk attempt; source v0 artifact remains unchanged (raw log: /tmp/dsh-t10-run/home/sessions/--Users-vito-.dsh-relay-mirrors--/session-2cddeed7-2b89-464d-8180-c241a8688e2
unreadable:other	session-2f0c2a2b-7bcf-4fdb-a701-9d769878bb26	--Users-vito-.dsh-relay-mirrors--/session-2f0c2a2b-7bcf-4fdb-a701-9d769878bb26/session.jsonl.zstd	failed to read stored session "session-2f0c2a2b-7bcf-4fdb-a701-9d769878bb26": Session migration from v0 to v4 refuses the transformed artifact: session/title messageSeqs must cite distinct earlier human user/message events; source v0 artifact remains unchanged (raw log: /tmp/dsh-t10-run/home/session
unreadable:other	session-2f8528fb-74c2-4d98-b173-5d1baeca79fb	--Users-vito-.dsh-relay-mirrors--/session-2f8528fb-74c2-4d98-b173-5d1baeca79fb/session.jsonl.zstd	failed to read stored session "session-2f8528fb-74c2-4d98-b173-5d1baeca79fb": assistant/message 160 does not cite its complete v1 chunk attempt; source v0 artifact remains unchanged (raw log: /tmp/dsh-t10-run/home/sessions/--Users-vito-.dsh-relay-mirrors--/session-2f8528fb-74c2-4d98-b173-5d1baeca79f
unreadable:other	session-3	--Users-vito-data-dev-device-sim--/session-3/session.jsonl.zstd	failed to read stored session "session-3": @deepseek-ai/dsh-session-format-v0-to-v1 refuses this format v0 Session: session/title 57071 data lacks required member "messageSeqs"; source v0 artifact remains unchanged (raw log: /tmp/dsh-t10-run/home/sessions/--Users-vito-data-dev-device-sim--/session-3
unreadable:other	session-31a5dacb-1e1e-4f03-9a5c-59ab7b52c58d	--Users-vito-.dsh-relay-mirrors--/session-31a5dacb-1e1e-4f03-9a5c-59ab7b52c58d/session.jsonl.zstd	failed to read stored session "session-31a5dacb-1e1e-4f03-9a5c-59ab7b52c58d": assistant/message 20 does not cite its complete v1 chunk attempt; source v0 artifact remains unchanged (raw log: /tmp/dsh-t10-run/home/sessions/--Users-vito-.dsh-relay-mirrors--/session-31a5dacb-1e1e-4f03-9a5c-59ab7b52c58d
unreadable:other	session-362a23b6-1afe-476c-9c2a-8e08d9331549	--Users-vito-data-dev-dsh-relay--/session-362a23b6-1afe-476c-9c2a-8e08d9331549/session.jsonl.zstd	failed to read stored session "session-362a23b6-1afe-476c-9c2a-8e08d9331549": format v2 changed request prompt outside an open step cannot retain source chronology; source v0 artifact remains unchanged (raw log: /tmp/dsh-t10-run/home/sessions/--Users-vito-data-dev-dsh-relay--/session-362a23b6-1afe-4
unreadable:other	session-3630c696-0f0d-4e25-992b-6a674f8b52c2	--Users-vito-.dsh-relay-mirrors--/session-3630c696-0f0d-4e25-992b-6a674f8b52c2/session.jsonl.zstd	failed to read stored session "session-3630c696-0f0d-4e25-992b-6a674f8b52c2": format v2 surface before first step cannot acquire a system head without changing chronology; source v0 artifact remains unchanged (raw log: /tmp/dsh-t10-run/home/sessions/--Users-vito-.dsh-relay-mirrors--/session-3630c696
unreadable:other	session-3690b4e5-160f-4243-a053-ebd8756661f9	--Users-vito-.dsh-relay-mirrors--/session-3690b4e5-160f-4243-a053-ebd8756661f9/session.jsonl.zstd	failed to read stored session "session-3690b4e5-160f-4243-a053-ebd8756661f9": format v2 surface before first step cannot acquire a system head without changing chronology; source v0 artifact remains unchanged (raw log: /tmp/dsh-t10-run/home/sessions/--Users-vito-.dsh-relay-mirrors--/session-3690b4e5
unreadable:other	session-36e3a9c5-1e8d-44ae-9b26-654f24cd425a	--Users-vito-data-dev-endless-dsh--/session-36e3a9c5-1e8d-44ae-9b26-654f24cd425a/session.jsonl.zstd	failed to read stored session "session-36e3a9c5-1e8d-44ae-9b26-654f24cd425a": @deepseek-ai/dsh-session-format-v0-to-v1 refuses this format v0 Session: session/title 620426 data lacks required member "messageSeqs"; source v0 artifact remains unchanged (raw log: /tmp/dsh-t10-run/home/sessions/--Users-
unreadable:other	session-3ac6a6ae-9a19-44d3-8899-c016e216c772	--Users-vito-data-dev-device-sim--/session-3ac6a6ae-9a19-44d3-8899-c016e216c772/session.jsonl.zstd	failed to read stored session "session-3ac6a6ae-9a19-44d3-8899-c016e216c772": cannot safely transform unclassified message source; source v0 artifact remains unchanged (raw log: /tmp/dsh-t10-run/home/sessions/--Users-vito-data-dev-device-sim--/session-3ac6a6ae-9a19-44d3-8899-c016e216c772/session.jso
unreadable:other	session-4	--Users-vito-data-dev-device-sim--/session-4/session.jsonl.zstd	failed to read stored session "session-4": @deepseek-ai/dsh-session-format-v0-to-v1 refuses this format v0 Session: session/title 57071 data lacks required member "messageSeqs"; source v0 artifact remains unchanged (raw log: /tmp/dsh-t10-run/home/sessions/--Users-vito-data-dev-device-sim--/session-4
unreadable:other	session-4164f421-2134-4a47-84e7-4ae757cfbad2	--Users-vito-.dsh-relay-mirrors--/session-4164f421-2134-4a47-84e7-4ae757cfbad2/session.jsonl.zstd	failed to read stored session "session-4164f421-2134-4a47-84e7-4ae757cfbad2": assistant/message 160 does not cite its complete v1 chunk attempt; source v0 artifact remains unchanged (raw log: /tmp/dsh-t10-run/home/sessions/--Users-vito-.dsh-relay-mirrors--/session-4164f421-2134-4a47-84e7-4ae757cfbad
unreadable:other	session-4778a1b9-b06d-4060-bc4b-2b19b5782bc4	--Users-vito-.dsh-relay-mirrors--/session-4778a1b9-b06d-4060-bc4b-2b19b5782bc4/session.jsonl.zstd	failed to read stored session "session-4778a1b9-b06d-4060-bc4b-2b19b5782bc4": assistant/message 160 does not cite its complete v1 chunk attempt; source v0 artifact remains unchanged (raw log: /tmp/dsh-t10-run/home/sessions/--Users-vito-.dsh-relay-mirrors--/session-4778a1b9-b06d-4060-bc4b-2b19b5782bc
unreadable:other	session-485c46ea-527d-4499-b1ac-faa3350c7660	--Users-vito-.dsh-relay-mirrors--/session-485c46ea-527d-4499-b1ac-faa3350c7660/session.jsonl.zstd	failed to read stored session "session-485c46ea-527d-4499-b1ac-faa3350c7660": assistant/message 999 does not cite its complete v1 chunk attempt; source v0 artifact remains unchanged (raw log: /tmp/dsh-t10-run/home/sessions/--Users-vito-.dsh-relay-mirrors--/session-485c46ea-527d-4499-b1ac-faa3350c766
unreadable:other	session-4ca99180-bff4-4565-b36d-fb9394fa08ff	--Users-vito-.dsh-relay-mirrors--/session-4ca99180-bff4-4565-b36d-fb9394fa08ff/session.jsonl.zstd	failed to read stored session "session-4ca99180-bff4-4565-b36d-fb9394fa08ff": assistant/message 1870 does not cite its complete v1 chunk attempt; source v0 artifact remains unchanged (raw log: /tmp/dsh-t10-run/home/sessions/--Users-vito-.dsh-relay-mirrors--/session-4ca99180-bff4-4565-b36d-fb9394fa08
unreadable:other	session-4e73ead6-aeb9-42d1-8a8e-515b5af11fda	--Users-vito-.dsh-relay-mirrors--/session-4e73ead6-aeb9-42d1-8a8e-515b5af11fda/session.jsonl.zstd	failed to read stored session "session-4e73ead6-aeb9-42d1-8a8e-515b5af11fda": assistant/message 161 does not cite its complete v1 chunk attempt; source v0 artifact remains unchanged (raw log: /tmp/dsh-t10-run/home/sessions/--Users-vito-.dsh-relay-mirrors--/session-4e73ead6-aeb9-42d1-8a8e-515b5af11fd
active-writer	session-4eecf98c-ccc1-42dd-822a-3a96199aa62c	--Users-vito-data-dev-dsh-plugins--/session-4eecf98c-ccc1-42dd-822a-3a96199aa62c/session.v3.jsonl.zstd	held session.lock at inventory snapshot
unreadable:other	session-5	--Users-vito-data-dev-device-sim--/session-5/session.jsonl.zstd	failed to read stored session "session-5": @deepseek-ai/dsh-session-format-v0-to-v1 refuses this format v0 Session: session/title 57071 data lacks required member "messageSeqs"; source v0 artifact remains unchanged (raw log: /tmp/dsh-t10-run/home/sessions/--Users-vito-data-dev-device-sim--/session-5
unreadable:other	session-52abea74-c2e2-4c27-b3ca-bd72ac82406b	--Users-vito-.dsh-relay-mirrors--/session-52abea74-c2e2-4c27-b3ca-bd72ac82406b/session.jsonl.zstd	failed to read stored session "session-52abea74-c2e2-4c27-b3ca-bd72ac82406b": assistant/message 160 does not cite its complete v1 chunk attempt; source v0 artifact remains unchanged (raw log: /tmp/dsh-t10-run/home/sessions/--Users-vito-.dsh-relay-mirrors--/session-52abea74-c2e2-4c27-b3ca-bd72ac82406
unreadable:other	session-56d64e6a-0308-4b36-abd5-ca06b2dce355	--Users-vito-.dsh-relay-mirrors--/session-56d64e6a-0308-4b36-abd5-ca06b2dce355/session.jsonl.zstd	failed to read stored session "session-56d64e6a-0308-4b36-abd5-ca06b2dce355": assistant/message 161 does not cite its complete v1 chunk attempt; source v0 artifact remains unchanged (raw log: /tmp/dsh-t10-run/home/sessions/--Users-vito-.dsh-relay-mirrors--/session-56d64e6a-0308-4b36-abd5-ca06b2dce35
unreadable:other	session-570b4fb1-3164-4be1-b896-09b50e90ba19	--Users-vito-.dsh-relay-mirrors--/session-570b4fb1-3164-4be1-b896-09b50e90ba19/session.jsonl.zstd	failed to read stored session "session-570b4fb1-3164-4be1-b896-09b50e90ba19": assistant/message 160 does not cite its complete v1 chunk attempt; source v0 artifact remains unchanged (raw log: /tmp/dsh-t10-run/home/sessions/--Users-vito-.dsh-relay-mirrors--/session-570b4fb1-3164-4be1-b896-09b50e90ba1
unreadable:other	session-57bb7a39-8a7a-4582-8a29-9320e529071b	--Users-vito-.dsh-relay-mirrors--/session-57bb7a39-8a7a-4582-8a29-9320e529071b/session.jsonl.zstd	failed to read stored session "session-57bb7a39-8a7a-4582-8a29-9320e529071b": assistant/message 86 does not cite its complete v1 chunk attempt; source v0 artifact remains unchanged (raw log: /tmp/dsh-t10-run/home/sessions/--Users-vito-.dsh-relay-mirrors--/session-57bb7a39-8a7a-4582-8a29-9320e529071b
unreadable:other	session-5a12b50d-3310-4070-94e6-55fb0d7add14	--Users-vito-.dsh-relay-mirrors--/session-5a12b50d-3310-4070-94e6-55fb0d7add14/session.jsonl.zstd	failed to read stored session "session-5a12b50d-3310-4070-94e6-55fb0d7add14": assistant/message 160 does not cite its complete v1 chunk attempt; source v0 artifact remains unchanged (raw log: /tmp/dsh-t10-run/home/sessions/--Users-vito-.dsh-relay-mirrors--/session-5a12b50d-3310-4070-94e6-55fb0d7add1
unreadable:other	session-5c292ed0-3908-4bf7-862c-75bcaad3f4f5	--Users-vito-.dsh-relay-mirrors--/session-5c292ed0-3908-4bf7-862c-75bcaad3f4f5/session.jsonl.zstd	failed to read stored session "session-5c292ed0-3908-4bf7-862c-75bcaad3f4f5": assistant/message 160 does not cite its complete v1 chunk attempt; source v0 artifact remains unchanged (raw log: /tmp/dsh-t10-run/home/sessions/--Users-vito-.dsh-relay-mirrors--/session-5c292ed0-3908-4bf7-862c-75bcaad3f4f
unreadable:other	session-6	--Users-vito-data-dev-device-sim--/session-6/session.jsonl.zstd	failed to read stored session "session-6": @deepseek-ai/dsh-session-format-v0-to-v1 refuses this format v0 Session: session/title 57071 data lacks required member "messageSeqs"; source v0 artifact remains unchanged (raw log: /tmp/dsh-t10-run/home/sessions/--Users-vito-data-dev-device-sim--/session-6
unreadable:other	session-60afb87b-3d6c-443a-a0f7-8ec47eac6106	--Users-vito-.dsh-relay-mirrors--/session-60afb87b-3d6c-443a-a0f7-8ec47eac6106/session.jsonl.zstd	failed to read stored session "session-60afb87b-3d6c-443a-a0f7-8ec47eac6106": format v2 surface before first step cannot acquire a system head without changing chronology; source v0 artifact remains unchanged (raw log: /tmp/dsh-t10-run/home/sessions/--Users-vito-.dsh-relay-mirrors--/session-60afb87b
unreadable:other	session-66c4c76f-c872-4c2d-bdd9-64d68d960f35	--Users-vito-.dsh-relay-mirrors--/session-66c4c76f-c872-4c2d-bdd9-64d68d960f35/session.jsonl.zstd	failed to read stored session "session-66c4c76f-c872-4c2d-bdd9-64d68d960f35": assistant/message 161 does not cite its complete v1 chunk attempt; source v0 artifact remains unchanged (raw log: /tmp/dsh-t10-run/home/sessions/--Users-vito-.dsh-relay-mirrors--/session-66c4c76f-c872-4c2d-bdd9-64d68d960f3
unreadable:other	session-69b06611-d609-421e-9f1d-19c650c2c489	--Users-vito-.dsh-relay-mirrors--/session-69b06611-d609-421e-9f1d-19c650c2c489/session.jsonl.zstd	failed to read stored session "session-69b06611-d609-421e-9f1d-19c650c2c489": assistant/message 161 does not cite its complete v1 chunk attempt; source v0 artifact remains unchanged (raw log: /tmp/dsh-t10-run/home/sessions/--Users-vito-.dsh-relay-mirrors--/session-69b06611-d609-421e-9f1d-19c650c2c48
unreadable:other	session-6b4fcc3b-404a-4a9a-be27-5cb44dc0bd70	--Users-vito-.dsh-relay-mirrors--/session-6b4fcc3b-404a-4a9a-be27-5cb44dc0bd70/session.jsonl.zstd	failed to read stored session "session-6b4fcc3b-404a-4a9a-be27-5cb44dc0bd70": assistant/message 160 does not cite its complete v1 chunk attempt; source v0 artifact remains unchanged (raw log: /tmp/dsh-t10-run/home/sessions/--Users-vito-.dsh-relay-mirrors--/session-6b4fcc3b-404a-4a9a-be27-5cb44dc0bd7
unreadable:other	session-6c127ecf-43f4-47d1-a425-7951befb2113	--Users-vito-.dsh-relay-mirrors--/session-6c127ecf-43f4-47d1-a425-7951befb2113/session.jsonl.zstd	failed to read stored session "session-6c127ecf-43f4-47d1-a425-7951befb2113": assistant/message 161 does not cite its complete v1 chunk attempt; source v0 artifact remains unchanged (raw log: /tmp/dsh-t10-run/home/sessions/--Users-vito-.dsh-relay-mirrors--/session-6c127ecf-43f4-47d1-a425-7951befb211
unreadable:other	session-6e705606-8da4-464c-aae6-bdb00784ba49	--Users-vito-.dsh-relay-mirrors--/session-6e705606-8da4-464c-aae6-bdb00784ba49/session.jsonl.zstd	failed to read stored session "session-6e705606-8da4-464c-aae6-bdb00784ba49": format v2 surface before first step cannot acquire a system head without changing chronology; source v0 artifact remains unchanged (raw log: /tmp/dsh-t10-run/home/sessions/--Users-vito-.dsh-relay-mirrors--/session-6e705606
unreadable:other	session-7	--Users-vito-data-dev-device-sim--/session-7/session.jsonl.zstd	failed to read stored session "session-7": @deepseek-ai/dsh-session-format-v0-to-v1 refuses this format v0 Session: session/title 57071 data lacks required member "messageSeqs"; source v0 artifact remains unchanged (raw log: /tmp/dsh-t10-run/home/sessions/--Users-vito-data-dev-device-sim--/session-7
unreadable:other	session-7110d7b9-2a82-477f-a7bc-b942526d46b0	--Users-vito-.dsh-relay-mirrors--/session-7110d7b9-2a82-477f-a7bc-b942526d46b0/session.jsonl.zstd	failed to read stored session "session-7110d7b9-2a82-477f-a7bc-b942526d46b0": assistant/message 20 does not cite its complete v1 chunk attempt; source v0 artifact remains unchanged (raw log: /tmp/dsh-t10-run/home/sessions/--Users-vito-.dsh-relay-mirrors--/session-7110d7b9-2a82-477f-a7bc-b942526d46b0
unreadable:other	session-73401755-1a23-4538-be53-bc3eb55f7436	--Users-vito-.dsh-relay-mirrors--/session-73401755-1a23-4538-be53-bc3eb55f7436/session.jsonl.zstd	failed to read stored session "session-73401755-1a23-4538-be53-bc3eb55f7436": assistant/message 1414 does not cite its complete v1 chunk attempt; source v0 artifact remains unchanged (raw log: /tmp/dsh-t10-run/home/sessions/--Users-vito-.dsh-relay-mirrors--/session-73401755-1a23-4538-be53-bc3eb55f74
unreadable:other	session-74a89153-9ef5-4d3b-b8cb-97c38d89e73f	--Users-vito-.dsh-relay-mirrors--/session-74a89153-9ef5-4d3b-b8cb-97c38d89e73f/session.jsonl.zstd	failed to read stored session "session-74a89153-9ef5-4d3b-b8cb-97c38d89e73f": assistant/message 161 does not cite its complete v1 chunk attempt; source v0 artifact remains unchanged (raw log: /tmp/dsh-t10-run/home/sessions/--Users-vito-.dsh-relay-mirrors--/session-74a89153-9ef5-4d3b-b8cb-97c38d89e73
unreadable:other	session-7c806cb2-a34e-4e6b-898f-aef96fd7a7b0	--Users-vito-.dsh-relay-mirrors--/session-7c806cb2-a34e-4e6b-898f-aef96fd7a7b0/session.jsonl.zstd	failed to read stored session "session-7c806cb2-a34e-4e6b-898f-aef96fd7a7b0": format v2 surface before first step cannot acquire a system head without changing chronology; source v0 artifact remains unchanged (raw log: /tmp/dsh-t10-run/home/sessions/--Users-vito-.dsh-relay-mirrors--/session-7c806cb2
unreadable:other	session-7f084fab-6f44-4094-9724-6c89b6229f24	--Users-vito-.dsh-relay-mirrors--/session-7f084fab-6f44-4094-9724-6c89b6229f24/session.jsonl.zstd	failed to read stored session "session-7f084fab-6f44-4094-9724-6c89b6229f24": Session migration from v0 to v4 refuses the transformed artifact: step/start does not match the open turn and next step; source v0 artifact remains unchanged (raw log: /tmp/dsh-t10-run/home/sessions/--Users-vito-.dsh-relay
unreadable:other	session-8	--Users-vito-data-dev-device-sim--/session-8/session.jsonl.zstd	failed to read stored session "session-8": @deepseek-ai/dsh-session-format-v0-to-v1 refuses this format v0 Session: session/title 57071 data lacks required member "messageSeqs"; source v0 artifact remains unchanged (raw log: /tmp/dsh-t10-run/home/sessions/--Users-vito-data-dev-device-sim--/session-8
unreadable:other	session-8075e84b-bad5-4e46-8e89-9f3350fe19ba	--Users-vito-.dsh-relay-mirrors--/session-8075e84b-bad5-4e46-8e89-9f3350fe19ba/session.jsonl.zstd	failed to read stored session "session-8075e84b-bad5-4e46-8e89-9f3350fe19ba": assistant/message 160 does not cite its complete v1 chunk attempt; source v0 artifact remains unchanged (raw log: /tmp/dsh-t10-run/home/sessions/--Users-vito-.dsh-relay-mirrors--/session-8075e84b-bad5-4e46-8e89-9f3350fe19b
unreadable:other	session-8bcccc92-7142-409d-b38d-29b59c38ee96	--Users-vito-.dsh-relay-mirrors--/session-8bcccc92-7142-409d-b38d-29b59c38ee96/session.jsonl.zstd	failed to read stored session "session-8bcccc92-7142-409d-b38d-29b59c38ee96": @deepseek-ai/dsh-session-format-v0-to-v1 refuses this format v0 Session: compaction/summary 2879 shadowedRange end must identify an earlier event; source v0 artifact remains unchanged (raw log: /tmp/dsh-t10-run/home/sessio
unreadable:other	session-8e8e2170-6599-47b6-8883-9ef886f22a37	--Users-vito-.dsh-relay-mirrors--/session-8e8e2170-6599-47b6-8883-9ef886f22a37/session.jsonl.zstd	failed to read stored session "session-8e8e2170-6599-47b6-8883-9ef886f22a37": assistant/message 161 does not cite its complete v1 chunk attempt; source v0 artifact remains unchanged (raw log: /tmp/dsh-t10-run/home/sessions/--Users-vito-.dsh-relay-mirrors--/session-8e8e2170-6599-47b6-8883-9ef886f22a3
unreadable:other	session-8fadcf83-19de-4d1d-8413-bef55fb464fe	--Users-vito-.dsh-relay-mirrors--/session-8fadcf83-19de-4d1d-8413-bef55fb464fe/session.jsonl.zstd	failed to read stored session "session-8fadcf83-19de-4d1d-8413-bef55fb464fe": assistant/message 160 does not cite its complete v1 chunk attempt; source v0 artifact remains unchanged (raw log: /tmp/dsh-t10-run/home/sessions/--Users-vito-.dsh-relay-mirrors--/session-8fadcf83-19de-4d1d-8413-bef55fb464f
unreadable:other	session-931c3401-3fb1-44f6-9b6a-43b1e9e4b80c	--Users-vito-.dsh-relay-mirrors--/session-931c3401-3fb1-44f6-9b6a-43b1e9e4b80c/session.jsonl.zstd	failed to read stored session "session-931c3401-3fb1-44f6-9b6a-43b1e9e4b80c": assistant/message 46 does not cite its complete v1 chunk attempt; source v0 artifact remains unchanged (raw log: /tmp/dsh-t10-run/home/sessions/--Users-vito-.dsh-relay-mirrors--/session-931c3401-3fb1-44f6-9b6a-43b1e9e4b80c
unreadable:other	session-9c24f8e8-630a-41fa-923c-cc13f90ff28a	--Users-vito-.dsh-relay-mirrors--/session-9c24f8e8-630a-41fa-923c-cc13f90ff28a/session.jsonl.zstd	failed to read stored session "session-9c24f8e8-630a-41fa-923c-cc13f90ff28a": assistant/message 110 does not cite its complete v1 chunk attempt; source v0 artifact remains unchanged (raw log: /tmp/dsh-t10-run/home/sessions/--Users-vito-.dsh-relay-mirrors--/session-9c24f8e8-630a-41fa-923c-cc13f90ff28
unreadable:other	session-9dc0a68b-fc3a-4cd1-88b6-0fe5ae825f44	--Users-vito-.dsh-relay-mirrors--/session-9dc0a68b-fc3a-4cd1-88b6-0fe5ae825f44/session.jsonl.zstd	failed to read stored session "session-9dc0a68b-fc3a-4cd1-88b6-0fe5ae825f44": assistant/message 160 does not cite its complete v1 chunk attempt; source v0 artifact remains unchanged (raw log: /tmp/dsh-t10-run/home/sessions/--Users-vito-.dsh-relay-mirrors--/session-9dc0a68b-fc3a-4cd1-88b6-0fe5ae825f4
unreadable:other	session-9e1c2b7c-5f43-4166-b4c2-6bd5e5efd543	--Users-vito-.dsh-relay-mirrors--/session-9e1c2b7c-5f43-4166-b4c2-6bd5e5efd543/session.jsonl.zstd	failed to read stored session "session-9e1c2b7c-5f43-4166-b4c2-6bd5e5efd543": assistant/message 160 does not cite its complete v1 chunk attempt; source v0 artifact remains unchanged (raw log: /tmp/dsh-t10-run/home/sessions/--Users-vito-.dsh-relay-mirrors--/session-9e1c2b7c-5f43-4166-b4c2-6bd5e5efd54
unreadable:other	session-a123b843-2045-4d5e-92f6-e9824f50f55e	--Users-vito-.dsh-relay-mirrors--/session-a123b843-2045-4d5e-92f6-e9824f50f55e/session.jsonl.zstd	failed to read stored session "session-a123b843-2045-4d5e-92f6-e9824f50f55e": assistant/message 160 does not cite its complete v1 chunk attempt; source v0 artifact remains unchanged (raw log: /tmp/dsh-t10-run/home/sessions/--Users-vito-.dsh-relay-mirrors--/session-a123b843-2045-4d5e-92f6-e9824f50f55
unreadable:other	session-a3ae096a-a367-4bcd-bcc0-039b1d082a50	--Users-vito-.dsh-relay-mirrors--/session-a3ae096a-a367-4bcd-bcc0-039b1d082a50/session.jsonl.zstd	failed to read stored session "session-a3ae096a-a367-4bcd-bcc0-039b1d082a50": assistant/message 160 does not cite its complete v1 chunk attempt; source v0 artifact remains unchanged (raw log: /tmp/dsh-t10-run/home/sessions/--Users-vito-.dsh-relay-mirrors--/session-a3ae096a-a367-4bcd-bcc0-039b1d082a5
unreadable:other	session-a5294243-3635-489f-8be5-9eb2733a1a06	--Users-vito-.dsh-relay-mirrors--/session-a5294243-3635-489f-8be5-9eb2733a1a06/session.jsonl.zstd	failed to read stored session "session-a5294243-3635-489f-8be5-9eb2733a1a06": assistant/message 2232 does not cite its complete v1 chunk attempt; source v0 artifact remains unchanged (raw log: /tmp/dsh-t10-run/home/sessions/--Users-vito-.dsh-relay-mirrors--/session-a5294243-3635-489f-8be5-9eb2733a1a
unreadable:other	session-a801c3a1-d25d-4cfd-9396-f2cd0793d974	--Users-vito-.dsh-relay-mirrors--/session-a801c3a1-d25d-4cfd-9396-f2cd0793d974/session.jsonl.zstd	failed to read stored session "session-a801c3a1-d25d-4cfd-9396-f2cd0793d974": format v2 surface before first step cannot acquire a system head without changing chronology; source v0 artifact remains unchanged (raw log: /tmp/dsh-t10-run/home/sessions/--Users-vito-.dsh-relay-mirrors--/session-a801c3a1
unreadable:other	session-a8c0d1fd-cb99-4153-9c72-31d439747518	--Users-vito-data-dev-device-sim--/session-a8c0d1fd-cb99-4153-9c72-31d439747518/session.jsonl.zstd	failed to read stored session "session-a8c0d1fd-cb99-4153-9c72-31d439747518": @deepseek-ai/dsh-session-format-v0-to-v1 refuses this format v0 Session: session/title 57071 data lacks required member "messageSeqs"; source v0 artifact remains unchanged (raw log: /tmp/dsh-t10-run/home/sessions/--Users-v
unreadable:other	session-aa81b176-7790-450a-ad6d-f49559006b6b	--Users-vito-.dsh-relay-mirrors--/session-aa81b176-7790-450a-ad6d-f49559006b6b/session.jsonl.zstd	failed to read stored session "session-aa81b176-7790-450a-ad6d-f49559006b6b": assistant/message 1874 does not cite its complete v1 chunk attempt; source v0 artifact remains unchanged (raw log: /tmp/dsh-t10-run/home/sessions/--Users-vito-.dsh-relay-mirrors--/session-aa81b176-7790-450a-ad6d-f49559006b
active-writer	session-ac1c578f-73fa-4c50-b323-d12808fe22f2	--Users-vito-data-dev-dsh-plugins--/session-ac1c578f-73fa-4c50-b323-d12808fe22f2/session.v3.jsonl.zstd	held session.lock at inventory snapshot
active-writer	session-ad44082b-05b4-47c6-9480-0f9daef9e523	--Users-vito-data-dev-dsh-plugins--/session-ad44082b-05b4-47c6-9480-0f9daef9e523/session.v3.jsonl.zstd	held session.lock at inventory snapshot
unreadable:other	session-ae714135-01ac-4c13-9bf8-38bb835ea089	--Users-vito-.dsh-relay-mirrors--/session-ae714135-01ac-4c13-9bf8-38bb835ea089/session.jsonl.zstd	failed to read stored session "session-ae714135-01ac-4c13-9bf8-38bb835ea089": assistant/message 160 does not cite its complete v1 chunk attempt; source v0 artifact remains unchanged (raw log: /tmp/dsh-t10-run/home/sessions/--Users-vito-.dsh-relay-mirrors--/session-ae714135-01ac-4c13-9bf8-38bb835ea08
unreadable:other	session-afd68297-6e7d-473d-a315-9aa529585b6e	--Users-vito-.dsh-relay-mirrors--/session-afd68297-6e7d-473d-a315-9aa529585b6e/session.jsonl.zstd	failed to read stored session "session-afd68297-6e7d-473d-a315-9aa529585b6e": assistant/message 160 does not cite its complete v1 chunk attempt; source v0 artifact remains unchanged (raw log: /tmp/dsh-t10-run/home/sessions/--Users-vito-.dsh-relay-mirrors--/session-afd68297-6e7d-473d-a315-9aa529585b6
unreadable:other	session-b098a765-47a4-4b6b-a123-1a12524b1e95	--Users-vito-.dsh-relay-mirrors--/session-b098a765-47a4-4b6b-a123-1a12524b1e95/session.jsonl.zstd	failed to read stored session "session-b098a765-47a4-4b6b-a123-1a12524b1e95": assistant/message 90 does not cite its complete v1 chunk attempt; source v0 artifact remains unchanged (raw log: /tmp/dsh-t10-run/home/sessions/--Users-vito-.dsh-relay-mirrors--/session-b098a765-47a4-4b6b-a123-1a12524b1e95
unreadable:other	session-b0e64c7b-ab81-4fc2-97a7-a0fd3ce06bb1	--Users-vito-.dsh-relay-mirrors--/session-b0e64c7b-ab81-4fc2-97a7-a0fd3ce06bb1/session.jsonl.zstd	failed to read stored session "session-b0e64c7b-ab81-4fc2-97a7-a0fd3ce06bb1": @deepseek-ai/dsh-session-format-v0-to-v1 refuses this format v0 Session: compaction/summary 2507 shadowedRange end must identify an earlier event; source v0 artifact remains unchanged (raw log: /tmp/dsh-t10-run/home/sessio
unreadable:other	session-b12c470c-c599-418f-a084-5b294bbe42e7	--Users-vito-.dsh-relay-mirrors--/session-b12c470c-c599-418f-a084-5b294bbe42e7/session.jsonl.zstd	failed to read stored session "session-b12c470c-c599-418f-a084-5b294bbe42e7": assistant/message 946 does not cite its complete v1 chunk attempt; source v0 artifact remains unchanged (raw log: /tmp/dsh-t10-run/home/sessions/--Users-vito-.dsh-relay-mirrors--/session-b12c470c-c599-418f-a084-5b294bbe42e
unreadable:other	session-b20637a2-7d84-4b74-adfa-f1ed8b8a2d6b	--Users-vito-data-dev-others--/session-b20637a2-7d84-4b74-adfa-f1ed8b8a2d6b/session.jsonl.zstd	failed to read stored session "session-b20637a2-7d84-4b74-adfa-f1ed8b8a2d6b": format v2 surface before first step cannot acquire a system head without changing chronology; source v0 artifact remains unchanged (raw log: /tmp/dsh-t10-run/home/sessions/--Users-vito-data-dev-others--/session-b20637a2-7d
unreadable:other	session-b3f7c3a1-30c3-4910-8b81-5e005f97f2ab	--Users-vito-.dsh-relay-mirrors--/session-b3f7c3a1-30c3-4910-8b81-5e005f97f2ab/session.jsonl.zstd	failed to read stored session "session-b3f7c3a1-30c3-4910-8b81-5e005f97f2ab": assistant/message 161 does not cite its complete v1 chunk attempt; source v0 artifact remains unchanged (raw log: /tmp/dsh-t10-run/home/sessions/--Users-vito-.dsh-relay-mirrors--/session-b3f7c3a1-30c3-4910-8b81-5e005f97f2a
unreadable:other	session-b55402d5-d196-4233-9cfe-6c7058ea0f61	--Users-vito-.dsh-relay-mirrors--/session-b55402d5-d196-4233-9cfe-6c7058ea0f61/session.jsonl.zstd	failed to read stored session "session-b55402d5-d196-4233-9cfe-6c7058ea0f61": assistant/message 110 does not cite its complete v1 chunk attempt; source v0 artifact remains unchanged (raw log: /tmp/dsh-t10-run/home/sessions/--Users-vito-.dsh-relay-mirrors--/session-b55402d5-d196-4233-9cfe-6c7058ea0f6
active-writer	session-b6275d64-102e-40ca-921d-1243a228d51f	--Users-vito-data-dev-dsh-plugins--/session-b6275d64-102e-40ca-921d-1243a228d51f/session.v3.jsonl.zstd	held session.lock at inventory snapshot
active-writer	session-b6555d93-fffa-4b4b-89aa-ae277d5adda3	--Users-vito-data-dev-dsh-plugins--/session-b6555d93-fffa-4b4b-89aa-ae277d5adda3/session.v3.jsonl.zstd	held session.lock at inventory snapshot
unreadable:other	session-b73e0928-4ef9-4f90-a25d-cf059b84f03d	--Users-vito-.dsh-relay-mirrors--/session-b73e0928-4ef9-4f90-a25d-cf059b84f03d/session.jsonl.zstd	failed to read stored session "session-b73e0928-4ef9-4f90-a25d-cf059b84f03d": Session migration from v0 to v4 refuses the transformed artifact: session/title messageSeqs must cite distinct earlier human user/message events; source v0 artifact remains unchanged (raw log: /tmp/dsh-t10-run/home/session
unreadable:other	session-b7732800-0764-4f05-9dec-06330e435a82	--Users-vito-.dsh-relay-mirrors--/session-b7732800-0764-4f05-9dec-06330e435a82/session.jsonl.zstd	failed to read stored session "session-b7732800-0764-4f05-9dec-06330e435a82": format v2 surface before first step cannot acquire a system head without changing chronology; source v0 artifact remains unchanged (raw log: /tmp/dsh-t10-run/home/sessions/--Users-vito-.dsh-relay-mirrors--/session-b7732800
unreadable:other	session-b893967f-5686-44da-9579-27d24bbe1fe1	--Users-vito-.dsh-relay-mirrors--/session-b893967f-5686-44da-9579-27d24bbe1fe1/session.jsonl.zstd	failed to read stored session "session-b893967f-5686-44da-9579-27d24bbe1fe1": format v2 surface before first step cannot acquire a system head without changing chronology; source v0 artifact remains unchanged (raw log: /tmp/dsh-t10-run/home/sessions/--Users-vito-.dsh-relay-mirrors--/session-b893967f
unreadable:other	session-ba4e4402-7d88-4e2a-802d-0f867ae1c241	--Users-vito-.dsh-relay-mirrors--/session-ba4e4402-7d88-4e2a-802d-0f867ae1c241/session.jsonl.zstd	failed to read stored session "session-ba4e4402-7d88-4e2a-802d-0f867ae1c241": format v2 surface before first step cannot acquire a system head without changing chronology; source v0 artifact remains unchanged (raw log: /tmp/dsh-t10-run/home/sessions/--Users-vito-.dsh-relay-mirrors--/session-ba4e4402
unreadable:other	session-bd86d0ee-efc7-4d8e-871f-85ced3fa8bc9	--Users-vito-.dsh-relay-mirrors--/session-bd86d0ee-efc7-4d8e-871f-85ced3fa8bc9/session.jsonl.zstd	failed to read stored session "session-bd86d0ee-efc7-4d8e-871f-85ced3fa8bc9": assistant/message 110 does not cite its complete v1 chunk attempt; source v0 artifact remains unchanged (raw log: /tmp/dsh-t10-run/home/sessions/--Users-vito-.dsh-relay-mirrors--/session-bd86d0ee-efc7-4d8e-871f-85ced3fa8bc
unreadable:other	session-bf310264-d5a0-419b-8b74-afb12602b7d0	--Users-vito-.dsh-relay-mirrors--/session-bf310264-d5a0-419b-8b74-afb12602b7d0/session.jsonl.zstd	failed to read stored session "session-bf310264-d5a0-419b-8b74-afb12602b7d0": format v2 surface before first step cannot acquire a system head without changing chronology; source v0 artifact remains unchanged (raw log: /tmp/dsh-t10-run/home/sessions/--Users-vito-.dsh-relay-mirrors--/session-bf310264
unreadable:other	session-bfe4c6f9-b598-4d68-bcd9-4b22f1b0ad49	--Users-vito-.dsh-relay-mirrors--/session-bfe4c6f9-b598-4d68-bcd9-4b22f1b0ad49/session.jsonl.zstd	failed to read stored session "session-bfe4c6f9-b598-4d68-bcd9-4b22f1b0ad49": Session migration from v0 to v4 refuses the transformed artifact: session/title messageSeqs must cite distinct earlier human user/message events; source v0 artifact remains unchanged (raw log: /tmp/dsh-t10-run/home/session
unreadable:other	session-c1d0df92-43eb-44d7-917e-3ff26028df49	--Users-vito-.dsh-relay-mirrors--/session-c1d0df92-43eb-44d7-917e-3ff26028df49/session.jsonl.zstd	failed to read stored session "session-c1d0df92-43eb-44d7-917e-3ff26028df49": format v2 surface before first step cannot acquire a system head without changing chronology; source v0 artifact remains unchanged (raw log: /tmp/dsh-t10-run/home/sessions/--Users-vito-.dsh-relay-mirrors--/session-c1d0df92
unreadable:other	session-c33a2e72-34dc-450d-a6ee-c3caa819a85d	--Users-vito-.dsh-relay-mirrors--/session-c33a2e72-34dc-450d-a6ee-c3caa819a85d/session.jsonl.zstd	failed to read stored session "session-c33a2e72-34dc-450d-a6ee-c3caa819a85d": assistant/message 161 does not cite its complete v1 chunk attempt; source v0 artifact remains unchanged (raw log: /tmp/dsh-t10-run/home/sessions/--Users-vito-.dsh-relay-mirrors--/session-c33a2e72-34dc-450d-a6ee-c3caa819a85
unreadable:other	session-c379c9d0-dfd8-40a5-9988-d697dd5ed8c3	--Users-vito-.dsh-relay-mirrors--/session-c379c9d0-dfd8-40a5-9988-d697dd5ed8c3/session.jsonl.zstd	failed to read stored session "session-c379c9d0-dfd8-40a5-9988-d697dd5ed8c3": assistant/message 90 does not cite its complete v1 chunk attempt; source v0 artifact remains unchanged (raw log: /tmp/dsh-t10-run/home/sessions/--Users-vito-.dsh-relay-mirrors--/session-c379c9d0-dfd8-40a5-9988-d697dd5ed8c3
unreadable:other	session-c71eab49-7e92-4b97-9e00-a01ab77ef6cf	--Users-vito-.dsh-relay-mirrors--/session-c71eab49-7e92-4b97-9e00-a01ab77ef6cf/session.jsonl.zstd	failed to read stored session "session-c71eab49-7e92-4b97-9e00-a01ab77ef6cf": format v2 surface before first step cannot acquire a system head without changing chronology; source v0 artifact remains unchanged (raw log: /tmp/dsh-t10-run/home/sessions/--Users-vito-.dsh-relay-mirrors--/session-c71eab49
unreadable:other	session-cca924a2-c7d8-4a60-9e85-8835119ae394	--Users-vito-.dsh-relay-mirrors--/session-cca924a2-c7d8-4a60-9e85-8835119ae394/session.jsonl.zstd	failed to read stored session "session-cca924a2-c7d8-4a60-9e85-8835119ae394": Session migration from v0 to v4 refuses the transformed artifact: command/run repeats commandId cmd-6b233ed4-2; source v0 artifact remains unchanged (raw log: /tmp/dsh-t10-run/home/sessions/--Users-vito-.dsh-relay-mirrors-
unreadable:other	session-ccdf5690-ffe2-408d-8398-fc826108ca94	--Users-vito-.dsh-relay-mirrors--/session-ccdf5690-ffe2-408d-8398-fc826108ca94/session.jsonl.zstd	failed to read stored session "session-ccdf5690-ffe2-408d-8398-fc826108ca94": assistant/message 160 does not cite its complete v1 chunk attempt; source v0 artifact remains unchanged (raw log: /tmp/dsh-t10-run/home/sessions/--Users-vito-.dsh-relay-mirrors--/session-ccdf5690-ffe2-408d-8398-fc826108ca9
unreadable:other	session-cf939732-538b-407f-b962-246a6aa7e9a3	--Users-vito-data-dev-others--/session-cf939732-538b-407f-b962-246a6aa7e9a3/session.jsonl.zstd	failed to read stored session "session-cf939732-538b-407f-b962-246a6aa7e9a3": format v2 surface before first step cannot acquire a system head without changing chronology; source v0 artifact remains unchanged (raw log: /tmp/dsh-t10-run/home/sessions/--Users-vito-data-dev-others--/session-cf939732-53
unreadable:other	session-d1fe33ac-4eb9-4807-8866-534982e6da6d	--Users-vito-.dsh-relay-mirrors--/session-d1fe33ac-4eb9-4807-8866-534982e6da6d/session.jsonl.zstd	failed to read stored session "session-d1fe33ac-4eb9-4807-8866-534982e6da6d": assistant/message 160 does not cite its complete v1 chunk attempt; source v0 artifact remains unchanged (raw log: /tmp/dsh-t10-run/home/sessions/--Users-vito-.dsh-relay-mirrors--/session-d1fe33ac-4eb9-4807-8866-534982e6da6
unreadable:other	session-d2ff0ed3-019e-4f14-8ee7-1d9bb1093e9b	--Users-vito-.dsh-relay-mirrors--/session-d2ff0ed3-019e-4f14-8ee7-1d9bb1093e9b/session.jsonl.zstd	failed to read stored session "session-d2ff0ed3-019e-4f14-8ee7-1d9bb1093e9b": assistant/message 161 does not cite its complete v1 chunk attempt; source v0 artifact remains unchanged (raw log: /tmp/dsh-t10-run/home/sessions/--Users-vito-.dsh-relay-mirrors--/session-d2ff0ed3-019e-4f14-8ee7-1d9bb1093e9
unreadable:other	session-d3388763-211b-4f0f-8142-974b6242d156	--Users-vito-.dsh-relay-mirrors--/session-d3388763-211b-4f0f-8142-974b6242d156/session.jsonl.zstd	failed to read stored session "session-d3388763-211b-4f0f-8142-974b6242d156": assistant/message 20 does not cite its complete v1 chunk attempt; source v0 artifact remains unchanged (raw log: /tmp/dsh-t10-run/home/sessions/--Users-vito-.dsh-relay-mirrors--/session-d3388763-211b-4f0f-8142-974b6242d156
unreadable:other	session-d428c103-ce95-4dac-80f5-9b3210f7ae40	--Users-vito-.dsh-relay-mirrors--/session-d428c103-ce95-4dac-80f5-9b3210f7ae40/session.jsonl.zstd	failed to read stored session "session-d428c103-ce95-4dac-80f5-9b3210f7ae40": assistant/message 392 does not cite its complete v1 chunk attempt; source v0 artifact remains unchanged (raw log: /tmp/dsh-t10-run/home/sessions/--Users-vito-.dsh-relay-mirrors--/session-d428c103-ce95-4dac-80f5-9b3210f7ae4
unreadable:other	session-d6f00935-cff8-4a33-a9fd-93bd91ead4f5	--Users-vito-.dsh-relay-mirrors--/session-d6f00935-cff8-4a33-a9fd-93bd91ead4f5/session.jsonl.zstd	failed to read stored session "session-d6f00935-cff8-4a33-a9fd-93bd91ead4f5": assistant/message 110 does not cite its complete v1 chunk attempt; source v0 artifact remains unchanged (raw log: /tmp/dsh-t10-run/home/sessions/--Users-vito-.dsh-relay-mirrors--/session-d6f00935-cff8-4a33-a9fd-93bd91ead4f
unreadable:other	session-d771b7ad-710c-4176-af6f-71aa20dc563f	--Users-vito-.dsh-relay-mirrors--/session-d771b7ad-710c-4176-af6f-71aa20dc563f/session.jsonl.zstd	failed to read stored session "session-d771b7ad-710c-4176-af6f-71aa20dc563f": assistant/message 160 does not cite its complete v1 chunk attempt; source v0 artifact remains unchanged (raw log: /tmp/dsh-t10-run/home/sessions/--Users-vito-.dsh-relay-mirrors--/session-d771b7ad-710c-4176-af6f-71aa20dc563
unreadable:other	session-dd42e0c5-9d80-424c-b55b-32904e55f3be	--Users-vito-.dsh-relay-mirrors--/session-dd42e0c5-9d80-424c-b55b-32904e55f3be/session.jsonl.zstd	failed to read stored session "session-dd42e0c5-9d80-424c-b55b-32904e55f3be": assistant/message 20 does not cite its complete v1 chunk attempt; source v0 artifact remains unchanged (raw log: /tmp/dsh-t10-run/home/sessions/--Users-vito-.dsh-relay-mirrors--/session-dd42e0c5-9d80-424c-b55b-32904e55f3be
unreadable:other	session-dd4af43d-df7f-4f68-b38b-1b661eabb1bd	--Users-vito-.dsh-relay-mirrors--/session-dd4af43d-df7f-4f68-b38b-1b661eabb1bd/session.jsonl.zstd	failed to read stored session "session-dd4af43d-df7f-4f68-b38b-1b661eabb1bd": assistant/message 160 does not cite its complete v1 chunk attempt; source v0 artifact remains unchanged (raw log: /tmp/dsh-t10-run/home/sessions/--Users-vito-.dsh-relay-mirrors--/session-dd4af43d-df7f-4f68-b38b-1b661eabb1b
unreadable:other	session-dec2794b-d0de-42a0-934f-49a856294f9b	--Users-vito-.dsh-relay-mirrors--/session-dec2794b-d0de-42a0-934f-49a856294f9b/session.jsonl.zstd	failed to read stored session "session-dec2794b-d0de-42a0-934f-49a856294f9b": assistant/message 161 does not cite its complete v1 chunk attempt; source v0 artifact remains unchanged (raw log: /tmp/dsh-t10-run/home/sessions/--Users-vito-.dsh-relay-mirrors--/session-dec2794b-d0de-42a0-934f-49a856294f9
unreadable:other	session-df76624e-ba01-4e75-b689-f7c014247232	--Users-vito-.dsh-relay-mirrors--/session-df76624e-ba01-4e75-b689-f7c014247232/session.jsonl.zstd	failed to read stored session "session-df76624e-ba01-4e75-b689-f7c014247232": assistant/message 160 does not cite its complete v1 chunk attempt; source v0 artifact remains unchanged (raw log: /tmp/dsh-t10-run/home/sessions/--Users-vito-.dsh-relay-mirrors--/session-df76624e-ba01-4e75-b689-f7c01424723
unreadable:other	session-e328e4cd-758e-415a-aa0a-56a0c7e50698	--Users-vito-.dsh-relay-mirrors--/session-e328e4cd-758e-415a-aa0a-56a0c7e50698/session.jsonl.zstd	failed to read stored session "session-e328e4cd-758e-415a-aa0a-56a0c7e50698": assistant/message 160 does not cite its complete v1 chunk attempt; source v0 artifact remains unchanged (raw log: /tmp/dsh-t10-run/home/sessions/--Users-vito-.dsh-relay-mirrors--/session-e328e4cd-758e-415a-aa0a-56a0c7e5069
unreadable:other	session-e6466491-c35b-4d45-aeba-ccc98758bc28	--Users-vito-.dsh-relay-mirrors--/session-e6466491-c35b-4d45-aeba-ccc98758bc28/session.jsonl.zstd	failed to read stored session "session-e6466491-c35b-4d45-aeba-ccc98758bc28": format v2 surface before first step cannot acquire a system head without changing chronology; source v0 artifact remains unchanged (raw log: /tmp/dsh-t10-run/home/sessions/--Users-vito-.dsh-relay-mirrors--/session-e6466491
unreadable:other	session-ec8b7a0e-b97c-4a9a-9518-b77ad513ed21	--Users-vito-.dsh-relay-mirrors--/session-ec8b7a0e-b97c-4a9a-9518-b77ad513ed21/session.jsonl.zstd	failed to read stored session "session-ec8b7a0e-b97c-4a9a-9518-b77ad513ed21": format v2 surface before first step cannot acquire a system head without changing chronology; source v0 artifact remains unchanged (raw log: /tmp/dsh-t10-run/home/sessions/--Users-vito-.dsh-relay-mirrors--/session-ec8b7a0e
unreadable:other	session-ecb9f37d-e78d-4549-a114-a4b68e5c3b89	--Users-vito-.dsh-relay-mirrors--/session-ecb9f37d-e78d-4549-a114-a4b68e5c3b89/session.jsonl.zstd	failed to read stored session "session-ecb9f37d-e78d-4549-a114-a4b68e5c3b89": assistant/message 160 does not cite its complete v1 chunk attempt; source v0 artifact remains unchanged (raw log: /tmp/dsh-t10-run/home/sessions/--Users-vito-.dsh-relay-mirrors--/session-ecb9f37d-e78d-4549-a114-a4b68e5c3b8
unreadable:other	session-efa2d12e-5d00-4744-94b1-61f363f7ab54	--Users-vito-.dsh-relay-mirrors--/session-efa2d12e-5d00-4744-94b1-61f363f7ab54/session.jsonl.zstd	failed to read stored session "session-efa2d12e-5d00-4744-94b1-61f363f7ab54": assistant/message 44 does not cite its complete v1 chunk attempt; source v0 artifact remains unchanged (raw log: /tmp/dsh-t10-run/home/sessions/--Users-vito-.dsh-relay-mirrors--/session-efa2d12e-5d00-4744-94b1-61f363f7ab54
unreadable:other	session-f01707fb-3173-4e93-b797-a25db7231fb2	--Users-vito-.dsh-relay-mirrors--/session-f01707fb-3173-4e93-b797-a25db7231fb2/session.jsonl.zstd	failed to read stored session "session-f01707fb-3173-4e93-b797-a25db7231fb2": assistant/message 160 does not cite its complete v1 chunk attempt; source v0 artifact remains unchanged (raw log: /tmp/dsh-t10-run/home/sessions/--Users-vito-.dsh-relay-mirrors--/session-f01707fb-3173-4e93-b797-a25db7231fb
unreadable:other	session-f05b968c-ec8f-49eb-bc88-904b1cab0e5d	--Users-vito-.dsh-relay-mirrors--/session-f05b968c-ec8f-49eb-bc88-904b1cab0e5d/session.jsonl.zstd	failed to read stored session "session-f05b968c-ec8f-49eb-bc88-904b1cab0e5d": assistant/message 110 does not cite its complete v1 chunk attempt; source v0 artifact remains unchanged (raw log: /tmp/dsh-t10-run/home/sessions/--Users-vito-.dsh-relay-mirrors--/session-f05b968c-ec8f-49eb-bc88-904b1cab0e5
active-writer	session-f1fde978-d8ad-4ab7-9d3e-9c8a855f0f59	--Users-vito-data-dev-dsh-plugins--/session-f1fde978-d8ad-4ab7-9d3e-9c8a855f0f59/session.v3.jsonl.zstd	held session.lock at inventory snapshot
unreadable:other	session-f71ed82e-daa4-4324-8dcb-929a3960770d	--Users-vito-.dsh-relay-mirrors--/session-f71ed82e-daa4-4324-8dcb-929a3960770d/session.jsonl.zstd	failed to read stored session "session-f71ed82e-daa4-4324-8dcb-929a3960770d": assistant/message 160 does not cite its complete v1 chunk attempt; source v0 artifact remains unchanged (raw log: /tmp/dsh-t10-run/home/sessions/--Users-vito-.dsh-relay-mirrors--/session-f71ed82e-daa4-4324-8dcb-929a3960770
unreadable:other	session-f7f6f48f-b785-4efc-889d-74d78c426bb4	--Users-vito-.dsh-relay-mirrors--/session-f7f6f48f-b785-4efc-889d-74d78c426bb4/session.jsonl.zstd	failed to read stored session "session-f7f6f48f-b785-4efc-889d-74d78c426bb4": assistant/message 90 does not cite its complete v1 chunk attempt; source v0 artifact remains unchanged (raw log: /tmp/dsh-t10-run/home/sessions/--Users-vito-.dsh-relay-mirrors--/session-f7f6f48f-b785-4efc-889d-74d78c426bb4
unreadable:other	session-ffe1a9bc-ecd9-4618-b769-b722037a4321	--Users-vito-.dsh-relay-mirrors--/session-ffe1a9bc-ecd9-4618-b769-b722037a4321/session.jsonl.zstd	failed to read stored session "session-ffe1a9bc-ecd9-4618-b769-b722037a4321": @deepseek-ai/dsh-session-format-v0-to-v1 refuses this format v0 Session: compaction/summary 2507 shadowedRange end must identify an earlier event; source v0 artifact remains unchanged (raw log: /tmp/dsh-t10-run/home/sessio
unreadable:other	session-smoke-016747b3-1654-4a0d-8237-47a86f6b1c52	--Users-vito-data-dev-dsh-tui--/session-smoke-016747b3-1654-4a0d-8237-47a86f6b1c52/session.jsonl.zstd	failed to read stored session "session-smoke-016747b3-1654-4a0d-8237-47a86f6b1c52": @deepseek-ai/dsh-session-format-v0-to-v1 refuses this format v0 Session: tool/call 3 data lacks required member "turn"; source v0 artifact remains unchanged (raw log: /tmp/dsh-t10-run/home/sessions/--Users-vito-data-
unreadable:other	session-smoke-46e4375a-fbf1-4782-a5d6-cd09e9d6f31f	--Users-vito-data-dev-dsh-tui--/session-smoke-46e4375a-fbf1-4782-a5d6-cd09e9d6f31f/session.jsonl.zstd	failed to read stored session "session-smoke-46e4375a-fbf1-4782-a5d6-cd09e9d6f31f": @deepseek-ai/dsh-session-format-v0-to-v1 refuses this format v0 Session: tool/call 3 data lacks required member "turn"; source v0 artifact remains unchanged (raw log: /tmp/dsh-t10-run/home/sessions/--Users-vito-data-
unreadable:other	session-smoke-b6c3e73a-39a3-4973-9b86-bb46038e96f3	--Users-vito-data-dev-dsh-tui--/session-smoke-b6c3e73a-39a3-4973-9b86-bb46038e96f3/session.jsonl.zstd	failed to read stored session "session-smoke-b6c3e73a-39a3-4973-9b86-bb46038e96f3": @deepseek-ai/dsh-session-format-v0-to-v1 refuses this format v0 Session: tool/call 3 data lacks required member "turn"; source v0 artifact remains unchanged (raw log: /tmp/dsh-t10-run/home/sessions/--Users-vito-data-
unreadable:other	session-smoke-c8ca0d15-929d-41d0-9a6b-ef59c76a14c3	--Users-vito-data-dev-dsh-tui--/session-smoke-c8ca0d15-929d-41d0-9a6b-ef59c76a14c3/session.jsonl.zstd	failed to read stored session "session-smoke-c8ca0d15-929d-41d0-9a6b-ef59c76a14c3": @deepseek-ai/dsh-session-format-v0-to-v1 refuses this format v0 Session: tool/call 3 data lacks required member "turn"; source v0 artifact remains unchanged (raw log: /tmp/dsh-t10-run/home/sessions/--Users-vito-data-
unreadable:other	session-smoke-e8b8a07e-1782-4eb7-b2c7-acfd88dfd204	--Users-vito-data-dev-dsh-tui--/session-smoke-e8b8a07e-1782-4eb7-b2c7-acfd88dfd204/session.jsonl.zstd	failed to read stored session "session-smoke-e8b8a07e-1782-4eb7-b2c7-acfd88dfd204": @deepseek-ai/dsh-session-format-v0-to-v1 refuses this format v0 Session: tool/call 3 data lacks required member "turn"; source v0 artifact remains unchanged (raw log: /tmp/dsh-t10-run/home/sessions/--Users-vito-data-
unreadable:other	session-smoke-ee41bb64-22bf-47e9-bc68-671a26e75629	--Users-vito-data-dev-dsh-tui--/session-smoke-ee41bb64-22bf-47e9-bc68-671a26e75629/session.jsonl.zstd	failed to read stored session "session-smoke-ee41bb64-22bf-47e9-bc68-671a26e75629": @deepseek-ai/dsh-session-format-v0-to-v1 refuses this format v0 Session: tool/call 3 data lacks required member "turn"; source v0 artifact remains unchanged (raw log: /tmp/dsh-t10-run/home/sessions/--Users-vito-data-
variant-file	-	--Users-vito-data-dev-dsh-tui--/53504eac-ad12-433c-b801-1597b22e1dd2/session.jsonl.zstd.bak	size=1054437 sha256=c828f250ffa84653352db55492c66f2160bf794039574caa906ea1f42f77ef56
variant-file	-	--Users-vito-data-dev-dsh-tui--/53504eac-ad12-433c-b801-1597b22e1dd2/session.jsonl.zstd.bak2	size=472929 sha256=7fe7dc09c111968fc2eeedd7767f9073d42965b670607306b63e6293727a4276
variant-file	-	--Users-vito-data-dev-dsh-tui--/53504eac-ad12-433c-b801-1597b22e1dd2/session.jsonl.zstd.bak3	size=1016944 sha256=2ef6e326b44cd2f88f5753e7797c02a95b1a7436ecc1b6df264e39cf4e1296e5
variant-file	-	--Users-vito-data-dev-dsh-tui--/ae655a75-98e9-40db-8ad9-617f854433cb/session.jsonl.zstd.bak-20260821-1451	size=3887125 sha256=21c2ab9995031df695739406389f4164e554427352dcbf75fbbeff93bcfa759a
variant-file	-	--Users-vito-data-dev-dsh-tui--/ae655a75-98e9-40db-8ad9-617f854433cb/session.jsonl.zstd.corrupt-oro-20260821-1520	size=3887125 sha256=21c2ab9995031df695739406389f4164e554427352dcbf75fbbeff93bcfa759a
stray-file	-	--Users-vito-data-dev-dsh-tui--/xxx.sh	size=2756 sha256=436ad27ae61dfe976299eeeb1e12673416dc247ba1bb4d331cf0ad65521fe613
variant-file	-	--Users-vito-data-dev-others--/407e40ff-c704-462a-a77d-c238708b17d6/session.jsonl.zstd.bak-polluted-splice	size=35717 sha256=a5aca2c8b9b46d122ee0002827211021511cc2a1cd072de721c6047420438cf1
